[INFO] [launch]: All log files can be found below /root/.ros/log/2026-07-03-13-50-57-403181-ubuntu-36052
[INFO] [launch]: Default logging verbosity is set to INFO
[INFO] [map_server-1]: process started with pid [36070]
[INFO] [amcl-2]: process started with pid [36072]
[INFO] [lifecycle_manager-3]: process started with pid [36074]
[INFO] [controller_server-4]: process started with pid [36076]
[INFO] [smoother_server-5]: process started with pid [36078]
[INFO] [planner_server-6]: process started with pid [36080]
[INFO] [behavior_server-7]: process started with pid [36082]
[INFO] [bt_navigator-8]: process started with pid [36084]
[INFO] [waypoint_follower-9]: process started with pid [36086]
[INFO] [velocity_smoother-10]: process started with pid [36089]
[INFO] [lifecycle_manager-11]: process started with pid [36108]
[planner_server-6] [INFO] [1783057860.148194424] [planner_server]: 
[planner_server-6] 	planner_server lifecycle node launched. 
[planner_server-6] 	Waiting on external lifecycle transitions to activate
[planner_server-6] 	See https://design.ros2.org/articles/node_lifecycle.html for more information.
[planner_server-6] [INFO] [1783057860.158095465] [planner_server]: Creating
[smoother_server-5] [INFO] [1783057860.687802408] [smoother_server]: 
[smoother_server-5] 	smoother_server lifecycle node launched. 
[smoother_server-5] 	Waiting on external lifecycle transitions to activate
[smoother_server-5] 	See https://design.ros2.org/articles/node_lifecycle.html for more information.
[smoother_server-5] [INFO] [1783057860.698184824] [smoother_server]: Creating smoother server
[controller_server-4] [INFO] [1783057861.027434497] [controller_server]: 
[controller_server-4] 	controller_server lifecycle node launched. 
[controller_server-4] 	Waiting on external lifecycle transitions to activate
[map_server-1] [INFO] [1783057861.045744411] [map_server]: 
[map_server-1] 	map_server lifecycle node launched. 
[map_server-1] 	Waiting on external lifecycle transitions to activate
[map_server-1] 	See https://design.ros2.org/articles/node_lifecycle.html for more information.
[map_server-1] [INFO] [1783057861.046436536] [map_server]: Creating
[controller_server-4] 	See https://design.ros2.org/articles/node_lifecycle.html for more information.
[behavior_server-7] [INFO] [1783057861.111514029] [behavior_server]: 
[behavior_server-7] 	behavior_server lifecycle node launched. 
[behavior_server-7] 	Waiting on external lifecycle transitions to activate
[behavior_server-7] 	See https://design.ros2.org/articles/node_lifecycle.html for more information.
[lifecycle_manager-11] [INFO] [1783057861.233276016] [lifecycle_manager_navigation]: Creating
[amcl-2] [INFO] [1783057861.236383474] [amcl]: 
[amcl-2] 	amcl lifecycle node launched. 
[amcl-2] 	Waiting on external lifecycle transitions to activate
[amcl-2] 	See https://design.ros2.org/articles/node_lifecycle.html for more information.
[amcl-2] [INFO] [1783057861.238477391] [amcl]: Creating
[controller_server-4] [INFO] [1783057861.347124088] [controller_server]: Creating controller server
[waypoint_follower-9] [INFO] [1783057861.436270245] [waypoint_follower]: 
[lifecycle_manager-3] [INFO] [1783057861.437265536] [lifecycle_manager_localization]: Creating
[waypoint_follower-9] 	waypoint_follower lifecycle node launched. 
[waypoint_follower-9] 	Waiting on external lifecycle transitions to activate
[waypoint_follower-9] 	See https://design.ros2.org/articles/node_lifecycle.html for more information.
[waypoint_follower-9] [INFO] [1783057861.444705035] [waypoint_follower]: Creating
[lifecycle_manager-11] [INFO] [1783057861.465885075] [lifecycle_manager_navigation]: [34m[1mCreating and initializing lifecycle service clients[0m[0m
[lifecycle_manager-3] [INFO] [1783057861.634405015] [lifecycle_manager_localization]: [34m[1mCreating and initializing lifecycle service clients[0m[0m
[bt_navigator-8] [INFO] [1783057861.800380622] [bt_navigator]: 
[bt_navigator-8] 	bt_navigator lifecycle node launched. 
[velocity_smoother-10] [INFO] [1783057861.805938122] [velocity_smoother]: 
[velocity_smoother-10] 	velocity_smoother lifecycle node launched. 
[velocity_smoother-10] 	Waiting on external lifecycle transitions to activate
[velocity_smoother-10] 	See https://design.ros2.org/articles/node_lifecycle.html for more information.
[bt_navigator-8] 	Waiting on external lifecycle transitions to activate
[bt_navigator-8] 	See https://design.ros2.org/articles/node_lifecycle.html for more information.
[bt_navigator-8] [INFO] [1783057861.814666704] [bt_navigator]: Creating
[lifecycle_manager-11] [INFO] [1783057863.631863092] [lifecycle_manager_navigation]: Waiting for service controller_server/get_state...
[lifecycle_manager-3] [INFO] [1783057863.760797620] [lifecycle_manager_localization]: Waiting for service map_server/get_state...
[planner_server-6] [INFO] [1783057864.178142950] [global_costmap.global_costmap]: 
[planner_server-6] 	global_costmap lifecycle node launched. 
[planner_server-6] 	Waiting on external lifecycle transitions to activate
[planner_server-6] 	See https://design.ros2.org/articles/node_lifecycle.html for more information.
[planner_server-6] [INFO] [1783057864.180208700] [global_costmap.global_costmap]: Creating Costmap
[lifecycle_manager-11] [INFO] [1783057865.632482710] [lifecycle_manager_navigation]: Waiting for service controller_server/get_state...
[controller_server-4] [INFO] [1783057865.796936401] [local_costmap.local_costmap]: 
[controller_server-4] 	local_costmap lifecycle node launched. 
[controller_server-4] 	Waiting on external lifecycle transitions to activate
[controller_server-4] 	See https://design.ros2.org/articles/node_lifecycle.html for more information.
[controller_server-4] [INFO] [1783057865.803167275] [local_costmap.local_costmap]: Creating Costmap
[lifecycle_manager-3] [INFO] [1783057866.490173076] [lifecycle_manager_localization]: [34m[1mStarting managed nodes bringup...[0m[0m
[lifecycle_manager-3] [INFO] [1783057866.505480116] [lifecycle_manager_localization]: [34m[1mConfiguring map_server[0m[0m
[map_server-1] [INFO] [1783057867.520506131] [map_server]: Configuring
[map_server-1] [INFO] [1783057867.520820715] [map_io]: Loading yaml file: /root/rdk_x5_vln_robot/maps/joy_calibrated_corridor_map.yaml
[map_server-1] [INFO] [1783057867.521956798] [map_io]: resolution: 0.05
[map_server-1] [INFO] [1783057867.522046840] [map_io]: origin[0]: -7.45
[map_server-1] [INFO] [1783057867.522087215] [map_io]: origin[1]: -5.43
[map_server-1] [INFO] [1783057867.522119423] [map_io]: origin[2]: 0
[map_server-1] [INFO] [1783057867.522150673] [map_io]: free_thresh: 0.25
[map_server-1] [INFO] [1783057867.522180506] [map_io]: occupied_thresh: 0.65
[map_server-1] [INFO] [1783057867.522219215] [map_io]: mode: trinary
[map_server-1] [INFO] [1783057867.522250340] [map_io]: negate: 0
[map_server-1] [INFO] [1783057867.523025673] [map_io]: Loading image_file: /root/rdk_x5_vln_robot/maps/joy_calibrated_corridor_map.pgm
[map_server-1] [INFO] [1783057867.614293038] [map_io]: Read map /root/rdk_x5_vln_robot/maps/joy_calibrated_corridor_map.pgm: 215 X 196 map @ 0.05 m/cell
[lifecycle_manager-3] [INFO] [1783057867.844766596] [lifecycle_manager_localization]: [34m[1mConfiguring amcl[0m[0m
[amcl-2] [INFO] [1783057867.846382096] [amcl]: Configuring
[amcl-2] [INFO] [1783057867.846752346] [amcl]: initTransforms
[lifecycle_manager-11] [INFO] [1783057867.964031750] [lifecycle_manager_navigation]: [34m[1mStarting managed nodes bringup...[0m[0m
[lifecycle_manager-11] [INFO] [1783057867.964688917] [lifecycle_manager_navigation]: [34m[1mConfiguring controller_server[0m[0m
[controller_server-4] [INFO] [1783057867.974101999] [controller_server]: Configuring controller interface
[controller_server-4] [INFO] [1783057867.976655540] [controller_server]: getting goal checker plugins..
[controller_server-4] [INFO] [1783057867.978529540] [controller_server]: Controller frequency set to 20.0000Hz
[controller_server-4] [INFO] [1783057867.978844915] [local_costmap.local_costmap]: Configuring
[amcl-2] [INFO] [1783057868.112586317] [amcl]: initPubSub
[controller_server-4] [INFO] [1783057868.129346274] [local_costmap.local_costmap]: Using plugin "static_layer"
[controller_server-4] [INFO] [1783057868.201493933] [local_costmap.local_costmap]: Subscribing to the map topic (/map) with transient local durability
[controller_server-4] [INFO] [1783057868.252274511] [local_costmap.local_costmap]: Initialized plugin "static_layer"
[controller_server-4] [INFO] [1783057868.252469261] [local_costmap.local_costmap]: Using plugin "voxel_layer"
[controller_server-4] [INFO] [1783057868.353142958] [local_costmap.local_costmap]: Subscribed to Topics: scan
[amcl-2] [INFO] [1783057868.359061499] [amcl]: Subscribed to map topic.
[lifecycle_manager-3] [INFO] [1783057868.692819046] [lifecycle_manager_localization]: [34m[1mActivating map_server[0m[0m
[map_server-1] [INFO] [1783057868.694156421] [map_server]: Activating
[map_server-1] [INFO] [1783057868.695168713] [map_server]: Creating bond (map_server) to lifecycle manager.
[amcl-2] [INFO] [1783057868.714567961] [amcl]: Received a 215 X 196 map @ 0.050 m/pix
[lifecycle_manager-3] [INFO] [1783057868.846634655] [lifecycle_manager_localization]: Server map_server connected with bond.
[lifecycle_manager-3] [INFO] [1783057868.851506987] [lifecycle_manager_localization]: [34m[1mActivating amcl[0m[0m
[amcl-2] [INFO] [1783057868.858117362] [amcl]: Activating
[amcl-2] [INFO] [1783057868.858315862] [amcl]: Creating bond (amcl) to lifecycle manager.
[amcl-2] [INFO] [1783057868.944528686] [amcl]: createLaserObject
[controller_server-4] [INFO] [1783057868.992043764] [local_costmap.local_costmap]: Initialized plugin "voxel_layer"
[controller_server-4] [INFO] [1783057868.992413639] [local_costmap.local_costmap]: Using plugin "inflation_layer"
[controller_server-4] [INFO] [1783057869.073394172] [local_costmap.local_costmap]: Initialized plugin "inflation_layer"
[lifecycle_manager-3] [INFO] [1783057869.091750961] [lifecycle_manager_localization]: Server amcl connected with bond.
[lifecycle_manager-3] [INFO] [1783057869.091966045] [lifecycle_manager_localization]: [34m[1mManaged nodes are active[0m[0m
[lifecycle_manager-3] [INFO] [1783057869.092069170] [lifecycle_manager_localization]: [34m[1mCreating bond timer...[0m[0m
[controller_server-4] [INFO] [1783057869.584490408] [local_costmap.local_costmap]: StaticLayer: Resizing static layer to 215 X 196 at 0.050000 m/pix
[controller_server-4] [INFO] [1783057869.585402241] [controller_server]: Created progress_checker : progress_checker of type nav2_controller::SimpleProgressChecker
[controller_server-4] [INFO] [1783057869.609780030] [controller_server]: Created goal checker : general_goal_checker of type nav2_controller::SimpleGoalChecker
[controller_server-4] [INFO] [1783057869.636714152] [controller_server]: Controller Server has general_goal_checker  goal checkers available.
[controller_server-4] [INFO] [1783057869.650349943] [controller_server]: Created controller : FollowPath of type dwb_core::DWBLocalPlanner
[controller_server-4] [INFO] [1783057869.772356679] [controller_server]: Setting transform_tolerance to 0.200000
[amcl-2] [WARN] [1783057869.937698911] [amcl]: AMCL cannot publish a pose or update the transform. Please set the initial pose...
[controller_server-4] [INFO] [1783057870.256357002] [controller_server]: Using critic "RotateToGoal" (dwb_critics::RotateToGoalCritic)
[controller_server-4] [INFO] [1783057870.278407541] [controller_server]: Critic plugin initialized
[controller_server-4] [INFO] [1783057870.284753290] [controller_server]: Using critic "Oscillation" (dwb_critics::OscillationCritic)
[controller_server-4] [INFO] [1783057870.303293538] [controller_server]: Critic plugin initialized
[controller_server-4] [INFO] [1783057870.306240455] [controller_server]: Using critic "BaseObstacle" (dwb_critics::BaseObstacleCritic)
[controller_server-4] [INFO] [1783057870.312796204] [controller_server]: Critic plugin initialized
[controller_server-4] [INFO] [1783057870.317321912] [controller_server]: Using critic "GoalAlign" (dwb_critics::GoalAlignCritic)
[controller_server-4] [INFO] [1783057870.325233994] [controller_server]: Critic plugin initialized
[controller_server-4] [INFO] [1783057870.330079660] [controller_server]: Using critic "PathAlign" (dwb_critics::PathAlignCritic)
[controller_server-4] [INFO] [1783057870.338566785] [controller_server]: Critic plugin initialized
[controller_server-4] [INFO] [1783057870.342829117] [controller_server]: Using critic "PathDist" (dwb_critics::PathDistCritic)
[controller_server-4] [INFO] [1783057870.351945033] [controller_server]: Critic plugin initialized
[controller_server-4] [INFO] [1783057870.355484283] [controller_server]: Using critic "GoalDist" (dwb_critics::GoalDistCritic)
[controller_server-4] [INFO] [1783057870.365120865] [controller_server]: Critic plugin initialized
[controller_server-4] [INFO] [1783057870.365315573] [controller_server]: Controller Server has FollowPath  controllers available.
[lifecycle_manager-11] [INFO] [1783057870.532985388] [lifecycle_manager_navigation]: [34m[1mConfiguring smoother_server[0m[0m
[smoother_server-5] [INFO] [1783057870.535014930] [smoother_server]: Configuring smoother server
[smoother_server-5] [INFO] [1783057870.762780530] [smoother_server]: Created smoother : simple_smoother of type nav2_smoother::SimpleSmoother
[smoother_server-5] [INFO] [1783057870.823813274] [smoother_server]: Smoother Server has simple_smoother  smoothers available.
[lifecycle_manager-11] [INFO] [1783057870.997292255] [lifecycle_manager_navigation]: [34m[1mConfiguring planner_server[0m[0m
[planner_server-6] [INFO] [1783057870.999876129] [planner_server]: Configuring
[planner_server-6] [INFO] [1783057871.000101713] [global_costmap.global_costmap]: Configuring
[planner_server-6] [INFO] [1783057871.206514190] [global_costmap.global_costmap]: Using plugin "static_layer"
[planner_server-6] [INFO] [1783057871.254278643] [global_costmap.global_costmap]: Subscribing to the map topic (/map) with transient local durability
[planner_server-6] [INFO] [1783057871.271377558] [global_costmap.global_costmap]: Initialized plugin "static_layer"
[planner_server-6] [INFO] [1783057871.271529183] [global_costmap.global_costmap]: Using plugin "obstacle_layer"
[planner_server-6] [INFO] [1783057871.297406889] [global_costmap.global_costmap]: Subscribed to Topics: scan
[planner_server-6] [INFO] [1783057871.381543588] [global_costmap.global_costmap]: Initialized plugin "obstacle_layer"
[planner_server-6] [INFO] [1783057871.381701213] [global_costmap.global_costmap]: Using plugin "inflation_layer"
[planner_server-6] [INFO] [1783057871.401420169] [global_costmap.global_costmap]: Initialized plugin "inflation_layer"
[planner_server-6] [INFO] [1783057871.674433598] [global_costmap.global_costmap]: StaticLayer: Resizing costmap to 215 X 196 at 0.050000 m/pix
[planner_server-6] [INFO] [1783057871.675906056] [planner_server]: Created global planner plugin GridBased of type nav2_navfn_planner/NavfnPlanner
[planner_server-6] [INFO] [1783057871.676773764] [planner_server]: Configuring plugin GridBased of type NavfnPlanner
[planner_server-6] [INFO] [1783057871.698293137] [planner_server]: Planner Server has GridBased  planners available.
[lifecycle_manager-11] [INFO] [1783057871.842609871] [lifecycle_manager_navigation]: [34m[1mConfiguring behavior_server[0m[0m
[behavior_server-7] [INFO] [1783057871.844877246] [behavior_server]: Configuring
[behavior_server-7] [INFO] [1783057871.969241399] [behavior_server]: Creating behavior plugin spin of type nav2_behaviors/Spin
[behavior_server-7] [INFO] [1783057871.972924607] [behavior_server]: Configuring spin
[amcl-2] [WARN] [1783057872.035206059] [amcl]: AMCL cannot publish a pose or update the transform. Please set the initial pose...
[behavior_server-7] [INFO] [1783057872.218892247] [behavior_server]: Creating behavior plugin backup of type nav2_behaviors/BackUp
[behavior_server-7] [INFO] [1783057872.223800955] [behavior_server]: Configuring backup
[behavior_server-7] [INFO] [1783057872.567938334] [behavior_server]: Creating behavior plugin drive_on_heading of type nav2_behaviors/DriveOnHeading
[behavior_server-7] [INFO] [1783057872.572796250] [behavior_server]: Configuring drive_on_heading
[behavior_server-7] [INFO] [1783057872.860108094] [behavior_server]: Creating behavior plugin assisted_teleop of type nav2_behaviors/AssistedTeleop
[behavior_server-7] [INFO] [1783057872.906171380] [behavior_server]: Configuring assisted_teleop
[behavior_server-7] [INFO] [1783057873.269448007] [behavior_server]: Creating behavior plugin wait of type nav2_behaviors/Wait
[behavior_server-7] [INFO] [1783057873.273028674] [behavior_server]: Configuring wait
[lifecycle_manager-11] [INFO] [1783057873.383118620] [lifecycle_manager_navigation]: [34m[1mConfiguring bt_navigator[0m[0m
[bt_navigator-8] [INFO] [1783057873.386038036] [bt_navigator]: Configuring
[amcl-2] [WARN] [1783057874.134024038] [amcl]: AMCL cannot publish a pose or update the transform. Please set the initial pose...
[lifecycle_manager-11] [INFO] [1783057874.654041731] [lifecycle_manager_navigation]: [34m[1mConfiguring waypoint_follower[0m[0m
[waypoint_follower-9] [INFO] [1783057874.656731856] [waypoint_follower]: Configuring
[waypoint_follower-9] [INFO] [1783057874.862870250] [waypoint_follower]: Created waypoint_task_executor : wait_at_waypoint of type nav2_waypoint_follower::WaitAtWaypoint
[lifecycle_manager-11] [INFO] [1783057874.875687707] [lifecycle_manager_navigation]: [34m[1mConfiguring velocity_smoother[0m[0m
[velocity_smoother-10] [INFO] [1783057874.878281290] [velocity_smoother]: Configuring velocity smoother
[lifecycle_manager-11] [INFO] [1783057874.965929614] [lifecycle_manager_navigation]: [34m[1mActivating controller_server[0m[0m
[controller_server-4] [INFO] [1783057874.968003239] [controller_server]: Activating
[controller_server-4] [INFO] [1783057874.968215614] [local_costmap.local_costmap]: Activating
[controller_server-4] [INFO] [1783057874.968284822] [local_costmap.local_costmap]: Checking transform
[controller_server-4] [INFO] [1783057874.968649447] [local_costmap.local_costmap]: start
[controller_server-4] [ERROR] [1783057875.476385517] [local_costmap.local_costmap]: StaticLayer: "map" passed to lookupTransform argument target_frame does not exist. 
[controller_server-4] [INFO] [1783057875.481016349] [controller_server]: Creating bond (controller_server) to lifecycle manager.
[lifecycle_manager-11] [INFO] [1783057875.637375374] [lifecycle_manager_navigation]: Server controller_server connected with bond.
[lifecycle_manager-11] [INFO] [1783057875.637561082] [lifecycle_manager_navigation]: [34m[1mActivating smoother_server[0m[0m
[smoother_server-5] [INFO] [1783057875.641051374] [smoother_server]: Activating
[smoother_server-5] [INFO] [1783057875.641262874] [smoother_server]: Creating bond (smoother_server) to lifecycle manager.
[controller_server-4] [ERROR] [1783057875.790681816] [local_costmap.local_costmap]: StaticLayer: "map" passed to lookupTransform argument target_frame does not exist. 
[lifecycle_manager-11] [INFO] [1783057875.796673273] [lifecycle_manager_navigation]: Server smoother_server connected with bond.
[lifecycle_manager-11] [INFO] [1783057875.796845857] [lifecycle_manager_navigation]: [34m[1mActivating planner_server[0m[0m
[planner_server-6] [INFO] [1783057875.799999398] [planner_server]: Activating
[planner_server-6] [INFO] [1783057875.800229815] [global_costmap.global_costmap]: Activating
[planner_server-6] [INFO] [1783057875.800321398] [global_costmap.global_costmap]: Checking transform
[planner_server-6] [INFO] [1783057875.800461231] [global_costmap.global_costmap]: Timed out waiting for transform from base_link to map to become available, tf error: Invalid frame ID "map" passed to canTransform argument target_frame - frame does not exist
[controller_server-4] [ERROR] [1783057876.100446657] [local_costmap.local_costmap]: StaticLayer: "map" passed to lookupTransform argument target_frame does not exist. 
[amcl-2] [WARN] [1783057876.233479850] [amcl]: AMCL cannot publish a pose or update the transform. Please set the initial pose...
[planner_server-6] [INFO] [1783057876.300513801] [global_costmap.global_costmap]: Timed out waiting for transform from base_link to map to become available, tf error: Invalid frame ID "map" passed to canTransform argument target_frame - frame does not exist
[controller_server-4] [ERROR] [1783057876.498709488] [local_costmap.local_costmap]: StaticLayer: "map" passed to lookupTransform argument target_frame does not exist. 
[planner_server-6] [INFO] [1783057876.800499663] [global_costmap.global_costmap]: Timed out waiting for transform from base_link to map to become available, tf error: Invalid frame ID "map" passed to canTransform argument target_frame - frame does not exist
[controller_server-4] [ERROR] [1783057876.806610246] [local_costmap.local_costmap]: StaticLayer: "map" passed to lookupTransform argument target_frame does not exist. 
[controller_server-4] [ERROR] [1783057877.114195712] [local_costmap.local_costmap]: StaticLayer: "map" passed to lookupTransform argument target_frame does not exist. 
[planner_server-6] [INFO] [1783057877.300503984] [global_costmap.global_costmap]: Timed out waiting for transform from base_link to map to become available, tf error: Invalid frame ID "map" passed to canTransform argument target_frame - frame does not exist
[controller_server-4] [ERROR] [1783057877.518941960] [local_costmap.local_costmap]: StaticLayer: "map" passed to lookupTransform argument target_frame does not exist. 
[planner_server-6] [INFO] [1783057877.800494762] [global_costmap.global_costmap]: Timed out waiting for transform from base_link to map to become available, tf error: Invalid frame ID "map" passed to canTransform argument target_frame - frame does not exist
[controller_server-4] [ERROR] [1783057877.828606592] [local_costmap.local_costmap]: StaticLayer: "map" passed to lookupTransform argument target_frame does not exist. 
[controller_server-4] [ERROR] [1783057878.132461726] [local_costmap.local_costmap]: StaticLayer: "map" passed to lookupTransform argument target_frame does not exist. 
[planner_server-6] [INFO] [1783057878.300498541] [global_costmap.global_costmap]: Timed out waiting for transform from base_link to map to become available, tf error: Invalid frame ID "map" passed to canTransform argument target_frame - frame does not exist
[planner_server-6] [INFO] [1783057878.800494986] [global_costmap.global_costmap]: Timed out waiting for transform from base_link to map to become available, tf error: Invalid frame ID "map" passed to canTransform argument target_frame - frame does not exist
[amcl-2] [INFO] [1783057879.231614772] [amcl]: Message Filter dropping message: frame 'laser' at time 1783057878.130 for reason 'the timestamp on the message is earlier than all the data in the transform cache'
[planner_server-6] [INFO] [1783057879.300498972] [global_costmap.global_costmap]: Timed out waiting for transform from base_link to map to become available, tf error: Invalid frame ID "map" passed to canTransform argument target_frame - frame does not exist
[planner_server-6] [INFO] [1783057879.800560418] [global_costmap.global_costmap]: Timed out waiting for transform from base_link to map to become available, tf error: Invalid frame ID "map" passed to canTransform argument target_frame - frame does not exist
[planner_server-6] [INFO] [1783057880.300884154] [global_costmap.global_costmap]: Timed out waiting for transform from base_link to map to become available, tf error: Invalid frame ID "map" passed to canTransform argument target_frame - frame does not exist
[amcl-2] [WARN] [1783057880.336802525] [amcl]: AMCL cannot publish a pose or update the transform. Please set the initial pose...
[controller_server-4] [ERROR] [1783057880.551080585] [local_costmap.local_costmap]: StaticLayer: "map" passed to lookupTransform argument target_frame does not exist. 
[planner_server-6] [INFO] [1783057880.800498766] [global_costmap.global_costmap]: Timed out waiting for transform from base_link to map to become available, tf error: Invalid frame ID "map" passed to canTransform argument target_frame - frame does not exist
[controller_server-4] [ERROR] [1783057880.919440711] [local_costmap.local_costmap]: StaticLayer: "map" passed to lookupTransform argument target_frame does not exist. 
[controller_server-4] [ERROR] [1783057881.235464468] [local_costmap.local_costmap]: StaticLayer: "map" passed to lookupTransform argument target_frame does not exist. 
[planner_server-6] [INFO] [1783057881.300501919] [global_costmap.global_costmap]: Timed out waiting for transform from base_link to map to become available, tf error: Invalid frame ID "map" passed to canTransform argument target_frame - frame does not exist
[controller_server-4] [ERROR] [1783057881.557238599] [local_costmap.local_costmap]: StaticLayer: "map" passed to lookupTransform argument target_frame does not exist. 
[planner_server-6] [INFO] [1783057881.800487239] [global_costmap.global_costmap]: Timed out waiting for transform from base_link to map to become available, tf error: Invalid frame ID "map" passed to canTransform argument target_frame - frame does not exist
[controller_server-4] [ERROR] [1783057881.958067805] [local_costmap.local_costmap]: StaticLayer: "map" passed to lookupTransform argument target_frame does not exist. 
[controller_server-4] [ERROR] [1783057882.266976104] [local_costmap.local_costmap]: StaticLayer: "map" passed to lookupTransform argument target_frame does not exist. 
[planner_server-6] [INFO] [1783057882.300493184] [global_costmap.global_costmap]: Timed out waiting for transform from base_link to map to become available, tf error: Invalid frame ID "map" passed to canTransform argument target_frame - frame does not exist
[amcl-2] [WARN] [1783057882.426868878] [amcl]: AMCL cannot publish a pose or update the transform. Please set the initial pose...
[controller_server-4] [ERROR] [1783057882.575466195] [local_costmap.local_costmap]: StaticLayer: "map" passed to lookupTransform argument target_frame does not exist. 
[planner_server-6] [INFO] [1783057882.800491795] [global_costmap.global_costmap]: Timed out waiting for transform from base_link to map to become available, tf error: Invalid frame ID "map" passed to canTransform argument target_frame - frame does not exist
[controller_server-4] [ERROR] [1783057882.975184526] [local_costmap.local_costmap]: StaticLayer: "map" passed to lookupTransform argument target_frame does not exist. 
[controller_server-4] [ERROR] [1783057883.281729992] [local_costmap.local_costmap]: StaticLayer: "map" passed to lookupTransform argument target_frame does not exist. 
[planner_server-6] [INFO] [1783057883.300505198] [global_costmap.global_costmap]: Timed out waiting for transform from base_link to map to become available, tf error: Invalid frame ID "map" passed to canTransform argument target_frame - frame does not exist
[controller_server-4] [ERROR] [1783057883.658922409] [local_costmap.local_costmap]: StaticLayer: "map" passed to lookupTransform argument target_frame does not exist. 
[planner_server-6] [INFO] [1783057883.800498601] [global_costmap.global_costmap]: Timed out waiting for transform from base_link to map to become available, tf error: Invalid frame ID "map" passed to canTransform argument target_frame - frame does not exist
[controller_server-4] [ERROR] [1783057884.035180492] [local_costmap.local_costmap]: StaticLayer: "map" passed to lookupTransform argument target_frame does not exist. 
[planner_server-6] [INFO] [1783057884.300493296] [global_costmap.global_costmap]: Timed out waiting for transform from base_link to map to become available, tf error: Invalid frame ID "map" passed to canTransform argument target_frame - frame does not exist
[controller_server-4] [ERROR] [1783057884.347836333] [local_costmap.local_costmap]: StaticLayer: "map" passed to lookupTransform argument target_frame does not exist. 
[amcl-2] [WARN] [1783057884.434585823] [amcl]: AMCL cannot publish a pose or update the transform. Please set the initial pose...
[controller_server-4] [ERROR] [1783057884.655945090] [local_costmap.local_costmap]: StaticLayer: "map" passed to lookupTransform argument target_frame does not exist. 
[planner_server-6] [INFO] [1783057884.800492366] [global_costmap.global_costmap]: Timed out waiting for transform from base_link to map to become available, tf error: Invalid frame ID "map" passed to canTransform argument target_frame - frame does not exist
[controller_server-4] [ERROR] [1783057885.055579796] [local_costmap.local_costmap]: StaticLayer: "map" passed to lookupTransform argument target_frame does not exist. 
[planner_server-6] [INFO] [1783057885.300496810] [global_costmap.global_costmap]: Timed out waiting for transform from base_link to map to become available, tf error: Invalid frame ID "map" passed to canTransform argument target_frame - frame does not exist
[controller_server-4] [ERROR] [1783057885.364169678] [local_costmap.local_costmap]: StaticLayer: "map" passed to lookupTransform argument target_frame does not exist. 
[controller_server-4] [ERROR] [1783057885.678618602] [local_costmap.local_costmap]: StaticLayer: "map" passed to lookupTransform argument target_frame does not exist. 
[planner_server-6] [INFO] [1783057885.801325880] [global_costmap.global_costmap]: Timed out waiting for transform from base_link to map to become available, tf error: Invalid frame ID "map" passed to canTransform argument target_frame - frame does not exist
[controller_server-4] [ERROR] [1783057886.098676430] [local_costmap.local_costmap]: StaticLayer: "map" passed to lookupTransform argument target_frame does not exist. 
[planner_server-6] [INFO] [1783057886.300496533] [global_costmap.global_costmap]: Timed out waiting for transform from base_link to map to become available, tf error: Invalid frame ID "map" passed to canTransform argument target_frame - frame does not exist
[controller_server-4] [ERROR] [1783057886.419221561] [local_costmap.local_costmap]: StaticLayer: "map" passed to lookupTransform argument target_frame does not exist. 
[amcl-2] [WARN] [1783057886.528905674] [amcl]: AMCL cannot publish a pose or update the transform. Please set the initial pose...
[controller_server-4] [ERROR] [1783057886.731965777] [local_costmap.local_costmap]: StaticLayer: "map" passed to lookupTransform argument target_frame does not exist. 
[planner_server-6] [INFO] [1783057886.800494644] [global_costmap.global_costmap]: Timed out waiting for transform from base_link to map to become available, tf error: Invalid frame ID "map" passed to canTransform argument target_frame - frame does not exist
[controller_server-4] [ERROR] [1783057887.129254358] [local_costmap.local_costmap]: StaticLayer: "map" passed to lookupTransform argument target_frame does not exist. 
[planner_server-6] [INFO] [1783057887.301166547] [global_costmap.global_costmap]: Timed out waiting for transform from base_link to map to become available, tf error: Invalid frame ID "map" passed to canTransform argument target_frame - frame does not exist
[controller_server-4] [ERROR] [1783057887.432015699] [local_costmap.local_costmap]: StaticLayer: "map" passed to lookupTransform argument target_frame does not exist. 
[controller_server-4] [ERROR] [1783057887.746031497] [local_costmap.local_costmap]: StaticLayer: "map" passed to lookupTransform argument target_frame does not exist. 
[planner_server-6] [INFO] [1783057887.800512991] [global_costmap.global_costmap]: Timed out waiting for transform from base_link to map to become available, tf error: Invalid frame ID "map" passed to canTransform argument target_frame - frame does not exist
[controller_server-4] [ERROR] [1783057888.145203370] [local_costmap.local_costmap]: StaticLayer: "map" passed to lookupTransform argument target_frame does not exist. 
[planner_server-6] [INFO] [1783057888.300505352] [global_costmap.global_costmap]: Timed out waiting for transform from base_link to map to become available, tf error: Invalid frame ID "map" passed to canTransform argument target_frame - frame does not exist
[controller_server-4] [ERROR] [1783057888.454636252] [local_costmap.local_costmap]: StaticLayer: "map" passed to lookupTransform argument target_frame does not exist. 
[amcl-2] [WARN] [1783057888.624279191] [amcl]: AMCL cannot publish a pose or update the transform. Please set the initial pose...
[controller_server-4] [ERROR] [1783057888.762771093] [local_costmap.local_costmap]: StaticLayer: "map" passed to lookupTransform argument target_frame does not exist. 
[planner_server-6] [INFO] [1783057888.800503630] [global_costmap.global_costmap]: Timed out waiting for transform from base_link to map to become available, tf error: Invalid frame ID "map" passed to canTransform argument target_frame - frame does not exist
[controller_server-4] [ERROR] [1783057889.162051673] [local_costmap.local_costmap]: StaticLayer: "map" passed to lookupTransform argument target_frame does not exist. 
[planner_server-6] [INFO] [1783057889.300481866] [global_costmap.global_costmap]: Timed out waiting for transform from base_link to map to become available, tf error: Invalid frame ID "map" passed to canTransform argument target_frame - frame does not exist
[controller_server-4] [ERROR] [1783057889.467664806] [local_costmap.local_costmap]: StaticLayer: "map" passed to lookupTransform argument target_frame does not exist. 
[controller_server-4] [ERROR] [1783057889.779609854] [local_costmap.local_costmap]: StaticLayer: "map" passed to lookupTransform argument target_frame does not exist. 
[planner_server-6] [INFO] [1783057889.800495644] [global_costmap.global_costmap]: Timed out waiting for transform from base_link to map to become available, tf error: Invalid frame ID "map" passed to canTransform argument target_frame - frame does not exist
[controller_server-4] [ERROR] [1783057890.182216268] [local_costmap.local_costmap]: StaticLayer: "map" passed to lookupTransform argument target_frame does not exist. 
[planner_server-6] [INFO] [1783057890.300491921] [global_costmap.global_costmap]: Timed out waiting for transform from base_link to map to become available, tf error: Invalid frame ID "map" passed to canTransform argument target_frame - frame does not exist
[controller_server-4] [ERROR] [1783057890.491622942] [local_costmap.local_costmap]: StaticLayer: "map" passed to lookupTransform argument target_frame does not exist. 
[amcl-2] [WARN] [1783057890.626008093] [amcl]: AMCL cannot publish a pose or update the transform. Please set the initial pose...
[controller_server-4] [ERROR] [1783057890.797434824] [local_costmap.local_costmap]: StaticLayer: "map" passed to lookupTransform argument target_frame does not exist. 
[planner_server-6] [INFO] [1783057890.800483866] [global_costmap.global_costmap]: Timed out waiting for transform from base_link to map to become available, tf error: Invalid frame ID "map" passed to canTransform argument target_frame - frame does not exist
[controller_server-4] [ERROR] [1783057891.224226360] [local_costmap.local_costmap]: StaticLayer: "map" passed to lookupTransform argument target_frame does not exist. 
[planner_server-6] [INFO] [1783057891.300482768] [global_costmap.global_costmap]: Timed out waiting for transform from base_link to map to become available, tf error: Invalid frame ID "map" passed to canTransform argument target_frame - frame does not exist
[controller_server-4] [ERROR] [1783057891.537439617] [local_costmap.local_costmap]: StaticLayer: "map" passed to lookupTransform argument target_frame does not exist. 
[planner_server-6] [INFO] [1783057891.800504212] [global_costmap.global_costmap]: Timed out waiting for transform from base_link to map to become available, tf error: Invalid frame ID "map" passed to canTransform argument target_frame - frame does not exist
[controller_server-4] [ERROR] [1783057891.855031456] [local_costmap.local_costmap]: StaticLayer: "map" passed to lookupTransform argument target_frame does not exist. 
[controller_server-4] [ERROR] [1783057892.254511078] [local_costmap.local_costmap]: StaticLayer: "map" passed to lookupTransform argument target_frame does not exist. 
[planner_server-6] [INFO] [1783057892.300469948] [global_costmap.global_costmap]: Timed out waiting for transform from base_link to map to become available, tf error: Invalid frame ID "map" passed to canTransform argument target_frame - frame does not exist
[controller_server-4] [ERROR] [1783057892.562463627] [local_costmap.local_costmap]: StaticLayer: "map" passed to lookupTransform argument target_frame does not exist. 
[amcl-2] [WARN] [1783057892.630305911] [amcl]: AMCL cannot publish a pose or update the transform. Please set the initial pose...
[planner_server-6] [INFO] [1783057892.800490309] [global_costmap.global_costmap]: Timed out waiting for transform from base_link to map to become available, tf error: Invalid frame ID "map" passed to canTransform argument target_frame - frame does not exist
[controller_server-4] [ERROR] [1783057892.872568967] [local_costmap.local_costmap]: StaticLayer: "map" passed to lookupTransform argument target_frame does not exist. 
[controller_server-4] [ERROR] [1783057893.264867465] [local_costmap.local_costmap]: StaticLayer: "map" passed to lookupTransform argument target_frame does not exist. 
[planner_server-6] [INFO] [1783057893.300531961] [global_costmap.global_costmap]: Timed out waiting for transform from base_link to map to become available, tf error: Invalid frame ID "map" passed to canTransform argument target_frame - frame does not exist
[controller_server-4] [ERROR] [1783057893.572564264] [local_costmap.local_costmap]: StaticLayer: "map" passed to lookupTransform argument target_frame does not exist. 
[planner_server-6] [INFO] [1783057893.800494613] [global_costmap.global_costmap]: Timed out waiting for transform from base_link to map to become available, tf error: Invalid frame ID "map" passed to canTransform argument target_frame - frame does not exist
[controller_server-4] [ERROR] [1783057893.882103938] [local_costmap.local_costmap]: StaticLayer: "map" passed to lookupTransform argument target_frame does not exist. 
[controller_server-4] [ERROR] [1783057894.281801643] [local_costmap.local_costmap]: StaticLayer: "map" passed to lookupTransform argument target_frame does not exist. 
[planner_server-6] [INFO] [1783057894.300497141] [global_costmap.global_costmap]: Timed out waiting for transform from base_link to map to become available, tf error: Invalid frame ID "map" passed to canTransform argument target_frame - frame does not exist
[controller_server-4] [ERROR] [1783057894.593551024] [local_costmap.local_costmap]: StaticLayer: "map" passed to lookupTransform argument target_frame does not exist. 
[amcl-2] [WARN] [1783057894.721558593] [amcl]: AMCL cannot publish a pose or update the transform. Please set the initial pose...
[planner_server-6] [INFO] [1783057894.800495126] [global_costmap.global_costmap]: Timed out waiting for transform from base_link to map to become available, tf error: Invalid frame ID "map" passed to canTransform argument target_frame - frame does not exist
[controller_server-4] [ERROR] [1783057894.904944115] [local_costmap.local_costmap]: StaticLayer: "map" passed to lookupTransform argument target_frame does not exist. 
[planner_server-6] [INFO] [1783057895.300577737] [global_costmap.global_costmap]: Timed out waiting for transform from base_link to map to become available, tf error: Invalid frame ID "map" passed to canTransform argument target_frame - frame does not exist
[controller_server-4] [ERROR] [1783057895.301060320] [local_costmap.local_costmap]: StaticLayer: "map" passed to lookupTransform argument target_frame does not exist. 
[controller_server-4] [ERROR] [1783057895.606818827] [local_costmap.local_costmap]: StaticLayer: "map" passed to lookupTransform argument target_frame does not exist. 
[planner_server-6] [INFO] [1783057895.800505431] [global_costmap.global_costmap]: Timed out waiting for transform from base_link to map to become available, tf error: Invalid frame ID "map" passed to canTransform argument target_frame - frame does not exist
[controller_server-4] [ERROR] [1783057895.909968210] [local_costmap.local_costmap]: StaticLayer: "map" passed to lookupTransform argument target_frame does not exist. 
[planner_server-6] [INFO] [1783057896.300518458] [global_costmap.global_costmap]: Timed out waiting for transform from base_link to map to become available, tf error: Invalid frame ID "map" passed to canTransform argument target_frame - frame does not exist
[controller_server-4] [ERROR] [1783057896.314119206] [local_costmap.local_costmap]: StaticLayer: "map" passed to lookupTransform argument target_frame does not exist. 
[controller_server-4] [ERROR] [1783057896.623149546] [local_costmap.local_costmap]: StaticLayer: "map" passed to lookupTransform argument target_frame does not exist. 
[planner_server-6] [INFO] [1783057896.800517693] [global_costmap.global_costmap]: Timed out waiting for transform from base_link to map to become available, tf error: Invalid frame ID "map" passed to canTransform argument target_frame - frame does not exist
[amcl-2] [WARN] [1783057896.817139566] [amcl]: AMCL cannot publish a pose or update the transform. Please set the initial pose...
[controller_server-4] [ERROR] [1783057896.931165928] [local_costmap.local_costmap]: StaticLayer: "map" passed to lookupTransform argument target_frame does not exist. 
[planner_server-6] [INFO] [1783057897.300520595] [global_costmap.global_costmap]: Timed out waiting for transform from base_link to map to become available, tf error: Invalid frame ID "map" passed to canTransform argument target_frame - frame does not exist
[controller_server-4] [ERROR] [1783057897.330665509] [local_costmap.local_costmap]: StaticLayer: "map" passed to lookupTransform argument target_frame does not exist. 
[controller_server-4] [ERROR] [1783057897.637815307] [local_costmap.local_costmap]: StaticLayer: "map" passed to lookupTransform argument target_frame does not exist. 
[planner_server-6] [INFO] [1783057897.800488372] [global_costmap.global_costmap]: Timed out waiting for transform from base_link to map to become available, tf error: Invalid frame ID "map" passed to canTransform argument target_frame - frame does not exist
[controller_server-4] [ERROR] [1783057897.946868647] [local_costmap.local_costmap]: StaticLayer: "map" passed to lookupTransform argument target_frame does not exist. 
[planner_server-6] [INFO] [1783057898.300492233] [global_costmap.global_costmap]: Timed out waiting for transform from base_link to map to become available, tf error: Invalid frame ID "map" passed to canTransform argument target_frame - frame does not exist
[controller_server-4] [ERROR] [1783057898.346571102] [local_costmap.local_costmap]: StaticLayer: "map" passed to lookupTransform argument target_frame does not exist. 
[controller_server-4] [ERROR] [1783057898.654052151] [local_costmap.local_costmap]: StaticLayer: "map" passed to lookupTransform argument target_frame does not exist. 
[planner_server-6] [INFO] [1783057898.812565258] [global_costmap.global_costmap]: Timed out waiting for transform from base_link to map to become available, tf error: Invalid frame ID "map" passed to canTransform argument target_frame - frame does not exist
[amcl-2] [WARN] [1783057898.916481038] [amcl]: AMCL cannot publish a pose or update the transform. Please set the initial pose...
[controller_server-4] [ERROR] [1783057898.962578616] [local_costmap.local_costmap]: StaticLayer: "map" passed to lookupTransform argument target_frame does not exist. 
[planner_server-6] [INFO] [1783057899.300494078] [global_costmap.global_costmap]: Timed out waiting for transform from base_link to map to become available, tf error: Invalid frame ID "map" passed to canTransform argument target_frame - frame does not exist
[controller_server-4] [ERROR] [1783057899.361429030] [local_costmap.local_costmap]: StaticLayer: "map" passed to lookupTransform argument target_frame does not exist. 
[controller_server-4] [ERROR] [1783057899.664376079] [local_costmap.local_costmap]: StaticLayer: "map" passed to lookupTransform argument target_frame does not exist. 
[planner_server-6] [INFO] [1783057899.800498188] [global_costmap.global_costmap]: Timed out waiting for transform from base_link to map to become available, tf error: Invalid frame ID "map" passed to canTransform argument target_frame - frame does not exist
[controller_server-4] [ERROR] [1783057899.968623919] [local_costmap.local_costmap]: StaticLayer: "map" passed to lookupTransform argument target_frame does not exist. 
[planner_server-6] [INFO] [1783057900.300970423] [global_costmap.global_costmap]: Timed out waiting for transform from base_link to map to become available, tf error: Invalid frame ID "map" passed to canTransform argument target_frame - frame does not exist
[controller_server-4] [ERROR] [1783057900.377349665] [local_costmap.local_costmap]: StaticLayer: "map" passed to lookupTransform argument target_frame does not exist. 
[amcl-2] [INFO] [1783057900.524464607] [amcl]: initialPoseReceived
[amcl-2] [WARN] [1783057900.524869065] [amcl]: Failed to transform initial pose in time (Lookup would require extrapolation into the future.  Requested time 1783057900.524660 but the latest data is at time 1783057900.508021, when looking up transform from frame [base_link] to frame [odom])
[amcl-2] [INFO] [1783057900.524982731] [amcl]: Setting pose (1783057900.524978): -3.581 -1.339 -1.745
[planner_server-6] [INFO] [1783057900.800762325] [global_costmap.global_costmap]: Timed out waiting for transform from base_link to map to become available, tf error: Lookup would require extrapolation into the past.  Requested time 1783057900.774563 but the earliest data is at time 1783057901.418415, when looking up transform from frame [base_link] to frame [map]
[amcl-2] [INFO] [1783057900.960898099] [amcl]: initialPoseReceived
[amcl-2] [WARN] [1783057900.961240182] [amcl]: Failed to transform initial pose in time (Lookup would require extrapolation into the past.  Requested time 1783057900.961064 but the earliest data is at time 1783057901.418415, when looking up transform from frame [base_link] to frame [odom])
[amcl-2] [INFO] [1783057900.961376849] [amcl]: Setting pose (1783057900.961371): -3.581 -1.339 -1.745
[planner_server-6] [INFO] [1783057901.300576644] [global_costmap.global_costmap]: Timed out waiting for transform from base_link to map to become available, tf error: Lookup would require extrapolation into the past.  Requested time 1783057901.276206 but the earliest data is at time 1783057901.418415, when looking up transform from frame [base_link] to frame [map]
[amcl-2] [INFO] [1783057901.393666967] [amcl]: initialPoseReceived
[amcl-2] [WARN] [1783057901.394023175] [amcl]: Failed to transform initial pose in time (Lookup would require extrapolation into the past.  Requested time 1783057901.393851 but the earliest data is at time 1783057901.418415, when looking up transform from frame [base_link] to frame [odom])
[amcl-2] [INFO] [1783057901.394132383] [amcl]: Setting pose (1783057901.394127): -3.581 -1.339 -1.745
[planner_server-6] [INFO] [1783057901.800854754] [global_costmap.global_costmap]: start
[amcl-2] [INFO] [1783057901.822494210] [amcl]: initialPoseReceived
[amcl-2] [WARN] [1783057901.822885251] [amcl]: Failed to transform initial pose in time (Lookup would require extrapolation into the future.  Requested time 1783057901.822659 but the latest data is at time 1783057901.807744, when looking up transform from frame [base_link] to frame [odom])
[amcl-2] [INFO] [1783057901.823178876] [amcl]: Setting pose (1783057901.823174): -3.581 -1.339 -1.745
[amcl-2] [INFO] [1783057902.245811828] [amcl]: initialPoseReceived
[amcl-2] [WARN] [1783057902.246287370] [amcl]: Failed to transform initial pose in time (Lookup would require extrapolation into the future.  Requested time 1783057902.246034 but the latest data is at time 1783057902.241475, when looking up transform from frame [base_link] to frame [odom])
[amcl-2] [INFO] [1783057902.246431995] [amcl]: Setting pose (1783057902.246427): -3.581 -1.339 -1.745
[amcl-2] [INFO] [1783057902.671733822] [amcl]: initialPoseReceived
[amcl-2] [WARN] [1783057902.672044488] [amcl]: Failed to transform initial pose in time (Lookup would require extrapolation into the future.  Requested time 1783057902.671885 but the latest data is at time 1783057902.640995, when looking up transform from frame [base_link] to frame [odom])
[amcl-2] [INFO] [1783057902.672130238] [amcl]: Setting pose (1783057902.672126): -3.581 -1.339 -1.745
[planner_server-6] [INFO] [1783057902.805736723] [planner_server]: Activating plugin GridBased of type NavfnPlanner
[planner_server-6] [INFO] [1783057902.811873764] [planner_server]: Creating bond (planner_server) to lifecycle manager.
[lifecycle_manager-11] [INFO] [1783057902.943927249] [lifecycle_manager_navigation]: Server planner_server connected with bond.
[lifecycle_manager-11] [INFO] [1783057902.944136958] [lifecycle_manager_navigation]: [34m[1mActivating behavior_server[0m[0m
[behavior_server-7] [INFO] [1783057902.945893957] [behavior_server]: Activating
[behavior_server-7] [INFO] [1783057902.946040416] [behavior_server]: Activating spin
[behavior_server-7] [INFO] [1783057902.946110707] [behavior_server]: Activating backup
[behavior_server-7] [INFO] [1783057902.946163791] [behavior_server]: Activating drive_on_heading
[behavior_server-7] [INFO] [1783057902.946215457] [behavior_server]: Activating assisted_teleop
[behavior_server-7] [INFO] [1783057902.946264707] [behavior_server]: Activating wait
[behavior_server-7] [INFO] [1783057902.946331749] [behavior_server]: Creating bond (behavior_server) to lifecycle manager.
[lifecycle_manager-11] [INFO] [1783057903.073577693] [lifecycle_manager_navigation]: Server behavior_server connected with bond.
[lifecycle_manager-11] [INFO] [1783057903.073765193] [lifecycle_manager_navigation]: [34m[1mActivating bt_navigator[0m[0m
[bt_navigator-8] [INFO] [1783057903.075370109] [bt_navigator]: Activating
[amcl-2] [INFO] [1783057903.098944273] [amcl]: initialPoseReceived
[amcl-2] [WARN] [1783057903.099301357] [amcl]: Failed to transform initial pose in time (Lookup would require extrapolation into the future.  Requested time 1783057903.099135 but the latest data is at time 1783057903.074837, when looking up transform from frame [base_link] to frame [odom])
[amcl-2] [INFO] [1783057903.099408898] [amcl]: Setting pose (1783057903.099404): -3.581 -1.339 -1.745
[amcl-2] [INFO] [1783057903.525978267] [amcl]: initialPoseReceived
[amcl-2] [WARN] [1783057903.526311516] [amcl]: Failed to transform initial pose in time (Lookup would require extrapolation into the future.  Requested time 1783057903.526149 but the latest data is at time 1783057903.507633, when looking up transform from frame [base_link] to frame [odom])
[amcl-2] [INFO] [1783057903.526441725] [amcl]: Setting pose (1783057903.526437): -3.581 -1.339 -1.745
[bt_navigator-8] [INFO] [1783057903.640275129] [bt_navigator]: Creating bond (bt_navigator) to lifecycle manager.
[lifecycle_manager-11] [INFO] [1783057903.767002406] [lifecycle_manager_navigation]: Server bt_navigator connected with bond.
[lifecycle_manager-11] [INFO] [1783057903.767160989] [lifecycle_manager_navigation]: [34m[1mActivating waypoint_follower[0m[0m
[waypoint_follower-9] [INFO] [1783057903.768988281] [waypoint_follower]: Activating
[waypoint_follower-9] [INFO] [1783057903.769182406] [waypoint_follower]: Creating bond (waypoint_follower) to lifecycle manager.
[lifecycle_manager-11] [INFO] [1783057903.898506933] [lifecycle_manager_navigation]: Server waypoint_follower connected with bond.
[lifecycle_manager-11] [INFO] [1783057903.898702766] [lifecycle_manager_navigation]: [34m[1mActivating velocity_smoother[0m[0m
[velocity_smoother-10] [INFO] [1783057903.902039974] [velocity_smoother]: Activating
[velocity_smoother-10] [INFO] [1783057903.902370015] [velocity_smoother]: Creating bond (velocity_smoother) to lifecycle manager.
[amcl-2] [INFO] [1783057903.950086343] [amcl]: initialPoseReceived
[amcl-2] [WARN] [1783057903.950416260] [amcl]: Failed to transform initial pose in time (Lookup would require extrapolation into the future.  Requested time 1783057903.950254 but the latest data is at time 1783057903.907673, when looking up transform from frame [base_link] to frame [odom])
[amcl-2] [INFO] [1783057903.950517593] [amcl]: Setting pose (1783057903.950513): -3.581 -1.339 -1.745
[lifecycle_manager-11] [INFO] [1783057904.043186291] [lifecycle_manager_navigation]: Server velocity_smoother connected with bond.
[lifecycle_manager-11] [INFO] [1783057904.043428833] [lifecycle_manager_navigation]: [34m[1mManaged nodes are active[0m[0m
[lifecycle_manager-11] [INFO] [1783057904.043516499] [lifecycle_manager_navigation]: [34m[1mCreating bond timer...[0m[0m
[amcl-2] [INFO] [1783057904.352475673] [amcl]: initialPoseReceived
[amcl-2] [WARN] [1783057904.352822173] [amcl]: Failed to transform initial pose in time (Lookup would require extrapolation into the future.  Requested time 1783057904.352661 but the latest data is at time 1783057904.340927, when looking up transform from frame [base_link] to frame [odom])
[amcl-2] [INFO] [1783057904.352942964] [amcl]: Setting pose (1783057904.352938): -3.581 -1.339 -1.745
[amcl-2] [INFO] [1783057904.781133957] [amcl]: initialPoseReceived
[amcl-2] [WARN] [1783057904.781468291] [amcl]: Failed to transform initial pose in time (Lookup would require extrapolation into the future.  Requested time 1783057904.781295 but the latest data is at time 1783057904.775187, when looking up transform from frame [base_link] to frame [odom])
[amcl-2] [INFO] [1783057904.781562582] [amcl]: Setting pose (1783057904.781558): -3.581 -1.339 -1.745
[amcl-2] [INFO] [1783057905.212981867] [amcl]: initialPoseReceived
[amcl-2] [WARN] [1783057905.213320200] [amcl]: Failed to transform initial pose in time (Lookup would require extrapolation into the future.  Requested time 1783057905.213162 but the latest data is at time 1783057905.207580, when looking up transform from frame [base_link] to frame [odom])
[amcl-2] [INFO] [1783057905.213402366] [amcl]: Setting pose (1783057905.213399): -3.581 -1.339 -1.745
[amcl-2] [INFO] [1783057905.613611029] [amcl]: initialPoseReceived
[amcl-2] [WARN] [1783057905.613922196] [amcl]: Failed to transform initial pose in time (Lookup would require extrapolation into the future.  Requested time 1783057905.613764 but the latest data is at time 1783057905.607695, when looking up transform from frame [base_link] to frame [odom])
[amcl-2] [INFO] [1783057905.614006613] [amcl]: Setting pose (1783057905.614002): -3.581 -1.339 -1.745
[amcl-2] [INFO] [1783057906.019422316] [amcl]: initialPoseReceived
[amcl-2] [WARN] [1783057906.021114900] [amcl]: Failed to transform initial pose in time (Lookup would require extrapolation into the future.  Requested time 1783057906.020929 but the latest data is at time 1783057906.007675, when looking up transform from frame [base_link] to frame [odom])
[amcl-2] [INFO] [1783057906.021255191] [amcl]: Setting pose (1783057906.021251): -3.581 -1.339 -1.745
[amcl-2] [INFO] [1783057906.419615021] [amcl]: initialPoseReceived
[amcl-2] [WARN] [1783057906.419966812] [amcl]: Failed to transform initial pose in time (Lookup would require extrapolation into the future.  Requested time 1783057906.419785 but the latest data is at time 1783057906.407785, when looking up transform from frame [base_link] to frame [odom])
[amcl-2] [INFO] [1783057906.420062979] [amcl]: Setting pose (1783057906.420059): -3.581 -1.339 -1.745
[amcl-2] [INFO] [1783057906.848631805] [amcl]: initialPoseReceived
[amcl-2] [WARN] [1783057906.848943139] [amcl]: Failed to transform initial pose in time (Lookup would require extrapolation into the future.  Requested time 1783057906.848783 but the latest data is at time 1783057906.841103, when looking up transform from frame [base_link] to frame [odom])
[amcl-2] [INFO] [1783057906.849028972] [amcl]: Setting pose (1783057906.849025): -3.581 -1.339 -1.745
[amcl-2] [INFO] [1783057907.280568256] [amcl]: initialPoseReceived
[amcl-2] [WARN] [1783057907.280960589] [amcl]: Failed to transform initial pose in time (Lookup would require extrapolation into the future.  Requested time 1783057907.280777 but the latest data is at time 1783057907.274359, when looking up transform from frame [base_link] to frame [odom])
[amcl-2] [INFO] [1783057907.281102714] [amcl]: Setting pose (1783057907.281097): -3.581 -1.339 -1.745
[amcl-2] [INFO] [1783057907.680829169] [amcl]: initialPoseReceived
[amcl-2] [WARN] [1783057907.681191627] [amcl]: Failed to transform initial pose in time (Lookup would require extrapolation into the future.  Requested time 1783057907.681012 but the latest data is at time 1783057907.674404, when looking up transform from frame [base_link] to frame [odom])
[amcl-2] [INFO] [1783057907.681323294] [amcl]: Setting pose (1783057907.681318): -3.581 -1.339 -1.745
[amcl-2] [INFO] [1783057908.118749119] [amcl]: initialPoseReceived
[amcl-2] [WARN] [1783057908.119129785] [amcl]: Failed to transform initial pose in time (Lookup would require extrapolation into the future.  Requested time 1783057908.118942 but the latest data is at time 1783057908.107689, when looking up transform from frame [base_link] to frame [odom])
[amcl-2] [INFO] [1783057908.119236869] [amcl]: Setting pose (1783057908.119233): -3.581 -1.339 -1.745
[planner_server-6] [WARN] [1783058071.439087033] [planner_server]: No planners specified in action call. Server will use only plugin GridBased  in server. This warning will appear once.
[bt_navigator-8] [INFO] [1783058071.451143948] [bt_navigator]: Begin navigating from current location (-3.57, -1.35) to (2.63, 0.89)
[controller_server-4] [INFO] [1783058071.504819732] [controller_server]: Received a goal, begin computing control effort.
[controller_server-4] [WARN] [1783058071.507685232] [controller_server]: No goal checker was specified in parameter 'current_goal_checker'. Server will use only plugin loaded general_goal_checker . This warning will appear once.
[controller_server-4] [WARN] [1783058071.562860183] [controller_server]: Control loop missed its desired rate of 20.0000Hz
[controller_server-4] [WARN] [1783058071.712044496] [controller_server]: Control loop missed its desired rate of 20.0000Hz
[controller_server-4] [WARN] [1783058071.763018780] [controller_server]: Control loop missed its desired rate of 20.0000Hz
[controller_server-4] [WARN] [1783058072.162269434] [controller_server]: Control loop missed its desired rate of 20.0000Hz
[controller_server-4] [WARN] [1783058072.259237254] [controller_server]: Control loop missed its desired rate of 20.0000Hz
[controller_server-4] [INFO] [1783058072.559660088] [controller_server]: Passing new path to controller.
[controller_server-4] [WARN] [1783058073.161420256] [controller_server]: Control loop missed its desired rate of 20.0000Hz
[bt_navigator-8] [WARN] [1783058073.191568752] [BehaviorTreeEngine]: Behavior Tree tick rate 100.00 was exceeded!
[controller_server-4] [WARN] [1783058073.459243591] [controller_server]: Control loop missed its desired rate of 20.0000Hz
[controller_server-4] [WARN] [1783058073.510561375] [controller_server]: Control loop missed its desired rate of 20.0000Hz
[controller_server-4] [INFO] [1783058073.609038570] [controller_server]: Passing new path to controller.
[controller_server-4] [WARN] [1783058073.761605549] [controller_server]: Control loop missed its desired rate of 20.0000Hz
[controller_server-4] [WARN] [1783058074.063316425] [controller_server]: Control loop missed its desired rate of 20.0000Hz
[controller_server-4] [WARN] [1783058074.110085252] [controller_server]: Control loop missed its desired rate of 20.0000Hz
[controller_server-4] [WARN] [1783058074.569064314] [controller_server]: Control loop missed its desired rate of 20.0000Hz
[controller_server-4] [WARN] [1783058074.619036265] [controller_server]: Control loop missed its desired rate of 20.0000Hz
[controller_server-4] [INFO] [1783058074.659038427] [controller_server]: Passing new path to controller.
[controller_server-4] [WARN] [1783058074.812403156] [controller_server]: Control loop missed its desired rate of 20.0000Hz
[controller_server-4] [WARN] [1783058074.910473642] [controller_server]: Control loop missed its desired rate of 20.0000Hz
[controller_server-4] [WARN] [1783058075.221197016] [controller_server]: Control loop missed its desired rate of 20.0000Hz
[controller_server-4] [WARN] [1783058075.276429884] [controller_server]: Control loop missed its desired rate of 20.0000Hz
[controller_server-4] [WARN] [1783058075.312016671] [controller_server]: Control loop missed its desired rate of 20.0000Hz
[controller_server-4] [WARN] [1783058075.362545330] [controller_server]: Control loop missed its desired rate of 20.0000Hz
[controller_server-4] [WARN] [1783058075.712593866] [controller_server]: Control loop missed its desired rate of 20.0000Hz
[controller_server-4] [INFO] [1783058075.712797449] [controller_server]: Passing new path to controller.
[controller_server-4] [WARN] [1783058075.867420386] [controller_server]: Control loop missed its desired rate of 20.0000Hz
[controller_server-4] [WARN] [1783058075.911659714] [controller_server]: Control loop missed its desired rate of 20.0000Hz
[controller_server-4] [WARN] [1783058075.966702331] [controller_server]: Control loop missed its desired rate of 20.0000Hz
[bt_navigator-8] [WARN] [1783058076.413918645] [BehaviorTreeEngine]: Behavior Tree tick rate 100.00 was exceeded!
[controller_server-4] [WARN] [1783058076.625968991] [controller_server]: Control loop missed its desired rate of 20.0000Hz
[controller_server-4] [INFO] [1783058076.759420014] [controller_server]: Passing new path to controller.
[controller_server-4] [WARN] [1783058077.573768903] [controller_server]: Control loop missed its desired rate of 20.0000Hz
[controller_server-4] [WARN] [1783058077.711245509] [controller_server]: Control loop missed its desired rate of 20.0000Hz
[controller_server-4] [INFO] [1783058077.809025662] [controller_server]: Passing new path to controller.
[controller_server-4] [WARN] [1783058077.911188398] [controller_server]: Control loop missed its desired rate of 20.0000Hz
[controller_server-4] [INFO] [1783058078.859020643] [controller_server]: Passing new path to controller.
[controller_server-4] [WARN] [1783058078.964099587] [controller_server]: Control loop missed its desired rate of 20.0000Hz
[controller_server-4] [WARN] [1783058079.033385202] [controller_server]: Control loop missed its desired rate of 20.0000Hz
[controller_server-4] [WARN] [1783058079.068993114] [controller_server]: Control loop missed its desired rate of 20.0000Hz
[controller_server-4] [WARN] [1783058079.618831872] [controller_server]: Control loop missed its desired rate of 20.0000Hz
[controller_server-4] [WARN] [1783058079.670120157] [controller_server]: Control loop missed its desired rate of 20.0000Hz
[controller_server-4] [INFO] [1783058079.909028790] [controller_server]: Passing new path to controller.
[controller_server-4] [WARN] [1783058080.062121103] [controller_server]: Control loop missed its desired rate of 20.0000Hz
[controller_server-4] [WARN] [1783058080.760545840] [controller_server]: Control loop missed its desired rate of 20.0000Hz
[controller_server-4] [WARN] [1783058080.810454667] [controller_server]: Control loop missed its desired rate of 20.0000Hz
[controller_server-4] [WARN] [1783058080.860118243] [controller_server]: Control loop missed its desired rate of 20.0000Hz
[controller_server-4] [WARN] [1783058080.912488403] [controller_server]: Control loop missed its desired rate of 20.0000Hz
[controller_server-4] [WARN] [1783058080.970634603] [controller_server]: Control loop missed its desired rate of 20.0000Hz
[controller_server-4] [INFO] [1783058080.970798770] [controller_server]: Passing new path to controller.
[controller_server-4] [WARN] [1783058081.015355597] [controller_server]: Control loop missed its desired rate of 20.0000Hz
[controller_server-4] [WARN] [1783058081.062452007] [controller_server]: Control loop missed its desired rate of 20.0000Hz
[controller_server-4] [WARN] [1783058081.159804910] [controller_server]: Control loop missed its desired rate of 20.0000Hz
[controller_server-4] [WARN] [1783058081.218550277] [controller_server]: Control loop missed its desired rate of 20.0000Hz
[controller_server-4] [WARN] [1783058081.312108723] [controller_server]: Control loop missed its desired rate of 20.0000Hz
[controller_server-4] [WARN] [1783058081.371086631] [controller_server]: Control loop missed its desired rate of 20.0000Hz
[controller_server-4] [WARN] [1783058081.410356376] [controller_server]: Control loop missed its desired rate of 20.0000Hz
[controller_server-4] [WARN] [1783058081.464767577] [controller_server]: Control loop missed its desired rate of 20.0000Hz
[controller_server-4] [WARN] [1783058081.761555744] [controller_server]: Control loop missed its desired rate of 20.0000Hz
[controller_server-4] [WARN] [1783058081.921941347] [controller_server]: Control loop missed its desired rate of 20.0000Hz
[controller_server-4] [WARN] [1783058081.965136716] [controller_server]: Control loop missed its desired rate of 20.0000Hz
[controller_server-4] [INFO] [1783058082.009044418] [controller_server]: Passing new path to controller.
[controller_server-4] [WARN] [1783058082.162234814] [controller_server]: Control loop missed its desired rate of 20.0000Hz
[controller_server-4] [WARN] [1783058082.570117299] [controller_server]: Control loop missed its desired rate of 20.0000Hz
[controller_server-4] [WARN] [1783058082.776857938] [controller_server]: Control loop missed its desired rate of 20.0000Hz
[controller_server-4] [WARN] [1783058082.817313182] [controller_server]: Control loop missed its desired rate of 20.0000Hz
[controller_server-4] [WARN] [1783058082.864838884] [controller_server]: Control loop missed its desired rate of 20.0000Hz
[controller_server-4] [INFO] [1783058083.009034281] [controller_server]: Passing new path to controller.
[controller_server-4] [WARN] [1783058083.273556703] [controller_server]: Control loop missed its desired rate of 20.0000Hz
[controller_server-4] [WARN] [1783058083.332130528] [controller_server]: Control loop missed its desired rate of 20.0000Hz
[controller_server-4] [WARN] [1783058083.385565770] [controller_server]: Control loop missed its desired rate of 20.0000Hz
[controller_server-4] [WARN] [1783058083.428083056] [controller_server]: Control loop missed its desired rate of 20.0000Hz
[controller_server-4] [WARN] [1783058083.480980216] [controller_server]: Control loop missed its desired rate of 20.0000Hz
[controller_server-4] [WARN] [1783058083.553300456] [controller_server]: Control loop missed its desired rate of 20.0000Hz
[controller_server-4] [WARN] [1783058083.608680073] [controller_server]: Control loop missed its desired rate of 20.0000Hz
[bt_navigator-8] [WARN] [1783058083.644351110] [BehaviorTreeEngine]: Behavior Tree tick rate 100.00 was exceeded!
[bt_navigator-8] [WARN] [1783058083.658055858] [BehaviorTreeEngine]: Behavior Tree tick rate 100.00 was exceeded!
[controller_server-4] [WARN] [1783058083.665444565] [controller_server]: Control loop missed its desired rate of 20.0000Hz
[controller_server-4] [WARN] [1783058083.820845127] [controller_server]: Control loop missed its desired rate of 20.0000Hz
[controller_server-4] [WARN] [1783058083.866471204] [controller_server]: Control loop missed its desired rate of 20.0000Hz
[controller_server-4] [WARN] [1783058083.980483147] [controller_server]: Control loop missed its desired rate of 20.0000Hz
[controller_server-4] [WARN] [1783058084.027156849] [controller_server]: Control loop missed its desired rate of 20.0000Hz
[bt_navigator-8] [WARN] [1783058084.043170055] [BehaviorTreeEngine]: Behavior Tree tick rate 100.00 was exceeded!
[controller_server-4] [WARN] [1783058084.070611176] [controller_server]: Control loop missed its desired rate of 20.0000Hz
[controller_server-4] [INFO] [1783058084.071150718] [controller_server]: Passing new path to controller.
[controller_server-4] [WARN] [1783058084.168973329] [controller_server]: Control loop missed its desired rate of 20.0000Hz
[controller_server-4] [WARN] [1783058084.369237968] [controller_server]: Control loop missed its desired rate of 20.0000Hz
[controller_server-4] [WARN] [1783058084.438364917] [controller_server]: Control loop missed its desired rate of 20.0000Hz
[controller_server-4] [WARN] [1783058084.503318033] [controller_server]: Control loop missed its desired rate of 20.0000Hz
[controller_server-4] [WARN] [1783058084.559085817] [controller_server]: Control loop missed its desired rate of 20.0000Hz
[controller_server-4] [WARN] [1783058084.589369188] [controller_server]: Control loop missed its desired rate of 20.0000Hz
[controller_server-4] [WARN] [1783058084.625231433] [controller_server]: Control loop missed its desired rate of 20.0000Hz
[controller_server-4] [WARN] [1783058084.668526177] [controller_server]: Control loop missed its desired rate of 20.0000Hz
[controller_server-4] [INFO] [1783058085.115590990] [controller_server]: Passing new path to controller.
[controller_server-4] [WARN] [1783058085.319260212] [controller_server]: Control loop missed its desired rate of 20.0000Hz
[bt_navigator-8] [WARN] [1783058085.343056876] [BehaviorTreeEngine]: Behavior Tree tick rate 100.00 was exceeded!
[controller_server-4] [WARN] [1783058085.371888122] [controller_server]: Control loop missed its desired rate of 20.0000Hz
[controller_server-4] [WARN] [1783058085.580261343] [controller_server]: Control loop missed its desired rate of 20.0000Hz
[controller_server-4] [WARN] [1783058085.658838040] [controller_server]: Control loop missed its desired rate of 20.0000Hz
[controller_server-4] [WARN] [1783058085.715048158] [controller_server]: Control loop missed its desired rate of 20.0000Hz
[controller_server-4] [WARN] [1783058085.772574025] [controller_server]: Control loop missed its desired rate of 20.0000Hz
[controller_server-4] [WARN] [1783058085.924920670] [controller_server]: Control loop missed its desired rate of 20.0000Hz
[controller_server-4] [WARN] [1783058085.979573829] [controller_server]: Control loop missed its desired rate of 20.0000Hz
[controller_server-4] [WARN] [1783058086.127633392] [controller_server]: Control loop missed its desired rate of 20.0000Hz
[controller_server-4] [WARN] [1783058086.187405634] [controller_server]: Control loop missed its desired rate of 20.0000Hz
[controller_server-4] [INFO] [1783058086.187573426] [controller_server]: Passing new path to controller.
[controller_server-4] [WARN] [1783058086.480411885] [controller_server]: Control loop missed its desired rate of 20.0000Hz
[controller_server-4] [WARN] [1783058086.826006004] [controller_server]: Control loop missed its desired rate of 20.0000Hz
[controller_server-4] [WARN] [1783058086.881843621] [controller_server]: Control loop missed its desired rate of 20.0000Hz
[controller_server-4] [INFO] [1783058087.222690616] [controller_server]: Passing new path to controller.
[controller_server-4] [WARN] [1783058087.276926400] [controller_server]: Control loop missed its desired rate of 20.0000Hz
[controller_server-4] [WARN] [1783058087.574619317] [controller_server]: Control loop missed its desired rate of 20.0000Hz
[controller_server-4] [WARN] [1783058087.641466475] [controller_server]: Control loop missed its desired rate of 20.0000Hz
[controller_server-4] [WARN] [1783058087.699629717] [controller_server]: Control loop missed its desired rate of 20.0000Hz
[controller_server-4] [WARN] [1783058087.747954002] [controller_server]: Control loop missed its desired rate of 20.0000Hz
[controller_server-4] [WARN] [1783058087.797279036] [controller_server]: Control loop missed its desired rate of 20.0000Hz
[controller_server-4] [WARN] [1783058087.832715156] [controller_server]: Control loop missed its desired rate of 20.0000Hz
[controller_server-4] [WARN] [1783058087.873042151] [controller_server]: Control loop missed its desired rate of 20.0000Hz
[controller_server-4] [WARN] [1783058088.177397109] [controller_server]: Control loop missed its desired rate of 20.0000Hz
[controller_server-4] [WARN] [1783058088.275054512] [controller_server]: Control loop missed its desired rate of 20.0000Hz
[controller_server-4] [INFO] [1783058088.275293887] [controller_server]: Passing new path to controller.
[controller_server-4] [WARN] [1783058088.330673838] [controller_server]: Control loop missed its desired rate of 20.0000Hz
[controller_server-4] [WARN] [1783058088.376334623] [controller_server]: Control loop missed its desired rate of 20.0000Hz
[controller_server-4] [WARN] [1783058088.430925574] [controller_server]: Control loop missed its desired rate of 20.0000Hz
[controller_server-4] [WARN] [1783058088.488734107] [controller_server]: Control loop missed its desired rate of 20.0000Hz
[controller_server-4] [WARN] [1783058088.549161849] [controller_server]: Control loop missed its desired rate of 20.0000Hz
[controller_server-4] [WARN] [1783058088.598861217] [controller_server]: Control loop missed its desired rate of 20.0000Hz
[controller_server-4] [WARN] [1783058088.637707128] [controller_server]: Control loop missed its desired rate of 20.0000Hz
[controller_server-4] [WARN] [1783058088.673083499] [controller_server]: Control loop missed its desired rate of 20.0000Hz
[controller_server-4] [WARN] [1783058088.824080728] [controller_server]: Control loop missed its desired rate of 20.0000Hz
[controller_server-4] [INFO] [1783058089.273496874] [controller_server]: Passing new path to controller.
[controller_server-4] [WARN] [1783058089.423197603] [controller_server]: Control loop missed its desired rate of 20.0000Hz
[bt_navigator-8] [WARN] [1783058089.645628114] [BehaviorTreeEngine]: Behavior Tree tick rate 100.00 was exceeded!
[controller_server-4] [WARN] [1783058089.678083651] [controller_server]: Control loop missed its desired rate of 20.0000Hz
[controller_server-4] [WARN] [1783058089.779577304] [controller_server]: Control loop missed its desired rate of 20.0000Hz
[controller_server-4] [WARN] [1783058089.840351795] [controller_server]: Control loop missed its desired rate of 20.0000Hz
[controller_server-4] [WARN] [1783058089.874140124] [controller_server]: Control loop missed its desired rate of 20.0000Hz
[controller_server-4] [WARN] [1783058090.027467269] [controller_server]: Control loop missed its desired rate of 20.0000Hz
[controller_server-4] [WARN] [1783058090.196059288] [controller_server]: Control loop missed its desired rate of 20.0000Hz
[controller_server-4] [WARN] [1783058090.231484491] [controller_server]: Control loop missed its desired rate of 20.0000Hz
[bt_navigator-8] [WARN] [1783058090.292551857] [BehaviorTreeEngine]: Behavior Tree tick rate 100.00 was exceeded!
[controller_server-4] [INFO] [1783058090.372676430] [controller_server]: Passing new path to controller.
[controller_server-4] [WARN] [1783058090.481185331] [controller_server]: Control loop missed its desired rate of 20.0000Hz
[controller_server-4] [WARN] [1783058090.541857198] [controller_server]: Control loop missed its desired rate of 20.0000Hz
[controller_server-4] [WARN] [1783058090.599847648] [controller_server]: Control loop missed its desired rate of 20.0000Hz
[controller_server-4] [WARN] [1783058090.637242060] [controller_server]: Control loop missed its desired rate of 20.0000Hz
[controller_server-4] [WARN] [1783058090.675548638] [controller_server]: Control loop missed its desired rate of 20.0000Hz
[controller_server-4] [WARN] [1783058091.379171790] [controller_server]: Control loop missed its desired rate of 20.0000Hz
[controller_server-4] [INFO] [1783058091.422676659] [controller_server]: Passing new path to controller.
[controller_server-4] [WARN] [1783058091.580669804] [controller_server]: Control loop missed its desired rate of 20.0000Hz
[controller_server-4] [WARN] [1783058091.675208791] [controller_server]: Control loop missed its desired rate of 20.0000Hz
[controller_server-4] [WARN] [1783058091.884248428] [controller_server]: Control loop missed its desired rate of 20.0000Hz
[controller_server-4] [WARN] [1783058092.097575815] [controller_server]: Control loop missed its desired rate of 20.0000Hz
[controller_server-4] [WARN] [1783058092.149664516] [controller_server]: Control loop missed its desired rate of 20.0000Hz
[controller_server-4] [WARN] [1783058092.194638135] [controller_server]: Control loop missed its desired rate of 20.0000Hz
[controller_server-4] [WARN] [1783058092.242784004] [controller_server]: Control loop missed its desired rate of 20.0000Hz
[controller_server-4] [WARN] [1783058092.295655996] [controller_server]: Control loop missed its desired rate of 20.0000Hz
[controller_server-4] [WARN] [1783058092.336386407] [controller_server]: Control loop missed its desired rate of 20.0000Hz
[controller_server-4] [WARN] [1783058092.373670360] [controller_server]: Control loop missed its desired rate of 20.0000Hz
[controller_server-4] [INFO] [1783058092.472671430] [controller_server]: Passing new path to controller.
[controller_server-4] [WARN] [1783058092.788122594] [controller_server]: Control loop missed its desired rate of 20.0000Hz
[controller_server-4] [WARN] [1783058092.823986964] [controller_server]: Control loop missed its desired rate of 20.0000Hz
[controller_server-4] [WARN] [1783058092.975052193] [controller_server]: Control loop missed its desired rate of 20.0000Hz
[controller_server-4] [WARN] [1783058093.124269798] [controller_server]: Control loop missed its desired rate of 20.0000Hz
[controller_server-4] [INFO] [1783058093.522834659] [controller_server]: Passing new path to controller.
[controller_server-4] [WARN] [1783058093.598161773] [controller_server]: Control loop missed its desired rate of 20.0000Hz
[controller_server-4] [WARN] [1783058093.640560101] [controller_server]: Control loop missed its desired rate of 20.0000Hz
[controller_server-4] [WARN] [1783058093.693398802] [controller_server]: Control loop missed its desired rate of 20.0000Hz
[controller_server-4] [WARN] [1783058093.737712337] [controller_server]: Control loop missed its desired rate of 20.0000Hz
[controller_server-4] [WARN] [1783058093.785490956] [controller_server]: Control loop missed its desired rate of 20.0000Hz
[controller_server-4] [WARN] [1783058093.884280650] [controller_server]: Control loop missed its desired rate of 20.0000Hz
[controller_server-4] [WARN] [1783058093.940302643] [controller_server]: Control loop missed its desired rate of 20.0000Hz
[controller_server-4] [WARN] [1783058093.987335678] [controller_server]: Control loop missed its desired rate of 20.0000Hz
[controller_server-4] [WARN] [1783058094.034635588] [controller_server]: Control loop missed its desired rate of 20.0000Hz
[controller_server-4] [WARN] [1783058094.081435498] [controller_server]: Control loop missed its desired rate of 20.0000Hz
[controller_server-4] [WARN] [1783058094.281790845] [controller_server]: Control loop missed its desired rate of 20.0000Hz
[controller_server-4] [WARN] [1783058094.332903463] [controller_server]: Control loop missed its desired rate of 20.0000Hz
[controller_server-4] [WARN] [1783058094.386115247] [controller_server]: Control loop missed its desired rate of 20.0000Hz
[controller_server-4] [WARN] [1783058094.427270700] [controller_server]: Control loop missed its desired rate of 20.0000Hz
[controller_server-4] [INFO] [1783058094.522676687] [controller_server]: Passing new path to controller.
[controller_server-4] [WARN] [1783058094.591031635] [controller_server]: Control loop missed its desired rate of 20.0000Hz
[controller_server-4] [WARN] [1783058094.776799735] [controller_server]: Control loop missed its desired rate of 20.0000Hz
[controller_server-4] [WARN] [1783058095.080579984] [controller_server]: Control loop missed its desired rate of 20.0000Hz
[controller_server-4] [WARN] [1783058095.130665935] [controller_server]: Control loop missed its desired rate of 20.0000Hz
[controller_server-4] [WARN] [1783058095.275565332] [controller_server]: Control loop missed its desired rate of 20.0000Hz
[controller_server-4] [WARN] [1783058095.323504075] [controller_server]: Control loop missed its desired rate of 20.0000Hz
[controller_server-4] [WARN] [1783058095.374134526] [controller_server]: Control loop missed its desired rate of 20.0000Hz
[controller_server-4] [INFO] [1783058095.574493790] [controller_server]: Passing new path to controller.
[controller_server-4] [WARN] [1783058095.774594929] [controller_server]: Control loop missed its desired rate of 20.0000Hz
[bt_navigator-8] [WARN] [1783058096.042417558] [BehaviorTreeEngine]: Behavior Tree tick rate 100.00 was exceeded!
[bt_navigator-8] [WARN] [1783058096.082284553] [BehaviorTreeEngine]: Behavior Tree tick rate 100.00 was exceeded!
[bt_navigator-8] [WARN] [1783058096.162785250] [BehaviorTreeEngine]: Behavior Tree tick rate 100.00 was exceeded!
[controller_server-4] [WARN] [1783058096.173857707] [controller_server]: Control loop missed its desired rate of 20.0000Hz
[bt_navigator-8] [WARN] [1783058096.193491621] [BehaviorTreeEngine]: Behavior Tree tick rate 100.00 was exceeded!
[bt_navigator-8] [WARN] [1783058096.350437849] [BehaviorTreeEngine]: Behavior Tree tick rate 100.00 was exceeded!
[bt_navigator-8] [WARN] [1783058096.354501140] [BehaviorTreeEngine]: Behavior Tree tick rate 100.00 was exceeded!
[controller_server-4] [WARN] [1783058096.388809510] [controller_server]: Control loop missed its desired rate of 20.0000Hz
[controller_server-4] [WARN] [1783058096.554294529] [controller_server]: Control loop missed its desired rate of 20.0000Hz
[controller_server-4] [INFO] [1783058096.638917892] [controller_server]: Passing new path to controller.
[controller_server-4] [WARN] [1783058097.020731047] [controller_server]: Control loop missed its desired rate of 20.0000Hz
[controller_server-4] [WARN] [1783058097.107861993] [controller_server]: Control loop missed its desired rate of 20.0000Hz
[controller_server-4] [WARN] [1783058097.320995213] [controller_server]: Control loop missed its desired rate of 20.0000Hz
[controller_server-4] [WARN] [1783058097.388687412] [controller_server]: Control loop missed its desired rate of 20.0000Hz
[controller_server-4] [WARN] [1783058097.440213113] [controller_server]: Control loop missed its desired rate of 20.0000Hz
[controller_server-4] [WARN] [1783058097.490126523] [controller_server]: Control loop missed its desired rate of 20.0000Hz
[controller_server-4] [WARN] [1783058097.525816060] [controller_server]: Control loop missed its desired rate of 20.0000Hz
[controller_server-4] [WARN] [1783058097.580385510] [controller_server]: Control loop missed its desired rate of 20.0000Hz
[controller_server-4] [WARN] [1783058097.619119463] [controller_server]: Control loop missed its desired rate of 20.0000Hz
[controller_server-4] [WARN] [1783058097.670077540] [controller_server]: Control loop missed its desired rate of 20.0000Hz
[controller_server-4] [WARN] [1783058097.720572449] [controller_server]: Control loop missed its desired rate of 20.0000Hz
[controller_server-4] [INFO] [1783058097.720756783] [controller_server]: Passing new path to controller.
[controller_server-4] [WARN] [1783058097.758754236] [controller_server]: Control loop missed its desired rate of 20.0000Hz
[controller_server-4] [WARN] [1783058098.015005700] [controller_server]: Control loop missed its desired rate of 20.0000Hz
[controller_server-4] [WARN] [1783058098.511506255] [controller_server]: Control loop missed its desired rate of 20.0000Hz
[controller_server-4] [WARN] [1783058098.564245623] [controller_server]: Control loop missed its desired rate of 20.0000Hz
[controller_server-4] [INFO] [1783058098.757959513] [controller_server]: Passing new path to controller.
[controller_server-4] [WARN] [1783058098.909923491] [controller_server]: Control loop missed its desired rate of 20.0000Hz
[controller_server-4] [WARN] [1783058098.965546275] [controller_server]: Control loop missed its desired rate of 20.0000Hz
[controller_server-4] [WARN] [1783058099.470313038] [controller_server]: Control loop missed its desired rate of 20.0000Hz
[controller_server-4] [WARN] [1783058099.529816447] [controller_server]: Control loop missed its desired rate of 20.0000Hz
[controller_server-4] [WARN] [1783058099.579137023] [controller_server]: Control loop missed its desired rate of 20.0000Hz
[controller_server-4] [WARN] [1783058099.620004851] [controller_server]: Control loop missed its desired rate of 20.0000Hz
[controller_server-4] [WARN] [1783058099.674958718] [controller_server]: Control loop missed its desired rate of 20.0000Hz
[controller_server-4] [WARN] [1783058099.711223630] [controller_server]: Control loop missed its desired rate of 20.0000Hz
[controller_server-4] [WARN] [1783058099.760241498] [controller_server]: Control loop missed its desired rate of 20.0000Hz
[controller_server-4] [INFO] [1783058099.760473873] [controller_server]: Passing new path to controller.
[controller_server-4] [WARN] [1783058099.863225192] [controller_server]: Control loop missed its desired rate of 20.0000Hz
[controller_server-4] [WARN] [1783058099.912176726] [controller_server]: Control loop missed its desired rate of 20.0000Hz
[controller_server-4] [WARN] [1783058099.977403634] [controller_server]: Control loop missed its desired rate of 20.0000Hz
[controller_server-4] [WARN] [1783058100.018455628] [controller_server]: Control loop missed its desired rate of 20.0000Hz
[controller_server-4] [WARN] [1783058100.069913163] [controller_server]: Control loop missed its desired rate of 20.0000Hz
[bt_navigator-8] [WARN] [1783058100.077331162] [BehaviorTreeEngine]: Behavior Tree tick rate 100.00 was exceeded!
[controller_server-4] [WARN] [1783058100.112821073] [controller_server]: Control loop missed its desired rate of 20.0000Hz
[controller_server-4] [WARN] [1783058100.164408358] [controller_server]: Control loop missed its desired rate of 20.0000Hz
[controller_server-4] [WARN] [1783058100.314956587] [controller_server]: Control loop missed its desired rate of 20.0000Hz
[controller_server-4] [WARN] [1783058100.370727454] [controller_server]: Control loop missed its desired rate of 20.0000Hz
[controller_server-4] [WARN] [1783058100.455109900] [controller_server]: Control loop missed its desired rate of 20.0000Hz
[controller_server-4] [WARN] [1783058100.490970770] [controller_server]: Control loop missed its desired rate of 20.0000Hz
[controller_server-4] [WARN] [1783058100.518414392] [controller_server]: Control loop missed its desired rate of 20.0000Hz
[controller_server-4] [WARN] [1783058100.565878385] [controller_server]: Control loop missed its desired rate of 20.0000Hz
[bt_navigator-8] [WARN] [1783058100.638356333] [BehaviorTreeEngine]: Behavior Tree tick rate 100.00 was exceeded!
[bt_navigator-8] [WARN] [1783058100.645044499] [BehaviorTreeEngine]: Behavior Tree tick rate 100.00 was exceeded!
[controller_server-4] [WARN] [1783058100.661766622] [controller_server]: Control loop missed its desired rate of 20.0000Hz
[controller_server-4] [WARN] [1783058100.716327697] [controller_server]: Control loop missed its desired rate of 20.0000Hz
[controller_server-4] [WARN] [1783058100.761912441] [controller_server]: Control loop missed its desired rate of 20.0000Hz
[controller_server-4] [INFO] [1783058100.807951476] [controller_server]: Passing new path to controller.
[controller_server-4] [WARN] [1783058100.871121842] [controller_server]: Control loop missed its desired rate of 20.0000Hz
[controller_server-4] [WARN] [1783058100.965665537] [controller_server]: Control loop missed its desired rate of 20.0000Hz
[controller_server-4] [WARN] [1783058101.014121739] [controller_server]: Control loop missed its desired rate of 20.0000Hz
[controller_server-4] [WARN] [1783058101.118057558] [controller_server]: Control loop missed its desired rate of 20.0000Hz
[controller_server-4] [WARN] [1783058101.210234378] [controller_server]: Control loop missed its desired rate of 20.0000Hz
[controller_server-4] [WARN] [1783058101.611088030] [controller_server]: Control loop missed its desired rate of 20.0000Hz
[controller_server-4] [WARN] [1783058101.708220933] [controller_server]: Control loop missed its desired rate of 20.0000Hz
[bt_navigator-8] [WARN] [1783058101.795409713] [BehaviorTreeEngine]: Behavior Tree tick rate 100.00 was exceeded!
[controller_server-4] [INFO] [1783058101.859107496] [controller_server]: Passing new path to controller.
[controller_server-4] [WARN] [1783058102.216680737] [controller_server]: Control loop missed its desired rate of 20.0000Hz
[bt_navigator-8] [WARN] [1783058102.233898693] [BehaviorTreeEngine]: Behavior Tree tick rate 100.00 was exceeded!
[controller_server-4] [INFO] [1783058102.907978015] [controller_server]: Passing new path to controller.
[controller_server-4] [WARN] [1783058102.974438548] [controller_server]: Control loop missed its desired rate of 20.0000Hz
[controller_server-4] [WARN] [1783058103.023373082] [controller_server]: Control loop missed its desired rate of 20.0000Hz
[controller_server-4] [WARN] [1783058103.079337991] [controller_server]: Control loop missed its desired rate of 20.0000Hz
[controller_server-4] [WARN] [1783058103.132074567] [controller_server]: Control loop missed its desired rate of 20.0000Hz
[controller_server-4] [WARN] [1783058103.307923543] [controller_server]: Control loop missed its desired rate of 20.0000Hz
[controller_server-4] [INFO] [1783058103.907961250] [controller_server]: Passing new path to controller.
[controller_server-4] [WARN] [1783058103.962905659] [controller_server]: Control loop missed its desired rate of 20.0000Hz
[controller_server-4] [WARN] [1783058104.270516658] [controller_server]: Control loop missed its desired rate of 20.0000Hz
[controller_server-4] [WARN] [1783058104.911823526] [controller_server]: Control loop missed its desired rate of 20.0000Hz
[controller_server-4] [WARN] [1783058104.978198600] [controller_server]: Control loop missed its desired rate of 20.0000Hz
[controller_server-4] [INFO] [1783058104.978495016] [controller_server]: Passing new path to controller.
[controller_server-4] [WARN] [1783058105.028905593] [controller_server]: Control loop missed its desired rate of 20.0000Hz
[controller_server-4] [WARN] [1783058105.059459547] [controller_server]: Control loop missed its desired rate of 20.0000Hz
[controller_server-4] [WARN] [1783058105.758570490] [controller_server]: Control loop missed its desired rate of 20.0000Hz
[controller_server-4] [INFO] [1783058106.007984455] [controller_server]: Passing new path to controller.
[controller_server-4] [WARN] [1783058106.362029364] [controller_server]: Control loop missed its desired rate of 20.0000Hz
[controller_server-4] [WARN] [1783058106.462663641] [controller_server]: Control loop missed its desired rate of 20.0000Hz
[controller_server-4] [WARN] [1783058106.509595551] [controller_server]: Control loop missed its desired rate of 20.0000Hz
[bt_navigator-8] [WARN] [1783058106.734253603] [BehaviorTreeEngine]: Behavior Tree tick rate 100.00 was exceeded!
[controller_server-4] [WARN] [1783058106.777047222] [controller_server]: Control loop missed its desired rate of 20.0000Hz
[controller_server-4] [INFO] [1783058107.008018315] [controller_server]: Passing new path to controller.
[controller_server-4] [WARN] [1783058107.161740793] [controller_server]: Control loop missed its desired rate of 20.0000Hz
[controller_server-4] [WARN] [1783058107.211973994] [controller_server]: Control loop missed its desired rate of 20.0000Hz
[controller_server-4] [WARN] [1783058107.270906653] [controller_server]: Control loop missed its desired rate of 20.0000Hz
[controller_server-4] [WARN] [1783058107.313284688] [controller_server]: Control loop missed its desired rate of 20.0000Hz
[controller_server-4] [WARN] [1783058107.459646334] [controller_server]: Control loop missed its desired rate of 20.0000Hz
[bt_navigator-8] [WARN] [1783058107.463837459] [BehaviorTreeEngine]: Behavior Tree tick rate 100.00 was exceeded!
[controller_server-4] [WARN] [1783058107.709542632] [controller_server]: Control loop missed its desired rate of 20.0000Hz
[controller_server-4] [INFO] [1783058108.061447333] [controller_server]: Passing new path to controller.
[controller_server-4] [WARN] [1783058108.118777825] [controller_server]: Control loop missed its desired rate of 20.0000Hz
[controller_server-4] [WARN] [1783058108.165589693] [controller_server]: Control loop missed its desired rate of 20.0000Hz
[controller_server-4] [WARN] [1783058108.266314054] [controller_server]: Control loop missed its desired rate of 20.0000Hz
[controller_server-4] [WARN] [1783058108.359101541] [controller_server]: Control loop missed its desired rate of 20.0000Hz
[controller_server-4] [WARN] [1783058108.410834867] [controller_server]: Control loop missed its desired rate of 20.0000Hz
[controller_server-4] [INFO] [1783058109.108012519] [controller_server]: Passing new path to controller.
[controller_server-4] [WARN] [1783058110.064609134] [controller_server]: Control loop missed its desired rate of 20.0000Hz
[controller_server-4] [INFO] [1783058110.107960795] [controller_server]: Passing new path to controller.
[controller_server-4] [WARN] [1783058110.313419974] [controller_server]: Control loop missed its desired rate of 20.0000Hz
[controller_server-4] [WARN] [1783058110.464817953] [controller_server]: Control loop missed its desired rate of 20.0000Hz
[controller_server-4] [WARN] [1783058110.614913473] [controller_server]: Control loop missed its desired rate of 20.0000Hz
[controller_server-4] [WARN] [1783058110.658993050] [controller_server]: Control loop missed its desired rate of 20.0000Hz
[controller_server-4] [WARN] [1783058111.066299284] [controller_server]: Control loop missed its desired rate of 20.0000Hz
[controller_server-4] [WARN] [1783058111.118228860] [controller_server]: Control loop missed its desired rate of 20.0000Hz
[controller_server-4] [WARN] [1783058111.169536436] [controller_server]: Control loop missed its desired rate of 20.0000Hz
[controller_server-4] [WARN] [1783058111.224727095] [controller_server]: Control loop missed its desired rate of 20.0000Hz
[controller_server-4] [INFO] [1783058111.224965845] [controller_server]: Passing new path to controller.
[controller_server-4] [WARN] [1783058111.272677130] [controller_server]: Control loop missed its desired rate of 20.0000Hz
[controller_server-4] [WARN] [1783058111.344152120] [controller_server]: Control loop missed its desired rate of 20.0000Hz
[controller_server-4] [WARN] [1783058111.373835491] [controller_server]: Control loop missed its desired rate of 20.0000Hz
[controller_server-4] [WARN] [1783058111.437659399] [controller_server]: Control loop missed its desired rate of 20.0000Hz
[controller_server-4] [WARN] [1783058111.467348728] [controller_server]: Control loop missed its desired rate of 20.0000Hz
[controller_server-4] [WARN] [1783058111.516954471] [controller_server]: Control loop missed its desired rate of 20.0000Hz
[controller_server-4] [WARN] [1783058111.563213297] [controller_server]: Control loop missed its desired rate of 20.0000Hz
[bt_navigator-8] [WARN] [1783058111.644575453] [BehaviorTreeEngine]: Behavior Tree tick rate 100.00 was exceeded!
[controller_server-4] [WARN] [1783058111.682526614] [controller_server]: Control loop missed its desired rate of 20.0000Hz
[controller_server-4] [WARN] [1783058111.757707478] [controller_server]: Control loop missed its desired rate of 20.0000Hz
[controller_server-4] [WARN] [1783058111.817950803] [controller_server]: Control loop missed its desired rate of 20.0000Hz
[controller_server-4] [WARN] [1783058111.972960531] [controller_server]: Control loop missed its desired rate of 20.0000Hz
[controller_server-4] [WARN] [1783058112.019059108] [controller_server]: Control loop missed its desired rate of 20.0000Hz
[controller_server-4] [WARN] [1783058112.075616475] [controller_server]: Control loop missed its desired rate of 20.0000Hz
[controller_server-4] [WARN] [1783058112.172617586] [controller_server]: Control loop missed its desired rate of 20.0000Hz
[controller_server-4] [INFO] [1783058112.268057240] [controller_server]: Passing new path to controller.
[controller_server-4] [WARN] [1783058112.470566294] [controller_server]: Control loop missed its desired rate of 20.0000Hz
[controller_server-4] [WARN] [1783058112.772063918] [controller_server]: Control loop missed its desired rate of 20.0000Hz
[controller_server-4] [WARN] [1783058112.821414203] [controller_server]: Control loop missed its desired rate of 20.0000Hz
[controller_server-4] [WARN] [1783058112.879453278] [controller_server]: Control loop missed its desired rate of 20.0000Hz
[controller_server-4] [WARN] [1783058112.976380806] [controller_server]: Control loop missed its desired rate of 20.0000Hz
[controller_server-4] [WARN] [1783058113.073577167] [controller_server]: Control loop missed its desired rate of 20.0000Hz
[controller_server-4] [WARN] [1783058113.125275743] [controller_server]: Control loop missed its desired rate of 20.0000Hz
[controller_server-4] [INFO] [1783058113.318063841] [controller_server]: Passing new path to controller.
[controller_server-4] [WARN] [1783058114.137373850] [controller_server]: Control loop missed its desired rate of 20.0000Hz
[controller_server-4] [WARN] [1783058114.187796051] [controller_server]: Control loop missed its desired rate of 20.0000Hz
[controller_server-4] [WARN] [1783058114.238783919] [controller_server]: Control loop missed its desired rate of 20.0000Hz
[controller_server-4] [WARN] [1783058114.268052082] [controller_server]: Control loop missed its desired rate of 20.0000Hz
[controller_server-4] [INFO] [1783058114.318054950] [controller_server]: Passing new path to controller.
[controller_server-4] [WARN] [1783058114.473483011] [controller_server]: Control loop missed its desired rate of 20.0000Hz
[controller_server-4] [WARN] [1783058114.744405889] [controller_server]: Control loop missed its desired rate of 20.0000Hz
[controller_server-4] [WARN] [1783058114.792707632] [controller_server]: Control loop missed its desired rate of 20.0000Hz
[controller_server-4] [WARN] [1783058114.846755041] [controller_server]: Control loop missed its desired rate of 20.0000Hz
[controller_server-4] [WARN] [1783058114.898867492] [controller_server]: Control loop missed its desired rate of 20.0000Hz
[controller_server-4] [WARN] [1783058114.945686486] [controller_server]: Control loop missed its desired rate of 20.0000Hz
[controller_server-4] [WARN] [1783058114.997211937] [controller_server]: Control loop missed its desired rate of 20.0000Hz
[controller_server-4] [WARN] [1783058115.048198305] [controller_server]: Control loop missed its desired rate of 20.0000Hz
[controller_server-4] [WARN] [1783058115.084858424] [controller_server]: Control loop missed its desired rate of 20.0000Hz
[controller_server-4] [WARN] [1783058115.125124794] [controller_server]: Control loop missed its desired rate of 20.0000Hz
[controller_server-4] [WARN] [1783058115.172157162] [controller_server]: Control loop missed its desired rate of 20.0000Hz
[controller_server-4] [WARN] [1783058115.329832515] [controller_server]: Control loop missed its desired rate of 20.0000Hz
[controller_server-4] [WARN] [1783058115.372882842] [controller_server]: Control loop missed its desired rate of 20.0000Hz
[controller_server-4] [WARN] [1783058115.419605502] [controller_server]: Control loop missed its desired rate of 20.0000Hz
[controller_server-4] [INFO] [1783058115.423243418] [controller_server]: Passing new path to controller.
[controller_server-4] [WARN] [1783058115.483765868] [controller_server]: Control loop missed its desired rate of 20.0000Hz
[controller_server-4] [WARN] [1783058115.520260696] [controller_server]: Control loop missed its desired rate of 20.0000Hz
[controller_server-4] [WARN] [1783058115.668260675] [controller_server]: Control loop missed its desired rate of 20.0000Hz
[controller_server-4] [WARN] [1783058115.768394869] [controller_server]: Control loop missed its desired rate of 20.0000Hz
[controller_server-4] [WARN] [1783058115.878548104] [controller_server]: Control loop missed its desired rate of 20.0000Hz
[controller_server-4] [WARN] [1783058116.270557590] [controller_server]: Control loop missed its desired rate of 20.0000Hz
[controller_server-4] [WARN] [1783058116.379762657] [controller_server]: Control loop missed its desired rate of 20.0000Hz
[controller_server-4] [WARN] [1783058116.440411941] [controller_server]: Control loop missed its desired rate of 20.0000Hz
[controller_server-4] [INFO] [1783058116.440921190] [controller_server]: Passing new path to controller.
[controller_server-4] [WARN] [1783058116.481314643] [controller_server]: Control loop missed its desired rate of 20.0000Hz
[controller_server-4] [WARN] [1783058116.521738804] [controller_server]: Control loop missed its desired rate of 20.0000Hz
[controller_server-4] [WARN] [1783058116.948021327] [controller_server]: Control loop missed its desired rate of 20.0000Hz
[controller_server-4] [WARN] [1783058116.983701863] [controller_server]: Control loop missed its desired rate of 20.0000Hz
[controller_server-4] [WARN] [1783058117.472721002] [controller_server]: Control loop missed its desired rate of 20.0000Hz
[controller_server-4] [WARN] [1783058117.518634246] [controller_server]: Control loop missed its desired rate of 20.0000Hz
[controller_server-4] [INFO] [1783058117.518886163] [controller_server]: Passing new path to controller.
[controller_server-4] [WARN] [1783058117.770431460] [controller_server]: Control loop missed its desired rate of 20.0000Hz
[controller_server-4] [WARN] [1783058118.126381326] [controller_server]: Control loop missed its desired rate of 20.0000Hz
[controller_server-4] [WARN] [1783058118.382631623] [controller_server]: Control loop missed its desired rate of 20.0000Hz
[controller_server-4] [WARN] [1783058118.477136401] [controller_server]: Control loop missed its desired rate of 20.0000Hz
[controller_server-4] [INFO] [1783058118.518278521] [controller_server]: Passing new path to controller.
[controller_server-4] [WARN] [1783058118.778617650] [controller_server]: Control loop missed its desired rate of 20.0000Hz
[controller_server-4] [WARN] [1783058118.829156226] [controller_server]: Control loop missed its desired rate of 20.0000Hz
[controller_server-4] [WARN] [1783058118.974921456] [controller_server]: Control loop missed its desired rate of 20.0000Hz
[controller_server-4] [WARN] [1783058119.268145039] [controller_server]: Control loop missed its desired rate of 20.0000Hz
[controller_server-4] [INFO] [1783058119.568166413] [controller_server]: Passing new path to controller.
[controller_server-4] [WARN] [1783058119.835194500] [controller_server]: Control loop missed its desired rate of 20.0000Hz
[controller_server-4] [WARN] [1783058119.886336826] [controller_server]: Control loop missed its desired rate of 20.0000Hz
[controller_server-4] [WARN] [1783058119.918618447] [controller_server]: Control loop missed its desired rate of 20.0000Hz
[controller_server-4] [WARN] [1783058120.022350765] [controller_server]: Control loop missed its desired rate of 20.0000Hz
[controller_server-4] [WARN] [1783058120.175427743] [controller_server]: Control loop missed its desired rate of 20.0000Hz
[controller_server-4] [WARN] [1783058120.470038410] [controller_server]: Control loop missed its desired rate of 20.0000Hz
[controller_server-4] [INFO] [1783058120.618051847] [controller_server]: Passing new path to controller.
[controller_server-4] [WARN] [1783058120.668918673] [controller_server]: Control loop missed its desired rate of 20.0000Hz
[controller_server-4] [WARN] [1783058120.892114558] [controller_server]: Control loop missed its desired rate of 20.0000Hz
[controller_server-4] [WARN] [1783058120.932118261] [controller_server]: Control loop missed its desired rate of 20.0000Hz
[controller_server-4] [WARN] [1783058120.982378879] [controller_server]: Control loop missed its desired rate of 20.0000Hz
[controller_server-4] [WARN] [1783058121.028690705] [controller_server]: Control loop missed its desired rate of 20.0000Hz
[controller_server-4] [WARN] [1783058121.072214741] [controller_server]: Control loop missed its desired rate of 20.0000Hz
[controller_server-4] [WARN] [1783058121.368135782] [controller_server]: Control loop missed its desired rate of 20.0000Hz
[controller_server-4] [WARN] [1783058121.621785496] [controller_server]: Control loop missed its desired rate of 20.0000Hz
[controller_server-4] [WARN] [1783058121.671358114] [controller_server]: Control loop missed its desired rate of 20.0000Hz
[controller_server-4] [INFO] [1783058121.671610739] [controller_server]: Passing new path to controller.
[controller_server-4] [WARN] [1783058121.780416182] [controller_server]: Control loop missed its desired rate of 20.0000Hz
[controller_server-4] [WARN] [1783058121.824828384] [controller_server]: Control loop missed its desired rate of 20.0000Hz
[controller_server-4] [WARN] [1783058121.873166668] [controller_server]: Control loop missed its desired rate of 20.0000Hz
[controller_server-4] [WARN] [1783058121.968071946] [controller_server]: Control loop missed its desired rate of 20.0000Hz
[controller_server-4] [WARN] [1783058122.076028973] [controller_server]: Control loop missed its desired rate of 20.0000Hz
[controller_server-4] [INFO] [1783058122.718063298] [controller_server]: Passing new path to controller.
[controller_server-4] [WARN] [1783058122.991148551] [controller_server]: Control loop missed its desired rate of 20.0000Hz
[controller_server-4] [WARN] [1783058123.054804417] [controller_server]: Control loop missed its desired rate of 20.0000Hz
[controller_server-4] [WARN] [1783058123.090204787] [controller_server]: Control loop missed its desired rate of 20.0000Hz
[controller_server-4] [WARN] [1783058123.127720281] [controller_server]: Control loop missed its desired rate of 20.0000Hz
[controller_server-4] [WARN] [1783058123.172260733] [controller_server]: Control loop missed its desired rate of 20.0000Hz
[controller_server-4] [WARN] [1783058123.574371676] [controller_server]: Control loop missed its desired rate of 20.0000Hz
[controller_server-4] [WARN] [1783058123.673339245] [controller_server]: Control loop missed its desired rate of 20.0000Hz
[controller_server-4] [INFO] [1783058123.718063739] [controller_server]: Passing new path to controller.
[controller_server-4] [WARN] [1783058123.872442717] [controller_server]: Control loop missed its desired rate of 20.0000Hz
[controller_server-4] [WARN] [1783058123.922861126] [controller_server]: Control loop missed its desired rate of 20.0000Hz
[controller_server-4] [WARN] [1783058123.980714660] [controller_server]: Control loop missed its desired rate of 20.0000Hz
[controller_server-4] [WARN] [1783058124.042255817] [controller_server]: Control loop missed its desired rate of 20.0000Hz
[controller_server-4] [WARN] [1783058124.099294559] [controller_server]: Control loop missed its desired rate of 20.0000Hz
[controller_server-4] [WARN] [1783058124.130368888] [controller_server]: Control loop missed its desired rate of 20.0000Hz
[controller_server-4] [WARN] [1783058124.319056361] [controller_server]: Control loop missed its desired rate of 20.0000Hz
[controller_server-4] [WARN] [1783058124.470703506] [controller_server]: Control loop missed its desired rate of 20.0000Hz
[controller_server-4] [WARN] [1783058124.619855360] [controller_server]: Control loop missed its desired rate of 20.0000Hz
[controller_server-4] [WARN] [1783058124.668216186] [controller_server]: Control loop missed its desired rate of 20.0000Hz
[controller_server-4] [INFO] [1783058124.823451748] [controller_server]: Passing new path to controller.
[controller_server-4] [WARN] [1783058125.118386747] [controller_server]: Control loop missed its desired rate of 20.0000Hz
[controller_server-4] [WARN] [1783058125.281178557] [controller_server]: Control loop missed its desired rate of 20.0000Hz
[controller_server-4] [WARN] [1783058125.357927171] [controller_server]: Control loop missed its desired rate of 20.0000Hz
[controller_server-4] [WARN] [1783058125.409392330] [controller_server]: Control loop missed its desired rate of 20.0000Hz
[controller_server-4] [WARN] [1783058125.485733153] [controller_server]: Control loop missed its desired rate of 20.0000Hz
[controller_server-4] [INFO] [1783058125.835838770] [controller_server]: Passing new path to controller.
[controller_server-4] [WARN] [1783058125.945347629] [controller_server]: Control loop missed its desired rate of 20.0000Hz
[controller_server-4] [WARN] [1783058126.241480337] [controller_server]: Control loop missed its desired rate of 20.0000Hz
[controller_server-4] [WARN] [1783058126.298419037] [controller_server]: Control loop missed its desired rate of 20.0000Hz
[controller_server-4] [WARN] [1783058126.349738404] [controller_server]: Control loop missed its desired rate of 20.0000Hz
[controller_server-4] [WARN] [1783058126.411560729] [controller_server]: Control loop missed its desired rate of 20.0000Hz
[controller_server-4] [WARN] [1783058126.445181057] [controller_server]: Control loop missed its desired rate of 20.0000Hz
[controller_server-4] [INFO] [1783058126.835846043] [controller_server]: Passing new path to controller.
[controller_server-4] [WARN] [1783058126.942584278] [controller_server]: Control loop missed its desired rate of 20.0000Hz
[controller_server-4] [WARN] [1783058127.245513318] [controller_server]: Control loop missed its desired rate of 20.0000Hz
[controller_server-4] [WARN] [1783058127.297752894] [controller_server]: Control loop missed its desired rate of 20.0000Hz
[controller_server-4] [WARN] [1783058127.352947969] [controller_server]: Control loop missed its desired rate of 20.0000Hz
[controller_server-4] [WARN] [1783058127.389536756] [controller_server]: Control loop missed its desired rate of 20.0000Hz
[controller_server-4] [WARN] [1783058127.437014874] [controller_server]: Control loop missed its desired rate of 20.0000Hz
[controller_server-4] [INFO] [1783058127.885845310] [controller_server]: Passing new path to controller.
[controller_server-4] [WARN] [1783058128.194416474] [controller_server]: Control loop missed its desired rate of 20.0000Hz
[bt_navigator-8] [WARN] [1783058128.335730079] [BehaviorTreeEngine]: Behavior Tree tick rate 100.00 was exceeded!
[controller_server-4] [WARN] [1783058128.796211179] [controller_server]: Control loop missed its desired rate of 20.0000Hz
[controller_server-4] [WARN] [1783058128.840511423] [controller_server]: Control loop missed its desired rate of 20.0000Hz
[controller_server-4] [WARN] [1783058128.890602166] [controller_server]: Control loop missed its desired rate of 20.0000Hz
[controller_server-4] [INFO] [1783058128.891655291] [controller_server]: Passing new path to controller.
[controller_server-4] [WARN] [1783058128.991130151] [controller_server]: Control loop missed its desired rate of 20.0000Hz
[controller_server-4] [WARN] [1783058129.242417407] [controller_server]: Control loop missed its desired rate of 20.0000Hz
[controller_server-4] [WARN] [1783058129.337302893] [controller_server]: Control loop missed its desired rate of 20.0000Hz
[controller_server-4] [WARN] [1783058129.441445795] [controller_server]: Control loop missed its desired rate of 20.0000Hz
[controller_server-4] [WARN] [1783058129.487536788] [controller_server]: Control loop missed its desired rate of 20.0000Hz
[controller_server-4] [WARN] [1783058129.600230106] [controller_server]: Control loop missed its desired rate of 20.0000Hz
[controller_server-4] [WARN] [1783058129.679420511] [controller_server]: Control loop missed its desired rate of 20.0000Hz
[controller_server-4] [WARN] [1783058129.753533959] [controller_server]: Control loop missed its desired rate of 20.0000Hz
[controller_server-4] [WARN] [1783058129.997129465] [controller_server]: Control loop missed its desired rate of 20.0000Hz
[controller_server-4] [INFO] [1783058129.997346465] [controller_server]: Passing new path to controller.
[controller_server-4] [WARN] [1783058130.071221080] [controller_server]: Control loop missed its desired rate of 20.0000Hz
[controller_server-4] [WARN] [1783058130.775102562] [controller_server]: Control loop missed its desired rate of 20.0000Hz
[controller_server-4] [WARN] [1783058130.836944053] [controller_server]: Control loop missed its desired rate of 20.0000Hz
[controller_server-4] [WARN] [1783058130.884351546] [controller_server]: Control loop missed its desired rate of 20.0000Hz
[controller_server-4] [WARN] [1783058130.927379040] [controller_server]: Control loop missed its desired rate of 20.0000Hz
[controller_server-4] [INFO] [1783058130.971352659] [controller_server]: Passing new path to controller.
[controller_server-4] [WARN] [1783058131.594900861] [controller_server]: Control loop missed its desired rate of 20.0000Hz
[controller_server-4] [WARN] [1783058131.651030186] [controller_server]: Control loop missed its desired rate of 20.0000Hz
[controller_server-4] [WARN] [1783058131.721573843] [controller_server]: Control loop missed its desired rate of 20.0000Hz
[controller_server-4] [WARN] [1783058131.999756928] [controller_server]: Control loop missed its desired rate of 20.0000Hz
[controller_server-4] [WARN] [1783058132.028370049] [controller_server]: Control loop missed its desired rate of 20.0000Hz
[controller_server-4] [INFO] [1783058132.028589257] [controller_server]: Passing new path to controller.
[controller_server-4] [WARN] [1783058132.985052036] [controller_server]: Control loop missed its desired rate of 20.0000Hz
[controller_server-4] [WARN] [1783058133.040981820] [controller_server]: Control loop missed its desired rate of 20.0000Hz
[controller_server-4] [WARN] [1783058133.084134272] [controller_server]: Control loop missed its desired rate of 20.0000Hz
[controller_server-4] [INFO] [1783058133.084494939] [controller_server]: Passing new path to controller.
[controller_server-4] [WARN] [1783058133.123676808] [controller_server]: Control loop missed its desired rate of 20.0000Hz
[controller_server-4] [WARN] [1783058133.631005693] [controller_server]: Control loop missed its desired rate of 20.0000Hz
[controller_server-4] [WARN] [1783058133.724130930] [controller_server]: Control loop missed its desired rate of 20.0000Hz
[controller_server-4] [INFO] [1783058134.121905539] [controller_server]: Passing new path to controller.
[controller_server-4] [WARN] [1783058134.722079495] [controller_server]: Control loop missed its desired rate of 20.0000Hz
[controller_server-4] [WARN] [1783058134.775232612] [controller_server]: Control loop missed its desired rate of 20.0000Hz
[controller_server-4] [WARN] [1783058135.072569903] [controller_server]: Control loop missed its desired rate of 20.0000Hz
[controller_server-4] [INFO] [1783058135.171674430] [controller_server]: Passing new path to controller.
[controller_server-4] [WARN] [1783058135.323248658] [controller_server]: Control loop missed its desired rate of 20.0000Hz
[controller_server-4] [WARN] [1783058135.379873775] [controller_server]: Control loop missed its desired rate of 20.0000Hz
[controller_server-4] [WARN] [1783058135.434792434] [controller_server]: Control loop missed its desired rate of 20.0000Hz
[controller_server-4] [WARN] [1783058135.477656469] [controller_server]: Control loop missed its desired rate of 20.0000Hz
[controller_server-4] [WARN] [1783058135.773831635] [controller_server]: Control loop missed its desired rate of 20.0000Hz
[controller_server-4] [WARN] [1783058135.824986336] [controller_server]: Control loop missed its desired rate of 20.0000Hz
[controller_server-4] [WARN] [1783058135.901246867] [controller_server]: Control loop missed its desired rate of 20.0000Hz
[controller_server-4] [WARN] [1783058135.944447694] [controller_server]: Control loop missed its desired rate of 20.0000Hz
[controller_server-4] [WARN] [1783058136.182835784] [controller_server]: Control loop missed its desired rate of 20.0000Hz
[controller_server-4] [INFO] [1783058136.183148784] [controller_server]: Passing new path to controller.
[controller_server-4] [WARN] [1783058136.238948860] [controller_server]: Control loop missed its desired rate of 20.0000Hz
[controller_server-4] [WARN] [1783058136.272113646] [controller_server]: Control loop missed its desired rate of 20.0000Hz
[controller_server-4] [WARN] [1783058136.671750589] [controller_server]: Control loop missed its desired rate of 20.0000Hz
[controller_server-4] [WARN] [1783058136.875357559] [controller_server]: Control loop missed its desired rate of 20.0000Hz
[controller_server-4] [WARN] [1783058137.235599341] [controller_server]: Control loop missed its desired rate of 20.0000Hz
[controller_server-4] [INFO] [1783058137.239575674] [controller_server]: Passing new path to controller.
[controller_server-4] [WARN] [1783058137.273434752] [controller_server]: Control loop missed its desired rate of 20.0000Hz
[controller_server-4] [WARN] [1783058137.477379014] [controller_server]: Control loop missed its desired rate of 20.0000Hz
[controller_server-4] [INFO] [1783058138.271675400] [controller_server]: Passing new path to controller.
[controller_server-4] [WARN] [1783058138.828050111] [controller_server]: Control loop missed its desired rate of 20.0000Hz
[controller_server-4] [WARN] [1783058139.124720068] [controller_server]: Control loop missed its desired rate of 20.0000Hz
[controller_server-4] [WARN] [1783058139.173796769] [controller_server]: Control loop missed its desired rate of 20.0000Hz
[controller_server-4] [WARN] [1783058139.322909039] [controller_server]: Control loop missed its desired rate of 20.0000Hz
[controller_server-4] [INFO] [1783058139.323346039] [controller_server]: Passing new path to controller.
[controller_server-4] [INFO] [1783058139.372097449] [controller_server]: Reached the goal!
[bt_navigator-8] [INFO] [1783058139.416910067] [bt_navigator]: Goal succeeded
[bt_navigator-8] [INFO] [1783058172.035520791] [bt_navigator]: Begin navigating from current location (2.54, 0.79) to (0.34, -1.36)
[bt_navigator-8] [WARN] [1783058172.091748033] [BehaviorTreeEngine]: Behavior Tree tick rate 100.00 was exceeded!
[bt_navigator-8] [WARN] [1783058172.103809656] [BehaviorTreeEngine]: Behavior Tree tick rate 100.00 was exceeded!
[controller_server-4] [INFO] [1783058172.107684822] [controller_server]: Received a goal, begin computing control effort.
[controller_server-4] [WARN] [1783058172.177794062] [controller_server]: Control loop missed its desired rate of 20.0000Hz
[controller_server-4] [WARN] [1783058172.223123097] [controller_server]: Control loop missed its desired rate of 20.0000Hz
[controller_server-4] [WARN] [1783058172.314176375] [controller_server]: Control loop missed its desired rate of 20.0000Hz
[controller_server-4] [INFO] [1783058173.162947332] [controller_server]: Passing new path to controller.
[controller_server-4] [WARN] [1783058173.225975865] [controller_server]: Control loop missed its desired rate of 20.0000Hz
[controller_server-4] [WARN] [1783058173.276812441] [controller_server]: Control loop missed its desired rate of 20.0000Hz
[controller_server-4] [WARN] [1783058173.341467098] [controller_server]: Control loop missed its desired rate of 20.0000Hz
[controller_server-4] [WARN] [1783058173.414902420] [controller_server]: Control loop missed its desired rate of 20.0000Hz
[controller_server-4] [WARN] [1783058173.730639457] [controller_server]: Control loop missed its desired rate of 20.0000Hz
[controller_server-4] [WARN] [1783058173.787147781] [controller_server]: Control loop missed its desired rate of 20.0000Hz
[controller_server-4] [WARN] [1783058173.855849563] [controller_server]: Control loop missed its desired rate of 20.0000Hz
[controller_server-4] [WARN] [1783058173.900434306] [controller_server]: Control loop missed its desired rate of 20.0000Hz
[controller_server-4] [WARN] [1783058173.955395048] [controller_server]: Control loop missed its desired rate of 20.0000Hz
[controller_server-4] [WARN] [1783058174.003217833] [controller_server]: Control loop missed its desired rate of 20.0000Hz
[controller_server-4] [WARN] [1783058174.053070659] [controller_server]: Control loop missed its desired rate of 20.0000Hz
[controller_server-4] [WARN] [1783058174.108284609] [controller_server]: Control loop missed its desired rate of 20.0000Hz
[controller_server-4] [WARN] [1783058174.152862394] [controller_server]: Control loop missed its desired rate of 20.0000Hz
[controller_server-4] [WARN] [1783058174.195037096] [controller_server]: Control loop missed its desired rate of 20.0000Hz
[controller_server-4] [INFO] [1783058174.197318762] [controller_server]: Passing new path to controller.
[controller_server-4] [WARN] [1783058174.249823921] [controller_server]: Control loop missed its desired rate of 20.0000Hz
[controller_server-4] [WARN] [1783058174.298328372] [controller_server]: Control loop missed its desired rate of 20.0000Hz
[controller_server-4] [WARN] [1783058174.354358906] [controller_server]: Control loop missed its desired rate of 20.0000Hz
[controller_server-4] [WARN] [1783058174.410371397] [controller_server]: Control loop missed its desired rate of 20.0000Hz
[controller_server-4] [WARN] [1783058174.454006557] [controller_server]: Control loop missed its desired rate of 20.0000Hz
[controller_server-4] [WARN] [1783058174.508352758] [controller_server]: Control loop missed its desired rate of 20.0000Hz
[controller_server-4] [WARN] [1783058174.568998082] [controller_server]: Control loop missed its desired rate of 20.0000Hz
[controller_server-4] [WARN] [1783058174.978669563] [controller_server]: Control loop missed its desired rate of 20.0000Hz
[controller_server-4] [WARN] [1783058175.038980721] [controller_server]: Control loop missed its desired rate of 20.0000Hz
[controller_server-4] [WARN] [1783058175.099925753] [controller_server]: Control loop missed its desired rate of 20.0000Hz
[controller_server-4] [WARN] [1783058175.135799998] [controller_server]: Control loop missed its desired rate of 20.0000Hz
[controller_server-4] [WARN] [1783058175.173548117] [controller_server]: Control loop missed its desired rate of 20.0000Hz
[controller_server-4] [WARN] [1783058175.234341275] [controller_server]: Control loop missed its desired rate of 20.0000Hz
[controller_server-4] [INFO] [1783058175.237541983] [controller_server]: Passing new path to controller.
[bt_navigator-8] [WARN] [1783058175.240928690] [BehaviorTreeEngine]: Behavior Tree tick rate 100.00 was exceeded!
[controller_server-4] [WARN] [1783058175.295711599] [controller_server]: Control loop missed its desired rate of 20.0000Hz
[controller_server-4] [WARN] [1783058175.343636134] [controller_server]: Control loop missed its desired rate of 20.0000Hz
[controller_server-4] [WARN] [1783058175.412097290] [controller_server]: Control loop missed its desired rate of 20.0000Hz
[controller_server-4] [WARN] [1783058175.491595070] [controller_server]: Control loop missed its desired rate of 20.0000Hz
[controller_server-4] [WARN] [1783058176.007836285] [controller_server]: Control loop missed its desired rate of 20.0000Hz
[controller_server-4] [WARN] [1783058176.072249317] [controller_server]: Control loop missed its desired rate of 20.0000Hz
[controller_server-4] [WARN] [1783058176.112169228] [controller_server]: Control loop missed its desired rate of 20.0000Hz
[controller_server-4] [WARN] [1783058176.159399887] [controller_server]: Control loop missed its desired rate of 20.0000Hz
[controller_server-4] [WARN] [1783058176.212645088] [controller_server]: Control loop missed its desired rate of 20.0000Hz
[controller_server-4] [WARN] [1783058176.282594327] [controller_server]: Control loop missed its desired rate of 20.0000Hz
[controller_server-4] [INFO] [1783058176.284283744] [controller_server]: Passing new path to controller.
[controller_server-4] [WARN] [1783058176.317740905] [controller_server]: Control loop missed its desired rate of 20.0000Hz
[bt_navigator-8] [WARN] [1783058176.330797987] [BehaviorTreeEngine]: Behavior Tree tick rate 100.00 was exceeded!
[controller_server-4] [WARN] [1783058176.352222775] [controller_server]: Control loop missed its desired rate of 20.0000Hz
[bt_navigator-8] [WARN] [1783058176.413034766] [BehaviorTreeEngine]: Behavior Tree tick rate 100.00 was exceeded!
[controller_server-4] [WARN] [1783058176.693455724] [controller_server]: Control loop missed its desired rate of 20.0000Hz
[controller_server-4] [WARN] [1783058176.745322425] [controller_server]: Control loop missed its desired rate of 20.0000Hz
[controller_server-4] [WARN] [1783058176.791818918] [controller_server]: Control loop missed its desired rate of 20.0000Hz
[controller_server-4] [WARN] [1783058177.244207101] [controller_server]: Control loop missed its desired rate of 20.0000Hz
[controller_server-4] [INFO] [1783058177.344660961] [controller_server]: Passing new path to controller.
[controller_server-4] [WARN] [1783058177.492969980] [controller_server]: Control loop missed its desired rate of 20.0000Hz
[controller_server-4] [WARN] [1783058177.756976733] [controller_server]: Control loop missed its desired rate of 20.0000Hz
[controller_server-4] [WARN] [1783058177.816396099] [controller_server]: Control loop missed its desired rate of 20.0000Hz
[controller_server-4] [WARN] [1783058177.874330049] [controller_server]: Control loop missed its desired rate of 20.0000Hz
[controller_server-4] [WARN] [1783058177.906162877] [controller_server]: Control loop missed its desired rate of 20.0000Hz
[controller_server-4] [WARN] [1783058177.946761871] [controller_server]: Control loop missed its desired rate of 20.0000Hz
[controller_server-4] [WARN] [1783058178.001252238] [controller_server]: Control loop missed its desired rate of 20.0000Hz
[bt_navigator-8] [WARN] [1783058178.161279089] [BehaviorTreeEngine]: Behavior Tree tick rate 100.00 was exceeded!
[planner_server-6] [ERROR] [1783058178.361016601] [planner_server]: Failed to create a plan from potential when a legal potential was found. This shouldn't happen.
[planner_server-6] [WARN] [1783058178.362864643] [planner_server]: GridBased: failed to create plan with tolerance 0.50.
[planner_server-6] [WARN] [1783058178.363594101] [planner_server]: Planning algorithm GridBased failed to generate a valid path to (0.34, -1.36)
[planner_server-6] [WARN] [1783058178.363694976] [planner_server]: [compute_path_to_pose] [ActionServer] Aborting handle.
[planner_server-6] [INFO] [1783058178.381775890] [global_costmap.global_costmap]: Received request to clear entirely the global_costmap
[bt_navigator-8] [WARN] [1783058178.391840888] [BehaviorTreeEngine]: Behavior Tree tick rate 100.00 was exceeded!
[controller_server-4] [WARN] [1783058178.416822426] [controller_server]: Control loop missed its desired rate of 20.0000Hz
[controller_server-4] [WARN] [1783058178.460998378] [controller_server]: Control loop missed its desired rate of 20.0000Hz
[controller_server-4] [WARN] [1783058178.491999248] [controller_server]: Control loop missed its desired rate of 20.0000Hz
[controller_server-4] [WARN] [1783058178.798917994] [controller_server]: Control loop missed its desired rate of 20.0000Hz
[planner_server-6] [WARN] [1783058178.808581701] [planner_server]: Planner loop missed its desired rate of 20.0000 Hz. Current loop rate is 2.4145 Hz
[controller_server-4] [INFO] [1783058178.842615571] [controller_server]: Passing new path to controller.
[controller_server-4] [WARN] [1783058178.893505563] [controller_server]: Control loop missed its desired rate of 20.0000Hz
[controller_server-4] [WARN] [1783058178.998444756] [controller_server]: Control loop missed its desired rate of 20.0000Hz
[controller_server-4] [WARN] [1783058179.864388127] [controller_server]: Control loop missed its desired rate of 20.0000Hz
[controller_server-4] [WARN] [1783058179.900733413] [controller_server]: Control loop missed its desired rate of 20.0000Hz
[controller_server-4] [INFO] [1783058179.901012872] [controller_server]: Passing new path to controller.
[controller_server-4] [WARN] [1783058180.497635449] [controller_server]: Control loop missed its desired rate of 20.0000Hz
[controller_server-4] [WARN] [1783058180.545408150] [controller_server]: Control loop missed its desired rate of 20.0000Hz
[controller_server-4] [WARN] [1783058180.598219059] [controller_server]: Control loop missed its desired rate of 20.0000Hz
[controller_server-4] [WARN] [1783058180.650996301] [controller_server]: Control loop missed its desired rate of 20.0000Hz
[controller_server-4] [WARN] [1783058180.702011210] [controller_server]: Control loop missed its desired rate of 20.0000Hz
[controller_server-4] [INFO] [1783058180.941748300] [controller_server]: Passing new path to controller.
[controller_server-4] [WARN] [1783058181.202917927] [controller_server]: Control loop missed its desired rate of 20.0000Hz
[controller_server-4] [WARN] [1783058181.264983876] [controller_server]: Control loop missed its desired rate of 20.0000Hz
[controller_server-4] [WARN] [1783058181.315721285] [controller_server]: Control loop missed its desired rate of 20.0000Hz
[controller_server-4] [WARN] [1783058181.358305487] [controller_server]: Control loop missed its desired rate of 20.0000Hz
[controller_server-4] [WARN] [1783058181.406032939] [controller_server]: Control loop missed its desired rate of 20.0000Hz
[controller_server-4] [WARN] [1783058181.443712475] [controller_server]: Control loop missed its desired rate of 20.0000Hz
[controller_server-4] [WARN] [1783058181.507600007] [controller_server]: Control loop missed its desired rate of 20.0000Hz
[controller_server-4] [WARN] [1783058181.551233750] [controller_server]: Control loop missed its desired rate of 20.0000Hz
[controller_server-4] [WARN] [1783058181.694708770] [controller_server]: Control loop missed its desired rate of 20.0000Hz
[controller_server-4] [WARN] [1783058181.747840471] [controller_server]: Control loop missed its desired rate of 20.0000Hz
[controller_server-4] [WARN] [1783058181.799784755] [controller_server]: Control loop missed its desired rate of 20.0000Hz
[controller_server-4] [WARN] [1783058181.847537373] [controller_server]: Control loop missed its desired rate of 20.0000Hz
[controller_server-4] [WARN] [1783058181.895822782] [controller_server]: Control loop missed its desired rate of 20.0000Hz
[controller_server-4] [WARN] [1783058181.982209436] [controller_server]: Control loop missed its desired rate of 20.0000Hz
[controller_server-4] [INFO] [1783058181.982510686] [controller_server]: Passing new path to controller.
[controller_server-4] [WARN] [1783058182.010112932] [controller_server]: Control loop missed its desired rate of 20.0000Hz
[controller_server-4] [WARN] [1783058182.046956426] [controller_server]: Control loop missed its desired rate of 20.0000Hz
[controller_server-4] [WARN] [1783058182.095296169] [controller_server]: Control loop missed its desired rate of 20.0000Hz
[controller_server-4] [WARN] [1783058182.448051533] [controller_server]: Control loop missed its desired rate of 20.0000Hz
[controller_server-4] [WARN] [1783058182.497497192] [controller_server]: Control loop missed its desired rate of 20.0000Hz
[controller_server-4] [WARN] [1783058182.548017601] [controller_server]: Control loop missed its desired rate of 20.0000Hz
[controller_server-4] [WARN] [1783058182.795290356] [controller_server]: Control loop missed its desired rate of 20.0000Hz
[controller_server-4] [WARN] [1783058182.955876332] [controller_server]: Control loop missed its desired rate of 20.0000Hz
[controller_server-4] [WARN] [1783058182.994126910] [controller_server]: Control loop missed its desired rate of 20.0000Hz
[controller_server-4] [INFO] [1783058183.041697611] [controller_server]: Passing new path to controller.
[controller_server-4] [WARN] [1783058183.144651762] [controller_server]: Control loop missed its desired rate of 20.0000Hz
[controller_server-4] [WARN] [1783058183.295560864] [controller_server]: Control loop missed its desired rate of 20.0000Hz
[controller_server-4] [WARN] [1783058183.457064424] [controller_server]: Control loop missed its desired rate of 20.0000Hz
[controller_server-4] [WARN] [1783058183.503310750] [controller_server]: Control loop missed its desired rate of 20.0000Hz
[controller_server-4] [WARN] [1783058183.550846951] [controller_server]: Control loop missed its desired rate of 20.0000Hz
[controller_server-4] [INFO] [1783058184.091714495] [controller_server]: Passing new path to controller.
[controller_server-4] [WARN] [1783058184.242076431] [controller_server]: Control loop missed its desired rate of 20.0000Hz
[controller_server-4] [WARN] [1783058184.297977173] [controller_server]: Control loop missed its desired rate of 20.0000Hz
[controller_server-4] [WARN] [1783058185.114336551] [controller_server]: Control loop missed its desired rate of 20.0000Hz
[controller_server-4] [INFO] [1783058185.114671467] [controller_server]: Passing new path to controller.
[controller_server-4] [WARN] [1783058185.160214835] [controller_server]: Control loop missed its desired rate of 20.0000Hz
[controller_server-4] [WARN] [1783058185.215767494] [controller_server]: Control loop missed its desired rate of 20.0000Hz
[controller_server-4] [WARN] [1783058185.243454281] [controller_server]: Control loop missed its desired rate of 20.0000Hz
[controller_server-4] [WARN] [1783058185.441773293] [controller_server]: Control loop missed its desired rate of 20.0000Hz
[controller_server-4] [WARN] [1783058185.645756513] [controller_server]: Control loop missed its desired rate of 20.0000Hz
[controller_server-4] [WARN] [1783058185.745466581] [controller_server]: Control loop missed its desired rate of 20.0000Hz
[controller_server-4] [WARN] [1783058185.847175566] [controller_server]: Control loop missed its desired rate of 20.0000Hz
[controller_server-4] [WARN] [1783058185.902994891] [controller_server]: Control loop missed its desired rate of 20.0000Hz
[controller_server-4] [INFO] [1783058186.141856522] [controller_server]: Passing new path to controller.
[controller_server-4] [WARN] [1783058186.298093540] [controller_server]: Control loop missed its desired rate of 20.0000Hz
[controller_server-4] [WARN] [1783058186.955799900] [controller_server]: Control loop missed its desired rate of 20.0000Hz
[controller_server-4] [WARN] [1783058187.045127011] [controller_server]: Control loop missed its desired rate of 20.0000Hz
[controller_server-4] [WARN] [1783058187.145219788] [controller_server]: Control loop missed its desired rate of 20.0000Hz
[controller_server-4] [INFO] [1783058187.194873155] [controller_server]: Passing new path to controller.
[bt_navigator-8] [WARN] [1783058187.413284623] [BehaviorTreeEngine]: Behavior Tree tick rate 100.00 was exceeded!
[controller_server-4] [WARN] [1783058188.044235111] [controller_server]: Control loop missed its desired rate of 20.0000Hz
[bt_navigator-8] [WARN] [1783058188.187681173] [BehaviorTreeEngine]: Behavior Tree tick rate 100.00 was exceeded!
[bt_navigator-8] [WARN] [1783058188.196598422] [BehaviorTreeEngine]: Behavior Tree tick rate 100.00 was exceeded!
[bt_navigator-8] [WARN] [1783058188.204478171] [BehaviorTreeEngine]: Behavior Tree tick rate 100.00 was exceeded!
[controller_server-4] [WARN] [1783058188.208787295] [controller_server]: Control loop missed its desired rate of 20.0000Hz
[controller_server-4] [INFO] [1783058188.209074545] [controller_server]: Passing new path to controller.
[controller_server-4] [WARN] [1783058188.248229456] [controller_server]: Control loop missed its desired rate of 20.0000Hz
[controller_server-4] [WARN] [1783058188.417109764] [controller_server]: Control loop missed its desired rate of 20.0000Hz
[controller_server-4] [WARN] [1783058188.497810085] [controller_server]: Control loop missed its desired rate of 20.0000Hz
[controller_server-4] [WARN] [1783058188.700282013] [controller_server]: Control loop missed its desired rate of 20.0000Hz
[bt_navigator-8] [WARN] [1783058189.211648561] [BehaviorTreeEngine]: Behavior Tree tick rate 100.00 was exceeded!
[controller_server-4] [INFO] [1783058189.247952056] [controller_server]: Passing new path to controller.
[controller_server-4] [WARN] [1783058189.302600089] [controller_server]: Control loop missed its desired rate of 20.0000Hz
[controller_server-4] [WARN] [1783058189.354025331] [controller_server]: Control loop missed its desired rate of 20.0000Hz
[controller_server-4] [WARN] [1783058189.898213333] [controller_server]: Control loop missed its desired rate of 20.0000Hz
[controller_server-4] [INFO] [1783058190.302393105] [controller_server]: Passing new path to controller.
[controller_server-4] [WARN] [1783058190.362999096] [controller_server]: Control loop missed its desired rate of 20.0000Hz
[controller_server-4] [WARN] [1783058190.415732630] [controller_server]: Control loop missed its desired rate of 20.0000Hz
[controller_server-4] [WARN] [1783058190.453050749] [controller_server]: Control loop missed its desired rate of 20.0000Hz
[controller_server-4] [WARN] [1783058190.653661428] [controller_server]: Control loop missed its desired rate of 20.0000Hz
[controller_server-4] [WARN] [1783058190.701505712] [controller_server]: Control loop missed its desired rate of 20.0000Hz
[controller_server-4] [WARN] [1783058190.750231455] [controller_server]: Control loop missed its desired rate of 20.0000Hz
[controller_server-4] [WARN] [1783058190.807954154] [controller_server]: Control loop missed its desired rate of 20.0000Hz
[controller_server-4] [WARN] [1783058190.950681591] [controller_server]: Control loop missed its desired rate of 20.0000Hz
[controller_server-4] [WARN] [1783058191.012554332] [controller_server]: Control loop missed its desired rate of 20.0000Hz
[controller_server-4] [WARN] [1783058191.066704366] [controller_server]: Control loop missed its desired rate of 20.0000Hz
[controller_server-4] [WARN] [1783058191.103001068] [controller_server]: Control loop missed its desired rate of 20.0000Hz
[controller_server-4] [INFO] [1783058191.347985823] [controller_server]: Passing new path to controller.
[controller_server-4] [WARN] [1783058191.498492176] [controller_server]: Control loop missed its desired rate of 20.0000Hz
[controller_server-4] [WARN] [1783058191.605153826] [controller_server]: Control loop missed its desired rate of 20.0000Hz
[controller_server-4] [WARN] [1783058191.655595152] [controller_server]: Control loop missed its desired rate of 20.0000Hz
[controller_server-4] [INFO] [1783058192.398199665] [controller_server]: Passing new path to controller.
[controller_server-4] [WARN] [1783058192.451575532] [controller_server]: Control loop missed its desired rate of 20.0000Hz
[controller_server-4] [WARN] [1783058192.499945941] [controller_server]: Control loop missed its desired rate of 20.0000Hz
[controller_server-4] [INFO] [1783058193.397911306] [controller_server]: Passing new path to controller.
[controller_server-4] [WARN] [1783058193.748271545] [controller_server]: Control loop missed its desired rate of 20.0000Hz
[controller_server-4] [WARN] [1783058193.822243201] [controller_server]: Control loop missed its desired rate of 20.0000Hz
[controller_server-4] [WARN] [1783058193.864965403] [controller_server]: Control loop missed its desired rate of 20.0000Hz
[controller_server-4] [WARN] [1783058193.914826520] [controller_server]: Control loop missed its desired rate of 20.0000Hz
[controller_server-4] [WARN] [1783058194.099715992] [controller_server]: Control loop missed its desired rate of 20.0000Hz
[controller_server-4] [WARN] [1783058194.354038704] [controller_server]: Control loop missed its desired rate of 20.0000Hz
[controller_server-4] [INFO] [1783058194.447915023] [controller_server]: Passing new path to controller.
[controller_server-4] [WARN] [1783058194.498207974] [controller_server]: Control loop missed its desired rate of 20.0000Hz
[controller_server-4] [WARN] [1783058194.618897289] [controller_server]: Control loop missed its desired rate of 20.0000Hz
[controller_server-4] [WARN] [1783058194.657018158] [controller_server]: Control loop missed its desired rate of 20.0000Hz
[controller_server-4] [WARN] [1783058194.863048919] [controller_server]: Control loop missed its desired rate of 20.0000Hz
[controller_server-4] [WARN] [1783058194.921485035] [controller_server]: Control loop missed its desired rate of 20.0000Hz
[controller_server-4] [WARN] [1783058195.000195940] [controller_server]: Control loop missed its desired rate of 20.0000Hz
[controller_server-4] [WARN] [1783058195.220333573] [controller_server]: Control loop missed its desired rate of 20.0000Hz
[controller_server-4] [WARN] [1783058195.286444105] [controller_server]: Control loop missed its desired rate of 20.0000Hz
[controller_server-4] [WARN] [1783058195.357318427] [controller_server]: Control loop missed its desired rate of 20.0000Hz
[bt_navigator-8] [WARN] [1783058195.400951504] [BehaviorTreeEngine]: Behavior Tree tick rate 100.00 was exceeded!
[controller_server-4] [WARN] [1783058195.515227820] [controller_server]: Control loop missed its desired rate of 20.0000Hz
[controller_server-4] [INFO] [1783058195.517028695] [controller_server]: Passing new path to controller.
[controller_server-4] [WARN] [1783058195.560119022] [controller_server]: Control loop missed its desired rate of 20.0000Hz
[controller_server-4] [WARN] [1783058195.858446018] [controller_server]: Control loop missed its desired rate of 20.0000Hz
[controller_server-4] [WARN] [1783058196.008364079] [controller_server]: Control loop missed its desired rate of 20.0000Hz
[controller_server-4] [WARN] [1783058196.317333991] [controller_server]: Control loop missed its desired rate of 20.0000Hz
[controller_server-4] [INFO] [1783058196.557439705] [controller_server]: Passing new path to controller.
[controller_server-4] [WARN] [1783058196.817735915] [controller_server]: Control loop missed its desired rate of 20.0000Hz
[controller_server-4] [WARN] [1783058196.860538159] [controller_server]: Control loop missed its desired rate of 20.0000Hz
[controller_server-4] [WARN] [1783058197.173722736] [controller_server]: Control loop missed its desired rate of 20.0000Hz
[controller_server-4] [WARN] [1783058197.210851814] [controller_server]: Control loop missed its desired rate of 20.0000Hz
[controller_server-4] [WARN] [1783058197.311018007] [controller_server]: Control loop missed its desired rate of 20.0000Hz
[controller_server-4] [WARN] [1783058197.509563352] [controller_server]: Control loop missed its desired rate of 20.0000Hz
[controller_server-4] [INFO] [1783058197.557503803] [controller_server]: Passing new path to controller.
[controller_server-4] [WARN] [1783058197.709570156] [controller_server]: Control loop missed its desired rate of 20.0000Hz
[controller_server-4] [WARN] [1783058198.212153413] [controller_server]: Control loop missed its desired rate of 20.0000Hz
[controller_server-4] [WARN] [1783058198.281683236] [controller_server]: Control loop missed its desired rate of 20.0000Hz
[controller_server-4] [WARN] [1783058198.332508603] [controller_server]: Control loop missed its desired rate of 20.0000Hz
[controller_server-4] [WARN] [1783058198.368852806] [controller_server]: Control loop missed its desired rate of 20.0000Hz
[controller_server-4] [WARN] [1783058198.411118674] [controller_server]: Control loop missed its desired rate of 20.0000Hz
[controller_server-4] [WARN] [1783058198.560678652] [controller_server]: Control loop missed its desired rate of 20.0000Hz
[controller_server-4] [INFO] [1783058198.607452853] [controller_server]: Passing new path to controller.
[controller_server-4] [WARN] [1783058198.860457773] [controller_server]: Control loop missed its desired rate of 20.0000Hz
[controller_server-4] [WARN] [1783058198.917834806] [controller_server]: Control loop missed its desired rate of 20.0000Hz
[controller_server-4] [WARN] [1783058198.967517715] [controller_server]: Control loop missed its desired rate of 20.0000Hz
[controller_server-4] [WARN] [1783058199.064675659] [controller_server]: Control loop missed its desired rate of 20.0000Hz
[controller_server-4] [WARN] [1783058199.121273192] [controller_server]: Control loop missed its desired rate of 20.0000Hz
[controller_server-4] [WARN] [1783058199.163647019] [controller_server]: Control loop missed its desired rate of 20.0000Hz
[controller_server-4] [WARN] [1783058199.472257806] [controller_server]: Control loop missed its desired rate of 20.0000Hz
[controller_server-4] [WARN] [1783058199.508290175] [controller_server]: Control loop missed its desired rate of 20.0000Hz
[controller_server-4] [WARN] [1783058199.558218834] [controller_server]: Control loop missed its desired rate of 20.0000Hz
[controller_server-4] [INFO] [1783058199.607421202] [controller_server]: Passing new path to controller.
[controller_server-4] [WARN] [1783058199.658558152] [controller_server]: Control loop missed its desired rate of 20.0000Hz
[controller_server-4] [WARN] [1783058200.309466512] [controller_server]: Control loop missed its desired rate of 20.0000Hz
[controller_server-4] [WARN] [1783058200.459027448] [controller_server]: Control loop missed its desired rate of 20.0000Hz
[controller_server-4] [INFO] [1783058200.657453918] [controller_server]: Passing new path to controller.
[controller_server-4] [WARN] [1783058201.061641857] [controller_server]: Control loop missed its desired rate of 20.0000Hz
[controller_server-4] [WARN] [1783058201.418062886] [controller_server]: Control loop missed its desired rate of 20.0000Hz
[controller_server-4] [INFO] [1783058201.707426675] [controller_server]: Passing new path to controller.
[controller_server-4] [WARN] [1783058201.910843936] [controller_server]: Control loop missed its desired rate of 20.0000Hz
[controller_server-4] [WARN] [1783058202.207897933] [controller_server]: Control loop missed its desired rate of 20.0000Hz
[bt_navigator-8] [WARN] [1783058202.412969860] [BehaviorTreeEngine]: Behavior Tree tick rate 100.00 was exceeded!
[controller_server-4] [INFO] [1783058202.772544597] [controller_server]: Passing new path to controller.
[controller_server-4] [WARN] [1783058202.826181131] [controller_server]: Control loop missed its desired rate of 20.0000Hz
[bt_navigator-8] [WARN] [1783058202.877665331] [BehaviorTreeEngine]: Behavior Tree tick rate 100.00 was exceeded!
[controller_server-4] [WARN] [1783058202.890215829] [controller_server]: Control loop missed its desired rate of 20.0000Hz
[controller_server-4] [WARN] [1783058202.978382108] [controller_server]: Control loop missed its desired rate of 20.0000Hz
[bt_navigator-8] [WARN] [1783058203.193854825] [BehaviorTreeEngine]: Behavior Tree tick rate 100.00 was exceeded!
[controller_server-4] [WARN] [1783058203.252395191] [controller_server]: Control loop missed its desired rate of 20.0000Hz
[controller_server-4] [WARN] [1783058203.325472430] [controller_server]: Control loop missed its desired rate of 20.0000Hz
[controller_server-4] [WARN] [1783058203.387954129] [controller_server]: Control loop missed its desired rate of 20.0000Hz
[controller_server-4] [WARN] [1783058203.741459075] [controller_server]: Control loop missed its desired rate of 20.0000Hz
[controller_server-4] [INFO] [1783058203.789430609] [controller_server]: Passing new path to controller.
[controller_server-4] [WARN] [1783058203.944591086] [controller_server]: Control loop missed its desired rate of 20.0000Hz
[controller_server-4] [WARN] [1783058203.988111371] [controller_server]: Control loop missed its desired rate of 20.0000Hz
[controller_server-4] [WARN] [1783058204.495353961] [controller_server]: Control loop missed its desired rate of 20.0000Hz
[controller_server-4] [WARN] [1783058204.739504757] [controller_server]: Control loop missed its desired rate of 20.0000Hz
[controller_server-4] [INFO] [1783058204.788053749] [controller_server]: Passing new path to controller.
[controller_server-4] [WARN] [1783058205.043547419] [controller_server]: Control loop missed its desired rate of 20.0000Hz
[controller_server-4] [WARN] [1783058205.247177221] [controller_server]: Control loop missed its desired rate of 20.0000Hz
[controller_server-4] [WARN] [1783058205.302143255] [controller_server]: Control loop missed its desired rate of 20.0000Hz
[controller_server-4] [WARN] [1783058205.348857206] [controller_server]: Control loop missed its desired rate of 20.0000Hz
[controller_server-4] [INFO] [1783058205.838392131] [controller_server]: Passing new path to controller.
[controller_server-4] [WARN] [1783058206.296730520] [controller_server]: Control loop missed its desired rate of 20.0000Hz
[controller_server-4] [WARN] [1783058206.343835805] [controller_server]: Control loop missed its desired rate of 20.0000Hz
[controller_server-4] [WARN] [1783058206.743778744] [controller_server]: Control loop missed its desired rate of 20.0000Hz
[controller_server-4] [WARN] [1783058206.890123596] [controller_server]: Control loop missed its desired rate of 20.0000Hz
[controller_server-4] [INFO] [1783058206.890684305] [controller_server]: Passing new path to controller.
[controller_server-4] [WARN] [1783058206.941487130] [controller_server]: Control loop missed its desired rate of 20.0000Hz
[controller_server-4] [WARN] [1783058207.094285649] [controller_server]: Control loop missed its desired rate of 20.0000Hz
[controller_server-4] [WARN] [1783058207.439242888] [controller_server]: Control loop missed its desired rate of 20.0000Hz
[controller_server-4] [WARN] [1783058207.742174383] [controller_server]: Control loop missed its desired rate of 20.0000Hz
[controller_server-4] [INFO] [1783058207.888060403] [controller_server]: Passing new path to controller.
[controller_server-4] [WARN] [1783058208.699910029] [controller_server]: Control loop missed its desired rate of 20.0000Hz
[controller_server-4] [WARN] [1783058208.759973978] [controller_server]: Control loop missed its desired rate of 20.0000Hz
[controller_server-4] [WARN] [1783058208.797169848] [controller_server]: Control loop missed its desired rate of 20.0000Hz
[controller_server-4] [WARN] [1783058208.843027966] [controller_server]: Control loop missed its desired rate of 20.0000Hz
[controller_server-4] [INFO] [1783058208.938070118] [controller_server]: Passing new path to controller.
[controller_server-4] [WARN] [1783058209.002645191] [controller_server]: Control loop missed its desired rate of 20.0000Hz
[controller_server-4] [WARN] [1783058209.039775811] [controller_server]: Control loop missed its desired rate of 20.0000Hz
[controller_server-4] [WARN] [1783058209.104949384] [controller_server]: Control loop missed its desired rate of 20.0000Hz
[controller_server-4] [WARN] [1783058209.155868626] [controller_server]: Control loop missed its desired rate of 20.0000Hz
[controller_server-4] [WARN] [1783058209.188445955] [controller_server]: Control loop missed its desired rate of 20.0000Hz
[controller_server-4] [WARN] [1783058209.243207905] [controller_server]: Control loop missed its desired rate of 20.0000Hz
[controller_server-4] [WARN] [1783058209.303359396] [controller_server]: Control loop missed its desired rate of 20.0000Hz
[controller_server-4] [WARN] [1783058209.342637931] [controller_server]: Control loop missed its desired rate of 20.0000Hz
[controller_server-4] [WARN] [1783058209.598707309] [controller_server]: Control loop missed its desired rate of 20.0000Hz
[controller_server-4] [WARN] [1783058209.640926219] [controller_server]: Control loop missed its desired rate of 20.0000Hz
[controller_server-4] [WARN] [1783058209.710832500] [controller_server]: Control loop missed its desired rate of 20.0000Hz
[controller_server-4] [WARN] [1783058209.759632243] [controller_server]: Control loop missed its desired rate of 20.0000Hz
[controller_server-4] [INFO] [1783058209.988619249] [controller_server]: Passing new path to controller.
[controller_server-4] [WARN] [1783058210.040168658] [controller_server]: Control loop missed its desired rate of 20.0000Hz
[controller_server-4] [INFO] [1783058211.039007089] [controller_server]: Passing new path to controller.
[controller_server-4] [WARN] [1783058211.441966569] [controller_server]: Control loop missed its desired rate of 20.0000Hz
[controller_server-4] [WARN] [1783058211.501633019] [controller_server]: Control loop missed its desired rate of 20.0000Hz
[controller_server-4] [INFO] [1783058212.088282346] [controller_server]: Passing new path to controller.
[controller_server-4] [WARN] [1783058212.397903215] [controller_server]: Control loop missed its desired rate of 20.0000Hz
[controller_server-4] [WARN] [1783058212.445165541] [controller_server]: Control loop missed its desired rate of 20.0000Hz
[controller_server-4] [WARN] [1783058212.494013450] [controller_server]: Control loop missed its desired rate of 20.0000Hz
[controller_server-4] [WARN] [1783058212.752670119] [controller_server]: Control loop missed its desired rate of 20.0000Hz
[controller_server-4] [INFO] [1783058213.138257018] [controller_server]: Passing new path to controller.
[bt_navigator-8] [WARN] [1783058213.191478469] [BehaviorTreeEngine]: Behavior Tree tick rate 100.00 was exceeded!
[controller_server-4] [WARN] [1783058213.438862556] [controller_server]: Control loop missed its desired rate of 20.0000Hz
[controller_server-4] [WARN] [1783058213.659006106] [controller_server]: Control loop missed its desired rate of 20.0000Hz
[controller_server-4] [WARN] [1783058213.688284184] [controller_server]: Control loop missed its desired rate of 20.0000Hz
[controller_server-4] [INFO] [1783058214.138419574] [controller_server]: Passing new path to controller.
[controller_server-4] [WARN] [1783058214.205348522] [controller_server]: Control loop missed its desired rate of 20.0000Hz
[controller_server-4] [WARN] [1783058214.244329058] [controller_server]: Control loop missed its desired rate of 20.0000Hz
[controller_server-4] [WARN] [1783058214.303297215] [controller_server]: Control loop missed its desired rate of 20.0000Hz
[controller_server-4] [WARN] [1783058214.350335875] [controller_server]: Control loop missed its desired rate of 20.0000Hz
[controller_server-4] [WARN] [1783058214.896304875] [controller_server]: Control loop missed its desired rate of 20.0000Hz
[controller_server-4] [WARN] [1783058215.091766720] [controller_server]: Control loop missed its desired rate of 20.0000Hz
[controller_server-4] [WARN] [1783058215.138055838] [controller_server]: Control loop missed its desired rate of 20.0000Hz
[controller_server-4] [INFO] [1783058215.188054622] [controller_server]: Passing new path to controller.
[controller_server-4] [WARN] [1783058215.257566028] [controller_server]: Control loop missed its desired rate of 20.0000Hz
[controller_server-4] [WARN] [1783058215.308148020] [controller_server]: Control loop missed its desired rate of 20.0000Hz
[controller_server-4] [WARN] [1783058215.346003764] [controller_server]: Control loop missed its desired rate of 20.0000Hz
[controller_server-4] [WARN] [1783058215.791160363] [controller_server]: Control loop missed its desired rate of 20.0000Hz
[controller_server-4] [WARN] [1783058216.006807580] [controller_server]: Control loop missed its desired rate of 20.0000Hz
[controller_server-4] [WARN] [1783058216.046668907] [controller_server]: Control loop missed its desired rate of 20.0000Hz
[controller_server-4] [INFO] [1783058216.188089593] [controller_server]: Passing new path to controller.
[controller_server-4] [WARN] [1783058216.256111000] [controller_server]: Control loop missed its desired rate of 20.0000Hz
[controller_server-4] [WARN] [1783058216.306594367] [controller_server]: Control loop missed its desired rate of 20.0000Hz
[controller_server-4] [WARN] [1783058216.343190611] [controller_server]: Control loop missed its desired rate of 20.0000Hz
[controller_server-4] [WARN] [1783058216.943808436] [controller_server]: Control loop missed its desired rate of 20.0000Hz
[controller_server-4] [INFO] [1783058217.238063849] [controller_server]: Passing new path to controller.
[controller_server-4] [WARN] [1783058217.392158034] [controller_server]: Control loop missed its desired rate of 20.0000Hz
[controller_server-4] [WARN] [1783058217.701445237] [controller_server]: Control loop missed its desired rate of 20.0000Hz
[controller_server-4] [WARN] [1783058217.745780730] [controller_server]: Control loop missed its desired rate of 20.0000Hz
[controller_server-4] [WARN] [1783058217.895273498] [controller_server]: Control loop missed its desired rate of 20.0000Hz
[bt_navigator-8] [WARN] [1783058217.909064955] [BehaviorTreeEngine]: Behavior Tree tick rate 100.00 was exceeded!
[controller_server-4] [WARN] [1783058217.948436699] [controller_server]: Control loop missed its desired rate of 20.0000Hz
[controller_server-4] [WARN] [1783058217.998907274] [controller_server]: Control loop missed its desired rate of 20.0000Hz
[controller_server-4] [WARN] [1783058218.056935974] [controller_server]: Control loop missed its desired rate of 20.0000Hz
[controller_server-4] [WARN] [1783058218.096247759] [controller_server]: Control loop missed its desired rate of 20.0000Hz
[bt_navigator-8] [WARN] [1783058218.101730758] [BehaviorTreeEngine]: Behavior Tree tick rate 100.00 was exceeded!
[controller_server-4] [WARN] [1783058218.164631415] [controller_server]: Control loop missed its desired rate of 20.0000Hz
[controller_server-4] [WARN] [1783058218.189940037] [controller_server]: Control loop missed its desired rate of 20.0000Hz
[bt_navigator-8] [WARN] [1783058218.266649692] [bt_navigator_navigate_to_pose_rclcpp_node]: Timed out while waiting for action server to acknowledge goal request for compute_path_to_pose
[planner_server-6] [INFO] [1783058218.269488816] [global_costmap.global_costmap]: Received request to clear entirely the global_costmap
[bt_navigator-8] [WARN] [1783058218.272875024] [BehaviorTreeEngine]: Behavior Tree tick rate 100.00 was exceeded!
[bt_navigator-8] [WARN] [1783058218.280529481] [BehaviorTreeEngine]: Behavior Tree tick rate 100.00 was exceeded!
[controller_server-4] [INFO] [1783058218.494278907] [controller_server]: Reached the goal!
[bt_navigator-8] [ERROR] [1783058218.595044641] [bt_navigator_navigate_to_pose_rclcpp_node]: Failed to get result for compute_path_to_pose in node halt!
[bt_navigator-8] [WARN] [1783058218.595676099] [BehaviorTreeEngine]: Behavior Tree tick rate 100.00 was exceeded!
[bt_navigator-8] [INFO] [1783058218.596149391] [bt_navigator]: Goal succeeded
[planner_server-6] [WARN] [1783058218.806531817] [planner_server]: Planner loop missed its desired rate of 20.0000 Hz. Current loop rate is 2.0209 Hz
[waypoint_follower-9] [INFO] [1783058509.572603021] [rclcpp]: signal_handler(signum=2)
[waypoint_follower-9] [INFO] [1783058509.573093812] [waypoint_follower]: Running Nav2 LifecycleNode rcl preshutdown (waypoint_follower)
[waypoint_follower-9] [INFO] [1783058509.573369812] [waypoint_follower]: Deactivating
[velocity_smoother-10] [INFO] [1783058509.572640979] [rclcpp]: signal_handler(signum=2)
[velocity_smoother-10] [INFO] [1783058509.573713687] [velocity_smoother]: Running Nav2 LifecycleNode rcl preshutdown (velocity_smoother)
[behavior_server-7] [INFO] [1783058509.572726854] [rclcpp]: signal_handler(signum=2)
[map_server-1] [INFO] [1783058509.572803188] [rclcpp]: signal_handler(signum=2)
[map_server-1] [INFO] [1783058509.573093312] [map_server]: Running Nav2 LifecycleNode rcl preshutdown (map_server)
[map_server-1] [INFO] [1783058509.573422146] [map_server]: Deactivating
[map_server-1] [INFO] [1783058509.573535896] [map_server]: Destroying bond (map_server) to lifecycle manager.
[controller_server-4] [INFO] [1783058509.572859813] [rclcpp]: signal_handler(signum=2)
[planner_server-6] [INFO] [1783058509.572976938] [rclcpp]: signal_handler(signum=2)
[planner_server-6] [INFO] [1783058509.573843104] [planner_server]: Running Nav2 LifecycleNode rcl preshutdown (planner_server)
[lifecycle_manager-3] [INFO] [1783058509.572997063] [rclcpp]: signal_handler(signum=2)
[bt_navigator-8] [INFO] [1783058509.573006771] [rclcpp]: signal_handler(signum=2)
[planner_server-6] [INFO] [1783058509.574864312] [planner_server]: Deactivating
[planner_server-6] [INFO] [1783058509.575032479] [global_costmap.global_costmap]: Deactivating
[velocity_smoother-10] [INFO] [1783058509.573966729] [velocity_smoother]: Deactivating
[velocity_smoother-10] [INFO] [1783058509.574061687] [velocity_smoother]: Destroying bond (velocity_smoother) to lifecycle manager.
[amcl-2] [INFO] [1783058509.574222479] [rclcpp]: signal_handler(signum=2)
[amcl-2] [INFO] [1783058509.574733979] [amcl]: Running Nav2 LifecycleNode rcl preshutdown (amcl)
[amcl-2] [INFO] [1783058509.574972562] [amcl]: Deactivating
[amcl-2] [INFO] [1783058509.575081145] [amcl]: Destroying bond (amcl) to lifecycle manager.
[behavior_server-7] [INFO] [1783058509.574750479] [behavior_server]: Running Nav2 LifecycleNode rcl preshutdown (behavior_server)
[behavior_server-7] [INFO] [1783058509.574976062] [behavior_server]: Deactivating
[behavior_server-7] [INFO] [1783058509.575079895] [behavior_server]: Destroying bond (behavior_server) to lifecycle manager.
[controller_server-4] [INFO] [1783058509.576049062] [controller_server]: Running Nav2 LifecycleNode rcl preshutdown (controller_server)
[controller_server-4] [INFO] [1783058509.576333645] [controller_server]: Deactivating
[controller_server-4] [INFO] [1783058509.576546729] [local_costmap.local_costmap]: Deactivating
[lifecycle_manager-3] [INFO] [1783058509.576175312] [lifecycle_manager_localization]: Running Nav2 LifecycleManager rcl preshutdown (lifecycle_manager_localization)
[lifecycle_manager-3] [INFO] [1783058509.576322270] [lifecycle_manager_localization]: [34m[1mTerminating bond timer...[0m[0m
[bt_navigator-8] [INFO] [1783058509.576790645] [bt_navigator]: Running Nav2 LifecycleNode rcl preshutdown (bt_navigator)
[bt_navigator-8] [INFO] [1783058509.577053937] [bt_navigator]: Deactivating
[bt_navigator-8] [INFO] [1783058509.577159228] [bt_navigator]: Destroying bond (bt_navigator) to lifecycle manager.
[waypoint_follower-9] [INFO] [1783058509.578911270] [waypoint_follower]: Destroying bond (waypoint_follower) to lifecycle manager.
[lifecycle_manager-11] [INFO] [1783058509.572602813] [rclcpp]: signal_handler(signum=2)
[lifecycle_manager-11] [INFO] [1783058509.580934519] [lifecycle_manager_navigation]: Running Nav2 LifecycleManager rcl preshutdown (lifecycle_manager_navigation)
[lifecycle_manager-11] [INFO] [1783058509.581099936] [lifecycle_manager_navigation]: [34m[1mTerminating bond timer...[0m[0m
[map_server-1] [INFO] [1783058509.587764851] [map_server]: Cleaning up
[map_server-1] [INFO] [1783058509.588006476] [map_server]: Destroying bond (map_server) to lifecycle manager.
[smoother_server-5] [INFO] [1783058509.588073435] [rclcpp]: signal_handler(signum=2)
[smoother_server-5] [INFO] [1783058509.589021268] [smoother_server]: Running Nav2 LifecycleNode rcl preshutdown (smoother_server)
[amcl-2] [INFO] [1783058509.606817223] [amcl]: Cleaning up
[smoother_server-5] [INFO] [1783058509.613325555] [smoother_server]: Deactivating
[smoother_server-5] [INFO] [1783058509.613529139] [smoother_server]: Destroying bond (smoother_server) to lifecycle manager.
[velocity_smoother-10] [INFO] [1783058509.644872008] [velocity_smoother]: Cleaning up
[velocity_smoother-10] [INFO] [1783058509.645093258] [velocity_smoother]: Destroying bond (velocity_smoother) to lifecycle manager.
[controller_server-4] [INFO] [1783058509.665747671] [controller_server]: Destroying bond (controller_server) to lifecycle manager.
[velocity_smoother-10] [INFO] [1783058509.680676418] [velocity_smoother]: Destroying
[waypoint_follower-9] [INFO] [1783058509.695220665] [waypoint_follower]: Cleaning up
[bt_navigator-8] [INFO] [1783058509.700030331] [bt_navigator]: Cleaning up
[behavior_server-7] [INFO] [1783058509.703407164] [behavior_server]: Cleaning up
[smoother_server-5] [INFO] [1783058509.716228412] [smoother_server]: Cleaning up
[controller_server-4] [INFO] [1783058509.767427986] [controller_server]: Cleaning up
[controller_server-4] [INFO] [1783058509.768293527] [local_costmap.local_costmap]: Cleaning up
[map_server-1] [INFO] [1783058509.769481985] [map_server]: Destroying
[planner_server-6] [INFO] [1783058509.801436646] [planner_server]: Deactivating plugin GridBased of type NavfnPlanner
[planner_server-6] [INFO] [1783058509.801612063] [planner_server]: Destroying bond (planner_server) to lifecycle manager.
[lifecycle_manager-3] [INFO] [1783058509.814444102] [lifecycle_manager_localization]: Destroying lifecycle_manager_localization
[waypoint_follower-9] [INFO] [1783058509.859317844] [waypoint_follower]: Destroying bond (waypoint_follower) to lifecycle manager.
[behavior_server-7] [INFO] [1783058509.909481085] [behavior_server]: Destroying bond (behavior_server) to lifecycle manager.
[planner_server-6] [INFO] [1783058509.909495668] [planner_server]: Cleaning up
[waypoint_follower-9] [INFO] [1783058509.910067793] [waypoint_follower]: Destroying
[smoother_server-5] [INFO] [1783058509.921787666] [smoother_server]: Destroying bond (smoother_server) to lifecycle manager.
[smoother_server-5] [INFO] [1783058509.938524663] [smoother_server]: Destroying
[amcl-2] [INFO] [1783058510.202811574] [amcl]: Destroying bond (amcl) to lifecycle manager.
[amcl-2] [INFO] [1783058510.262485979] [amcl]: Destroying
[planner_server-6] [INFO] [1783058510.337041883] [global_costmap.global_costmap]: Cleaning up
[INFO] [lifecycle_manager-3]: process has finished cleanly [pid 36074]
[planner_server-6] [INFO] [1783058510.422257867] [planner_server]: Cleaning up plugin GridBased of type NavfnPlanner
[planner_server-6] [INFO] [1783058510.425884033] [planner_server]: Destroying plugin GridBased of type NavfnPlanner
[INFO] [velocity_smoother-10]: process has finished cleanly [pid 36089]
[lifecycle_manager-11] [INFO] [1783058510.481403523] [lifecycle_manager_navigation]: Destroying lifecycle_manager_navigation
[controller_server-4] [INFO] [1783058510.485956981] [controller_server]: Destroying bond (controller_server) to lifecycle manager.
[INFO] [waypoint_follower-9]: process has finished cleanly [pid 36086]
[controller_server-4] [INFO] [1783058510.502367478] [local_costmap.local_costmap]: Destroying
[INFO] [map_server-1]: process has finished cleanly [pid 36070]
[INFO] [smoother_server-5]: process has finished cleanly [pid 36078]
[planner_server-6] [INFO] [1783058510.553020010] [planner_server]: Destroying bond (planner_server) to lifecycle manager.
[planner_server-6] [INFO] [1783058510.588189087] [global_costmap.global_costmap]: Destroying
[behavior_server-7] [INFO] [1783058510.675928155] [behavior_server]: Destroying
[INFO] [amcl-2]: process has finished cleanly [pid 36072]
[controller_server-4] [INFO] [1783058510.713896064] [controller_server]: Destroying
[planner_server-6] [INFO] [1783058510.852455456] [planner_server]: Destroying
[INFO] [lifecycle_manager-11]: process has finished cleanly [pid 36108]
[INFO] [behavior_server-7]: process has finished cleanly [pid 36082]
[INFO] [controller_server-4]: process has finished cleanly [pid 36076]
[INFO] [planner_server-6]: process has finished cleanly [pid 36080]
[bt_navigator-8] [INFO] [1783058511.260741382] [bt_navigator]: Completed Cleaning up
[bt_navigator-8] [INFO] [1783058511.261065465] [bt_navigator]: Destroying bond (bt_navigator) to lifecycle manager.
[bt_navigator-8] [INFO] [1783058511.376861153] [bt_navigator]: Destroying
[INFO] [bt_navigator-8]: process has finished cleanly [pid 36084]
