{
  "created_at": "2026-06-30T14:57:33.569489",
  "csv_path": "logs/calib/odom_calib_records_20260630_143627.csv",
  "results": [
    {
      "type": "static",
      "samples": 602,
      "p95_abs_vx": 0.0,
      "p95_abs_vy": 0.0,
      "p95_abs_wz": 0.0,
      "max_abs_vx": 0.0,
      "max_abs_vy": 0.0,
      "max_abs_wz": 0.0,
      "recommended_CHASSIS_ODOM_VXY_DEADZONE": 0.003,
      "recommended_CHASSIS_ODOM_WZ_DEADZONE": 0.015
    },
    {
      "type": "rot",
      "actual_deg": 360.0,
      "actual_rad": 6.283185307179586,
      "odom_yaw_delta_rad": -11.054020685195923,
      "translation_drift_m": 0.01776714321044518,
      "dx_m": -0.00504801172929566,
      "dy_m": 0.017034933385292758,
      "duration_s": 45.89981007575989,
      "recommended_CHASSIS_ODOM_WZ_SCALE_ABS": 0.5684072326365673,
      "signed_scale_check": -0.5684072326365673
    },
    {
      "type": "line",
      "actual_m": 1.0,
      "odom_forward_m": -1.460130310548096,
      "odom_lateral_m": 0.43840813713382143,
      "odom_displacement_m": 1.5245268834908838,
      "yaw_drift_rad": -0.5880005905628263,
      "duration_s": 49.00003528594971,
      "recommended_CHASSIS_ODOM_VX_SCALE": -0.6848703795653863
    }
  ]
}