[INFO] [launch]: All log files can be found below /root/.ros/log/2026-07-02-14-25-11-320414-ubuntu-79401
[INFO] [launch]: Default logging verbosity is set to INFO
[INFO] [map_server-1]: process started with pid [79444]
[INFO] [amcl-2]: process started with pid [79446]
[INFO] [lifecycle_manager-3]: process started with pid [79448]
[INFO] [controller_server-4]: process started with pid [79450]
[INFO] [smoother_server-5]: process started with pid [79452]
[INFO] [planner_server-6]: process started with pid [79454]
[INFO] [behavior_server-7]: process started with pid [79456]
[INFO] [bt_navigator-8]: process started with pid [79458]
[INFO] [waypoint_follower-9]: process started with pid [79460]
[INFO] [velocity_smoother-10]: process started with pid [79470]
[INFO] [lifecycle_manager-11]: process started with pid [79472]
[lifecycle_manager-3] [INFO] [1782973513.477314755] [lifecycle_manager_localization]: Creating
[lifecycle_manager-3] [INFO] [1782973513.487928696] [lifecycle_manager_localization]: [34m[1mCreating and initializing lifecycle service clients[0m[0m
[velocity_smoother-10] [INFO] [1782973514.467619632] [velocity_smoother]: 
[velocity_smoother-10] 	velocity_smoother lifecycle node launched. 
[velocity_smoother-10] 	Waiting on external lifecycle transitions to activate
[velocity_smoother-10] 	See https://design.ros2.org/articles/node_lifecycle.html for more information.
[behavior_server-7] [INFO] [1782973514.507999608] [behavior_server]: 
[behavior_server-7] 	behavior_server lifecycle node launched. 
[behavior_server-7] 	Waiting on external lifecycle transitions to activate
[behavior_server-7] 	See https://design.ros2.org/articles/node_lifecycle.html for more information.
[waypoint_follower-9] [INFO] [1782973514.512521725] [waypoint_follower]: 
[waypoint_follower-9] 	waypoint_follower lifecycle node launched. 
[waypoint_follower-9] 	Waiting on external lifecycle transitions to activate
[waypoint_follower-9] 	See https://design.ros2.org/articles/node_lifecycle.html for more information.
[waypoint_follower-9] [INFO] [1782973514.527497784] [waypoint_follower]: Creating
[amcl-2] [INFO] [1782973514.524438372] [amcl]: 
[amcl-2] 	amcl lifecycle node launched. 
[amcl-2] 	Waiting on external lifecycle transitions to activate
[amcl-2] 	See https://design.ros2.org/articles/node_lifecycle.html for more information.
[amcl-2] [INFO] [1782973514.541039720] [amcl]: Creating
[bt_navigator-8] [INFO] [1782973514.536369145] [bt_navigator]: 
[bt_navigator-8] 	bt_navigator lifecycle node launched. 
[bt_navigator-8] 	Waiting on external lifecycle transitions to activate
[bt_navigator-8] 	See https://design.ros2.org/articles/node_lifecycle.html for more information.
[bt_navigator-8] [INFO] [1782973514.536975144] [bt_navigator]: Creating
[smoother_server-5] [INFO] [1782973514.537508351] [smoother_server]: 
[smoother_server-5] 	smoother_server lifecycle node launched. 
[smoother_server-5] 	Waiting on external lifecycle transitions to activate
[smoother_server-5] 	See https://design.ros2.org/articles/node_lifecycle.html for more information.
[smoother_server-5] [INFO] [1782973514.578599200] [smoother_server]: Creating smoother server
[controller_server-4] [INFO] [1782973514.619555967] [controller_server]: 
[controller_server-4] 	controller_server lifecycle node launched. 
[controller_server-4] 	Waiting on external lifecycle transitions to activate
[controller_server-4] 	See https://design.ros2.org/articles/node_lifecycle.html for more information.
[controller_server-4] [INFO] [1782973514.686877898] [controller_server]: Creating controller server
[lifecycle_manager-11] [INFO] [1782973514.702082081] [lifecycle_manager_navigation]: Creating
[map_server-1] [INFO] [1782973514.713410938] [map_server]: 
[map_server-1] 	map_server lifecycle node launched. 
[map_server-1] 	Waiting on external lifecycle transitions to activate
[map_server-1] 	See https://design.ros2.org/articles/node_lifecycle.html for more information.
[map_server-1] [INFO] [1782973514.714152520] [map_server]: Creating
[planner_server-6] [INFO] [1782973514.725425918] [planner_server]: 
[planner_server-6] 	planner_server lifecycle node launched. 
[planner_server-6] 	Waiting on external lifecycle transitions to activate
[planner_server-6] 	See https://design.ros2.org/articles/node_lifecycle.html for more information.
[planner_server-6] [INFO] [1782973514.742029558] [planner_server]: Creating
[lifecycle_manager-11] [INFO] [1782973514.781885034] [lifecycle_manager_navigation]: [34m[1mCreating and initializing lifecycle service clients[0m[0m
[controller_server-4] [INFO] [1782973515.031794416] [local_costmap.local_costmap]: 
[controller_server-4] 	local_costmap lifecycle node launched. 
[controller_server-4] 	Waiting on external lifecycle transitions to activate
[controller_server-4] 	See https://design.ros2.org/articles/node_lifecycle.html for more information.
[controller_server-4] [INFO] [1782973515.079012756] [local_costmap.local_costmap]: Creating Costmap
[planner_server-6] [INFO] [1782973515.099633180] [global_costmap.global_costmap]: 
[planner_server-6] 	global_costmap lifecycle node launched. 
[planner_server-6] 	Waiting on external lifecycle transitions to activate
[planner_server-6] 	See https://design.ros2.org/articles/node_lifecycle.html for more information.
[planner_server-6] [INFO] [1782973515.108124583] [global_costmap.global_costmap]: Creating Costmap
[lifecycle_manager-11] [INFO] [1782973515.323322147] [lifecycle_manager_navigation]: [34m[1mStarting managed nodes bringup...[0m[0m
[lifecycle_manager-11] [INFO] [1782973515.323562064] [lifecycle_manager_navigation]: [34m[1mConfiguring controller_server[0m[0m
[controller_server-4] [INFO] [1782973515.349699854] [controller_server]: Configuring controller interface
[controller_server-4] [INFO] [1782973515.357247633] [controller_server]: getting goal checker plugins..
[controller_server-4] [INFO] [1782973515.364544997] [controller_server]: Controller frequency set to 20.0000Hz
[controller_server-4] [INFO] [1782973515.370988486] [local_costmap.local_costmap]: Configuring
[lifecycle_manager-3] [INFO] [1782973515.496343114] [lifecycle_manager_localization]: Waiting for service map_server/get_state...
[controller_server-4] [INFO] [1782973515.592396707] [local_costmap.local_costmap]: Using plugin "voxel_layer"
[controller_server-4] [INFO] [1782973515.697794534] [local_costmap.local_costmap]: Subscribed to Topics: scan
[controller_server-4] [INFO] [1782973515.871130834] [local_costmap.local_costmap]: Initialized plugin "voxel_layer"
[controller_server-4] [INFO] [1782973515.871586916] [local_costmap.local_costmap]: Using plugin "inflation_layer"
[controller_server-4] [INFO] [1782973515.907873398] [local_costmap.local_costmap]: Initialized plugin "inflation_layer"
[lifecycle_manager-3] [INFO] [1782973516.038993809] [lifecycle_manager_localization]: [34m[1mStarting managed nodes bringup...[0m[0m
[lifecycle_manager-3] [INFO] [1782973516.040878347] [lifecycle_manager_localization]: [34m[1mConfiguring map_server[0m[0m
[map_server-1] [INFO] [1782973516.052543578] [map_server]: Configuring
[map_server-1] [INFO] [1782973516.052851703] [map_io]: Loading yaml file: /root/rdk_x5_vln_robot/maps/joy_calibrated_corridor_map.yaml
[map_server-1] [INFO] [1782973516.054014326] [map_io]: resolution: 0.05
[map_server-1] [INFO] [1782973516.054101576] [map_io]: origin[0]: -5.07
[map_server-1] [INFO] [1782973516.054133784] [map_io]: origin[1]: -5.68
[map_server-1] [INFO] [1782973516.054162701] [map_io]: origin[2]: 0
[map_server-1] [INFO] [1782973516.054192159] [map_io]: free_thresh: 0.25
[map_server-1] [INFO] [1782973516.054220950] [map_io]: occupied_thresh: 0.65
[map_server-1] [INFO] [1782973516.054259284] [map_io]: mode: trinary
[map_server-1] [INFO] [1782973516.054290117] [map_io]: negate: 0
[map_server-1] [INFO] [1782973516.055445115] [map_io]: Loading image_file: /root/rdk_x5_vln_robot/maps/joy_calibrated_corridor_map.pgm
[map_server-1] [INFO] [1782973516.111464107] [map_io]: Read map /root/rdk_x5_vln_robot/maps/joy_calibrated_corridor_map.pgm: 155 X 201 map @ 0.05 m/cell
[controller_server-4] [INFO] [1782973516.115997599] [controller_server]: Created progress_checker : progress_checker of type nav2_controller::SimpleProgressChecker
[controller_server-4] [INFO] [1782973516.130583492] [controller_server]: Created goal checker : general_goal_checker of type nav2_controller::SimpleGoalChecker
[controller_server-4] [INFO] [1782973516.137849189] [controller_server]: Controller Server has general_goal_checker  goal checkers available.
[controller_server-4] [INFO] [1782973516.151578499] [controller_server]: Created controller : FollowPath of type dwb_core::DWBLocalPlanner
[controller_server-4] [INFO] [1782973516.180155661] [controller_server]: Setting transform_tolerance to 0.200000
[lifecycle_manager-3] [INFO] [1782973516.211790484] [lifecycle_manager_localization]: [34m[1mConfiguring amcl[0m[0m
[amcl-2] [INFO] [1782973516.213682398] [amcl]: Configuring
[amcl-2] [INFO] [1782973516.214317188] [amcl]: initTransforms
[controller_server-4] [INFO] [1782973516.319247058] [controller_server]: Using critic "RotateToGoal" (dwb_critics::RotateToGoalCritic)
[controller_server-4] [INFO] [1782973516.330185832] [controller_server]: Critic plugin initialized
[controller_server-4] [INFO] [1782973516.335063449] [controller_server]: Using critic "Oscillation" (dwb_critics::OscillationCritic)
[controller_server-4] [INFO] [1782973516.348242302] [controller_server]: Critic plugin initialized
[controller_server-4] [INFO] [1782973516.350852965] [controller_server]: Using critic "BaseObstacle" (dwb_critics::BaseObstacleCritic)
[controller_server-4] [INFO] [1782973516.356593497] [controller_server]: Critic plugin initialized
[controller_server-4] [INFO] [1782973516.359159118] [controller_server]: Using critic "GoalAlign" (dwb_critics::GoalAlignCritic)
[controller_server-4] [INFO] [1782973516.367241146] [controller_server]: Critic plugin initialized
[controller_server-4] [INFO] [1782973516.370430391] [controller_server]: Using critic "PathAlign" (dwb_critics::PathAlignCritic)
[controller_server-4] [INFO] [1782973516.378392045] [controller_server]: Critic plugin initialized
[controller_server-4] [INFO] [1782973516.382192414] [controller_server]: Using critic "PathDist" (dwb_critics::PathDistCritic)
[controller_server-4] [INFO] [1782973516.388207404] [controller_server]: Critic plugin initialized
[controller_server-4] [INFO] [1782973516.390734608] [controller_server]: Using critic "GoalDist" (dwb_critics::GoalDistCritic)
[controller_server-4] [INFO] [1782973516.398393095] [controller_server]: Critic plugin initialized
[controller_server-4] [INFO] [1782973516.398699512] [controller_server]: Controller Server has FollowPath  controllers available.
[amcl-2] [INFO] [1782973516.412813113] [amcl]: initPubSub
[amcl-2] [INFO] [1782973516.492827149] [amcl]: Subscribed to map topic.
[lifecycle_manager-11] [INFO] [1782973516.528787090] [lifecycle_manager_navigation]: [34m[1mConfiguring smoother_server[0m[0m
[smoother_server-5] [INFO] [1782973516.533013542] [smoother_server]: Configuring smoother server
[lifecycle_manager-3] [INFO] [1782973516.561928286] [lifecycle_manager_localization]: [34m[1mActivating map_server[0m[0m
[map_server-1] [INFO] [1782973516.565318447] [map_server]: Activating
[map_server-1] [INFO] [1782973516.566180446] [map_server]: Creating bond (map_server) to lifecycle manager.
[amcl-2] [INFO] [1782973516.567060319] [amcl]: Received a 155 X 201 map @ 0.050 m/pix
[smoother_server-5] [INFO] [1782973516.654307510] [smoother_server]: Created smoother : simple_smoother of type nav2_smoother::SimpleSmoother
[smoother_server-5] [INFO] [1782973516.663213745] [smoother_server]: Smoother Server has simple_smoother  smoothers available.
[lifecycle_manager-3] [INFO] [1782973516.713339830] [lifecycle_manager_localization]: Server map_server connected with bond.
[lifecycle_manager-3] [INFO] [1782973516.713572871] [lifecycle_manager_localization]: [34m[1mActivating amcl[0m[0m
[amcl-2] [INFO] [1782973516.714639619] [amcl]: Activating
[amcl-2] [INFO] [1782973516.714823786] [amcl]: Creating bond (amcl) to lifecycle manager.
[lifecycle_manager-11] [INFO] [1782973516.734965211] [lifecycle_manager_navigation]: [34m[1mConfiguring planner_server[0m[0m
[planner_server-6] [INFO] [1782973516.736439500] [planner_server]: Configuring
[planner_server-6] [INFO] [1782973516.736764541] [global_costmap.global_costmap]: Configuring
[amcl-2] [INFO] [1782973516.788479498] [amcl]: createLaserObject
[planner_server-6] [INFO] [1782973516.794517530] [global_costmap.global_costmap]: Using plugin "static_layer"
[planner_server-6] [INFO] [1782973516.825323105] [global_costmap.global_costmap]: Subscribing to the map topic (/map) with transient local durability
[planner_server-6] [INFO] [1782973516.839155499] [global_costmap.global_costmap]: Initialized plugin "static_layer"
[planner_server-6] [INFO] [1782973516.839306457] [global_costmap.global_costmap]: Using plugin "obstacle_layer"
[lifecycle_manager-3] [INFO] [1782973516.851198146] [lifecycle_manager_localization]: Server amcl connected with bond.
[lifecycle_manager-3] [INFO] [1782973516.851395020] [lifecycle_manager_localization]: [34m[1mManaged nodes are active[0m[0m
[lifecycle_manager-3] [INFO] [1782973516.851476229] [lifecycle_manager_localization]: [34m[1mCreating bond timer...[0m[0m
[planner_server-6] [INFO] [1782973516.859545590] [global_costmap.global_costmap]: Subscribed to Topics: scan
[planner_server-6] [INFO] [1782973516.929961433] [global_costmap.global_costmap]: Initialized plugin "obstacle_layer"
[planner_server-6] [INFO] [1782973516.930130933] [global_costmap.global_costmap]: Using plugin "inflation_layer"
[planner_server-6] [INFO] [1782973516.942999662] [global_costmap.global_costmap]: Initialized plugin "inflation_layer"
[planner_server-6] [INFO] [1782973517.138383634] [planner_server]: Created global planner plugin GridBased of type nav2_navfn_planner/NavfnPlanner
[planner_server-6] [INFO] [1782973517.138603967] [planner_server]: Configuring plugin GridBased of type NavfnPlanner
[planner_server-6] [INFO] [1782973517.141719170] [global_costmap.global_costmap]: StaticLayer: Resizing costmap to 155 X 201 at 0.050000 m/pix
[planner_server-6] [INFO] [1782973517.160010015] [planner_server]: Planner Server has GridBased  planners available.
[lifecycle_manager-11] [INFO] [1782973517.565207894] [lifecycle_manager_navigation]: [34m[1mConfiguring behavior_server[0m[0m
[behavior_server-7] [INFO] [1782973517.566640600] [behavior_server]: Configuring
[behavior_server-7] [INFO] [1782973517.650635920] [behavior_server]: Creating behavior plugin spin of type nav2_behaviors/Spin
[behavior_server-7] [INFO] [1782973517.654522122] [behavior_server]: Configuring spin
[behavior_server-7] [INFO] [1782973517.773841302] [behavior_server]: Creating behavior plugin backup of type nav2_behaviors/BackUp
[behavior_server-7] [INFO] [1782973517.780982040] [behavior_server]: Configuring backup
[behavior_server-7] [INFO] [1782973518.089621077] [behavior_server]: Creating behavior plugin drive_on_heading of type nav2_behaviors/DriveOnHeading
[behavior_server-7] [INFO] [1782973518.094353653] [behavior_server]: Configuring drive_on_heading
[behavior_server-7] [INFO] [1782973518.212330460] [behavior_server]: Creating behavior plugin assisted_teleop of type nav2_behaviors/AssistedTeleop
[behavior_server-7] [INFO] [1782973518.227129935] [behavior_server]: Configuring assisted_teleop
[amcl-2] [WARN] [1782973518.285079007] [amcl]: AMCL cannot publish a pose or update the transform. Please set the initial pose...
[behavior_server-7] [INFO] [1782973518.369096911] [behavior_server]: Creating behavior plugin wait of type nav2_behaviors/Wait
[behavior_server-7] [INFO] [1782973518.376437191] [behavior_server]: Configuring wait
[lifecycle_manager-11] [INFO] [1782973518.467578125] [lifecycle_manager_navigation]: [34m[1mConfiguring bt_navigator[0m[0m
[bt_navigator-8] [INFO] [1782973518.469268372] [bt_navigator]: Configuring
[lifecycle_manager-11] [INFO] [1782973519.129972333] [lifecycle_manager_navigation]: [34m[1mConfiguring waypoint_follower[0m[0m
[waypoint_follower-9] [INFO] [1782973519.132320413] [waypoint_follower]: Configuring
[waypoint_follower-9] [INFO] [1782973519.258213248] [waypoint_follower]: Created waypoint_task_executor : wait_at_waypoint of type nav2_waypoint_follower::WaitAtWaypoint
[lifecycle_manager-11] [INFO] [1782973519.266663401] [lifecycle_manager_navigation]: [34m[1mConfiguring velocity_smoother[0m[0m
[velocity_smoother-10] [INFO] [1782973519.268501940] [velocity_smoother]: Configuring velocity smoother
[lifecycle_manager-11] [INFO] [1782973519.302049927] [lifecycle_manager_navigation]: [34m[1mActivating controller_server[0m[0m
[controller_server-4] [INFO] [1782973519.303484716] [controller_server]: Activating
[controller_server-4] [INFO] [1782973519.303696424] [local_costmap.local_costmap]: Activating
[controller_server-4] [INFO] [1782973519.303765257] [local_costmap.local_costmap]: Checking transform
[controller_server-4] [INFO] [1782973519.304116340] [local_costmap.local_costmap]: start
[controller_server-4] [INFO] [1782973519.513347373] [controller_server]: Creating bond (controller_server) to lifecycle manager.
[lifecycle_manager-11] [INFO] [1782973519.645774406] [lifecycle_manager_navigation]: Server controller_server connected with bond.
[lifecycle_manager-11] [INFO] [1782973519.645969989] [lifecycle_manager_navigation]: [34m[1mActivating smoother_server[0m[0m
[smoother_server-5] [INFO] [1782973519.647298778] [smoother_server]: Activating
[smoother_server-5] [INFO] [1782973519.647483528] [smoother_server]: Creating bond (smoother_server) to lifecycle manager.
[lifecycle_manager-11] [INFO] [1782973519.788544381] [lifecycle_manager_navigation]: Server smoother_server connected with bond.
[lifecycle_manager-11] [INFO] [1782973519.788723755] [lifecycle_manager_navigation]: [34m[1mActivating planner_server[0m[0m
[planner_server-6] [INFO] [1782973519.789953920] [planner_server]: Activating
[planner_server-6] [INFO] [1782973519.790177378] [global_costmap.global_costmap]: Activating
[planner_server-6] [INFO] [1782973519.790250711] [global_costmap.global_costmap]: Checking transform
[planner_server-6] [INFO] [1782973519.790380836] [global_costmap.global_costmap]: Timed out waiting for transform from base_link to map to become available, tf error: Invalid frame ID "map" passed to canTransform argument target_frame - frame does not exist
[planner_server-6] [INFO] [1782973520.290581393] [global_costmap.global_costmap]: Timed out waiting for transform from base_link to map to become available, tf error: Invalid frame ID "map" passed to canTransform argument target_frame - frame does not exist
[amcl-2] [WARN] [1782973520.381091620] [amcl]: AMCL cannot publish a pose or update the transform. Please set the initial pose...
[planner_server-6] [INFO] [1782973520.790576450] [global_costmap.global_costmap]: Timed out waiting for transform from base_link to map to become available, tf error: Invalid frame ID "map" passed to canTransform argument target_frame - frame does not exist
[planner_server-6] [INFO] [1782973521.290415091] [global_costmap.global_costmap]: Timed out waiting for transform from base_link to map to become available, tf error: Invalid frame ID "map" passed to canTransform argument target_frame - frame does not exist
[planner_server-6] [INFO] [1782973521.790454357] [global_costmap.global_costmap]: Timed out waiting for transform from base_link to map to become available, tf error: Invalid frame ID "map" passed to canTransform argument target_frame - frame does not exist
[planner_server-6] [INFO] [1782973522.290426164] [global_costmap.global_costmap]: Timed out waiting for transform from base_link to map to become available, tf error: Invalid frame ID "map" passed to canTransform argument target_frame - frame does not exist
[amcl-2] [WARN] [1782973522.483616849] [amcl]: AMCL cannot publish a pose or update the transform. Please set the initial pose...
[planner_server-6] [INFO] [1782973522.790442305] [global_costmap.global_costmap]: Timed out waiting for transform from base_link to map to become available, tf error: Invalid frame ID "map" passed to canTransform argument target_frame - frame does not exist
[planner_server-6] [INFO] [1782973523.290416988] [global_costmap.global_costmap]: Timed out waiting for transform from base_link to map to become available, tf error: Invalid frame ID "map" passed to canTransform argument target_frame - frame does not exist
[planner_server-6] [INFO] [1782973523.790420963] [global_costmap.global_costmap]: Timed out waiting for transform from base_link to map to become available, tf error: Invalid frame ID "map" passed to canTransform argument target_frame - frame does not exist
[planner_server-6] [INFO] [1782973524.290417854] [global_costmap.global_costmap]: Timed out waiting for transform from base_link to map to become available, tf error: Invalid frame ID "map" passed to canTransform argument target_frame - frame does not exist
[amcl-2] [WARN] [1782973524.572874018] [amcl]: AMCL cannot publish a pose or update the transform. Please set the initial pose...
[planner_server-6] [INFO] [1782973524.790462912] [global_costmap.global_costmap]: Timed out waiting for transform from base_link to map to become available, tf error: Invalid frame ID "map" passed to canTransform argument target_frame - frame does not exist
[planner_server-6] [INFO] [1782973525.290599595] [global_costmap.global_costmap]: Timed out waiting for transform from base_link to map to become available, tf error: Invalid frame ID "map" passed to canTransform argument target_frame - frame does not exist
[planner_server-6] [INFO] [1782973525.790454529] [global_costmap.global_costmap]: Timed out waiting for transform from base_link to map to become available, tf error: Invalid frame ID "map" passed to canTransform argument target_frame - frame does not exist
[planner_server-6] [INFO] [1782973526.290416879] [global_costmap.global_costmap]: Timed out waiting for transform from base_link to map to become available, tf error: Invalid frame ID "map" passed to canTransform argument target_frame - frame does not exist
[amcl-2] [WARN] [1782973526.667644846] [amcl]: AMCL cannot publish a pose or update the transform. Please set the initial pose...
[planner_server-6] [INFO] [1782973526.790419812] [global_costmap.global_costmap]: Timed out waiting for transform from base_link to map to become available, tf error: Invalid frame ID "map" passed to canTransform argument target_frame - frame does not exist
[planner_server-6] [INFO] [1782973527.290679037] [global_costmap.global_costmap]: Timed out waiting for transform from base_link to map to become available, tf error: Invalid frame ID "map" passed to canTransform argument target_frame - frame does not exist
[planner_server-6] [INFO] [1782973527.790424388] [global_costmap.global_costmap]: Timed out waiting for transform from base_link to map to become available, tf error: Invalid frame ID "map" passed to canTransform argument target_frame - frame does not exist
[planner_server-6] [INFO] [1782973528.290438530] [global_costmap.global_costmap]: Timed out waiting for transform from base_link to map to become available, tf error: Invalid frame ID "map" passed to canTransform argument target_frame - frame does not exist
[amcl-2] [WARN] [1782973528.763982007] [amcl]: AMCL cannot publish a pose or update the transform. Please set the initial pose...
[planner_server-6] [INFO] [1782973528.790415214] [global_costmap.global_costmap]: Timed out waiting for transform from base_link to map to become available, tf error: Invalid frame ID "map" passed to canTransform argument target_frame - frame does not exist
[planner_server-6] [INFO] [1782973529.290413982] [global_costmap.global_costmap]: Timed out waiting for transform from base_link to map to become available, tf error: Invalid frame ID "map" passed to canTransform argument target_frame - frame does not exist
[planner_server-6] [INFO] [1782973529.790421583] [global_costmap.global_costmap]: Timed out waiting for transform from base_link to map to become available, tf error: Invalid frame ID "map" passed to canTransform argument target_frame - frame does not exist
[amcl-2] [INFO] [1782973530.227927244] [amcl]: initialPoseReceived
[amcl-2] [WARN] [1782973530.228435868] [amcl]: Failed to transform initial pose in time (Lookup would require extrapolation into the future.  Requested time 1782973530.228131 but the latest data is at time 1782973530.188886, when looking up transform from frame [base_link] to frame [odom])
[amcl-2] [INFO] [1782973530.228563409] [amcl]: Setting pose (1782973530.228559): 0.000 0.000 0.000
[planner_server-6] [INFO] [1782973530.290478142] [global_costmap.global_costmap]: Timed out waiting for transform from base_link to map to become available, tf error: Invalid frame ID "map" passed to canTransform argument target_frame - frame does not exist
[amcl-2] [INFO] [1782973530.754317843] [amcl]: initialPoseReceived
[amcl-2] [WARN] [1782973530.754658676] [amcl]: Failed to transform initial pose in time (Lookup would require extrapolation into the past.  Requested time 1782973530.754481 but the earliest data is at time 1782973531.163873, when looking up transform from frame [base_link] to frame [odom])
[amcl-2] [INFO] [1782973530.754765843] [amcl]: Setting pose (1782973530.754762): 0.000 0.000 0.000
[planner_server-6] [INFO] [1782973530.790646409] [global_costmap.global_costmap]: Timed out waiting for transform from base_link to map to become available, tf error: Lookup would require extrapolation into the past.  Requested time 1782973530.759788 but the earliest data is at time 1782973531.163873, when looking up transform from frame [base_link] to frame [map]
[planner_server-6] [INFO] [1782973531.290662635] [global_costmap.global_costmap]: start
[amcl-2] [INFO] [1782973531.404771491] [amcl]: initialPoseReceived
[amcl-2] [WARN] [1782973531.405137949] [amcl]: Failed to transform initial pose in time (Lookup would require extrapolation into the future.  Requested time 1782973531.404968 but the latest data is at time 1782973531.389992, when looking up transform from frame [base_link] to frame [odom])
[amcl-2] [INFO] [1782973531.405260448] [amcl]: Setting pose (1782973531.405257): 0.000 0.000 0.000
[amcl-2] [INFO] [1782973532.043085408] [amcl]: initialPoseReceived
[amcl-2] [WARN] [1782973532.043438491] [amcl]: Failed to transform initial pose in time (Lookup would require extrapolation into the future.  Requested time 1782973532.043287 but the latest data is at time 1782973532.021713, when looking up transform from frame [base_link] to frame [odom])
[amcl-2] [INFO] [1782973532.043523616] [amcl]: Setting pose (1782973532.043521): 0.000 0.000 0.000
[planner_server-6] [INFO] [1782973532.295601246] [planner_server]: Activating plugin GridBased of type NavfnPlanner
[planner_server-6] [INFO] [1782973532.302993776] [planner_server]: Creating bond (planner_server) to lifecycle manager.
[lifecycle_manager-11] [INFO] [1782973532.422936747] [lifecycle_manager_navigation]: Server planner_server connected with bond.
[lifecycle_manager-11] [INFO] [1782973532.423139538] [lifecycle_manager_navigation]: [34m[1mActivating behavior_server[0m[0m
[behavior_server-7] [INFO] [1782973532.424954619] [behavior_server]: Activating
[behavior_server-7] [INFO] [1782973532.425115077] [behavior_server]: Activating spin
[behavior_server-7] [INFO] [1782973532.425184160] [behavior_server]: Activating backup
[behavior_server-7] [INFO] [1782973532.425236202] [behavior_server]: Activating drive_on_heading
[behavior_server-7] [INFO] [1782973532.425288243] [behavior_server]: Activating assisted_teleop
[behavior_server-7] [INFO] [1782973532.425338243] [behavior_server]: Activating wait
[behavior_server-7] [INFO] [1782973532.425405368] [behavior_server]: Creating bond (behavior_server) to lifecycle manager.
[lifecycle_manager-11] [INFO] [1782973532.545992338] [lifecycle_manager_navigation]: Server behavior_server connected with bond.
[lifecycle_manager-11] [INFO] [1782973532.546168546] [lifecycle_manager_navigation]: [34m[1mActivating bt_navigator[0m[0m
[bt_navigator-8] [INFO] [1782973532.548262584] [bt_navigator]: Activating
[amcl-2] [INFO] [1782973532.680625744] [amcl]: initialPoseReceived
[amcl-2] [WARN] [1782973532.680953410] [amcl]: Failed to transform initial pose in time (Lookup would require extrapolation into the future.  Requested time 1782973532.680796 but the latest data is at time 1782973532.656200, when looking up transform from frame [base_link] to frame [odom])
[amcl-2] [INFO] [1782973532.681052285] [amcl]: Setting pose (1782973532.681049): 0.000 0.000 0.000
[bt_navigator-8] [INFO] [1782973533.022011062] [bt_navigator]: Creating bond (bt_navigator) to lifecycle manager.
[lifecycle_manager-11] [INFO] [1782973533.144099738] [lifecycle_manager_navigation]: Server bt_navigator connected with bond.
[lifecycle_manager-11] [INFO] [1782973533.144293904] [lifecycle_manager_navigation]: [34m[1mActivating waypoint_follower[0m[0m
[waypoint_follower-9] [INFO] [1782973533.145614402] [waypoint_follower]: Activating
[waypoint_follower-9] [INFO] [1782973533.145791735] [waypoint_follower]: Creating bond (waypoint_follower) to lifecycle manager.
[lifecycle_manager-11] [INFO] [1782973533.273759110] [lifecycle_manager_navigation]: Server waypoint_follower connected with bond.
[lifecycle_manager-11] [INFO] [1782973533.273918651] [lifecycle_manager_navigation]: [34m[1mActivating velocity_smoother[0m[0m
[velocity_smoother-10] [INFO] [1782973533.276254106] [velocity_smoother]: Activating
[velocity_smoother-10] [INFO] [1782973533.276552522] [velocity_smoother]: Creating bond (velocity_smoother) to lifecycle manager.
[amcl-2] [INFO] [1782973533.330488934] [amcl]: initialPoseReceived
[amcl-2] [WARN] [1782973533.330878767] [amcl]: Failed to transform initial pose in time (Lookup would require extrapolation into the future.  Requested time 1782973533.330697 but the latest data is at time 1782973533.288962, when looking up transform from frame [base_link] to frame [odom])
[amcl-2] [INFO] [1782973533.331001517] [amcl]: Setting pose (1782973533.330998): 0.000 0.000 0.000
[lifecycle_manager-11] [INFO] [1782973533.405886020] [lifecycle_manager_navigation]: Server velocity_smoother connected with bond.
[lifecycle_manager-11] [INFO] [1782973533.406060644] [lifecycle_manager_navigation]: [34m[1mManaged nodes are active[0m[0m
[lifecycle_manager-11] [INFO] [1782973533.406119436] [lifecycle_manager_navigation]: [34m[1mCreating bond timer...[0m[0m
[planner_server-6] [INFO] [1782973566.525114425] [global_costmap.global_costmap]: Message Filter dropping message: frame 'laser' at time 1782973566.102 for reason 'the timestamp on the message is earlier than all the data in the transform cache'
[controller_server-4] [INFO] [1782973566.526793339] [local_costmap.local_costmap]: Message Filter dropping message: frame 'laser' at time 1782973566.102 for reason 'the timestamp on the message is earlier than all the data in the transform cache'
[amcl-2] [INFO] [1782973567.326715171] [amcl]: Message Filter dropping message: frame 'laser' at time 1782973566.214 for reason 'the timestamp on the message is earlier than all the data in the transform cache'
[bt_navigator-8] [INFO] [1782973623.021840979] [bt_navigator]: Begin navigating from current location (0.05, 0.03) to (0.30, 0.00)
[controller_server-4] [INFO] [1782973623.045959440] [controller_server]: Received a goal, begin computing control effort.
[controller_server-4] [WARN] [1782973623.046344607] [controller_server]: No goal checker was specified in parameter 'current_goal_checker'. Server will use only plugin loaded general_goal_checker . This warning will appear once.
[controller_server-4] [ERROR] [1782973623.070788068] [tf_help]: Transform data too old when converting from map to odom
[controller_server-4] [ERROR] [1782973623.070867484] [tf_help]: Data time: 1782973623s 24476516ns, Transform time: 1782973567s 101654000ns
[controller_server-4] [ERROR] [1782973623.113543083] [tf_help]: Transform data too old when converting from map to odom
[controller_server-4] [ERROR] [1782973623.113632916] [tf_help]: Data time: 1782973623s 24476516ns, Transform time: 1782973567s 101654000ns
[controller_server-4] [ERROR] [1782973623.162194339] [tf_help]: Transform data too old when converting from map to odom
[controller_server-4] [ERROR] [1782973623.162293547] [tf_help]: Data time: 1782973623s 24476516ns, Transform time: 1782973567s 101654000ns
[controller_server-4] [ERROR] [1782973623.211754926] [tf_help]: Transform data too old when converting from map to odom
[controller_server-4] [ERROR] [1782973623.211838384] [tf_help]: Data time: 1782973623s 24476516ns, Transform time: 1782973567s 101654000ns
[controller_server-4] [ERROR] [1782973623.263586469] [tf_help]: Transform data too old when converting from map to odom
[controller_server-4] [ERROR] [1782973623.263681093] [tf_help]: Data time: 1782973623s 24476516ns, Transform time: 1782973567s 101654000ns
[controller_server-4] [ERROR] [1782973623.312931265] [tf_help]: Transform data too old when converting from map to odom
[controller_server-4] [ERROR] [1782973623.313015348] [tf_help]: Data time: 1782973623s 24476516ns, Transform time: 1782973567s 101654000ns
[controller_server-4] [ERROR] [1782973623.362941102] [tf_help]: Transform data too old when converting from map to odom
[controller_server-4] [ERROR] [1782973623.363034185] [tf_help]: Data time: 1782973623s 24476516ns, Transform time: 1782973567s 101654000ns
[controller_server-4] [ERROR] [1782973623.411766691] [tf_help]: Transform data too old when converting from map to odom
[controller_server-4] [ERROR] [1782973623.411849691] [tf_help]: Data time: 1782973623s 24476516ns, Transform time: 1782973567s 101654000ns
[controller_server-4] [ERROR] [1782973623.462951859] [tf_help]: Transform data too old when converting from map to odom
[controller_server-4] [ERROR] [1782973623.463046317] [tf_help]: Data time: 1782973623s 24476516ns, Transform time: 1782973567s 101654000ns
[controller_server-4] [ERROR] [1782973623.512625863] [tf_help]: Transform data too old when converting from map to odom
[controller_server-4] [ERROR] [1782973623.512720030] [tf_help]: Data time: 1782973623s 24476516ns, Transform time: 1782973567s 101654000ns
[controller_server-4] [ERROR] [1782973623.561392869] [tf_help]: Transform data too old when converting from map to odom
[controller_server-4] [ERROR] [1782973623.561487660] [tf_help]: Data time: 1782973623s 24476516ns, Transform time: 1782973567s 101654000ns
[controller_server-4] [ERROR] [1782973623.612021455] [tf_help]: Transform data too old when converting from map to odom
[controller_server-4] [ERROR] [1782973623.612098705] [tf_help]: Data time: 1782973623s 24476516ns, Transform time: 1782973567s 101654000ns
[controller_server-4] [ERROR] [1782973623.664879704] [tf_help]: Transform data too old when converting from map to odom
[controller_server-4] [ERROR] [1782973623.664964620] [tf_help]: Data time: 1782973623s 24476516ns, Transform time: 1782973567s 101654000ns
[controller_server-4] [ERROR] [1782973623.713514668] [tf_help]: Transform data too old when converting from map to odom
[controller_server-4] [ERROR] [1782973623.713602001] [tf_help]: Data time: 1782973623s 24476516ns, Transform time: 1782973567s 101654000ns
[controller_server-4] [ERROR] [1782973623.764005546] [tf_help]: Transform data too old when converting from map to odom
[controller_server-4] [ERROR] [1782973623.764089171] [tf_help]: Data time: 1782973623s 24476516ns, Transform time: 1782973567s 101654000ns
[controller_server-4] [ERROR] [1782973623.811885844] [tf_help]: Transform data too old when converting from map to odom
[controller_server-4] [ERROR] [1782973623.811967469] [tf_help]: Data time: 1782973623s 24476516ns, Transform time: 1782973567s 101654000ns
[controller_server-4] [ERROR] [1782973623.862275597] [tf_help]: Transform data too old when converting from map to odom
[controller_server-4] [ERROR] [1782973623.862362556] [tf_help]: Data time: 1782973623s 24476516ns, Transform time: 1782973567s 101654000ns
[controller_server-4] [ERROR] [1782973623.911794727] [tf_help]: Transform data too old when converting from map to odom
[controller_server-4] [ERROR] [1782973623.911877977] [tf_help]: Data time: 1782973623s 24476516ns, Transform time: 1782973567s 101654000ns
[controller_server-4] [ERROR] [1782973623.963592644] [tf_help]: Transform data too old when converting from map to odom
[controller_server-4] [ERROR] [1782973623.963671019] [tf_help]: Data time: 1782973623s 24476516ns, Transform time: 1782973567s 101654000ns
[controller_server-4] [ERROR] [1782973624.011467693] [tf_help]: Transform data too old when converting from map to odom
[controller_server-4] [ERROR] [1782973624.011566318] [tf_help]: Data time: 1782973623s 24476516ns, Transform time: 1782973567s 101654000ns
[controller_server-4] [ERROR] [1782973624.063832693] [tf_help]: Transform data too old when converting from map to odom
[controller_server-4] [ERROR] [1782973624.063912984] [tf_help]: Data time: 1782973623s 24476516ns, Transform time: 1782973567s 101654000ns
[controller_server-4] [INFO] [1782973624.096867307] [controller_server]: Passing new path to controller.
[controller_server-4] [ERROR] [1782973624.115491069] [tf_help]: Transform data too old when converting from map to odom
[controller_server-4] [ERROR] [1782973624.115573277] [tf_help]: Data time: 1782973624s 53439793ns, Transform time: 1782973567s 101654000ns
[controller_server-4] [ERROR] [1782973624.163289659] [tf_help]: Transform data too old when converting from map to odom
[controller_server-4] [ERROR] [1782973624.163372451] [tf_help]: Data time: 1782973624s 53439793ns, Transform time: 1782973567s 101654000ns
[controller_server-4] [ERROR] [1782973624.211471708] [tf_help]: Transform data too old when converting from map to odom
[controller_server-4] [ERROR] [1782973624.211551541] [tf_help]: Data time: 1782973624s 53439793ns, Transform time: 1782973567s 101654000ns
[controller_server-4] [ERROR] [1782973624.261806752] [tf_help]: Transform data too old when converting from map to odom
[controller_server-4] [ERROR] [1782973624.261893169] [tf_help]: Data time: 1782973624s 53439793ns, Transform time: 1782973567s 101654000ns
[controller_server-4] [ERROR] [1782973624.312190797] [tf_help]: Transform data too old when converting from map to odom
[controller_server-4] [ERROR] [1782973624.312278255] [tf_help]: Data time: 1782973624s 53439793ns, Transform time: 1782973567s 101654000ns
[controller_server-4] [ERROR] [1782973624.363089674] [tf_help]: Transform data too old when converting from map to odom
[controller_server-4] [ERROR] [1782973624.363174966] [tf_help]: Data time: 1782973624s 53439793ns, Transform time: 1782973567s 101654000ns
[controller_server-4] [ERROR] [1782973624.413283219] [tf_help]: Transform data too old when converting from map to odom
[controller_server-4] [ERROR] [1782973624.413368344] [tf_help]: Data time: 1782973624s 53439793ns, Transform time: 1782973567s 101654000ns
[controller_server-4] [ERROR] [1782973624.461778559] [tf_help]: Transform data too old when converting from map to odom
[controller_server-4] [ERROR] [1782973624.461872433] [tf_help]: Data time: 1782973624s 53439793ns, Transform time: 1782973567s 101654000ns
[controller_server-4] [ERROR] [1782973624.511677562] [tf_help]: Transform data too old when converting from map to odom
[controller_server-4] [ERROR] [1782973624.511760312] [tf_help]: Data time: 1782973624s 53439793ns, Transform time: 1782973567s 101654000ns
[controller_server-4] [ERROR] [1782973624.562566690] [tf_help]: Transform data too old when converting from map to odom
[controller_server-4] [ERROR] [1782973624.562659398] [tf_help]: Data time: 1782973624s 53439793ns, Transform time: 1782973567s 101654000ns
[controller_server-4] [ERROR] [1782973624.615118398] [tf_help]: Transform data too old when converting from map to odom
[controller_server-4] [ERROR] [1782973624.615198397] [tf_help]: Data time: 1782973624s 53439793ns, Transform time: 1782973567s 101654000ns
[controller_server-4] [ERROR] [1782973624.663347779] [tf_help]: Transform data too old when converting from map to odom
[controller_server-4] [ERROR] [1782973624.663430446] [tf_help]: Data time: 1782973624s 53439793ns, Transform time: 1782973567s 101654000ns
[controller_server-4] [ERROR] [1782973624.712904742] [tf_help]: Transform data too old when converting from map to odom
[controller_server-4] [ERROR] [1782973624.712996450] [tf_help]: Data time: 1782973624s 53439793ns, Transform time: 1782973567s 101654000ns
[controller_server-4] [ERROR] [1782973624.761642622] [tf_help]: Transform data too old when converting from map to odom
[controller_server-4] [ERROR] [1782973624.761832789] [tf_help]: Data time: 1782973624s 53439793ns, Transform time: 1782973567s 101654000ns
[controller_server-4] [ERROR] [1782973624.812392375] [tf_help]: Transform data too old when converting from map to odom
[controller_server-4] [ERROR] [1782973624.812478625] [tf_help]: Data time: 1782973624s 53439793ns, Transform time: 1782973567s 101654000ns
[controller_server-4] [ERROR] [1782973624.863190335] [tf_help]: Transform data too old when converting from map to odom
[controller_server-4] [ERROR] [1782973624.863317044] [tf_help]: Data time: 1782973624s 53439793ns, Transform time: 1782973567s 101654000ns
[controller_server-4] [ERROR] [1782973624.911511633] [tf_help]: Transform data too old when converting from map to odom
[controller_server-4] [ERROR] [1782973624.911600550] [tf_help]: Data time: 1782973624s 53439793ns, Transform time: 1782973567s 101654000ns
[controller_server-4] [ERROR] [1782973624.961434971] [tf_help]: Transform data too old when converting from map to odom
[controller_server-4] [ERROR] [1782973624.961526762] [tf_help]: Data time: 1782973624s 53439793ns, Transform time: 1782973567s 101654000ns
[controller_server-4] [ERROR] [1782973625.011780432] [tf_help]: Transform data too old when converting from map to odom
[controller_server-4] [ERROR] [1782973625.011882598] [tf_help]: Data time: 1782973624s 53439793ns, Transform time: 1782973567s 101654000ns
[controller_server-4] [ERROR] [1782973625.062967725] [tf_help]: Transform data too old when converting from map to odom
[controller_server-4] [ERROR] [1782973625.063056059] [tf_help]: Data time: 1782973624s 53439793ns, Transform time: 1782973567s 101654000ns
[controller_server-4] [ERROR] [1782973625.112721229] [tf_help]: Transform data too old when converting from map to odom
[controller_server-4] [ERROR] [1782973625.112816896] [tf_help]: Data time: 1782973624s 53439793ns, Transform time: 1782973567s 101654000ns
[controller_server-4] [INFO] [1782973625.146872133] [controller_server]: Passing new path to controller.
[controller_server-4] [ERROR] [1782973625.163483482] [tf_help]: Transform data too old when converting from map to odom
[controller_server-4] [ERROR] [1782973625.163563232] [tf_help]: Data time: 1782973625s 83207277ns, Transform time: 1782973567s 101654000ns
[controller_server-4] [ERROR] [1782973625.212129113] [tf_help]: Transform data too old when converting from map to odom
[controller_server-4] [ERROR] [1782973625.212213071] [tf_help]: Data time: 1782973625s 83207277ns, Transform time: 1782973567s 101654000ns
[controller_server-4] [ERROR] [1782973625.262091200] [tf_help]: Transform data too old when converting from map to odom
[controller_server-4] [ERROR] [1782973625.262175325] [tf_help]: Data time: 1782973625s 83207277ns, Transform time: 1782973567s 101654000ns
[controller_server-4] [ERROR] [1782973625.313657368] [tf_help]: Transform data too old when converting from map to odom
[controller_server-4] [ERROR] [1782973625.313750242] [tf_help]: Data time: 1782973625s 83207277ns, Transform time: 1782973567s 101654000ns
[controller_server-4] [ERROR] [1782973625.362958164] [tf_help]: Transform data too old when converting from map to odom
[controller_server-4] [ERROR] [1782973625.363050622] [tf_help]: Data time: 1782973625s 83207277ns, Transform time: 1782973567s 101654000ns
[controller_server-4] [ERROR] [1782973625.412623168] [tf_help]: Transform data too old when converting from map to odom
[controller_server-4] [ERROR] [1782973625.412711876] [tf_help]: Data time: 1782973625s 83207277ns, Transform time: 1782973567s 101654000ns
[controller_server-4] [ERROR] [1782973625.463025088] [tf_help]: Transform data too old when converting from map to odom
[controller_server-4] [ERROR] [1782973625.463110754] [tf_help]: Data time: 1782973625s 83207277ns, Transform time: 1782973567s 101654000ns
[controller_server-4] [ERROR] [1782973625.512610051] [tf_help]: Transform data too old when converting from map to odom
[controller_server-4] [ERROR] [1782973625.512844550] [tf_help]: Data time: 1782973625s 83207277ns, Transform time: 1782973567s 101654000ns
[controller_server-4] [ERROR] [1782973625.563454511] [tf_help]: Transform data too old when converting from map to odom
[controller_server-4] [ERROR] [1782973625.563534053] [tf_help]: Data time: 1782973625s 83207277ns, Transform time: 1782973567s 101654000ns
[controller_server-4] [ERROR] [1782973625.612396642] [tf_help]: Transform data too old when converting from map to odom
[controller_server-4] [ERROR] [1782973625.612477558] [tf_help]: Data time: 1782973625s 83207277ns, Transform time: 1782973567s 101654000ns
[controller_server-4] [ERROR] [1782973625.661741021] [tf_help]: Transform data too old when converting from map to odom
[controller_server-4] [ERROR] [1782973625.664828933] [tf_help]: Data time: 1782973625s 83207277ns, Transform time: 1782973567s 101654000ns
[controller_server-4] [ERROR] [1782973625.711780567] [tf_help]: Transform data too old when converting from map to odom
[controller_server-4] [ERROR] [1782973625.711863900] [tf_help]: Data time: 1782973625s 83207277ns, Transform time: 1782973567s 101654000ns
[controller_server-4] [ERROR] [1782973625.763081235] [tf_help]: Transform data too old when converting from map to odom
[controller_server-4] [ERROR] [1782973625.763168026] [tf_help]: Data time: 1782973625s 83207277ns, Transform time: 1782973567s 101654000ns
[controller_server-4] [ERROR] [1782973625.812958947] [tf_help]: Transform data too old when converting from map to odom
[controller_server-4] [ERROR] [1782973625.813209572] [tf_help]: Data time: 1782973625s 83207277ns, Transform time: 1782973567s 101654000ns
[controller_server-4] [ERROR] [1782973625.862724368] [tf_help]: Transform data too old when converting from map to odom
[controller_server-4] [ERROR] [1782973625.862815326] [tf_help]: Data time: 1782973625s 83207277ns, Transform time: 1782973567s 101654000ns
[controller_server-4] [ERROR] [1782973625.913862453] [tf_help]: Transform data too old when converting from map to odom
[controller_server-4] [ERROR] [1782973625.913947869] [tf_help]: Data time: 1782973625s 83207277ns, Transform time: 1782973567s 101654000ns
[controller_server-4] [ERROR] [1782973625.961890876] [tf_help]: Transform data too old when converting from map to odom
[controller_server-4] [ERROR] [1782973625.961980668] [tf_help]: Data time: 1782973625s 83207277ns, Transform time: 1782973567s 101654000ns
[controller_server-4] [ERROR] [1782973626.014460501] [tf_help]: Transform data too old when converting from map to odom
[controller_server-4] [ERROR] [1782973626.014569751] [tf_help]: Data time: 1782973625s 83207277ns, Transform time: 1782973567s 101654000ns
[controller_server-4] [ERROR] [1782973626.061491134] [tf_help]: Transform data too old when converting from map to odom
[controller_server-4] [ERROR] [1782973626.061582093] [tf_help]: Data time: 1782973625s 83207277ns, Transform time: 1782973567s 101654000ns
[controller_server-4] [ERROR] [1782973626.113716760] [tf_help]: Transform data too old when converting from map to odom
[controller_server-4] [ERROR] [1782973626.116984379] [tf_help]: Data time: 1782973625s 83207277ns, Transform time: 1782973567s 101654000ns
[controller_server-4] [INFO] [1782973626.146868915] [controller_server]: Passing new path to controller.
[controller_server-4] [ERROR] [1782973626.163609763] [tf_help]: Transform data too old when converting from map to odom
[controller_server-4] [ERROR] [1782973626.163690597] [tf_help]: Data time: 1782973626s 114119884ns, Transform time: 1782973567s 101654000ns
[controller_server-4] [ERROR] [1782973626.213121059] [tf_help]: Transform data too old when converting from map to odom
[controller_server-4] [ERROR] [1782973626.213204268] [tf_help]: Data time: 1782973626s 114119884ns, Transform time: 1782973567s 101654000ns
[controller_server-4] [ERROR] [1782973626.261455441] [tf_help]: Transform data too old when converting from map to odom
[controller_server-4] [ERROR] [1782973626.261555649] [tf_help]: Data time: 1782973626s 114119884ns, Transform time: 1782973567s 101654000ns
[controller_server-4] [ERROR] [1782973626.311945027] [tf_help]: Transform data too old when converting from map to odom
[controller_server-4] [ERROR] [1782973626.312028569] [tf_help]: Data time: 1782973626s 114119884ns, Transform time: 1782973567s 101654000ns
[controller_server-4] [ERROR] [1782973626.363149487] [tf_help]: Transform data too old when converting from map to odom
[controller_server-4] [ERROR] [1782973626.363266570] [tf_help]: Data time: 1782973626s 114119884ns, Transform time: 1782973567s 101654000ns
[controller_server-4] [ERROR] [1782973626.413325907] [tf_help]: Transform data too old when converting from map to odom
[controller_server-4] [ERROR] [1782973626.413412782] [tf_help]: Data time: 1782973626s 114119884ns, Transform time: 1782973567s 101654000ns
[controller_server-4] [ERROR] [1782973626.462082871] [tf_help]: Transform data too old when converting from map to odom
[controller_server-4] [ERROR] [1782973626.462173913] [tf_help]: Data time: 1782973626s 114119884ns, Transform time: 1782973567s 101654000ns
[controller_server-4] [ERROR] [1782973626.514365246] [tf_help]: Transform data too old when converting from map to odom
[controller_server-4] [ERROR] [1782973626.514453538] [tf_help]: Data time: 1782973626s 114119884ns, Transform time: 1782973567s 101654000ns
[controller_server-4] [ERROR] [1782973626.562484045] [tf_help]: Transform data too old when converting from map to odom
[controller_server-4] [ERROR] [1782973626.565011957] [tf_help]: Data time: 1782973626s 114119884ns, Transform time: 1782973567s 101654000ns
[controller_server-4] [ERROR] [1782973626.614407879] [tf_help]: Transform data too old when converting from map to odom
[controller_server-4] [ERROR] [1782973626.614513753] [tf_help]: Data time: 1782973626s 114119884ns, Transform time: 1782973567s 101654000ns
[controller_server-4] [ERROR] [1782973626.661678262] [tf_help]: Transform data too old when converting from map to odom
[controller_server-4] [ERROR] [1782973626.664820590] [tf_help]: Data time: 1782973626s 114119884ns, Transform time: 1782973567s 101654000ns
[controller_server-4] [ERROR] [1782973626.712562306] [tf_help]: Transform data too old when converting from map to odom
[controller_server-4] [ERROR] [1782973626.712652055] [tf_help]: Data time: 1782973626s 114119884ns, Transform time: 1782973567s 101654000ns
[controller_server-4] [ERROR] [1782973626.762420143] [tf_help]: Transform data too old when converting from map to odom
[controller_server-4] [ERROR] [1782973626.762508809] [tf_help]: Data time: 1782973626s 114119884ns, Transform time: 1782973567s 101654000ns
[controller_server-4] [ERROR] [1782973626.812209522] [tf_help]: Transform data too old when converting from map to odom
[controller_server-4] [ERROR] [1782973626.812295188] [tf_help]: Data time: 1782973626s 114119884ns, Transform time: 1782973567s 101654000ns
[controller_server-4] [ERROR] [1782973626.861480152] [tf_help]: Transform data too old when converting from map to odom
[controller_server-4] [ERROR] [1782973626.864550480] [tf_help]: Data time: 1782973626s 114119884ns, Transform time: 1782973567s 101654000ns
[controller_server-4] [ERROR] [1782973626.913983401] [tf_help]: Transform data too old when converting from map to odom
[controller_server-4] [ERROR] [1782973626.914073360] [tf_help]: Data time: 1782973626s 114119884ns, Transform time: 1782973567s 101654000ns
[controller_server-4] [ERROR] [1782973626.961551784] [tf_help]: Transform data too old when converting from map to odom
[controller_server-4] [ERROR] [1782973626.961644742] [tf_help]: Data time: 1782973626s 114119884ns, Transform time: 1782973567s 101654000ns
[controller_server-4] [ERROR] [1782973627.015409406] [tf_help]: Transform data too old when converting from map to odom
[controller_server-4] [ERROR] [1782973627.015511906] [tf_help]: Data time: 1782973626s 114119884ns, Transform time: 1782973567s 101654000ns
[controller_server-4] [ERROR] [1782973627.062057957] [tf_help]: Transform data too old when converting from map to odom
[controller_server-4] [ERROR] [1782973627.065038744] [tf_help]: Data time: 1782973626s 114119884ns, Transform time: 1782973567s 101654000ns
[controller_server-4] [ERROR] [1782973627.114206707] [tf_help]: Transform data too old when converting from map to odom
[controller_server-4] [ERROR] [1782973627.114297916] [tf_help]: Data time: 1782973626s 114119884ns, Transform time: 1782973567s 101654000ns
[controller_server-4] [ERROR] [1782973627.162954421] [tf_help]: Transform data too old when converting from map to odom
[controller_server-4] [ERROR] [1782973627.163050838] [tf_help]: Data time: 1782973626s 114119884ns, Transform time: 1782973567s 101654000ns
[controller_server-4] [INFO] [1782973627.196865451] [controller_server]: Passing new path to controller.
[controller_server-4] [ERROR] [1782973627.213096383] [tf_help]: Transform data too old when converting from map to odom
[controller_server-4] [ERROR] [1782973627.213185966] [tf_help]: Data time: 1782973627s 143334369ns, Transform time: 1782973567s 101654000ns
[controller_server-4] [ERROR] [1782973627.261537931] [tf_help]: Transform data too old when converting from map to odom
[controller_server-4] [ERROR] [1782973627.261633348] [tf_help]: Data time: 1782973627s 143334369ns, Transform time: 1782973567s 101654000ns
[controller_server-4] [ERROR] [1782973627.312915641] [tf_help]: Transform data too old when converting from map to odom
[controller_server-4] [ERROR] [1782973627.312997474] [tf_help]: Data time: 1782973627s 143334369ns, Transform time: 1782973567s 101654000ns
[controller_server-4] [ERROR] [1782973627.361510814] [tf_help]: Transform data too old when converting from map to odom
[controller_server-4] [ERROR] [1782973627.361608397] [tf_help]: Data time: 1782973627s 143334369ns, Transform time: 1782973567s 101654000ns
[controller_server-4] [ERROR] [1782973627.411954483] [tf_help]: Transform data too old when converting from map to odom
[controller_server-4] [ERROR] [1782973627.412038441] [tf_help]: Data time: 1782973627s 143334369ns, Transform time: 1782973567s 101654000ns
[controller_server-4] [ERROR] [1782973627.462398945] [tf_help]: Transform data too old when converting from map to odom
[controller_server-4] [ERROR] [1782973627.462487903] [tf_help]: Data time: 1782973627s 143334369ns, Transform time: 1782973567s 101654000ns
[controller_server-4] [ERROR] [1782973627.511751741] [tf_help]: Transform data too old when converting from map to odom
[controller_server-4] [ERROR] [1782973627.511845574] [tf_help]: Data time: 1782973627s 143334369ns, Transform time: 1782973567s 101654000ns
[controller_server-4] [ERROR] [1782973627.562307619] [tf_help]: Transform data too old when converting from map to odom
[controller_server-4] [ERROR] [1782973627.562393869] [tf_help]: Data time: 1782973627s 143334369ns, Transform time: 1782973567s 101654000ns
[controller_server-4] [ERROR] [1782973627.612383914] [tf_help]: Transform data too old when converting from map to odom
[controller_server-4] [ERROR] [1782973627.612463872] [tf_help]: Data time: 1782973627s 143334369ns, Transform time: 1782973567s 101654000ns
[controller_server-4] [ERROR] [1782973627.663192208] [tf_help]: Transform data too old when converting from map to odom
[controller_server-4] [ERROR] [1782973627.663467916] [tf_help]: Data time: 1782973627s 143334369ns, Transform time: 1782973567s 101654000ns
[controller_server-4] [ERROR] [1782973627.713179670] [tf_help]: Transform data too old when converting from map to odom
[controller_server-4] [ERROR] [1782973627.713320087] [tf_help]: Data time: 1782973627s 143334369ns, Transform time: 1782973567s 101654000ns
[controller_server-4] [ERROR] [1782973627.763981298] [tf_help]: Transform data too old when converting from map to odom
[controller_server-4] [ERROR] [1782973627.764061464] [tf_help]: Data time: 1782973627s 143334369ns, Transform time: 1782973567s 101654000ns
[controller_server-4] [ERROR] [1782973627.812550012] [tf_help]: Transform data too old when converting from map to odom
[controller_server-4] [ERROR] [1782973627.812635637] [tf_help]: Data time: 1782973627s 143334369ns, Transform time: 1782973567s 101654000ns
[controller_server-4] [ERROR] [1782973627.861901308] [tf_help]: Transform data too old when converting from map to odom
[controller_server-4] [ERROR] [1782973627.861994850] [tf_help]: Data time: 1782973627s 143334369ns, Transform time: 1782973567s 101654000ns
[controller_server-4] [ERROR] [1782973627.912550519] [tf_help]: Transform data too old when converting from map to odom
[controller_server-4] [ERROR] [1782973627.912637686] [tf_help]: Data time: 1782973627s 143334369ns, Transform time: 1782973567s 101654000ns
[controller_server-4] [ERROR] [1782973627.961374150] [tf_help]: Transform data too old when converting from map to odom
[controller_server-4] [ERROR] [1782973627.964159729] [tf_help]: Data time: 1782973627s 143334369ns, Transform time: 1782973567s 101654000ns
[controller_server-4] [ERROR] [1782973628.011813194] [tf_help]: Transform data too old when converting from map to odom
[controller_server-4] [ERROR] [1782973628.011913111] [tf_help]: Data time: 1782973627s 143334369ns, Transform time: 1782973567s 101654000ns
[controller_server-4] [ERROR] [1782973628.062264114] [tf_help]: Transform data too old when converting from map to odom
[controller_server-4] [ERROR] [1782973628.062362906] [tf_help]: Data time: 1782973627s 143334369ns, Transform time: 1782973567s 101654000ns
[controller_server-4] [ERROR] [1782973628.113190408] [tf_help]: Transform data too old when converting from map to odom
[controller_server-4] [ERROR] [1782973628.113307908] [tf_help]: Data time: 1782973627s 143334369ns, Transform time: 1782973567s 101654000ns
[controller_server-4] [ERROR] [1782973628.162556163] [tf_help]: Transform data too old when converting from map to odom
[controller_server-4] [ERROR] [1782973628.162649371] [tf_help]: Data time: 1782973627s 143334369ns, Transform time: 1782973567s 101654000ns
[controller_server-4] [INFO] [1782973628.196882108] [controller_server]: Passing new path to controller.
[controller_server-4] [ERROR] [1782973628.213775290] [tf_help]: Transform data too old when converting from map to odom
[controller_server-4] [ERROR] [1782973628.216659993] [tf_help]: Data time: 1782973628s 173234187ns, Transform time: 1782973567s 101654000ns
[controller_server-4] [ERROR] [1782973628.261617213] [tf_help]: Transform data too old when converting from map to odom
[controller_server-4] [ERROR] [1782973628.261710380] [tf_help]: Data time: 1782973628s 173234187ns, Transform time: 1782973567s 101654000ns
[controller_server-4] [ERROR] [1782973628.312785799] [tf_help]: Transform data too old when converting from map to odom
[controller_server-4] [ERROR] [1782973628.312877340] [tf_help]: Data time: 1782973628s 173234187ns, Transform time: 1782973567s 101654000ns
[controller_server-4] [ERROR] [1782973628.363781342] [tf_help]: Transform data too old when converting from map to odom
[controller_server-4] [ERROR] [1782973628.363866842] [tf_help]: Data time: 1782973628s 173234187ns, Transform time: 1782973567s 101654000ns
[controller_server-4] [ERROR] [1782973628.413014556] [tf_help]: Transform data too old when converting from map to odom
[controller_server-4] [ERROR] [1782973628.413102639] [tf_help]: Data time: 1782973628s 173234187ns, Transform time: 1782973567s 101654000ns
[controller_server-4] [ERROR] [1782973628.463134268] [tf_help]: Transform data too old when converting from map to odom
[controller_server-4] [ERROR] [1782973628.463477684] [tf_help]: Data time: 1782973628s 173234187ns, Transform time: 1782973567s 101654000ns
[controller_server-4] [ERROR] [1782973628.513133396] [tf_help]: Transform data too old when converting from map to odom
[controller_server-4] [ERROR] [1782973628.513220229] [tf_help]: Data time: 1782973628s 173234187ns, Transform time: 1782973567s 101654000ns
[controller_server-4] [ERROR] [1782973628.563201358] [tf_help]: Transform data too old when converting from map to odom
[controller_server-4] [ERROR] [1782973628.563309816] [tf_help]: Data time: 1782973628s 173234187ns, Transform time: 1782973567s 101654000ns
[controller_server-4] [ERROR] [1782973628.611642948] [tf_help]: Transform data too old when converting from map to odom
[controller_server-4] [ERROR] [1782973628.611724823] [tf_help]: Data time: 1782973628s 173234187ns, Transform time: 1782973567s 101654000ns
[controller_server-4] [ERROR] [1782973628.663967573] [tf_help]: Transform data too old when converting from map to odom
[controller_server-4] [ERROR] [1782973628.664046698] [tf_help]: Data time: 1782973628s 173234187ns, Transform time: 1782973567s 101654000ns
[controller_server-4] [ERROR] [1782973628.715810699] [tf_help]: Transform data too old when converting from map to odom
[controller_server-4] [ERROR] [1782973628.715895490] [tf_help]: Data time: 1782973628s 173234187ns, Transform time: 1782973567s 101654000ns
[controller_server-4] [ERROR] [1782973628.762270083] [tf_help]: Transform data too old when converting from map to odom
[controller_server-4] [ERROR] [1782973628.762360791] [tf_help]: Data time: 1782973628s 173234187ns, Transform time: 1782973567s 101654000ns
[controller_server-4] [ERROR] [1782973628.813562293] [tf_help]: Transform data too old when converting from map to odom
[controller_server-4] [ERROR] [1782973628.813653918] [tf_help]: Data time: 1782973628s 173234187ns, Transform time: 1782973567s 101654000ns
[controller_server-4] [ERROR] [1782973628.862197632] [tf_help]: Transform data too old when converting from map to odom
[controller_server-4] [ERROR] [1782973628.862291424] [tf_help]: Data time: 1782973628s 173234187ns, Transform time: 1782973567s 101654000ns
[controller_server-4] [ERROR] [1782973628.913413842] [tf_help]: Transform data too old when converting from map to odom
[controller_server-4] [ERROR] [1782973628.913497759] [tf_help]: Data time: 1782973628s 173234187ns, Transform time: 1782973567s 101654000ns
[controller_server-4] [ERROR] [1782973628.962744555] [tf_help]: Transform data too old when converting from map to odom
[controller_server-4] [ERROR] [1782973628.962837014] [tf_help]: Data time: 1782973628s 173234187ns, Transform time: 1782973567s 101654000ns
[controller_server-4] [ERROR] [1782973629.013202975] [tf_help]: Transform data too old when converting from map to odom
[controller_server-4] [ERROR] [1782973629.013334266] [tf_help]: Data time: 1782973628s 173234187ns, Transform time: 1782973567s 101654000ns
[controller_server-4] [ERROR] [1782973629.062331147] [tf_help]: Transform data too old when converting from map to odom
[controller_server-4] [ERROR] [1782973629.062425272] [tf_help]: Data time: 1782973628s 173234187ns, Transform time: 1782973567s 101654000ns
[controller_server-4] [ERROR] [1782973629.113079483] [tf_help]: Transform data too old when converting from map to odom
[controller_server-4] [ERROR] [1782973629.113166191] [tf_help]: Data time: 1782973628s 173234187ns, Transform time: 1782973567s 101654000ns
[controller_server-4] [ERROR] [1782973629.163121695] [tf_help]: Transform data too old when converting from map to odom
[controller_server-4] [ERROR] [1782973629.166030023] [tf_help]: Data time: 1782973628s 173234187ns, Transform time: 1782973567s 101654000ns
[controller_server-4] [ERROR] [1782973629.214106530] [tf_help]: Transform data too old when converting from map to odom
[controller_server-4] [ERROR] [1782973629.217153859] [tf_help]: Data time: 1782973628s 173234187ns, Transform time: 1782973567s 101654000ns
[controller_server-4] [INFO] [1782973629.246879145] [controller_server]: Passing new path to controller.
[controller_server-4] [ERROR] [1782973629.264275492] [tf_help]: Transform data too old when converting from map to odom
[controller_server-4] [ERROR] [1782973629.264361158] [tf_help]: Data time: 1782973629s 204439837ns, Transform time: 1782973567s 101654000ns
[controller_server-4] [ERROR] [1782973629.312100874] [tf_help]: Transform data too old when converting from map to odom
[controller_server-4] [ERROR] [1782973629.312187291] [tf_help]: Data time: 1782973629s 204439837ns, Transform time: 1782973567s 101654000ns
[controller_server-4] [ERROR] [1782973629.362886377] [tf_help]: Transform data too old when converting from map to odom
[controller_server-4] [ERROR] [1782973629.362976168] [tf_help]: Data time: 1782973629s 204439837ns, Transform time: 1782973567s 101654000ns
[controller_server-4] [ERROR] [1782973629.411958007] [tf_help]: Transform data too old when converting from map to odom
[controller_server-4] [ERROR] [1782973629.412038548] [tf_help]: Data time: 1782973629s 204439837ns, Transform time: 1782973567s 101654000ns
[controller_server-4] [ERROR] [1782973629.462683884] [tf_help]: Transform data too old when converting from map to odom
[controller_server-4] [ERROR] [1782973629.465178589] [tf_help]: Data time: 1782973629s 204439837ns, Transform time: 1782973567s 101654000ns
[controller_server-4] [ERROR] [1782973629.512681347] [tf_help]: Transform data too old when converting from map to odom
[controller_server-4] [ERROR] [1782973629.512772096] [tf_help]: Data time: 1782973629s 204439837ns, Transform time: 1782973567s 101654000ns
[controller_server-4] [ERROR] [1782973629.563449932] [tf_help]: Transform data too old when converting from map to odom
[controller_server-4] [ERROR] [1782973629.563533266] [tf_help]: Data time: 1782973629s 204439837ns, Transform time: 1782973567s 101654000ns
[controller_server-4] [ERROR] [1782973629.611465481] [tf_help]: Transform data too old when converting from map to odom
[controller_server-4] [ERROR] [1782973629.611548481] [tf_help]: Data time: 1782973629s 204439837ns, Transform time: 1782973567s 101654000ns
[controller_server-4] [ERROR] [1782973629.663015441] [tf_help]: Transform data too old when converting from map to odom
[controller_server-4] [ERROR] [1782973629.663102315] [tf_help]: Data time: 1782973629s 204439837ns, Transform time: 1782973567s 101654000ns
[controller_server-4] [ERROR] [1782973629.712837195] [tf_help]: Transform data too old when converting from map to odom
[controller_server-4] [ERROR] [1782973629.712923819] [tf_help]: Data time: 1782973629s 204439837ns, Transform time: 1782973567s 101654000ns
[controller_server-4] [ERROR] [1782973629.761431659] [tf_help]: Transform data too old when converting from map to odom
[controller_server-4] [ERROR] [1782973629.761526617] [tf_help]: Data time: 1782973629s 204439837ns, Transform time: 1782973567s 101654000ns
[controller_server-4] [ERROR] [1782973629.812454661] [tf_help]: Transform data too old when converting from map to odom
[controller_server-4] [ERROR] [1782973629.812535953] [tf_help]: Data time: 1782973629s 204439837ns, Transform time: 1782973567s 101654000ns
[controller_server-4] [ERROR] [1782973629.863219914] [tf_help]: Transform data too old when converting from map to odom
[controller_server-4] [ERROR] [1782973629.863332455] [tf_help]: Data time: 1782973629s 204439837ns, Transform time: 1782973567s 101654000ns
[controller_server-4] [ERROR] [1782973629.911581545] [tf_help]: Transform data too old when converting from map to odom
[controller_server-4] [ERROR] [1782973629.911671003] [tf_help]: Data time: 1782973629s 204439837ns, Transform time: 1782973567s 101654000ns
[controller_server-4] [ERROR] [1782973629.963545670] [tf_help]: Transform data too old when converting from map to odom
[controller_server-4] [ERROR] [1782973629.963629129] [tf_help]: Data time: 1782973629s 204439837ns, Transform time: 1782973567s 101654000ns
[controller_server-4] [ERROR] [1782973630.012700384] [tf_help]: Transform data too old when converting from map to odom
[controller_server-4] [ERROR] [1782973630.012810884] [tf_help]: Data time: 1782973629s 204439837ns, Transform time: 1782973567s 101654000ns
[controller_server-4] [ERROR] [1782973630.062002472] [tf_help]: Transform data too old when converting from map to odom
[controller_server-4] [ERROR] [1782973630.062095972] [tf_help]: Data time: 1782973629s 204439837ns, Transform time: 1782973567s 101654000ns
[controller_server-4] [ERROR] [1782973630.113163182] [tf_help]: Transform data too old when converting from map to odom
[controller_server-4] [ERROR] [1782973630.113359849] [tf_help]: Data time: 1782973629s 204439837ns, Transform time: 1782973567s 101654000ns
[controller_server-4] [ERROR] [1782973630.162516979] [tf_help]: Transform data too old when converting from map to odom
[controller_server-4] [ERROR] [1782973630.162610020] [tf_help]: Data time: 1782973629s 204439837ns, Transform time: 1782973567s 101654000ns
[controller_server-4] [ERROR] [1782973630.214456521] [tf_help]: Transform data too old when converting from map to odom
[controller_server-4] [ERROR] [1782973630.214549729] [tf_help]: Data time: 1782973629s 204439837ns, Transform time: 1782973567s 101654000ns
[controller_server-4] [ERROR] [1782973630.262629319] [tf_help]: Transform data too old when converting from map to odom
[controller_server-4] [ERROR] [1782973630.262725444] [tf_help]: Data time: 1782973629s 204439837ns, Transform time: 1782973567s 101654000ns
[controller_server-4] [INFO] [1782973630.296870307] [controller_server]: Passing new path to controller.
[controller_server-4] [ERROR] [1782973630.312744031] [tf_help]: Transform data too old when converting from map to odom
[controller_server-4] [ERROR] [1782973630.312834698] [tf_help]: Data time: 1782973630s 233287908ns, Transform time: 1782973567s 101654000ns
[controller_server-4] [ERROR] [1782973630.362809868] [tf_help]: Transform data too old when converting from map to odom
[controller_server-4] [ERROR] [1782973630.362904952] [tf_help]: Data time: 1782973630s 233287908ns, Transform time: 1782973567s 101654000ns
[controller_server-4] [ERROR] [1782973630.413738996] [tf_help]: Transform data too old when converting from map to odom
[controller_server-4] [ERROR] [1782973630.416411825] [tf_help]: Data time: 1782973630s 233287908ns, Transform time: 1782973567s 101654000ns
[controller_server-4] [ERROR] [1782973630.463112000] [tf_help]: Transform data too old when converting from map to odom
[controller_server-4] [ERROR] [1782973630.463377542] [tf_help]: Data time: 1782973630s 233287908ns, Transform time: 1782973567s 101654000ns
[controller_server-4] [ERROR] [1782973630.511552257] [tf_help]: Transform data too old when converting from map to odom
[controller_server-4] [ERROR] [1782973630.511634423] [tf_help]: Data time: 1782973630s 233287908ns, Transform time: 1782973567s 101654000ns
[controller_server-4] [ERROR] [1782973630.562794800] [tf_help]: Transform data too old when converting from map to odom
[controller_server-4] [ERROR] [1782973630.562881675] [tf_help]: Data time: 1782973630s 233287908ns, Transform time: 1782973567s 101654000ns
[controller_server-4] [ERROR] [1782973630.612427388] [tf_help]: Transform data too old when converting from map to odom
[controller_server-4] [ERROR] [1782973630.612508638] [tf_help]: Data time: 1782973630s 233287908ns, Transform time: 1782973567s 101654000ns
[controller_server-4] [ERROR] [1782973630.662986141] [tf_help]: Transform data too old when converting from map to odom
[controller_server-4] [ERROR] [1782973630.663073474] [tf_help]: Data time: 1782973630s 233287908ns, Transform time: 1782973567s 101654000ns
[controller_server-4] [ERROR] [1782973630.711467897] [tf_help]: Transform data too old when converting from map to odom
[controller_server-4] [ERROR] [1782973630.711558063] [tf_help]: Data time: 1782973630s 233287908ns, Transform time: 1782973567s 101654000ns
[controller_server-4] [ERROR] [1782973630.761522650] [tf_help]: Transform data too old when converting from map to odom
[controller_server-4] [ERROR] [1782973630.761617275] [tf_help]: Data time: 1782973630s 233287908ns, Transform time: 1782973567s 101654000ns
[controller_server-4] [ERROR] [1782973630.811417446] [tf_help]: Transform data too old when converting from map to odom
[controller_server-4] [ERROR] [1782973630.811503279] [tf_help]: Data time: 1782973630s 233287908ns, Transform time: 1782973567s 101654000ns
[controller_server-4] [ERROR] [1782973630.861488241] [tf_help]: Transform data too old when converting from map to odom
[controller_server-4] [ERROR] [1782973630.864542236] [tf_help]: Data time: 1782973630s 233287908ns, Transform time: 1782973567s 101654000ns
[controller_server-4] [ERROR] [1782973630.911527495] [tf_help]: Transform data too old when converting from map to odom
[controller_server-4] [ERROR] [1782973630.911617453] [tf_help]: Data time: 1782973630s 233287908ns, Transform time: 1782973567s 101654000ns
[controller_server-4] [ERROR] [1782973630.962676997] [tf_help]: Transform data too old when converting from map to odom
[controller_server-4] [ERROR] [1782973630.962763330] [tf_help]: Data time: 1782973630s 233287908ns, Transform time: 1782973567s 101654000ns
[controller_server-4] [ERROR] [1782973631.012414168] [tf_help]: Transform data too old when converting from map to odom
[controller_server-4] [ERROR] [1782973631.012517834] [tf_help]: Data time: 1782973630s 233287908ns, Transform time: 1782973567s 101654000ns
[controller_server-4] [ERROR] [1782973631.064145502] [tf_help]: Transform data too old when converting from map to odom
[controller_server-4] [ERROR] [1782973631.064225919] [tf_help]: Data time: 1782973630s 233287908ns, Transform time: 1782973567s 101654000ns
[controller_server-4] [ERROR] [1782973631.112491925] [tf_help]: Transform data too old when converting from map to odom
[controller_server-4] [ERROR] [1782973631.112574217] [tf_help]: Data time: 1782973630s 233287908ns, Transform time: 1782973567s 101654000ns
[controller_server-4] [ERROR] [1782973631.162584804] [tf_help]: Transform data too old when converting from map to odom
[controller_server-4] [ERROR] [1782973631.162676595] [tf_help]: Data time: 1782973630s 233287908ns, Transform time: 1782973567s 101654000ns
[controller_server-4] [ERROR] [1782973631.212235017] [tf_help]: Transform data too old when converting from map to odom
[controller_server-4] [ERROR] [1782973631.212321683] [tf_help]: Data time: 1782973630s 233287908ns, Transform time: 1782973567s 101654000ns
[controller_server-4] [ERROR] [1782973631.263637685] [tf_help]: Transform data too old when converting from map to odom
[controller_server-4] [ERROR] [1782973631.263725351] [tf_help]: Data time: 1782973630s 233287908ns, Transform time: 1782973567s 101654000ns
[controller_server-4] [INFO] [1782973631.296860424] [controller_server]: Passing new path to controller.
[controller_server-4] [ERROR] [1782973631.312360232] [tf_help]: Transform data too old when converting from map to odom
[controller_server-4] [ERROR] [1782973631.312445482] [tf_help]: Data time: 1782973631s 263805726ns, Transform time: 1782973567s 101654000ns
[controller_server-4] [ERROR] [1782973631.364128817] [tf_help]: Transform data too old when converting from map to odom
[controller_server-4] [ERROR] [1782973631.364211691] [tf_help]: Data time: 1782973631s 263805726ns, Transform time: 1782973567s 101654000ns
[controller_server-4] [ERROR] [1782973631.411625616] [tf_help]: Transform data too old when converting from map to odom
[controller_server-4] [ERROR] [1782973631.411705907] [tf_help]: Data time: 1782973631s 263805726ns, Transform time: 1782973567s 101654000ns
[controller_server-4] [ERROR] [1782973631.463055451] [tf_help]: Transform data too old when converting from map to odom
[controller_server-4] [ERROR] [1782973631.463145909] [tf_help]: Data time: 1782973631s 263805726ns, Transform time: 1782973567s 101654000ns
[controller_server-4] [ERROR] [1782973631.513411454] [tf_help]: Transform data too old when converting from map to odom
[controller_server-4] [ERROR] [1782973631.513498412] [tf_help]: Data time: 1782973631s 263805726ns, Transform time: 1782973567s 101654000ns
[controller_server-4] [ERROR] [1782973631.564154832] [tf_help]: Transform data too old when converting from map to odom
[controller_server-4] [ERROR] [1782973631.564235831] [tf_help]: Data time: 1782973631s 263805726ns, Transform time: 1782973567s 101654000ns
[controller_server-4] [ERROR] [1782973631.611535381] [tf_help]: Transform data too old when converting from map to odom
[controller_server-4] [ERROR] [1782973631.611617881] [tf_help]: Data time: 1782973631s 263805726ns, Transform time: 1782973567s 101654000ns
[controller_server-4] [ERROR] [1782973631.662567467] [tf_help]: Transform data too old when converting from map to odom
[controller_server-4] [ERROR] [1782973631.662656967] [tf_help]: Data time: 1782973631s 263805726ns, Transform time: 1782973567s 101654000ns
[controller_server-4] [ERROR] [1782973631.711543930] [tf_help]: Transform data too old when converting from map to odom
[controller_server-4] [ERROR] [1782973631.711629347] [tf_help]: Data time: 1782973631s 263805726ns, Transform time: 1782973567s 101654000ns
[controller_server-4] [ERROR] [1782973631.762729141] [tf_help]: Transform data too old when converting from map to odom
[controller_server-4] [ERROR] [1782973631.762824932] [tf_help]: Data time: 1782973631s 263805726ns, Transform time: 1782973567s 101654000ns
[controller_server-4] [ERROR] [1782973631.812052395] [tf_help]: Transform data too old when converting from map to odom
[controller_server-4] [ERROR] [1782973631.812133770] [tf_help]: Data time: 1782973631s 263805726ns, Transform time: 1782973567s 101654000ns
[controller_server-4] [ERROR] [1782973631.863023356] [tf_help]: Transform data too old when converting from map to odom
[controller_server-4] [ERROR] [1782973631.863112814] [tf_help]: Data time: 1782973631s 263805726ns, Transform time: 1782973567s 101654000ns
[controller_server-4] [ERROR] [1782973631.913403318] [tf_help]: Transform data too old when converting from map to odom
[controller_server-4] [ERROR] [1782973631.913490817] [tf_help]: Data time: 1782973631s 263805726ns, Transform time: 1782973567s 101654000ns
[controller_server-4] [ERROR] [1782973631.961412491] [tf_help]: Transform data too old when converting from map to odom
[controller_server-4] [ERROR] [1782973631.961510866] [tf_help]: Data time: 1782973631s 263805726ns, Transform time: 1782973567s 101654000ns
[controller_server-4] [ERROR] [1782973632.011475745] [tf_help]: Transform data too old when converting from map to odom
[controller_server-4] [ERROR] [1782973632.011576995] [tf_help]: Data time: 1782973631s 263805726ns, Transform time: 1782973567s 101654000ns
[controller_server-4] [ERROR] [1782973632.064745952] [tf_help]: Transform data too old when converting from map to odom
[controller_server-4] [ERROR] [1782973632.064826952] [tf_help]: Data time: 1782973631s 263805726ns, Transform time: 1782973567s 101654000ns
[controller_server-4] [ERROR] [1782973632.115176747] [tf_help]: Transform data too old when converting from map to odom
[controller_server-4] [ERROR] [1782973632.115610079] [tf_help]: Data time: 1782973631s 263805726ns, Transform time: 1782973567s 101654000ns
[controller_server-4] [ERROR] [1782973632.162750463] [tf_help]: Transform data too old when converting from map to odom
[controller_server-4] [ERROR] [1782973632.162840879] [tf_help]: Data time: 1782973631s 263805726ns, Transform time: 1782973567s 101654000ns
[controller_server-4] [ERROR] [1782973632.215817586] [tf_help]: Transform data too old when converting from map to odom
[controller_server-4] [ERROR] [1782973632.215895336] [tf_help]: Data time: 1782973631s 263805726ns, Transform time: 1782973567s 101654000ns
[controller_server-4] [ERROR] [1782973632.263049178] [tf_help]: Transform data too old when converting from map to odom
[controller_server-4] [ERROR] [1782973632.263133303] [tf_help]: Data time: 1782973631s 263805726ns, Transform time: 1782973567s 101654000ns
[controller_server-4] [ERROR] [1782973632.312371891] [tf_help]: Transform data too old when converting from map to odom
[controller_server-4] [ERROR] [1782973632.312467849] [tf_help]: Data time: 1782973631s 263805726ns, Transform time: 1782973567s 101654000ns
[controller_server-4] [INFO] [1782973632.346882753] [controller_server]: Passing new path to controller.
[controller_server-4] [ERROR] [1782973632.364182392] [tf_help]: Transform data too old when converting from map to odom
[controller_server-4] [ERROR] [1782973632.364262350] [tf_help]: Data time: 1782973632s 293418255ns, Transform time: 1782973567s 101654000ns
[controller_server-4] [ERROR] [1782973632.411508400] [tf_help]: Transform data too old when converting from map to odom
[controller_server-4] [ERROR] [1782973632.411594067] [tf_help]: Data time: 1782973632s 293418255ns, Transform time: 1782973567s 101654000ns
[controller_server-4] [ERROR] [1782973632.461476196] [tf_help]: Transform data too old when converting from map to odom
[controller_server-4] [ERROR] [1782973632.461575612] [tf_help]: Data time: 1782973632s 293418255ns, Transform time: 1782973567s 101654000ns
[controller_server-4] [ERROR] [1782973632.512407865] [tf_help]: Transform data too old when converting from map to odom
[controller_server-4] [ERROR] [1782973632.512494823] [tf_help]: Data time: 1782973632s 293418255ns, Transform time: 1782973567s 101654000ns
[controller_server-4] [ERROR] [1782973632.562872368] [tf_help]: Transform data too old when converting from map to odom
[controller_server-4] [ERROR] [1782973632.562964576] [tf_help]: Data time: 1782973632s 293418255ns, Transform time: 1782973567s 101654000ns
[controller_server-4] [ERROR] [1782973632.614459202] [tf_help]: Transform data too old when converting from map to odom
[controller_server-4] [ERROR] [1782973632.614546285] [tf_help]: Data time: 1782973632s 293418255ns, Transform time: 1782973567s 101654000ns
[controller_server-4] [ERROR] [1782973632.662643917] [tf_help]: Transform data too old when converting from map to odom
[controller_server-4] [ERROR] [1782973632.662733209] [tf_help]: Data time: 1782973632s 293418255ns, Transform time: 1782973567s 101654000ns
[controller_server-4] [ERROR] [1782973632.711865297] [tf_help]: Transform data too old when converting from map to odom
[controller_server-4] [ERROR] [1782973632.711950422] [tf_help]: Data time: 1782973632s 293418255ns, Transform time: 1782973567s 101654000ns
[controller_server-4] [ERROR] [1782973632.762769966] [tf_help]: Transform data too old when converting from map to odom
[controller_server-4] [ERROR] [1782973632.762868425] [tf_help]: Data time: 1782973632s 293418255ns, Transform time: 1782973567s 101654000ns
[controller_server-4] [ERROR] [1782973632.811476847] [tf_help]: Transform data too old when converting from map to odom
[controller_server-4] [ERROR] [1782973632.811562180] [tf_help]: Data time: 1782973632s 293418255ns, Transform time: 1782973567s 101654000ns
[controller_server-4] [ERROR] [1782973632.862966557] [tf_help]: Transform data too old when converting from map to odom
[controller_server-4] [ERROR] [1782973632.863056349] [tf_help]: Data time: 1782973632s 293418255ns, Transform time: 1782973567s 101654000ns
[controller_server-4] [ERROR] [1782973632.913420018] [tf_help]: Transform data too old when converting from map to odom
[controller_server-4] [ERROR] [1782973632.913504643] [tf_help]: Data time: 1782973632s 293418255ns, Transform time: 1782973567s 101654000ns
[controller_server-4] [ERROR] [1782973632.963197189] [tf_help]: Transform data too old when converting from map to odom
[controller_server-4] [ERROR] [1782973632.963307397] [tf_help]: Data time: 1782973632s 293418255ns, Transform time: 1782973567s 101654000ns
[controller_server-4] [ERROR] [1782973633.011735279] [tf_help]: Transform data too old when converting from map to odom
[controller_server-4] [ERROR] [1782973633.011833945] [tf_help]: Data time: 1782973632s 293418255ns, Transform time: 1782973567s 101654000ns
[controller_server-4] [ERROR] [1782973633.062227907] [tf_help]: Transform data too old when converting from map to odom
[controller_server-4] [ERROR] [1782973633.062317740] [tf_help]: Data time: 1782973632s 293418255ns, Transform time: 1782973567s 101654000ns
[controller_server-4] [ERROR] [1782973633.113039826] [tf_help]: Transform data too old when converting from map to odom
[controller_server-4] [ERROR] [1782973633.113129242] [tf_help]: Data time: 1782973632s 293418255ns, Transform time: 1782973567s 101654000ns
[controller_server-4] [ERROR] [1782973633.161663415] [tf_help]: Transform data too old when converting from map to odom
[controller_server-4] [ERROR] [1782973633.161764415] [tf_help]: Data time: 1782973632s 293418255ns, Transform time: 1782973567s 101654000ns
[controller_server-4] [ERROR] [1782973633.214025290] [tf_help]: Transform data too old when converting from map to odom
[controller_server-4] [ERROR] [1782973633.216956036] [tf_help]: Data time: 1782973632s 293418255ns, Transform time: 1782973567s 101654000ns
[controller_server-4] [ERROR] [1782973633.264505918] [tf_help]: Transform data too old when converting from map to odom
[controller_server-4] [ERROR] [1782973633.268311412] [tf_help]: Data time: 1782973632s 293418255ns, Transform time: 1782973567s 101654000ns
[controller_server-4] [ERROR] [1782973633.312119884] [tf_help]: Transform data too old when converting from map to odom
[controller_server-4] [ERROR] [1782973633.312207259] [tf_help]: Data time: 1782973632s 293418255ns, Transform time: 1782973567s 101654000ns
[controller_server-4] [INFO] [1782973633.346860287] [controller_server]: Passing new path to controller.
[controller_server-4] [ERROR] [1782973633.364889675] [tf_help]: Transform data too old when converting from map to odom
[controller_server-4] [ERROR] [1782973633.364976009] [tf_help]: Data time: 1782973633s 323348741ns, Transform time: 1782973567s 101654000ns
[controller_server-4] [ERROR] [1782973633.415197054] [tf_help]: Transform data too old when converting from map to odom
[controller_server-4] [ERROR] [1782973633.415284220] [tf_help]: Data time: 1782973633s 323348741ns, Transform time: 1782973567s 101654000ns
[controller_server-4] [ERROR] [1782973633.463833476] [tf_help]: Transform data too old when converting from map to odom
[controller_server-4] [ERROR] [1782973633.463914435] [tf_help]: Data time: 1782973633s 323348741ns, Transform time: 1782973567s 101654000ns
[controller_server-4] [ERROR] [1782973633.513758897] [tf_help]: Transform data too old when converting from map to odom
[controller_server-4] [ERROR] [1782973633.516900392] [tf_help]: Data time: 1782973633s 323348741ns, Transform time: 1782973567s 101654000ns
[controller_server-4] [ERROR] [1782973633.563106318] [tf_help]: Transform data too old when converting from map to odom
[controller_server-4] [ERROR] [1782973633.563191693] [tf_help]: Data time: 1782973633s 323348741ns, Transform time: 1782973567s 101654000ns
[controller_server-4] [ERROR] [1782973633.613022406] [tf_help]: Transform data too old when converting from map to odom
[controller_server-4] [ERROR] [1782973633.613192739] [tf_help]: Data time: 1782973633s 323348741ns, Transform time: 1782973567s 101654000ns
[controller_server-4] [ERROR] [1782973633.663305742] [tf_help]: Transform data too old when converting from map to odom
[controller_server-4] [ERROR] [1782973633.663390784] [tf_help]: Data time: 1782973633s 323348741ns, Transform time: 1782973567s 101654000ns
[controller_server-4] [ERROR] [1782973633.712422581] [tf_help]: Transform data too old when converting from map to odom
[controller_server-4] [ERROR] [1782973633.712514539] [tf_help]: Data time: 1782973633s 323348741ns, Transform time: 1782973567s 101654000ns
[controller_server-4] [ERROR] [1782973633.763554875] [tf_help]: Transform data too old when converting from map to odom
[controller_server-4] [ERROR] [1782973633.763636791] [tf_help]: Data time: 1782973633s 323348741ns, Transform time: 1782973567s 101654000ns
[controller_server-4] [ERROR] [1782973633.813998086] [tf_help]: Transform data too old when converting from map to odom
[controller_server-4] [ERROR] [1782973633.814081003] [tf_help]: Data time: 1782973633s 323348741ns, Transform time: 1782973567s 101654000ns
[controller_server-4] [ERROR] [1782973633.865106838] [tf_help]: Transform data too old when converting from map to odom
[controller_server-4] [ERROR] [1782973633.865187255] [tf_help]: Data time: 1782973633s 323348741ns, Transform time: 1782973567s 101654000ns
[controller_server-4] [ERROR] [1782973633.913441220] [tf_help]: Transform data too old when converting from map to odom
[controller_server-4] [ERROR] [1782973633.917526796] [tf_help]: Data time: 1782973633s 323348741ns, Transform time: 1782973567s 101654000ns
[controller_server-4] [ERROR] [1782973633.964278430] [tf_help]: Transform data too old when converting from map to odom
[controller_server-4] [ERROR] [1782973633.964364680] [tf_help]: Data time: 1782973633s 323348741ns, Transform time: 1782973567s 101654000ns
[controller_server-4] [ERROR] [1782973634.011612397] [tf_help]: Transform data too old when converting from map to odom
[controller_server-4] [ERROR] [1782973634.011713147] [tf_help]: Data time: 1782973633s 323348741ns, Transform time: 1782973567s 101654000ns
[controller_server-4] [ERROR] [1782973634.063212231] [tf_help]: Transform data too old when converting from map to odom
[controller_server-4] [ERROR] [1782973634.063322648] [tf_help]: Data time: 1782973633s 323348741ns, Transform time: 1782973567s 101654000ns
[controller_server-4] [ERROR] [1782973634.112751361] [tf_help]: Transform data too old when converting from map to odom
[controller_server-4] [ERROR] [1782973634.112847152] [tf_help]: Data time: 1782973633s 323348741ns, Transform time: 1782973567s 101654000ns
[controller_server-4] [ERROR] [1782973634.162270449] [tf_help]: Transform data too old when converting from map to odom
[controller_server-4] [ERROR] [1782973634.162359865] [tf_help]: Data time: 1782973633s 323348741ns, Transform time: 1782973567s 101654000ns
[controller_server-4] [ERROR] [1782973634.212001703] [tf_help]: Transform data too old when converting from map to odom
[controller_server-4] [ERROR] [1782973634.212092328] [tf_help]: Data time: 1782973633s 323348741ns, Transform time: 1782973567s 101654000ns
[controller_server-4] [ERROR] [1782973634.264825203] [tf_help]: Transform data too old when converting from map to odom
[controller_server-4] [ERROR] [1782973634.264911661] [tf_help]: Data time: 1782973633s 323348741ns, Transform time: 1782973567s 101654000ns
[controller_server-4] [ERROR] [1782973634.315684330] [tf_help]: Transform data too old when converting from map to odom
[controller_server-4] [ERROR] [1782973634.315770955] [tf_help]: Data time: 1782973633s 323348741ns, Transform time: 1782973567s 101654000ns
[controller_server-4] [ERROR] [1782973634.367253123] [tf_help]: Transform data too old when converting from map to odom
[controller_server-4] [ERROR] [1782973634.367338998] [tf_help]: Data time: 1782973633s 323348741ns, Transform time: 1782973567s 101654000ns
[controller_server-4] [INFO] [1782973634.396868618] [controller_server]: Passing new path to controller.
[controller_server-4] [ERROR] [1782973634.412140927] [tf_help]: Transform data too old when converting from map to odom
[controller_server-4] [ERROR] [1782973634.412225010] [tf_help]: Data time: 1782973634s 353284770ns, Transform time: 1782973567s 101654000ns
[controller_server-4] [ERROR] [1782973634.461534848] [tf_help]: Transform data too old when converting from map to odom
[controller_server-4] [ERROR] [1782973634.461627140] [tf_help]: Data time: 1782973634s 353284770ns, Transform time: 1782973567s 101654000ns
[controller_server-4] [ERROR] [1782973634.515444637] [tf_help]: Transform data too old when converting from map to odom
[controller_server-4] [ERROR] [1782973634.515526762] [tf_help]: Data time: 1782973634s 353284770ns, Transform time: 1782973567s 101654000ns
[controller_server-4] [ERROR] [1782973634.563504811] [tf_help]: Transform data too old when converting from map to odom
[controller_server-4] [ERROR] [1782973634.563587686] [tf_help]: Data time: 1782973634s 353284770ns, Transform time: 1782973567s 101654000ns
[controller_server-4] [ERROR] [1782973634.612543025] [tf_help]: Transform data too old when converting from map to odom
[controller_server-4] [ERROR] [1782973634.612624650] [tf_help]: Data time: 1782973634s 353284770ns, Transform time: 1782973567s 101654000ns
[controller_server-4] [ERROR] [1782973634.664047693] [tf_help]: Transform data too old when converting from map to odom
[controller_server-4] [ERROR] [1782973634.664130693] [tf_help]: Data time: 1782973634s 353284770ns, Transform time: 1782973567s 101654000ns
[controller_server-4] [ERROR] [1782973634.713839822] [tf_help]: Transform data too old when converting from map to odom
[controller_server-4] [ERROR] [1782973634.714828820] [tf_help]: Data time: 1782973634s 353284770ns, Transform time: 1782973567s 101654000ns
[controller_server-4] [ERROR] [1782973634.763548493] [tf_help]: Transform data too old when converting from map to odom
[controller_server-4] [ERROR] [1782973634.763635784] [tf_help]: Data time: 1782973634s 353284770ns, Transform time: 1782973567s 101654000ns
[controller_server-4] [ERROR] [1782973634.811456250] [tf_help]: Transform data too old when converting from map to odom
[controller_server-4] [ERROR] [1782973634.811535958] [tf_help]: Data time: 1782973634s 353284770ns, Transform time: 1782973567s 101654000ns
[controller_server-4] [ERROR] [1782973634.863008043] [tf_help]: Transform data too old when converting from map to odom
[controller_server-4] [ERROR] [1782973634.863101085] [tf_help]: Data time: 1782973634s 353284770ns, Transform time: 1782973567s 101654000ns
[controller_server-4] [ERROR] [1782973634.912553006] [tf_help]: Transform data too old when converting from map to odom
[controller_server-4] [ERROR] [1782973634.912636047] [tf_help]: Data time: 1782973634s 353284770ns, Transform time: 1782973567s 101654000ns
[controller_server-4] [ERROR] [1782973634.962913134] [tf_help]: Transform data too old when converting from map to odom
[controller_server-4] [ERROR] [1782973634.963005384] [tf_help]: Data time: 1782973634s 353284770ns, Transform time: 1782973567s 101654000ns
[controller_server-4] [ERROR] [1782973635.013071513] [tf_help]: Transform data too old when converting from map to odom
[controller_server-4] [ERROR] [1782973635.013171513] [tf_help]: Data time: 1782973634s 353284770ns, Transform time: 1782973567s 101654000ns
[controller_server-4] [ERROR] [1782973635.061492436] [tf_help]: Transform data too old when converting from map to odom
[controller_server-4] [ERROR] [1782973635.061589561] [tf_help]: Data time: 1782973634s 353284770ns, Transform time: 1782973567s 101654000ns
[controller_server-4] [ERROR] [1782973635.112962146] [tf_help]: Transform data too old when converting from map to odom
[controller_server-4] [ERROR] [1782973635.113444645] [tf_help]: Data time: 1782973634s 353284770ns, Transform time: 1782973567s 101654000ns
[controller_server-4] [ERROR] [1782973635.162735150] [tf_help]: Transform data too old when converting from map to odom
[controller_server-4] [ERROR] [1782973635.162830775] [tf_help]: Data time: 1782973634s 353284770ns, Transform time: 1782973567s 101654000ns
[controller_server-4] [ERROR] [1782973635.212533862] [tf_help]: Transform data too old when converting from map to odom
[controller_server-4] [ERROR] [1782973635.212616904] [tf_help]: Data time: 1782973634s 353284770ns, Transform time: 1782973567s 101654000ns
[controller_server-4] [ERROR] [1782973635.262879824] [tf_help]: Transform data too old when converting from map to odom
[controller_server-4] [ERROR] [1782973635.262976782] [tf_help]: Data time: 1782973634s 353284770ns, Transform time: 1782973567s 101654000ns
[controller_server-4] [ERROR] [1782973635.311800288] [tf_help]: Transform data too old when converting from map to odom
[controller_server-4] [ERROR] [1782973635.311884913] [tf_help]: Data time: 1782973634s 353284770ns, Transform time: 1782973567s 101654000ns
[controller_server-4] [ERROR] [1782973635.362545874] [tf_help]: Transform data too old when converting from map to odom
[controller_server-4] [ERROR] [1782973635.362632832] [tf_help]: Data time: 1782973634s 353284770ns, Transform time: 1782973567s 101654000ns
[controller_server-4] [ERROR] [1782973635.411560129] [tf_help]: Transform data too old when converting from map to odom
[controller_server-4] [ERROR] [1782973635.411642296] [tf_help]: Data time: 1782973634s 353284770ns, Transform time: 1782973567s 101654000ns
[controller_server-4] [INFO] [1782973635.446862990] [controller_server]: Passing new path to controller.
[controller_server-4] [ERROR] [1782973635.463586213] [tf_help]: Transform data too old when converting from map to odom
[controller_server-4] [ERROR] [1782973635.463672172] [tf_help]: Data time: 1782973635s 383197716ns, Transform time: 1782973567s 101654000ns
[controller_server-4] [ERROR] [1782973635.511400471] [tf_help]: Transform data too old when converting from map to odom
[controller_server-4] [ERROR] [1782973635.511487096] [tf_help]: Data time: 1782973635s 383197716ns, Transform time: 1782973567s 101654000ns
[controller_server-4] [ERROR] [1782973635.562938847] [tf_help]: Transform data too old when converting from map to odom
[controller_server-4] [ERROR] [1782973635.563026639] [tf_help]: Data time: 1782973635s 383197716ns, Transform time: 1782973567s 101654000ns
[controller_server-4] [ERROR] [1782973635.612059394] [tf_help]: Transform data too old when converting from map to odom
[controller_server-4] [ERROR] [1782973635.612141810] [tf_help]: Data time: 1782973635s 383197716ns, Transform time: 1782973567s 101654000ns
[controller_server-4] [ERROR] [1782973635.662666814] [tf_help]: Transform data too old when converting from map to odom
[controller_server-4] [ERROR] [1782973635.662753605] [tf_help]: Data time: 1782973635s 383197716ns, Transform time: 1782973567s 101654000ns
[controller_server-4] [ERROR] [1782973635.711509653] [tf_help]: Transform data too old when converting from map to odom
[controller_server-4] [ERROR] [1782973635.711595902] [tf_help]: Data time: 1782973635s 383197716ns, Transform time: 1782973567s 101654000ns
[controller_server-4] [ERROR] [1782973635.761464365] [tf_help]: Transform data too old when converting from map to odom
[controller_server-4] [ERROR] [1782973635.761556240] [tf_help]: Data time: 1782973635s 383197716ns, Transform time: 1782973567s 101654000ns
[controller_server-4] [ERROR] [1782973635.812887700] [tf_help]: Transform data too old when converting from map to odom
[controller_server-4] [ERROR] [1782973635.812972991] [tf_help]: Data time: 1782973635s 383197716ns, Transform time: 1782973567s 101654000ns
[controller_server-4] [ERROR] [1782973635.861477456] [tf_help]: Transform data too old when converting from map to odom
[controller_server-4] [ERROR] [1782973635.861570164] [tf_help]: Data time: 1782973635s 383197716ns, Transform time: 1782973567s 101654000ns
[controller_server-4] [ERROR] [1782973635.912038584] [tf_help]: Transform data too old when converting from map to odom
[controller_server-4] [ERROR] [1782973635.912122000] [tf_help]: Data time: 1782973635s 383197716ns, Transform time: 1782973567s 101654000ns
[controller_server-4] [ERROR] [1782973635.963576252] [tf_help]: Transform data too old when converting from map to odom
[controller_server-4] [ERROR] [1782973635.963657793] [tf_help]: Data time: 1782973635s 383197716ns, Transform time: 1782973567s 101654000ns
[controller_server-4] [ERROR] [1782973636.012080300] [tf_help]: Transform data too old when converting from map to odom
[controller_server-4] [ERROR] [1782973636.012175341] [tf_help]: Data time: 1782973635s 383197716ns, Transform time: 1782973567s 101654000ns
[controller_server-4] [ERROR] [1782973636.063568051] [tf_help]: Transform data too old when converting from map to odom
[controller_server-4] [ERROR] [1782973636.063651176] [tf_help]: Data time: 1782973635s 383197716ns, Transform time: 1782973567s 101654000ns
[controller_server-4] [ERROR] [1782973636.112295307] [tf_help]: Transform data too old when converting from map to odom
[controller_server-4] [ERROR] [1782973636.115163844] [tf_help]: Data time: 1782973635s 383197716ns, Transform time: 1782973567s 101654000ns
[controller_server-4] [ERROR] [1782973636.162962768] [tf_help]: Transform data too old when converting from map to odom
[controller_server-4] [ERROR] [1782973636.163051476] [tf_help]: Data time: 1782973635s 383197716ns, Transform time: 1782973567s 101654000ns
[controller_server-4] [ERROR] [1782973636.212901647] [tf_help]: Transform data too old when converting from map to odom
[controller_server-4] [ERROR] [1782973636.212990772] [tf_help]: Data time: 1782973635s 383197716ns, Transform time: 1782973567s 101654000ns
[controller_server-4] [ERROR] [1782973636.262899109] [tf_help]: Transform data too old when converting from map to odom
[controller_server-4] [ERROR] [1782973636.262988943] [tf_help]: Data time: 1782973635s 383197716ns, Transform time: 1782973567s 101654000ns
[controller_server-4] [ERROR] [1782973636.311736449] [tf_help]: Transform data too old when converting from map to odom
[controller_server-4] [ERROR] [1782973636.311821365] [tf_help]: Data time: 1782973635s 383197716ns, Transform time: 1782973567s 101654000ns
[controller_server-4] [ERROR] [1782973636.361538994] [tf_help]: Transform data too old when converting from map to odom
[controller_server-4] [ERROR] [1782973636.361625953] [tf_help]: Data time: 1782973635s 383197716ns, Transform time: 1782973567s 101654000ns
[controller_server-4] [ERROR] [1782973636.413176496] [tf_help]: Transform data too old when converting from map to odom
[controller_server-4] [ERROR] [1782973636.413296287] [tf_help]: Data time: 1782973635s 383197716ns, Transform time: 1782973567s 101654000ns
[controller_server-4] [INFO] [1782973636.446864859] [controller_server]: Passing new path to controller.
[controller_server-4] [ERROR] [1782973636.462527709] [tf_help]: Transform data too old when converting from map to odom
[controller_server-4] [ERROR] [1782973636.462622000] [tf_help]: Data time: 1782973636s 413429037ns, Transform time: 1782973567s 101654000ns
[controller_server-4] [ERROR] [1782973636.511647131] [tf_help]: Transform data too old when converting from map to odom
[controller_server-4] [ERROR] [1782973636.511730631] [tf_help]: Data time: 1782973636s 413429037ns, Transform time: 1782973567s 101654000ns
[controller_server-4] [ERROR] [1782973636.563343590] [tf_help]: Transform data too old when converting from map to odom
[controller_server-4] [ERROR] [1782973636.563423632] [tf_help]: Data time: 1782973636s 413429037ns, Transform time: 1782973567s 101654000ns
[controller_server-4] [ERROR] [1782973636.612691137] [tf_help]: Transform data too old when converting from map to odom
[controller_server-4] [ERROR] [1782973636.612780970] [tf_help]: Data time: 1782973636s 413429037ns, Transform time: 1782973567s 101654000ns
[controller_server-4] [ERROR] [1782973636.661860642] [tf_help]: Transform data too old when converting from map to odom
[controller_server-4] [ERROR] [1782973636.664579679] [tf_help]: Data time: 1782973636s 413429037ns, Transform time: 1782973567s 101654000ns
[controller_server-4] [ERROR] [1782973636.712728478] [tf_help]: Transform data too old when converting from map to odom
[controller_server-4] [ERROR] [1782973636.712819519] [tf_help]: Data time: 1782973636s 413429037ns, Transform time: 1782973567s 101654000ns
[controller_server-4] [ERROR] [1782973636.762577607] [tf_help]: Transform data too old when converting from map to odom
[controller_server-4] [ERROR] [1782973636.762671232] [tf_help]: Data time: 1782973636s 413429037ns, Transform time: 1782973567s 101654000ns
[controller_server-4] [ERROR] [1782973636.811844612] [tf_help]: Transform data too old when converting from map to odom
[controller_server-4] [ERROR] [1782973636.811925487] [tf_help]: Data time: 1782973636s 413429037ns, Transform time: 1782973567s 101654000ns
[controller_server-4] [ERROR] [1782973636.862969739] [tf_help]: Transform data too old when converting from map to odom
[controller_server-4] [ERROR] [1782973636.863059864] [tf_help]: Data time: 1782973636s 413429037ns, Transform time: 1782973567s 101654000ns
[controller_server-4] [ERROR] [1782973636.911609620] [tf_help]: Transform data too old when converting from map to odom
[controller_server-4] [ERROR] [1782973636.911698912] [tf_help]: Data time: 1782973636s 413429037ns, Transform time: 1782973567s 101654000ns
[controller_server-4] [ERROR] [1782973636.962354748] [tf_help]: Transform data too old when converting from map to odom
[controller_server-4] [ERROR] [1782973636.965294160] [tf_help]: Data time: 1782973636s 413429037ns, Transform time: 1782973567s 101654000ns
[controller_server-4] [ERROR] [1782973637.012943042] [tf_help]: Transform data too old when converting from map to odom
[controller_server-4] [ERROR] [1782973637.013044167] [tf_help]: Data time: 1782973636s 413429037ns, Transform time: 1782973567s 101654000ns
[controller_server-4] [ERROR] [1782973637.061444132] [tf_help]: Transform data too old when converting from map to odom
[controller_server-4] [ERROR] [1782973637.061534590] [tf_help]: Data time: 1782973636s 413429037ns, Transform time: 1782973567s 101654000ns
[controller_server-4] [ERROR] [1782973637.111566719] [tf_help]: Transform data too old when converting from map to odom
[controller_server-4] [ERROR] [1782973637.111664594] [tf_help]: Data time: 1782973636s 413429037ns, Transform time: 1782973567s 101654000ns
[controller_server-4] [ERROR] [1782973637.162804721] [tf_help]: Transform data too old when converting from map to odom
[controller_server-4] [ERROR] [1782973637.162894138] [tf_help]: Data time: 1782973636s 413429037ns, Transform time: 1782973567s 101654000ns
[controller_server-4] [ERROR] [1782973637.212345392] [tf_help]: Transform data too old when converting from map to odom
[controller_server-4] [ERROR] [1782973637.212424559] [tf_help]: Data time: 1782973636s 413429037ns, Transform time: 1782973567s 101654000ns
[controller_server-4] [ERROR] [1782973637.262671437] [tf_help]: Transform data too old when converting from map to odom
[controller_server-4] [ERROR] [1782973637.265249642] [tf_help]: Data time: 1782973636s 413429037ns, Transform time: 1782973567s 101654000ns
[controller_server-4] [ERROR] [1782973637.313847856] [tf_help]: Transform data too old when converting from map to odom
[controller_server-4] [ERROR] [1782973637.313934439] [tf_help]: Data time: 1782973636s 413429037ns, Transform time: 1782973567s 101654000ns
[controller_server-4] [ERROR] [1782973637.362220654] [tf_help]: Transform data too old when converting from map to odom
[controller_server-4] [ERROR] [1782973637.362312529] [tf_help]: Data time: 1782973636s 413429037ns, Transform time: 1782973567s 101654000ns
[controller_server-4] [ERROR] [1782973637.415190945] [tf_help]: Transform data too old when converting from map to odom
[controller_server-4] [ERROR] [1782973637.415286445] [tf_help]: Data time: 1782973636s 413429037ns, Transform time: 1782973567s 101654000ns
[controller_server-4] [ERROR] [1782973637.463191452] [tf_help]: Transform data too old when converting from map to odom
[controller_server-4] [ERROR] [1782973637.463328952] [tf_help]: Data time: 1782973636s 413429037ns, Transform time: 1782973567s 101654000ns
[controller_server-4] [INFO] [1782973637.496868232] [controller_server]: Passing new path to controller.
[controller_server-4] [ERROR] [1782973637.512715332] [tf_help]: Transform data too old when converting from map to odom
[controller_server-4] [ERROR] [1782973637.512805082] [tf_help]: Data time: 1782973637s 444125941ns, Transform time: 1782973567s 101654000ns
[controller_server-4] [ERROR] [1782973637.563041377] [tf_help]: Transform data too old when converting from map to odom
[controller_server-4] [ERROR] [1782973637.563127668] [tf_help]: Data time: 1782973637s 444125941ns, Transform time: 1782973567s 101654000ns
[controller_server-4] [ERROR] [1782973637.611535300] [tf_help]: Transform data too old when converting from map to odom
[controller_server-4] [ERROR] [1782973637.611618883] [tf_help]: Data time: 1782973637s 444125941ns, Transform time: 1782973567s 101654000ns
[controller_server-4] [ERROR] [1782973637.663643967] [tf_help]: Transform data too old when converting from map to odom
[controller_server-4] [ERROR] [1782973637.663725258] [tf_help]: Data time: 1782973637s 444125941ns, Transform time: 1782973567s 101654000ns
[controller_server-4] [ERROR] [1782973637.713545596] [tf_help]: Transform data too old when converting from map to odom
[controller_server-4] [ERROR] [1782973637.713904262] [tf_help]: Data time: 1782973637s 444125941ns, Transform time: 1782973567s 101654000ns
[controller_server-4] [ERROR] [1782973637.761699603] [tf_help]: Transform data too old when converting from map to odom
[controller_server-4] [ERROR] [1782973637.761796144] [tf_help]: Data time: 1782973637s 444125941ns, Transform time: 1782973567s 101654000ns
[controller_server-4] [ERROR] [1782973637.812003023] [tf_help]: Transform data too old when converting from map to odom
[controller_server-4] [ERROR] [1782973637.812083981] [tf_help]: Data time: 1782973637s 444125941ns, Transform time: 1782973567s 101654000ns
[controller_server-4] [ERROR] [1782973637.863775899] [tf_help]: Transform data too old when converting from map to odom
[controller_server-4] [ERROR] [1782973637.863856857] [tf_help]: Data time: 1782973637s 444125941ns, Transform time: 1782973567s 101654000ns
[controller_server-4] [ERROR] [1782973637.911818364] [tf_help]: Transform data too old when converting from map to odom
[controller_server-4] [ERROR] [1782973637.912013239] [tf_help]: Data time: 1782973637s 444125941ns, Transform time: 1782973567s 101654000ns
[controller_server-4] [ERROR] [1782973637.963608032] [tf_help]: Transform data too old when converting from map to odom
[controller_server-4] [ERROR] [1782973637.963689907] [tf_help]: Data time: 1782973637s 444125941ns, Transform time: 1782973567s 101654000ns
[controller_server-4] [ERROR] [1782973638.013374745] [tf_help]: Transform data too old when converting from map to odom
[controller_server-4] [ERROR] [1782973638.013480119] [tf_help]: Data time: 1782973637s 444125941ns, Transform time: 1782973567s 101654000ns
[controller_server-4] [ERROR] [1782973638.062531375] [tf_help]: Transform data too old when converting from map to odom
[controller_server-4] [ERROR] [1782973638.065123496] [tf_help]: Data time: 1782973637s 444125941ns, Transform time: 1782973567s 101654000ns
[controller_server-4] [ERROR] [1782973638.113541960] [tf_help]: Transform data too old when converting from map to odom
[controller_server-4] [ERROR] [1782973638.113636627] [tf_help]: Data time: 1782973637s 444125941ns, Transform time: 1782973567s 101654000ns
[controller_server-4] [ERROR] [1782973638.161471009] [tf_help]: Transform data too old when converting from map to odom
[controller_server-4] [ERROR] [1782973638.161569634] [tf_help]: Data time: 1782973637s 444125941ns, Transform time: 1782973567s 101654000ns
[controller_server-4] [ERROR] [1782973638.214755008] [tf_help]: Transform data too old when converting from map to odom
[controller_server-4] [ERROR] [1782973638.214841633] [tf_help]: Data time: 1782973637s 444125941ns, Transform time: 1782973567s 101654000ns
[controller_server-4] [ERROR] [1782973638.264897428] [tf_help]: Transform data too old when converting from map to odom
[controller_server-4] [ERROR] [1782973638.264977803] [tf_help]: Data time: 1782973637s 444125941ns, Transform time: 1782973567s 101654000ns
[controller_server-4] [ERROR] [1782973638.311393938] [tf_help]: Transform data too old when converting from map to odom
[controller_server-4] [ERROR] [1782973638.311478938] [tf_help]: Data time: 1782973637s 444125941ns, Transform time: 1782973567s 101654000ns
[controller_server-4] [ERROR] [1782973638.363918896] [tf_help]: Transform data too old when converting from map to odom
[controller_server-4] [ERROR] [1782973638.363997396] [tf_help]: Data time: 1782973637s 444125941ns, Transform time: 1782973567s 101654000ns
[controller_server-4] [ERROR] [1782973638.413185651] [tf_help]: Transform data too old when converting from map to odom
[controller_server-4] [ERROR] [1782973638.413314693] [tf_help]: Data time: 1782973637s 444125941ns, Transform time: 1782973567s 101654000ns
[controller_server-4] [ERROR] [1782973638.462749072] [tf_help]: Transform data too old when converting from map to odom
[controller_server-4] [ERROR] [1782973638.462833906] [tf_help]: Data time: 1782973637s 444125941ns, Transform time: 1782973567s 101654000ns
[controller_server-4] [INFO] [1782973638.496863018] [controller_server]: Passing new path to controller.
[controller_server-4] [ERROR] [1782973638.512078952] [tf_help]: Transform data too old when converting from map to odom
[controller_server-4] [ERROR] [1782973638.512162536] [tf_help]: Data time: 1782973638s 473161431ns, Transform time: 1782973567s 101654000ns
[controller_server-4] [ERROR] [1782973638.562435747] [tf_help]: Transform data too old when converting from map to odom
[controller_server-4] [ERROR] [1782973638.562530956] [tf_help]: Data time: 1782973638s 473161431ns, Transform time: 1782973567s 101654000ns
[controller_server-4] [ERROR] [1782973638.612504959] [tf_help]: Transform data too old when converting from map to odom
[controller_server-4] [ERROR] [1782973638.612591959] [tf_help]: Data time: 1782973638s 473161431ns, Transform time: 1782973567s 101654000ns
[controller_server-4] [ERROR] [1782973638.661678423] [tf_help]: Transform data too old when converting from map to odom
[controller_server-4] [ERROR] [1782973638.661774381] [tf_help]: Data time: 1782973638s 473161431ns, Transform time: 1782973567s 101654000ns
[controller_server-4] [ERROR] [1782973638.713050508] [tf_help]: Transform data too old when converting from map to odom
[controller_server-4] [ERROR] [1782973638.713137508] [tf_help]: Data time: 1782973638s 473161431ns, Transform time: 1782973567s 101654000ns
[controller_server-4] [ERROR] [1782973638.763326220] [tf_help]: Transform data too old when converting from map to odom
[controller_server-4] [ERROR] [1782973638.763412345] [tf_help]: Data time: 1782973638s 473161431ns, Transform time: 1782973567s 101654000ns
[controller_server-4] [ERROR] [1782973638.813124766] [tf_help]: Transform data too old when converting from map to odom
[controller_server-4] [ERROR] [1782973638.813209099] [tf_help]: Data time: 1782973638s 473161431ns, Transform time: 1782973567s 101654000ns
[controller_server-4] [ERROR] [1782973638.862950395] [tf_help]: Transform data too old when converting from map to odom
[controller_server-4] [ERROR] [1782973638.863036520] [tf_help]: Data time: 1782973638s 473161431ns, Transform time: 1782973567s 101654000ns
[controller_server-4] [ERROR] [1782973638.913360190] [tf_help]: Transform data too old when converting from map to odom
[controller_server-4] [ERROR] [1782973638.913447690] [tf_help]: Data time: 1782973638s 473161431ns, Transform time: 1782973567s 101654000ns
[controller_server-4] [ERROR] [1782973638.961577697] [tf_help]: Transform data too old when converting from map to odom
[controller_server-4] [ERROR] [1782973638.964425692] [tf_help]: Data time: 1782973638s 473161431ns, Transform time: 1782973567s 101654000ns
[controller_server-4] [ERROR] [1782973639.012009825] [tf_help]: Transform data too old when converting from map to odom
[controller_server-4] [ERROR] [1782973639.012111158] [tf_help]: Data time: 1782973638s 473161431ns, Transform time: 1782973567s 101654000ns
[controller_server-4] [ERROR] [1782973639.062952786] [tf_help]: Transform data too old when converting from map to odom
[controller_server-4] [ERROR] [1782973639.063039119] [tf_help]: Data time: 1782973638s 473161431ns, Transform time: 1782973567s 101654000ns
[controller_server-4] [ERROR] [1782973639.111968791] [tf_help]: Transform data too old when converting from map to odom
[controller_server-4] [ERROR] [1782973639.112051666] [tf_help]: Data time: 1782973638s 473161431ns, Transform time: 1782973567s 101654000ns
[controller_server-4] [ERROR] [1782973639.162602627] [tf_help]: Transform data too old when converting from map to odom
[controller_server-4] [ERROR] [1782973639.162688377] [tf_help]: Data time: 1782973638s 473161431ns, Transform time: 1782973567s 101654000ns
[controller_server-4] [ERROR] [1782973639.215745543] [tf_help]: Transform data too old when converting from map to odom
[controller_server-4] [ERROR] [1782973639.215825543] [tf_help]: Data time: 1782973638s 473161431ns, Transform time: 1782973567s 101654000ns
[controller_server-4] [ERROR] [1782973639.261561054] [tf_help]: Transform data too old when converting from map to odom
[controller_server-4] [ERROR] [1782973639.261652720] [tf_help]: Data time: 1782973638s 473161431ns, Transform time: 1782973567s 101654000ns
[controller_server-4] [ERROR] [1782973639.312700097] [tf_help]: Transform data too old when converting from map to odom
[controller_server-4] [ERROR] [1782973639.316110675] [tf_help]: Data time: 1782973638s 473161431ns, Transform time: 1782973567s 101654000ns
[controller_server-4] [ERROR] [1782973639.361618145] [tf_help]: Transform data too old when converting from map to odom
[controller_server-4] [ERROR] [1782973639.361706686] [tf_help]: Data time: 1782973638s 473161431ns, Transform time: 1782973567s 101654000ns
[controller_server-4] [ERROR] [1782973639.412650605] [tf_help]: Transform data too old when converting from map to odom
[controller_server-4] [ERROR] [1782973639.412747730] [tf_help]: Data time: 1782973638s 473161431ns, Transform time: 1782973567s 101654000ns
[controller_server-4] [ERROR] [1782973639.462424568] [tf_help]: Transform data too old when converting from map to odom
[controller_server-4] [ERROR] [1782973639.462515651] [tf_help]: Data time: 1782973638s 473161431ns, Transform time: 1782973567s 101654000ns
[controller_server-4] [ERROR] [1782973639.512880821] [tf_help]: Transform data too old when converting from map to odom
[controller_server-4] [ERROR] [1782973639.512970488] [tf_help]: Data time: 1782973638s 473161431ns, Transform time: 1782973567s 101654000ns
[controller_server-4] [INFO] [1782973639.546863642] [controller_server]: Passing new path to controller.
[controller_server-4] [ERROR] [1782973639.562733492] [tf_help]: Transform data too old when converting from map to odom
[controller_server-4] [ERROR] [1782973639.562817117] [tf_help]: Data time: 1782973639s 503552253ns, Transform time: 1782973567s 101654000ns
[controller_server-4] [ERROR] [1782973639.611459415] [tf_help]: Transform data too old when converting from map to odom
[controller_server-4] [ERROR] [1782973639.611539789] [tf_help]: Data time: 1782973639s 503552253ns, Transform time: 1782973567s 101654000ns
[controller_server-4] [ERROR] [1782973639.663227874] [tf_help]: Transform data too old when converting from map to odom
[controller_server-4] [ERROR] [1782973639.663338707] [tf_help]: Data time: 1782973639s 503552253ns, Transform time: 1782973567s 101654000ns
[controller_server-4] [ERROR] [1782973639.713186003] [tf_help]: Transform data too old when converting from map to odom
[controller_server-4] [ERROR] [1782973639.713336003] [tf_help]: Data time: 1782973639s 503552253ns, Transform time: 1782973567s 101654000ns
[controller_server-4] [ERROR] [1782973639.763443006] [tf_help]: Transform data too old when converting from map to odom
[controller_server-4] [ERROR] [1782973639.763669339] [tf_help]: Data time: 1782973639s 503552253ns, Transform time: 1782973567s 101654000ns
[controller_server-4] [ERROR] [1782973639.811738888] [tf_help]: Transform data too old when converting from map to odom
[controller_server-4] [ERROR] [1782973639.811818388] [tf_help]: Data time: 1782973639s 503552253ns, Transform time: 1782973567s 101654000ns
[controller_server-4] [ERROR] [1782973639.861428059] [tf_help]: Transform data too old when converting from map to odom
[controller_server-4] [ERROR] [1782973639.861525142] [tf_help]: Data time: 1782973639s 503552253ns, Transform time: 1782973567s 101654000ns
[controller_server-4] [ERROR] [1782973639.911558271] [tf_help]: Transform data too old when converting from map to odom
[controller_server-4] [ERROR] [1782973639.911639229] [tf_help]: Data time: 1782973639s 503552253ns, Transform time: 1782973567s 101654000ns
[controller_server-4] [ERROR] [1782973639.962974231] [tf_help]: Transform data too old when converting from map to odom
[controller_server-4] [ERROR] [1782973639.963058648] [tf_help]: Data time: 1782973639s 503552253ns, Transform time: 1782973567s 101654000ns
[controller_server-4] [ERROR] [1782973640.012288820] [tf_help]: Transform data too old when converting from map to odom
[controller_server-4] [ERROR] [1782973640.012393319] [tf_help]: Data time: 1782973639s 503552253ns, Transform time: 1782973567s 101654000ns
[controller_server-4] [ERROR] [1782973640.061626700] [tf_help]: Transform data too old when converting from map to odom
[controller_server-4] [ERROR] [1782973640.061718783] [tf_help]: Data time: 1782973639s 503552253ns, Transform time: 1782973567s 101654000ns
[controller_server-4] [ERROR] [1782973640.113472367] [tf_help]: Transform data too old when converting from map to odom
[controller_server-4] [ERROR] [1782973640.113674659] [tf_help]: Data time: 1782973639s 503552253ns, Transform time: 1782973567s 101654000ns
[controller_server-4] [ERROR] [1782973640.162998705] [tf_help]: Transform data too old when converting from map to odom
[controller_server-4] [ERROR] [1782973640.163081455] [tf_help]: Data time: 1782973639s 503552253ns, Transform time: 1782973567s 101654000ns
[controller_server-4] [ERROR] [1782973640.212041252] [tf_help]: Transform data too old when converting from map to odom
[controller_server-4] [ERROR] [1782973640.212121086] [tf_help]: Data time: 1782973639s 503552253ns, Transform time: 1782973567s 101654000ns
[controller_server-4] [ERROR] [1782973640.262770964] [tf_help]: Transform data too old when converting from map to odom
[controller_server-4] [ERROR] [1782973640.262865422] [tf_help]: Data time: 1782973639s 503552253ns, Transform time: 1782973567s 101654000ns
[controller_server-4] [ERROR] [1782973640.311567719] [tf_help]: Transform data too old when converting from map to odom
[controller_server-4] [ERROR] [1782973640.311658928] [tf_help]: Data time: 1782973639s 503552253ns, Transform time: 1782973567s 101654000ns
[controller_server-4] [ERROR] [1782973640.363197221] [tf_help]: Transform data too old when converting from map to odom
[controller_server-4] [ERROR] [1782973640.363306846] [tf_help]: Data time: 1782973639s 503552253ns, Transform time: 1782973567s 101654000ns
[controller_server-4] [ERROR] [1782973640.413483683] [tf_help]: Transform data too old when converting from map to odom
[controller_server-4] [ERROR] [1782973640.413577099] [tf_help]: Data time: 1782973639s 503552253ns, Transform time: 1782973567s 101654000ns
[controller_server-4] [ERROR] [1782973640.464208269] [tf_help]: Transform data too old when converting from map to odom
[controller_server-4] [ERROR] [1782973640.464293352] [tf_help]: Data time: 1782973639s 503552253ns, Transform time: 1782973567s 101654000ns
[controller_server-4] [ERROR] [1782973640.512167818] [tf_help]: Transform data too old when converting from map to odom
[controller_server-4] [ERROR] [1782973640.512256234] [tf_help]: Data time: 1782973639s 503552253ns, Transform time: 1782973567s 101654000ns
[controller_server-4] [ERROR] [1782973640.564209360] [tf_help]: Transform data too old when converting from map to odom
[controller_server-4] [ERROR] [1782973640.564290485] [tf_help]: Data time: 1782973639s 503552253ns, Transform time: 1782973567s 101654000ns
[controller_server-4] [INFO] [1782973640.596863516] [controller_server]: Passing new path to controller.
[controller_server-4] [ERROR] [1782973640.612779950] [tf_help]: Transform data too old when converting from map to odom
[controller_server-4] [ERROR] [1782973640.612866866] [tf_help]: Data time: 1782973640s 533170993ns, Transform time: 1782973567s 101654000ns
[controller_server-4] [ERROR] [1782973640.661829038] [tf_help]: Transform data too old when converting from map to odom
[controller_server-4] [ERROR] [1782973640.661919372] [tf_help]: Data time: 1782973640s 533170993ns, Transform time: 1782973567s 101654000ns
[controller_server-4] [ERROR] [1782973640.712607249] [tf_help]: Transform data too old when converting from map to odom
[controller_server-4] [ERROR] [1782973640.712701708] [tf_help]: Data time: 1782973640s 533170993ns, Transform time: 1782973567s 101654000ns
[controller_server-4] [ERROR] [1782973640.763971084] [tf_help]: Transform data too old when converting from map to odom
[controller_server-4] [ERROR] [1782973640.764052876] [tf_help]: Data time: 1782973640s 533170993ns, Transform time: 1782973567s 101654000ns
[controller_server-4] [ERROR] [1782973640.812707340] [tf_help]: Transform data too old when converting from map to odom
[controller_server-4] [ERROR] [1782973640.812795424] [tf_help]: Data time: 1782973640s 533170993ns, Transform time: 1782973567s 101654000ns
[controller_server-4] [ERROR] [1782973640.861683638] [tf_help]: Transform data too old when converting from map to odom
[controller_server-4] [ERROR] [1782973640.861778721] [tf_help]: Data time: 1782973640s 533170993ns, Transform time: 1782973567s 101654000ns
[controller_server-4] [ERROR] [1782973640.913424056] [tf_help]: Transform data too old when converting from map to odom
[controller_server-4] [ERROR] [1782973640.913517347] [tf_help]: Data time: 1782973640s 533170993ns, Transform time: 1782973567s 101654000ns
[bt_navigator-8] [WARN] [1782973640.924348330] [BehaviorTreeEngine]: Behavior Tree tick rate 100.00 was exceeded!
[controller_server-4] [ERROR] [1782973640.963843225] [tf_help]: Transform data too old when converting from map to odom
[controller_server-4] [ERROR] [1782973640.963926059] [tf_help]: Data time: 1782973640s 533170993ns, Transform time: 1782973567s 101654000ns
[controller_server-4] [ERROR] [1782973641.014628145] [tf_help]: Transform data too old when converting from map to odom
[controller_server-4] [ERROR] [1782973641.014744520] [tf_help]: Data time: 1782973640s 533170993ns, Transform time: 1782973567s 101654000ns
[controller_server-4] [ERROR] [1782973641.062197569] [tf_help]: Transform data too old when converting from map to odom
[controller_server-4] [ERROR] [1782973641.062287361] [tf_help]: Data time: 1782973640s 533170993ns, Transform time: 1782973567s 101654000ns
[controller_server-4] [ERROR] [1782973641.113195655] [tf_help]: Transform data too old when converting from map to odom
[controller_server-4] [ERROR] [1782973641.113325571] [tf_help]: Data time: 1782973640s 533170993ns, Transform time: 1782973567s 101654000ns
[controller_server-4] [ERROR] [1782973641.162545702] [tf_help]: Transform data too old when converting from map to odom
[controller_server-4] [ERROR] [1782973641.162634910] [tf_help]: Data time: 1782973640s 533170993ns, Transform time: 1782973567s 101654000ns
[controller_server-4] [ERROR] [1782973641.212258289] [tf_help]: Transform data too old when converting from map to odom
[controller_server-4] [ERROR] [1782973641.212341373] [tf_help]: Data time: 1782973640s 533170993ns, Transform time: 1782973567s 101654000ns
[controller_server-4] [ERROR] [1782973641.261490961] [tf_help]: Transform data too old when converting from map to odom
[controller_server-4] [ERROR] [1782973641.261587669] [tf_help]: Data time: 1782973640s 533170993ns, Transform time: 1782973567s 101654000ns
[controller_server-4] [ERROR] [1782973641.312246381] [tf_help]: Transform data too old when converting from map to odom
[controller_server-4] [ERROR] [1782973641.315085376] [tf_help]: Data time: 1782973640s 533170993ns, Transform time: 1782973567s 101654000ns
[controller_server-4] [ERROR] [1782973641.363141800] [tf_help]: Transform data too old when converting from map to odom
[controller_server-4] [ERROR] [1782973641.363230050] [tf_help]: Data time: 1782973640s 533170993ns, Transform time: 1782973567s 101654000ns
[controller_server-4] [ERROR] [1782973641.413034887] [tf_help]: Transform data too old when converting from map to odom
[controller_server-4] [ERROR] [1782973641.413116887] [tf_help]: Data time: 1782973640s 533170993ns, Transform time: 1782973567s 101654000ns
[controller_server-4] [ERROR] [1782973641.463065225] [tf_help]: Transform data too old when converting from map to odom
[controller_server-4] [ERROR] [1782973641.463148600] [tf_help]: Data time: 1782973640s 533170993ns, Transform time: 1782973567s 101654000ns
[controller_server-4] [ERROR] [1782973641.512545604] [tf_help]: Transform data too old when converting from map to odom
[controller_server-4] [ERROR] [1782973641.512635521] [tf_help]: Data time: 1782973640s 533170993ns, Transform time: 1782973567s 101654000ns
[controller_server-4] [ERROR] [1782973641.561969109] [tf_help]: Transform data too old when converting from map to odom
[controller_server-4] [ERROR] [1782973641.562063109] [tf_help]: Data time: 1782973640s 533170993ns, Transform time: 1782973567s 101654000ns
[controller_server-4] [INFO] [1782973641.596868679] [controller_server]: Passing new path to controller.
[controller_server-4] [ERROR] [1782973641.615269066] [tf_help]: Transform data too old when converting from map to odom
[controller_server-4] [ERROR] [1782973641.615353650] [tf_help]: Data time: 1782973641s 563235024ns, Transform time: 1782973567s 101654000ns
[controller_server-4] [ERROR] [1782973641.661904117] [tf_help]: Transform data too old when converting from map to odom
[controller_server-4] [ERROR] [1782973641.661987451] [tf_help]: Data time: 1782973641s 563235024ns, Transform time: 1782973567s 101654000ns
[controller_server-4] [ERROR] [1782973641.713564619] [tf_help]: Transform data too old when converting from map to odom
[controller_server-4] [ERROR] [1782973641.713663369] [tf_help]: Data time: 1782973641s 563235024ns, Transform time: 1782973567s 101654000ns
[controller_server-4] [ERROR] [1782973641.763143582] [tf_help]: Transform data too old when converting from map to odom
[controller_server-4] [ERROR] [1782973641.763225540] [tf_help]: Data time: 1782973641s 563235024ns, Transform time: 1782973567s 101654000ns
[controller_server-4] [ERROR] [1782973641.812600003] [tf_help]: Transform data too old when converting from map to odom
[controller_server-4] [ERROR] [1782973641.812688128] [tf_help]: Data time: 1782973641s 563235024ns, Transform time: 1782973567s 101654000ns
[controller_server-4] [ERROR] [1782973641.862916548] [tf_help]: Transform data too old when converting from map to odom
[controller_server-4] [ERROR] [1782973641.863006923] [tf_help]: Data time: 1782973641s 563235024ns, Transform time: 1782973567s 101654000ns
[controller_server-4] [ERROR] [1782973641.915772423] [tf_help]: Transform data too old when converting from map to odom
[controller_server-4] [ERROR] [1782973641.915853714] [tf_help]: Data time: 1782973641s 563235024ns, Transform time: 1782973567s 101654000ns
[controller_server-4] [ERROR] [1782973641.962241516] [tf_help]: Transform data too old when converting from map to odom
[controller_server-4] [ERROR] [1782973641.962339182] [tf_help]: Data time: 1782973641s 563235024ns, Transform time: 1782973567s 101654000ns
[controller_server-4] [ERROR] [1782973642.013369309] [tf_help]: Transform data too old when converting from map to odom
[controller_server-4] [ERROR] [1782973642.013479268] [tf_help]: Data time: 1782973641s 563235024ns, Transform time: 1782973567s 101654000ns
[controller_server-4] [ERROR] [1782973642.063642563] [tf_help]: Transform data too old when converting from map to odom
[controller_server-4] [ERROR] [1782973642.063724438] [tf_help]: Data time: 1782973641s 563235024ns, Transform time: 1782973567s 101654000ns
[controller_server-4] [ERROR] [1782973642.113798400] [tf_help]: Transform data too old when converting from map to odom
[controller_server-4] [ERROR] [1782973642.113890275] [tf_help]: Data time: 1782973641s 563235024ns, Transform time: 1782973567s 101654000ns
[controller_server-4] [ERROR] [1782973642.163828946] [tf_help]: Transform data too old when converting from map to odom
[controller_server-4] [ERROR] [1782973642.163909196] [tf_help]: Data time: 1782973641s 563235024ns, Transform time: 1782973567s 101654000ns
[controller_server-4] [ERROR] [1782973642.213451784] [tf_help]: Transform data too old when converting from map to odom
[controller_server-4] [ERROR] [1782973642.213538533] [tf_help]: Data time: 1782973641s 563235024ns, Transform time: 1782973567s 101654000ns
[controller_server-4] [ERROR] [1782973642.261647290] [tf_help]: Transform data too old when converting from map to odom
[controller_server-4] [ERROR] [1782973642.264440536] [tf_help]: Data time: 1782973641s 563235024ns, Transform time: 1782973567s 101654000ns
[controller_server-4] [ERROR] [1782973642.312214127] [tf_help]: Transform data too old when converting from map to odom
[controller_server-4] [ERROR] [1782973642.312297835] [tf_help]: Data time: 1782973641s 563235024ns, Transform time: 1782973567s 101654000ns
[controller_server-4] [ERROR] [1782973642.363029713] [tf_help]: Transform data too old when converting from map to odom
[controller_server-4] [ERROR] [1782973642.363114796] [tf_help]: Data time: 1782973641s 563235024ns, Transform time: 1782973567s 101654000ns
[controller_server-4] [ERROR] [1782973642.413639591] [tf_help]: Transform data too old when converting from map to odom
[controller_server-4] [ERROR] [1782973642.413730174] [tf_help]: Data time: 1782973641s 563235024ns, Transform time: 1782973567s 101654000ns
[controller_server-4] [ERROR] [1782973642.461544848] [tf_help]: Transform data too old when converting from map to odom
[controller_server-4] [ERROR] [1782973642.461633806] [tf_help]: Data time: 1782973641s 563235024ns, Transform time: 1782973567s 101654000ns
[controller_server-4] [ERROR] [1782973642.512370934] [tf_help]: Transform data too old when converting from map to odom
[controller_server-4] [ERROR] [1782973642.512459309] [tf_help]: Data time: 1782973641s 563235024ns, Transform time: 1782973567s 101654000ns
[controller_server-4] [ERROR] [1782973642.562818146] [tf_help]: Transform data too old when converting from map to odom
[controller_server-4] [ERROR] [1782973642.563052937] [tf_help]: Data time: 1782973641s 563235024ns, Transform time: 1782973567s 101654000ns
[controller_server-4] [ERROR] [1782973642.613332357] [tf_help]: Transform data too old when converting from map to odom
[controller_server-4] [ERROR] [1782973642.613416857] [tf_help]: Data time: 1782973641s 563235024ns, Transform time: 1782973567s 101654000ns
[controller_server-4] [INFO] [1782973642.646868929] [controller_server]: Passing new path to controller.
[controller_server-4] [ERROR] [1782973642.663905319] [tf_help]: Transform data too old when converting from map to odom
[controller_server-4] [ERROR] [1782973642.663982360] [tf_help]: Data time: 1782973642s 593343889ns, Transform time: 1782973567s 101654000ns
[controller_server-4] [ERROR] [1782973642.712826699] [tf_help]: Transform data too old when converting from map to odom
[controller_server-4] [ERROR] [1782973642.712921366] [tf_help]: Data time: 1782973642s 593343889ns, Transform time: 1782973567s 101654000ns
[controller_server-4] [ERROR] [1782973642.763050161] [tf_help]: Transform data too old when converting from map to odom
[controller_server-4] [ERROR] [1782973642.763140911] [tf_help]: Data time: 1782973642s 593343889ns, Transform time: 1782973567s 101654000ns
[controller_server-4] [ERROR] [1782973642.811830959] [tf_help]: Transform data too old when converting from map to odom
[controller_server-4] [ERROR] [1782973642.811909709] [tf_help]: Data time: 1782973642s 593343889ns, Transform time: 1782973567s 101654000ns
[controller_server-4] [ERROR] [1782973642.861416714] [tf_help]: Transform data too old when converting from map to odom
[controller_server-4] [ERROR] [1782973642.861515963] [tf_help]: Data time: 1782973642s 593343889ns, Transform time: 1782973567s 101654000ns
[controller_server-4] [ERROR] [1782973642.912914632] [tf_help]: Transform data too old when converting from map to odom
[controller_server-4] [ERROR] [1782973642.913009673] [tf_help]: Data time: 1782973642s 593343889ns, Transform time: 1782973567s 101654000ns
[controller_server-4] [ERROR] [1782973642.962447845] [tf_help]: Transform data too old when converting from map to odom
[controller_server-4] [ERROR] [1782973642.962543428] [tf_help]: Data time: 1782973642s 593343889ns, Transform time: 1782973567s 101654000ns
[controller_server-4] [ERROR] [1782973643.013837888] [tf_help]: Transform data too old when converting from map to odom
[controller_server-4] [ERROR] [1782973643.013940763] [tf_help]: Data time: 1782973642s 593343889ns, Transform time: 1782973567s 101654000ns
[controller_server-4] [ERROR] [1782973643.061623813] [tf_help]: Transform data too old when converting from map to odom
[controller_server-4] [ERROR] [1782973643.061715229] [tf_help]: Data time: 1782973642s 593343889ns, Transform time: 1782973567s 101654000ns
[controller_server-4] [ERROR] [1782973643.113000398] [tf_help]: Transform data too old when converting from map to odom
[controller_server-4] [ERROR] [1782973643.113092314] [tf_help]: Data time: 1782973642s 593343889ns, Transform time: 1782973567s 101654000ns
[controller_server-4] [ERROR] [1782973643.163201110] [tf_help]: Transform data too old when converting from map to odom
[controller_server-4] [ERROR] [1782973643.163308318] [tf_help]: Data time: 1782973642s 593343889ns, Transform time: 1782973567s 101654000ns
[controller_server-4] [ERROR] [1782973643.213209030] [tf_help]: Transform data too old when converting from map to odom
[controller_server-4] [ERROR] [1782973643.213326155] [tf_help]: Data time: 1782973642s 593343889ns, Transform time: 1782973567s 101654000ns
[controller_server-4] [ERROR] [1782973643.262949910] [tf_help]: Transform data too old when converting from map to odom
[controller_server-4] [ERROR] [1782973643.263045576] [tf_help]: Data time: 1782973642s 593343889ns, Transform time: 1782973567s 101654000ns
[controller_server-4] [ERROR] [1782973643.313437788] [tf_help]: Transform data too old when converting from map to odom
[controller_server-4] [ERROR] [1782973643.313530121] [tf_help]: Data time: 1782973642s 593343889ns, Transform time: 1782973567s 101654000ns
[controller_server-4] [ERROR] [1782973643.363888500] [tf_help]: Transform data too old when converting from map to odom
[controller_server-4] [ERROR] [1782973643.363971374] [tf_help]: Data time: 1782973642s 593343889ns, Transform time: 1782973567s 101654000ns
[controller_server-4] [ERROR] [1782973643.413209088] [tf_help]: Transform data too old when converting from map to odom
[controller_server-4] [ERROR] [1782973643.413326546] [tf_help]: Data time: 1782973642s 593343889ns, Transform time: 1782973567s 101654000ns
[controller_server-4] [ERROR] [1782973643.461404428] [tf_help]: Transform data too old when converting from map to odom
[controller_server-4] [ERROR] [1782973643.461498886] [tf_help]: Data time: 1782973642s 593343889ns, Transform time: 1782973567s 101654000ns
[controller_server-4] [ERROR] [1782973643.513398887] [tf_help]: Transform data too old when converting from map to odom
[controller_server-4] [ERROR] [1782973643.513487679] [tf_help]: Data time: 1782973642s 593343889ns, Transform time: 1782973567s 101654000ns
[controller_server-4] [ERROR] [1782973643.561998894] [tf_help]: Transform data too old when converting from map to odom
[controller_server-4] [ERROR] [1782973643.562225977] [tf_help]: Data time: 1782973642s 593343889ns, Transform time: 1782973567s 101654000ns
[controller_server-4] [ERROR] [1782973643.627960747] [tf_help]: Transform data too old when converting from map to odom
[controller_server-4] [ERROR] [1782973643.628061747] [tf_help]: Data time: 1782973642s 593343889ns, Transform time: 1782973567s 101654000ns
[controller_server-4] [INFO] [1782973643.646864051] [controller_server]: Passing new path to controller.
[controller_server-4] [ERROR] [1782973643.663543399] [tf_help]: Transform data too old when converting from map to odom
[controller_server-4] [ERROR] [1782973643.663627191] [tf_help]: Data time: 1782973643s 623508463ns, Transform time: 1782973567s 101654000ns
[controller_server-4] [ERROR] [1782973643.714428402] [tf_help]: Transform data too old when converting from map to odom
[controller_server-4] [ERROR] [1782973643.717268856] [tf_help]: Data time: 1782973643s 623508463ns, Transform time: 1782973567s 101654000ns
[controller_server-4] [ERROR] [1782973643.764090865] [tf_help]: Transform data too old when converting from map to odom
[controller_server-4] [ERROR] [1782973643.764181740] [tf_help]: Data time: 1782973643s 623508463ns, Transform time: 1782973567s 101654000ns
[controller_server-4] [ERROR] [1782973643.814984117] [tf_help]: Transform data too old when converting from map to odom
[controller_server-4] [ERROR] [1782973643.815070950] [tf_help]: Data time: 1782973643s 623508463ns, Transform time: 1782973567s 101654000ns
[controller_server-4] [ERROR] [1782973643.863964790] [tf_help]: Transform data too old when converting from map to odom
[controller_server-4] [ERROR] [1782973643.864050456] [tf_help]: Data time: 1782973643s 623508463ns, Transform time: 1782973567s 101654000ns
[controller_server-4] [ERROR] [1782973643.912815754] [tf_help]: Transform data too old when converting from map to odom
[controller_server-4] [ERROR] [1782973643.912903129] [tf_help]: Data time: 1782973643s 623508463ns, Transform time: 1782973567s 101654000ns
[controller_server-4] [ERROR] [1782973643.964382047] [tf_help]: Transform data too old when converting from map to odom
[controller_server-4] [ERROR] [1782973643.964464047] [tf_help]: Data time: 1782973643s 623508463ns, Transform time: 1782973567s 101654000ns
[controller_server-4] [ERROR] [1782973644.015551216] [tf_help]: Transform data too old when converting from map to odom
[controller_server-4] [ERROR] [1782973644.015650466] [tf_help]: Data time: 1782973643s 623508463ns, Transform time: 1782973567s 101654000ns
[controller_server-4] [ERROR] [1782973644.062896849] [tf_help]: Transform data too old when converting from map to odom
[controller_server-4] [ERROR] [1782973644.065614095] [tf_help]: Data time: 1782973643s 623508463ns, Transform time: 1782973567s 101654000ns
[controller_server-4] [ERROR] [1782973644.116119223] [tf_help]: Transform data too old when converting from map to odom
[controller_server-4] [ERROR] [1782973644.116206014] [tf_help]: Data time: 1782973643s 623508463ns, Transform time: 1782973567s 101654000ns
[controller_server-4] [ERROR] [1782973644.163424773] [tf_help]: Transform data too old when converting from map to odom
[controller_server-4] [ERROR] [1782973644.163509689] [tf_help]: Data time: 1782973643s 623508463ns, Transform time: 1782973567s 101654000ns
[controller_server-4] [ERROR] [1782973644.211541405] [tf_help]: Transform data too old when converting from map to odom
[controller_server-4] [ERROR] [1782973644.211626863] [tf_help]: Data time: 1782973643s 623508463ns, Transform time: 1782973567s 101654000ns
[controller_server-4] [ERROR] [1782973644.262477199] [tf_help]: Transform data too old when converting from map to odom
[controller_server-4] [ERROR] [1782973644.265119445] [tf_help]: Data time: 1782973643s 623508463ns, Transform time: 1782973567s 101654000ns
[controller_server-4] [ERROR] [1782973644.312127495] [tf_help]: Transform data too old when converting from map to odom
[controller_server-4] [ERROR] [1782973644.312210703] [tf_help]: Data time: 1782973643s 623508463ns, Transform time: 1782973567s 101654000ns
[controller_server-4] [ERROR] [1782973644.361621000] [tf_help]: Transform data too old when converting from map to odom
[controller_server-4] [ERROR] [1782973644.364412579] [tf_help]: Data time: 1782973643s 623508463ns, Transform time: 1782973567s 101654000ns
[controller_server-4] [ERROR] [1782973644.411520046] [tf_help]: Transform data too old when converting from map to odom
[controller_server-4] [ERROR] [1782973644.411604087] [tf_help]: Data time: 1782973643s 623508463ns, Transform time: 1782973567s 101654000ns
[controller_server-4] [ERROR] [1782973644.461559425] [tf_help]: Transform data too old when converting from map to odom
[controller_server-4] [ERROR] [1782973644.464348087] [tf_help]: Data time: 1782973643s 623508463ns, Transform time: 1782973567s 101654000ns
[controller_server-4] [ERROR] [1782973644.511446346] [tf_help]: Transform data too old when converting from map to odom
[controller_server-4] [ERROR] [1782973644.511528304] [tf_help]: Data time: 1782973643s 623508463ns, Transform time: 1782973567s 101654000ns
[controller_server-4] [ERROR] [1782973644.562927514] [tf_help]: Transform data too old when converting from map to odom
[controller_server-4] [ERROR] [1782973644.563013972] [tf_help]: Data time: 1782973643s 623508463ns, Transform time: 1782973567s 101654000ns
[controller_server-4] [ERROR] [1782973644.615361264] [tf_help]: Transform data too old when converting from map to odom
[controller_server-4] [ERROR] [1782973644.615442472] [tf_help]: Data time: 1782973643s 623508463ns, Transform time: 1782973567s 101654000ns
[controller_server-4] [ERROR] [1782973644.661516399] [tf_help]: Transform data too old when converting from map to odom
[controller_server-4] [ERROR] [1782973644.661609899] [tf_help]: Data time: 1782973643s 623508463ns, Transform time: 1782973567s 101654000ns
[controller_server-4] [INFO] [1782973644.696864343] [controller_server]: Passing new path to controller.
[controller_server-4] [ERROR] [1782973644.712474944] [tf_help]: Transform data too old when converting from map to odom
[controller_server-4] [ERROR] [1782973644.712560568] [tf_help]: Data time: 1782973644s 653309079ns, Transform time: 1782973567s 101654000ns
[controller_server-4] [ERROR] [1782973644.761500574] [tf_help]: Transform data too old when converting from map to odom
[controller_server-4] [ERROR] [1782973644.761596657] [tf_help]: Data time: 1782973644s 653309079ns, Transform time: 1782973567s 101654000ns
[controller_server-4] [ERROR] [1782973644.813508658] [tf_help]: Transform data too old when converting from map to odom
[controller_server-4] [ERROR] [1782973644.816702278] [tf_help]: Data time: 1782973644s 653309079ns, Transform time: 1782973567s 101654000ns
[controller_server-4] [ERROR] [1782973644.862462331] [tf_help]: Transform data too old when converting from map to odom
[controller_server-4] [ERROR] [1782973644.865117160] [tf_help]: Data time: 1782973644s 653309079ns, Transform time: 1782973567s 101654000ns
[controller_server-4] [ERROR] [1782973644.913780416] [tf_help]: Transform data too old when converting from map to odom
[controller_server-4] [ERROR] [1782973644.913876541] [tf_help]: Data time: 1782973644s 653309079ns, Transform time: 1782973567s 101654000ns
[controller_server-4] [ERROR] [1782973644.962355047] [tf_help]: Transform data too old when converting from map to odom
[controller_server-4] [ERROR] [1782973644.962447047] [tf_help]: Data time: 1782973644s 653309079ns, Transform time: 1782973567s 101654000ns
[controller_server-4] [ERROR] [1782973645.013516091] [tf_help]: Transform data too old when converting from map to odom
[controller_server-4] [ERROR] [1782973645.013630632] [tf_help]: Data time: 1782973644s 653309079ns, Transform time: 1782973567s 101654000ns
[controller_server-4] [ERROR] [1782973645.062551805] [tf_help]: Transform data too old when converting from map to odom
[controller_server-4] [ERROR] [1782973645.062644680] [tf_help]: Data time: 1782973644s 653309079ns, Transform time: 1782973567s 101654000ns
[controller_server-4] [ERROR] [1782973645.111795185] [tf_help]: Transform data too old when converting from map to odom
[controller_server-4] [ERROR] [1782973645.111881852] [tf_help]: Data time: 1782973644s 653309079ns, Transform time: 1782973567s 101654000ns
[controller_server-4] [ERROR] [1782973645.163871561] [tf_help]: Transform data too old when converting from map to odom
[controller_server-4] [ERROR] [1782973645.163952394] [tf_help]: Data time: 1782973644s 653309079ns, Transform time: 1782973567s 101654000ns
[controller_server-4] [ERROR] [1782973645.212543817] [tf_help]: Transform data too old when converting from map to odom
[controller_server-4] [ERROR] [1782973645.212629442] [tf_help]: Data time: 1782973644s 653309079ns, Transform time: 1782973567s 101654000ns
[controller_server-4] [ERROR] [1782973645.262924362] [tf_help]: Transform data too old when converting from map to odom
[controller_server-4] [ERROR] [1782973645.263014945] [tf_help]: Data time: 1782973644s 653309079ns, Transform time: 1782973567s 101654000ns
[controller_server-4] [ERROR] [1782973645.311544243] [tf_help]: Transform data too old when converting from map to odom
[controller_server-4] [ERROR] [1782973645.311628535] [tf_help]: Data time: 1782973644s 653309079ns, Transform time: 1782973567s 101654000ns
[controller_server-4] [ERROR] [1782973645.361482247] [tf_help]: Transform data too old when converting from map to odom
[controller_server-4] [ERROR] [1782973645.361738747] [tf_help]: Data time: 1782973644s 653309079ns, Transform time: 1782973567s 101654000ns
[controller_server-4] [ERROR] [1782973645.411433543] [tf_help]: Transform data too old when converting from map to odom
[controller_server-4] [ERROR] [1782973645.411517001] [tf_help]: Data time: 1782973644s 653309079ns, Transform time: 1782973567s 101654000ns
[controller_server-4] [ERROR] [1782973645.462565296] [tf_help]: Transform data too old when converting from map to odom
[controller_server-4] [ERROR] [1782973645.465159250] [tf_help]: Data time: 1782973644s 653309079ns, Transform time: 1782973567s 101654000ns
[controller_server-4] [ERROR] [1782973645.513689089] [tf_help]: Transform data too old when converting from map to odom
[controller_server-4] [ERROR] [1782973645.513789423] [tf_help]: Data time: 1782973644s 653309079ns, Transform time: 1782973567s 101654000ns
[controller_server-4] [ERROR] [1782973645.563060594] [tf_help]: Transform data too old when converting from map to odom
[controller_server-4] [ERROR] [1782973645.563147844] [tf_help]: Data time: 1782973644s 653309079ns, Transform time: 1782973567s 101654000ns
[controller_server-4] [ERROR] [1782973645.612983307] [tf_help]: Transform data too old when converting from map to odom
[controller_server-4] [ERROR] [1782973645.613076223] [tf_help]: Data time: 1782973644s 653309079ns, Transform time: 1782973567s 101654000ns
[controller_server-4] [ERROR] [1782973645.663449019] [tf_help]: Transform data too old when converting from map to odom
[controller_server-4] [ERROR] [1782973645.663531393] [tf_help]: Data time: 1782973644s 653309079ns, Transform time: 1782973567s 101654000ns
[controller_server-4] [ERROR] [1782973645.711691609] [tf_help]: Transform data too old when converting from map to odom
[controller_server-4] [ERROR] [1782973645.711779650] [tf_help]: Data time: 1782973644s 653309079ns, Transform time: 1782973567s 101654000ns
[controller_server-4] [INFO] [1782973645.746863928] [controller_server]: Passing new path to controller.
[controller_server-4] [ERROR] [1782973645.762822569] [tf_help]: Transform data too old when converting from map to odom
[controller_server-4] [ERROR] [1782973645.762908444] [tf_help]: Data time: 1782973645s 683230737ns, Transform time: 1782973567s 101654000ns
[controller_server-4] [ERROR] [1782973645.811539617] [tf_help]: Transform data too old when converting from map to odom
[controller_server-4] [ERROR] [1782973645.811627075] [tf_help]: Data time: 1782973645s 683230737ns, Transform time: 1782973567s 101654000ns
[controller_server-4] [ERROR] [1782973645.863457368] [tf_help]: Transform data too old when converting from map to odom
[controller_server-4] [ERROR] [1782973645.863537951] [tf_help]: Data time: 1782973645s 683230737ns, Transform time: 1782973567s 101654000ns
[controller_server-4] [ERROR] [1782973645.911830166] [tf_help]: Transform data too old when converting from map to odom
[controller_server-4] [ERROR] [1782973645.911918875] [tf_help]: Data time: 1782973645s 683230737ns, Transform time: 1782973567s 101654000ns
[controller_server-4] [ERROR] [1782973645.961451171] [tf_help]: Transform data too old when converting from map to odom
[controller_server-4] [ERROR] [1782973645.961545754] [tf_help]: Data time: 1782973645s 683230737ns, Transform time: 1782973567s 101654000ns
[controller_server-4] [ERROR] [1782973646.012666173] [tf_help]: Transform data too old when converting from map to odom
[controller_server-4] [ERROR] [1782973646.015848210] [tf_help]: Data time: 1782973645s 683230737ns, Transform time: 1782973567s 101654000ns
[controller_server-4] [ERROR] [1782973646.061488387] [tf_help]: Transform data too old when converting from map to odom
[controller_server-4] [ERROR] [1782973646.061582679] [tf_help]: Data time: 1782973645s 683230737ns, Transform time: 1782973567s 101654000ns
[controller_server-4] [ERROR] [1782973646.111761433] [tf_help]: Transform data too old when converting from map to odom
[controller_server-4] [ERROR] [1782973646.111847349] [tf_help]: Data time: 1782973645s 683230737ns, Transform time: 1782973567s 101654000ns
[controller_server-4] [ERROR] [1782973646.162853893] [tf_help]: Transform data too old when converting from map to odom
[controller_server-4] [ERROR] [1782973646.162942018] [tf_help]: Data time: 1782973645s 683230737ns, Transform time: 1782973567s 101654000ns
[controller_server-4] [ERROR] [1782973646.211476025] [tf_help]: Transform data too old when converting from map to odom
[controller_server-4] [ERROR] [1782973646.211554483] [tf_help]: Data time: 1782973645s 683230737ns, Transform time: 1782973567s 101654000ns
[controller_server-4] [ERROR] [1782973646.262745193] [tf_help]: Transform data too old when converting from map to odom
[controller_server-4] [ERROR] [1782973646.263034609] [tf_help]: Data time: 1782973645s 683230737ns, Transform time: 1782973567s 101654000ns
[controller_server-4] [ERROR] [1782973646.311702949] [tf_help]: Transform data too old when converting from map to odom
[controller_server-4] [ERROR] [1782973646.314576444] [tf_help]: Data time: 1782973645s 683230737ns, Transform time: 1782973567s 101654000ns
[controller_server-4] [ERROR] [1782973646.361613828] [tf_help]: Transform data too old when converting from map to odom
[controller_server-4] [ERROR] [1782973646.364544699] [tf_help]: Data time: 1782973645s 683230737ns, Transform time: 1782973567s 101654000ns
[controller_server-4] [ERROR] [1782973646.411700457] [tf_help]: Transform data too old when converting from map to odom
[controller_server-4] [ERROR] [1782973646.411779790] [tf_help]: Data time: 1782973645s 683230737ns, Transform time: 1782973567s 101654000ns
[controller_server-4] [ERROR] [1782973646.461429128] [tf_help]: Transform data too old when converting from map to odom
[controller_server-4] [ERROR] [1782973646.461528420] [tf_help]: Data time: 1782973645s 683230737ns, Transform time: 1782973567s 101654000ns
[controller_server-4] [ERROR] [1782973646.513022421] [tf_help]: Transform data too old when converting from map to odom
[controller_server-4] [ERROR] [1782973646.513114296] [tf_help]: Data time: 1782973645s 683230737ns, Transform time: 1782973567s 101654000ns
[controller_server-4] [ERROR] [1782973646.562169427] [tf_help]: Transform data too old when converting from map to odom
[controller_server-4] [ERROR] [1782973646.562262260] [tf_help]: Data time: 1782973645s 683230737ns, Transform time: 1782973567s 101654000ns
[controller_server-4] [ERROR] [1782973646.611451265] [tf_help]: Transform data too old when converting from map to odom
[controller_server-4] [ERROR] [1782973646.611536307] [tf_help]: Data time: 1782973645s 683230737ns, Transform time: 1782973567s 101654000ns
[controller_server-4] [ERROR] [1782973646.662775434] [tf_help]: Transform data too old when converting from map to odom
[controller_server-4] [ERROR] [1782973646.662866809] [tf_help]: Data time: 1782973645s 683230737ns, Transform time: 1782973567s 101654000ns
[controller_server-4] [ERROR] [1782973646.711427774] [tf_help]: Transform data too old when converting from map to odom
[controller_server-4] [ERROR] [1782973646.711519523] [tf_help]: Data time: 1782973645s 683230737ns, Transform time: 1782973567s 101654000ns
[controller_server-4] [INFO] [1782973646.746865967] [controller_server]: Passing new path to controller.
[controller_server-4] [ERROR] [1782973646.762835400] [tf_help]: Transform data too old when converting from map to odom
[controller_server-4] [ERROR] [1782973646.762918275] [tf_help]: Data time: 1782973646s 713384270ns, Transform time: 1782973567s 101654000ns
[controller_server-4] [ERROR] [1782973646.812646613] [tf_help]: Transform data too old when converting from map to odom
[controller_server-4] [ERROR] [1782973646.812733446] [tf_help]: Data time: 1782973646s 713384270ns, Transform time: 1782973567s 101654000ns
[controller_server-4] [ERROR] [1782973646.862557367] [tf_help]: Transform data too old when converting from map to odom
[controller_server-4] [ERROR] [1782973646.862647825] [tf_help]: Data time: 1782973646s 713384270ns, Transform time: 1782973567s 101654000ns
[controller_server-4] [ERROR] [1782973646.911442331] [tf_help]: Transform data too old when converting from map to odom
[controller_server-4] [ERROR] [1782973646.911526540] [tf_help]: Data time: 1782973646s 713384270ns, Transform time: 1782973567s 101654000ns
[controller_server-4] [ERROR] [1782973646.961591585] [tf_help]: Transform data too old when converting from map to odom
[controller_server-4] [ERROR] [1782973646.961684710] [tf_help]: Data time: 1782973646s 713384270ns, Transform time: 1782973567s 101654000ns
[controller_server-4] [ERROR] [1782973647.011511548] [tf_help]: Transform data too old when converting from map to odom
[controller_server-4] [ERROR] [1782973647.011612589] [tf_help]: Data time: 1782973646s 713384270ns, Transform time: 1782973567s 101654000ns
[controller_server-4] [ERROR] [1782973647.063213424] [tf_help]: Transform data too old when converting from map to odom
[controller_server-4] [ERROR] [1782973647.063505424] [tf_help]: Data time: 1782973646s 713384270ns, Transform time: 1782973567s 101654000ns
[controller_server-4] [ERROR] [1782973647.116510715] [tf_help]: Transform data too old when converting from map to odom
[controller_server-4] [ERROR] [1782973647.116595298] [tf_help]: Data time: 1782973646s 713384270ns, Transform time: 1782973567s 101654000ns
[controller_server-4] [ERROR] [1782973647.164846680] [tf_help]: Transform data too old when converting from map to odom
[controller_server-4] [ERROR] [1782973647.164931013] [tf_help]: Data time: 1782973646s 713384270ns, Transform time: 1782973567s 101654000ns
[controller_server-4] [ERROR] [1782973647.214709267] [tf_help]: Transform data too old when converting from map to odom
[controller_server-4] [ERROR] [1782973647.214944684] [tf_help]: Data time: 1782973646s 713384270ns, Transform time: 1782973567s 101654000ns
[controller_server-4] [ERROR] [1782973647.262802524] [tf_help]: Transform data too old when converting from map to odom
[controller_server-4] [ERROR] [1782973647.262888108] [tf_help]: Data time: 1782973646s 713384270ns, Transform time: 1782973567s 101654000ns
[controller_server-4] [ERROR] [1782973647.312449946] [tf_help]: Transform data too old when converting from map to odom
[controller_server-4] [ERROR] [1782973647.312533987] [tf_help]: Data time: 1782973646s 713384270ns, Transform time: 1782973567s 101654000ns
[controller_server-4] [ERROR] [1782973647.361567618] [tf_help]: Transform data too old when converting from map to odom
[controller_server-4] [ERROR] [1782973647.361660159] [tf_help]: Data time: 1782973646s 713384270ns, Transform time: 1782973567s 101654000ns
[controller_server-4] [ERROR] [1782973647.414794992] [tf_help]: Transform data too old when converting from map to odom
[controller_server-4] [ERROR] [1782973647.414877408] [tf_help]: Data time: 1782973646s 713384270ns, Transform time: 1782973567s 101654000ns
[controller_server-4] [ERROR] [1782973647.463024582] [tf_help]: Transform data too old when converting from map to odom
[controller_server-4] [ERROR] [1782973647.463105540] [tf_help]: Data time: 1782973646s 713384270ns, Transform time: 1782973567s 101654000ns
[controller_server-4] [ERROR] [1782973647.512843461] [tf_help]: Transform data too old when converting from map to odom
[controller_server-4] [ERROR] [1782973647.512939211] [tf_help]: Data time: 1782973646s 713384270ns, Transform time: 1782973567s 101654000ns
[controller_server-4] [ERROR] [1782973647.563211465] [tf_help]: Transform data too old when converting from map to odom
[controller_server-4] [ERROR] [1782973647.563368465] [tf_help]: Data time: 1782973646s 713384270ns, Transform time: 1782973567s 101654000ns
[controller_server-4] [ERROR] [1782973647.613441885] [tf_help]: Transform data too old when converting from map to odom
[controller_server-4] [ERROR] [1782973647.613534385] [tf_help]: Data time: 1782973646s 713384270ns, Transform time: 1782973567s 101654000ns
[controller_server-4] [ERROR] [1782973647.662773265] [tf_help]: Transform data too old when converting from map to odom
[controller_server-4] [ERROR] [1782973647.666634801] [tf_help]: Data time: 1782973646s 713384270ns, Transform time: 1782973567s 101654000ns
[controller_server-4] [ERROR] [1782973647.712461895] [tf_help]: Transform data too old when converting from map to odom
[controller_server-4] [ERROR] [1782973647.712554437] [tf_help]: Data time: 1782973646s 713384270ns, Transform time: 1782973567s 101654000ns
[controller_server-4] [ERROR] [1782973647.762683440] [tf_help]: Transform data too old when converting from map to odom
[controller_server-4] [ERROR] [1782973647.762772024] [tf_help]: Data time: 1782973646s 713384270ns, Transform time: 1782973567s 101654000ns
[controller_server-4] [INFO] [1782973647.796864803] [controller_server]: Passing new path to controller.
[controller_server-4] [ERROR] [1782973647.812314820] [tf_help]: Transform data too old when converting from map to odom
[controller_server-4] [ERROR] [1782973647.812394195] [tf_help]: Data time: 1782973647s 743582346ns, Transform time: 1782973567s 101654000ns
[controller_server-4] [ERROR] [1782973647.863332614] [tf_help]: Transform data too old when converting from map to odom
[controller_server-4] [ERROR] [1782973647.863426156] [tf_help]: Data time: 1782973647s 743582346ns, Transform time: 1782973567s 101654000ns
[controller_server-4] [ERROR] [1782973647.911506038] [tf_help]: Transform data too old when converting from map to odom
[controller_server-4] [ERROR] [1782973647.911589371] [tf_help]: Data time: 1782973647s 743582346ns, Transform time: 1782973567s 101654000ns
[controller_server-4] [ERROR] [1782973647.964035621] [tf_help]: Transform data too old when converting from map to odom
[controller_server-4] [ERROR] [1782973647.964114079] [tf_help]: Data time: 1782973647s 743582346ns, Transform time: 1782973567s 101654000ns
[controller_server-4] [ERROR] [1782973648.014109083] [tf_help]: Transform data too old when converting from map to odom
[controller_server-4] [ERROR] [1782973648.014210208] [tf_help]: Data time: 1782973647s 743582346ns, Transform time: 1782973567s 101654000ns
[controller_server-4] [ERROR] [1782973648.062375007] [tf_help]: Transform data too old when converting from map to odom
[controller_server-4] [ERROR] [1782973648.062464632] [tf_help]: Data time: 1782973647s 743582346ns, Transform time: 1782973567s 101654000ns
[controller_server-4] [ERROR] [1782973648.115109007] [tf_help]: Transform data too old when converting from map to odom
[controller_server-4] [ERROR] [1782973648.115520214] [tf_help]: Data time: 1782973647s 743582346ns, Transform time: 1782973567s 101654000ns
[controller_server-4] [ERROR] [1782973648.164197679] [tf_help]: Transform data too old when converting from map to odom
[controller_server-4] [ERROR] [1782973648.164282179] [tf_help]: Data time: 1782973647s 743582346ns, Transform time: 1782973567s 101654000ns
[controller_server-4] [ERROR] [1782973648.213991433] [tf_help]: Transform data too old when converting from map to odom
[controller_server-4] [ERROR] [1782973648.214081308] [tf_help]: Data time: 1782973647s 743582346ns, Transform time: 1782973567s 101654000ns
[controller_server-4] [ERROR] [1782973648.263885979] [tf_help]: Transform data too old when converting from map to odom
[controller_server-4] [ERROR] [1782973648.263968229] [tf_help]: Data time: 1782973647s 743582346ns, Transform time: 1782973567s 101654000ns
[controller_server-4] [ERROR] [1782973648.312523402] [tf_help]: Transform data too old when converting from map to odom
[controller_server-4] [ERROR] [1782973648.312606319] [tf_help]: Data time: 1782973647s 743582346ns, Transform time: 1782973567s 101654000ns
[controller_server-4] [ERROR] [1782973648.361725199] [tf_help]: Transform data too old when converting from map to odom
[controller_server-4] [ERROR] [1782973648.361809991] [tf_help]: Data time: 1782973647s 743582346ns, Transform time: 1782973567s 101654000ns
[controller_server-4] [ERROR] [1782973648.414839657] [tf_help]: Transform data too old when converting from map to odom
[controller_server-4] [ERROR] [1782973648.414921407] [tf_help]: Data time: 1782973647s 743582346ns, Transform time: 1782973567s 101654000ns
[controller_server-4] [ERROR] [1782973648.461400416] [tf_help]: Transform data too old when converting from map to odom
[controller_server-4] [ERROR] [1782973648.461491374] [tf_help]: Data time: 1782973647s 743582346ns, Transform time: 1782973567s 101654000ns
[controller_server-4] [ERROR] [1782973648.513662042] [tf_help]: Transform data too old when converting from map to odom
[controller_server-4] [ERROR] [1782973648.513752000] [tf_help]: Data time: 1782973647s 743582346ns, Transform time: 1782973567s 101654000ns
[controller_server-4] [ERROR] [1782973648.562986880] [tf_help]: Transform data too old when converting from map to odom
[controller_server-4] [ERROR] [1782973648.563070755] [tf_help]: Data time: 1782973647s 743582346ns, Transform time: 1782973567s 101654000ns
[controller_server-4] [ERROR] [1782973648.612781760] [tf_help]: Transform data too old when converting from map to odom
[controller_server-4] [ERROR] [1782973648.612875801] [tf_help]: Data time: 1782973647s 743582346ns, Transform time: 1782973567s 101654000ns
[controller_server-4] [ERROR] [1782973648.662846264] [tf_help]: Transform data too old when converting from map to odom
[controller_server-4] [ERROR] [1782973648.662933514] [tf_help]: Data time: 1782973647s 743582346ns, Transform time: 1782973567s 101654000ns
[controller_server-4] [ERROR] [1782973648.712834810] [tf_help]: Transform data too old when converting from map to odom
[controller_server-4] [ERROR] [1782973648.712921893] [tf_help]: Data time: 1782973647s 743582346ns, Transform time: 1782973567s 101654000ns
[controller_server-4] [ERROR] [1782973648.763288605] [tf_help]: Transform data too old when converting from map to odom
[controller_server-4] [ERROR] [1782973648.763375146] [tf_help]: Data time: 1782973647s 743582346ns, Transform time: 1782973567s 101654000ns
[controller_server-4] [INFO] [1782973648.796870801] [controller_server]: Passing new path to controller.
[controller_server-4] [ERROR] [1782973648.812297902] [tf_help]: Transform data too old when converting from map to odom
[controller_server-4] [ERROR] [1782973648.812378193] [tf_help]: Data time: 1782973648s 763984687ns, Transform time: 1782973567s 101654000ns
[controller_server-4] [ERROR] [1782973648.862908322] [tf_help]: Transform data too old when converting from map to odom
[controller_server-4] [ERROR] [1782973648.863000072] [tf_help]: Data time: 1782973648s 763984687ns, Transform time: 1782973567s 101654000ns
[controller_server-4] [ERROR] [1782973648.911825869] [tf_help]: Transform data too old when converting from map to odom
[controller_server-4] [ERROR] [1782973648.911906577] [tf_help]: Data time: 1782973648s 763984687ns, Transform time: 1782973567s 101654000ns
[controller_server-4] [ERROR] [1782973648.963000580] [tf_help]: Transform data too old when converting from map to odom
[controller_server-4] [ERROR] [1782973648.963094246] [tf_help]: Data time: 1782973648s 763984687ns, Transform time: 1782973567s 101654000ns
[controller_server-4] [ERROR] [1782973649.011663044] [tf_help]: Transform data too old when converting from map to odom
[controller_server-4] [ERROR] [1782973649.011759377] [tf_help]: Data time: 1782973648s 763984687ns, Transform time: 1782973567s 101654000ns
[controller_server-4] [ERROR] [1782973649.061504215] [tf_help]: Transform data too old when converting from map to odom
[controller_server-4] [ERROR] [1782973649.061600923] [tf_help]: Data time: 1782973648s 763984687ns, Transform time: 1782973567s 101654000ns
[controller_server-4] [ERROR] [1782973649.113448466] [tf_help]: Transform data too old when converting from map to odom
[controller_server-4] [ERROR] [1782973649.113534091] [tf_help]: Data time: 1782973648s 763984687ns, Transform time: 1782973567s 101654000ns
[controller_server-4] [ERROR] [1782973649.164156094] [tf_help]: Transform data too old when converting from map to odom
[controller_server-4] [ERROR] [1782973649.164236094] [tf_help]: Data time: 1782973648s 763984687ns, Transform time: 1782973567s 101654000ns
[controller_server-4] [ERROR] [1782973649.212153810] [tf_help]: Transform data too old when converting from map to odom
[controller_server-4] [ERROR] [1782973649.212234476] [tf_help]: Data time: 1782973648s 763984687ns, Transform time: 1782973567s 101654000ns
[controller_server-4] [ERROR] [1782973649.261537523] [tf_help]: Transform data too old when converting from map to odom
[controller_server-4] [ERROR] [1782973649.261633523] [tf_help]: Data time: 1782973648s 763984687ns, Transform time: 1782973567s 101654000ns
[controller_server-4] [ERROR] [1782973649.313157942] [tf_help]: Transform data too old when converting from map to odom
[controller_server-4] [ERROR] [1782973649.313277983] [tf_help]: Data time: 1782973648s 763984687ns, Transform time: 1782973567s 101654000ns
[controller_server-4] [ERROR] [1782973649.363557570] [tf_help]: Transform data too old when converting from map to odom
[controller_server-4] [ERROR] [1782973649.366099858] [tf_help]: Data time: 1782973648s 763984687ns, Transform time: 1782973567s 101654000ns
[controller_server-4] [ERROR] [1782973649.412113993] [tf_help]: Transform data too old when converting from map to odom
[controller_server-4] [ERROR] [1782973649.412201410] [tf_help]: Data time: 1782973648s 763984687ns, Transform time: 1782973567s 101654000ns
[controller_server-4] [ERROR] [1782973649.463298745] [tf_help]: Transform data too old when converting from map to odom
[controller_server-4] [ERROR] [1782973649.463385037] [tf_help]: Data time: 1782973648s 763984687ns, Transform time: 1782973567s 101654000ns
[controller_server-4] [ERROR] [1782973649.511698585] [tf_help]: Transform data too old when converting from map to odom
[controller_server-4] [ERROR] [1782973649.511784835] [tf_help]: Data time: 1782973648s 763984687ns, Transform time: 1782973567s 101654000ns
[controller_server-4] [ERROR] [1782973649.564177377] [tf_help]: Transform data too old when converting from map to odom
[controller_server-4] [ERROR] [1782973649.564261377] [tf_help]: Data time: 1782973648s 763984687ns, Transform time: 1782973567s 101654000ns
[controller_server-4] [ERROR] [1782973649.612396634] [tf_help]: Transform data too old when converting from map to odom
[controller_server-4] [ERROR] [1782973649.612482301] [tf_help]: Data time: 1782973648s 763984687ns, Transform time: 1782973567s 101654000ns
[controller_server-4] [ERROR] [1782973649.661507306] [tf_help]: Transform data too old when converting from map to odom
[controller_server-4] [ERROR] [1782973649.661603640] [tf_help]: Data time: 1782973648s 763984687ns, Transform time: 1782973567s 101654000ns
[controller_server-4] [ERROR] [1782973649.711534352] [tf_help]: Transform data too old when converting from map to odom
[controller_server-4] [ERROR] [1782973649.711623560] [tf_help]: Data time: 1782973648s 763984687ns, Transform time: 1782973567s 101654000ns
[controller_server-4] [ERROR] [1782973649.761633439] [tf_help]: Transform data too old when converting from map to odom
[controller_server-4] [ERROR] [1782973649.761724439] [tf_help]: Data time: 1782973648s 763984687ns, Transform time: 1782973567s 101654000ns
[controller_server-4] [ERROR] [1782973649.813075191] [tf_help]: Transform data too old when converting from map to odom
[controller_server-4] [ERROR] [1782973649.813162691] [tf_help]: Data time: 1782973648s 763984687ns, Transform time: 1782973567s 101654000ns
[controller_server-4] [INFO] [1782973649.846902138] [controller_server]: Passing new path to controller.
[controller_server-4] [ERROR] [1782973649.865947774] [tf_help]: Transform data too old when converting from map to odom
[controller_server-4] [ERROR] [1782973649.868883311] [tf_help]: Data time: 1782973649s 793224348ns, Transform time: 1782973567s 101654000ns
[controller_server-4] [ERROR] [1782973649.911888118] [tf_help]: Transform data too old when converting from map to odom
[controller_server-4] [ERROR] [1782973649.911983576] [tf_help]: Data time: 1782973649s 793224348ns, Transform time: 1782973567s 101654000ns
[controller_server-4] [ERROR] [1782973649.963307370] [tf_help]: Transform data too old when converting from map to odom
[controller_server-4] [ERROR] [1782973649.963393578] [tf_help]: Data time: 1782973649s 793224348ns, Transform time: 1782973567s 101654000ns
[controller_server-4] [ERROR] [1782973650.012121376] [tf_help]: Transform data too old when converting from map to odom
[controller_server-4] [ERROR] [1782973650.012403042] [tf_help]: Data time: 1782973649s 793224348ns, Transform time: 1782973567s 101654000ns
[controller_server-4] [ERROR] [1782973650.062942212] [tf_help]: Transform data too old when converting from map to odom
[controller_server-4] [ERROR] [1782973650.063028212] [tf_help]: Data time: 1782973649s 793224348ns, Transform time: 1782973567s 101654000ns
[controller_server-4] [ERROR] [1782973650.111514052] [tf_help]: Transform data too old when converting from map to odom
[controller_server-4] [ERROR] [1782973650.111602260] [tf_help]: Data time: 1782973649s 793224348ns, Transform time: 1782973567s 101654000ns
[controller_server-4] [ERROR] [1782973650.162845304] [tf_help]: Transform data too old when converting from map to odom
[controller_server-4] [ERROR] [1782973650.162934804] [tf_help]: Data time: 1782973649s 793224348ns, Transform time: 1782973567s 101654000ns
[controller_server-4] [ERROR] [1782973650.211900018] [tf_help]: Transform data too old when converting from map to odom
[controller_server-4] [ERROR] [1782973650.211980268] [tf_help]: Data time: 1782973649s 793224348ns, Transform time: 1782973567s 101654000ns
[controller_server-4] [ERROR] [1782973650.262886729] [tf_help]: Transform data too old when converting from map to odom
[controller_server-4] [ERROR] [1782973650.262975687] [tf_help]: Data time: 1782973649s 793224348ns, Transform time: 1782973567s 101654000ns
[controller_server-4] [ERROR] [1782973650.312460150] [tf_help]: Transform data too old when converting from map to odom
[controller_server-4] [ERROR] [1782973650.312545775] [tf_help]: Data time: 1782973649s 793224348ns, Transform time: 1782973567s 101654000ns
[controller_server-4] [ERROR] [1782973650.363180736] [tf_help]: Transform data too old when converting from map to odom
[controller_server-4] [ERROR] [1782973650.365602149] [tf_help]: Data time: 1782973649s 793224348ns, Transform time: 1782973567s 101654000ns
[controller_server-4] [ERROR] [1782973650.412534825] [tf_help]: Transform data too old when converting from map to odom
[controller_server-4] [ERROR] [1782973650.412622450] [tf_help]: Data time: 1782973649s 793224348ns, Transform time: 1782973567s 101654000ns
[controller_server-4] [ERROR] [1782973650.463921868] [tf_help]: Transform data too old when converting from map to odom
[controller_server-4] [ERROR] [1782973650.464002868] [tf_help]: Data time: 1782973649s 793224348ns, Transform time: 1782973567s 101654000ns
[controller_server-4] [ERROR] [1782973650.512346292] [tf_help]: Transform data too old when converting from map to odom
[controller_server-4] [ERROR] [1782973650.512431292] [tf_help]: Data time: 1782973649s 793224348ns, Transform time: 1782973567s 101654000ns
[controller_server-4] [ERROR] [1782973650.563410919] [tf_help]: Transform data too old when converting from map to odom
[controller_server-4] [ERROR] [1782973650.563492127] [tf_help]: Data time: 1782973649s 793224348ns, Transform time: 1782973567s 101654000ns
[controller_server-4] [ERROR] [1782973650.613618173] [tf_help]: Transform data too old when converting from map to odom
[controller_server-4] [ERROR] [1782973650.613716715] [tf_help]: Data time: 1782973649s 793224348ns, Transform time: 1782973567s 101654000ns
[controller_server-4] [ERROR] [1782973650.662280638] [tf_help]: Transform data too old when converting from map to odom
[controller_server-4] [ERROR] [1782973650.662371096] [tf_help]: Data time: 1782973649s 793224348ns, Transform time: 1782973567s 101654000ns
[controller_server-4] [ERROR] [1782973650.712987057] [tf_help]: Transform data too old when converting from map to odom
[controller_server-4] [ERROR] [1782973650.715864594] [tf_help]: Data time: 1782973649s 793224348ns, Transform time: 1782973567s 101654000ns
[controller_server-4] [ERROR] [1782973650.763451186] [tf_help]: Transform data too old when converting from map to odom
[controller_server-4] [ERROR] [1782973650.763532061] [tf_help]: Data time: 1782973649s 793224348ns, Transform time: 1782973567s 101654000ns
[controller_server-4] [ERROR] [1782973650.813448106] [tf_help]: Transform data too old when converting from map to odom
[controller_server-4] [ERROR] [1782973650.816610643] [tf_help]: Data time: 1782973649s 793224348ns, Transform time: 1782973567s 101654000ns
[controller_server-4] [INFO] [1782973650.846866262] [controller_server]: Passing new path to controller.
[controller_server-4] [ERROR] [1782973650.862799778] [tf_help]: Transform data too old when converting from map to odom
[controller_server-4] [ERROR] [1782973650.862893820] [tf_help]: Data time: 1782973650s 823163383ns, Transform time: 1782973567s 101654000ns
[controller_server-4] [ERROR] [1782973650.912247492] [tf_help]: Transform data too old when converting from map to odom
[controller_server-4] [ERROR] [1782973650.912337908] [tf_help]: Data time: 1782973650s 823163383ns, Transform time: 1782973567s 101654000ns
[controller_server-4] [ERROR] [1782973650.961677247] [tf_help]: Transform data too old when converting from map to odom
[controller_server-4] [ERROR] [1782973650.964450284] [tf_help]: Data time: 1782973650s 823163383ns, Transform time: 1782973567s 101654000ns
[controller_server-4] [ERROR] [1782973651.011421751] [tf_help]: Transform data too old when converting from map to odom
[controller_server-4] [ERROR] [1782973651.011523918] [tf_help]: Data time: 1782973650s 823163383ns, Transform time: 1782973567s 101654000ns
[controller_server-4] [ERROR] [1782973651.063702002] [tf_help]: Transform data too old when converting from map to odom
[controller_server-4] [ERROR] [1782973651.063781960] [tf_help]: Data time: 1782973650s 823163383ns, Transform time: 1782973567s 101654000ns
[controller_server-4] [ERROR] [1782973651.112785841] [tf_help]: Transform data too old when converting from map to odom
[controller_server-4] [ERROR] [1782973651.112878549] [tf_help]: Data time: 1782973650s 823163383ns, Transform time: 1782973567s 101654000ns
[controller_server-4] [ERROR] [1782973651.162551637] [tf_help]: Transform data too old when converting from map to odom
[controller_server-4] [ERROR] [1782973651.162639178] [tf_help]: Data time: 1782973650s 823163383ns, Transform time: 1782973567s 101654000ns
[controller_server-4] [ERROR] [1782973651.213055807] [tf_help]: Transform data too old when converting from map to odom
[controller_server-4] [ERROR] [1782973651.213147890] [tf_help]: Data time: 1782973650s 823163383ns, Transform time: 1782973567s 101654000ns
[controller_server-4] [ERROR] [1782973651.263226269] [tf_help]: Transform data too old when converting from map to odom
[controller_server-4] [ERROR] [1782973651.263338811] [tf_help]: Data time: 1782973650s 823163383ns, Transform time: 1782973567s 101654000ns
[controller_server-4] [ERROR] [1782973651.312085150] [tf_help]: Transform data too old when converting from map to odom
[controller_server-4] [ERROR] [1782973651.312166692] [tf_help]: Data time: 1782973650s 823163383ns, Transform time: 1782973567s 101654000ns
[controller_server-4] [ERROR] [1782973651.363223402] [tf_help]: Transform data too old when converting from map to odom
[controller_server-4] [ERROR] [1782973651.363337986] [tf_help]: Data time: 1782973650s 823163383ns, Transform time: 1782973567s 101654000ns
[controller_server-4] [ERROR] [1782973651.411574576] [tf_help]: Transform data too old when converting from map to odom
[controller_server-4] [ERROR] [1782973651.411657159] [tf_help]: Data time: 1782973650s 823163383ns, Transform time: 1782973567s 101654000ns
[controller_server-4] [ERROR] [1782973651.462706495] [tf_help]: Transform data too old when converting from map to odom
[controller_server-4] [ERROR] [1782973651.462804911] [tf_help]: Data time: 1782973650s 823163383ns, Transform time: 1782973567s 101654000ns
[controller_server-4] [ERROR] [1782973651.513005457] [tf_help]: Transform data too old when converting from map to odom
[controller_server-4] [ERROR] [1782973651.513105873] [tf_help]: Data time: 1782973650s 823163383ns, Transform time: 1782973567s 101654000ns
[controller_server-4] [ERROR] [1782973651.562228587] [tf_help]: Transform data too old when converting from map to odom
[controller_server-4] [ERROR] [1782973651.562326045] [tf_help]: Data time: 1782973650s 823163383ns, Transform time: 1782973567s 101654000ns
[controller_server-4] [ERROR] [1782973651.613464339] [tf_help]: Transform data too old when converting from map to odom
[controller_server-4] [ERROR] [1782973651.616320918] [tf_help]: Data time: 1782973650s 823163383ns, Transform time: 1782973567s 101654000ns
[controller_server-4] [ERROR] [1782973651.663924051] [tf_help]: Transform data too old when converting from map to odom
[controller_server-4] [ERROR] [1782973651.664006884] [tf_help]: Data time: 1782973650s 823163383ns, Transform time: 1782973567s 101654000ns
[controller_server-4] [ERROR] [1782973651.713431223] [tf_help]: Transform data too old when converting from map to odom
[controller_server-4] [ERROR] [1782973651.713527598] [tf_help]: Data time: 1782973650s 823163383ns, Transform time: 1782973567s 101654000ns
[controller_server-4] [ERROR] [1782973651.763532768] [tf_help]: Transform data too old when converting from map to odom
[controller_server-4] [ERROR] [1782973651.763617810] [tf_help]: Data time: 1782973650s 823163383ns, Transform time: 1782973567s 101654000ns
[controller_server-4] [ERROR] [1782973651.812148233] [tf_help]: Transform data too old when converting from map to odom
[controller_server-4] [ERROR] [1782973651.812236441] [tf_help]: Data time: 1782973650s 823163383ns, Transform time: 1782973567s 101654000ns
[controller_server-4] [ERROR] [1782973651.863585152] [tf_help]: Transform data too old when converting from map to odom
[controller_server-4] [ERROR] [1782973651.863671360] [tf_help]: Data time: 1782973650s 823163383ns, Transform time: 1782973567s 101654000ns
[controller_server-4] [INFO] [1782973651.896868057] [controller_server]: Passing new path to controller.
[controller_server-4] [ERROR] [1782973651.915268403] [tf_help]: Transform data too old when converting from map to odom
[controller_server-4] [ERROR] [1782973651.915351278] [tf_help]: Data time: 1782973651s 853222626ns, Transform time: 1782973567s 101654000ns
[controller_server-4] [ERROR] [1782973651.962241662] [tf_help]: Transform data too old when converting from map to odom
[controller_server-4] [ERROR] [1782973651.962341620] [tf_help]: Data time: 1782973651s 853222626ns, Transform time: 1782973567s 101654000ns
[controller_server-4] [ERROR] [1782973652.014122247] [tf_help]: Transform data too old when converting from map to odom
[controller_server-4] [ERROR] [1782973652.016827034] [tf_help]: Data time: 1782973651s 853222626ns, Transform time: 1782973567s 101654000ns
[controller_server-4] [ERROR] [1782973652.063056502] [tf_help]: Transform data too old when converting from map to odom
[controller_server-4] [ERROR] [1782973652.063140877] [tf_help]: Data time: 1782973651s 853222626ns, Transform time: 1782973567s 101654000ns
[controller_server-4] [ERROR] [1782973652.115494961] [tf_help]: Transform data too old when converting from map to odom
[controller_server-4] [ERROR] [1782973652.115594336] [tf_help]: Data time: 1782973651s 853222626ns, Transform time: 1782973567s 101654000ns
[controller_server-4] [ERROR] [1782973652.163920884] [tf_help]: Transform data too old when converting from map to odom
[controller_server-4] [ERROR] [1782973652.163997718] [tf_help]: Data time: 1782973651s 853222626ns, Transform time: 1782973567s 101654000ns
[controller_server-4] [ERROR] [1782973652.213427264] [tf_help]: Transform data too old when converting from map to odom
[controller_server-4] [ERROR] [1782973652.213521056] [tf_help]: Data time: 1782973651s 853222626ns, Transform time: 1782973567s 101654000ns
[controller_server-4] [ERROR] [1782973652.261917021] [tf_help]: Transform data too old when converting from map to odom
[controller_server-4] [ERROR] [1782973652.264821391] [tf_help]: Data time: 1782973651s 853222626ns, Transform time: 1782973567s 101654000ns
[controller_server-4] [ERROR] [1782973652.313548231] [tf_help]: Transform data too old when converting from map to odom
[controller_server-4] [ERROR] [1782973652.316309227] [tf_help]: Data time: 1782973651s 853222626ns, Transform time: 1782973567s 101654000ns
[controller_server-4] [ERROR] [1782973652.362733236] [tf_help]: Transform data too old when converting from map to odom
[controller_server-4] [ERROR] [1782973652.365411899] [tf_help]: Data time: 1782973651s 853222626ns, Transform time: 1782973567s 101654000ns
[controller_server-4] [ERROR] [1782973652.413233031] [tf_help]: Transform data too old when converting from map to odom
[controller_server-4] [ERROR] [1782973652.413342906] [tf_help]: Data time: 1782973651s 853222626ns, Transform time: 1782973567s 101654000ns
[controller_server-4] [ERROR] [1782973652.462746745] [tf_help]: Transform data too old when converting from map to odom
[controller_server-4] [ERROR] [1782973652.462931578] [tf_help]: Data time: 1782973651s 853222626ns, Transform time: 1782973567s 101654000ns
[controller_server-4] [ERROR] [1782973652.515231745] [tf_help]: Transform data too old when converting from map to odom
[controller_server-4] [ERROR] [1782973652.515328286] [tf_help]: Data time: 1782973651s 853222626ns, Transform time: 1782973567s 101654000ns
[controller_server-4] [ERROR] [1782973652.562211296] [tf_help]: Transform data too old when converting from map to odom
[controller_server-4] [ERROR] [1782973652.564925791] [tf_help]: Data time: 1782973651s 853222626ns, Transform time: 1782973567s 101654000ns
[controller_server-4] [ERROR] [1782973652.613268256] [tf_help]: Transform data too old when converting from map to odom
[controller_server-4] [ERROR] [1782973652.613348548] [tf_help]: Data time: 1782973651s 853222626ns, Transform time: 1782973567s 101654000ns
[controller_server-4] [ERROR] [1782973652.662773053] [tf_help]: Transform data too old when converting from map to odom
[controller_server-4] [ERROR] [1782973652.662859719] [tf_help]: Data time: 1782973651s 853222626ns, Transform time: 1782973567s 101654000ns
[controller_server-4] [ERROR] [1782973652.712213433] [tf_help]: Transform data too old when converting from map to odom
[controller_server-4] [ERROR] [1782973652.712297975] [tf_help]: Data time: 1782973651s 853222626ns, Transform time: 1782973567s 101654000ns
[controller_server-4] [ERROR] [1782973652.761778605] [tf_help]: Transform data too old when converting from map to odom
[controller_server-4] [ERROR] [1782973652.761874104] [tf_help]: Data time: 1782973651s 853222626ns, Transform time: 1782973567s 101654000ns
[controller_server-4] [ERROR] [1782973652.812440899] [tf_help]: Transform data too old when converting from map to odom
[controller_server-4] [ERROR] [1782973652.812676232] [tf_help]: Data time: 1782973651s 853222626ns, Transform time: 1782973567s 101654000ns
[controller_server-4] [ERROR] [1782973652.862881611] [tf_help]: Transform data too old when converting from map to odom
[controller_server-4] [ERROR] [1782973652.862973361] [tf_help]: Data time: 1782973651s 853222626ns, Transform time: 1782973567s 101654000ns
[controller_server-4] [ERROR] [1782973652.913053532] [tf_help]: Transform data too old when converting from map to odom
[controller_server-4] [ERROR] [1782973652.913142490] [tf_help]: Data time: 1782973651s 853222626ns, Transform time: 1782973567s 101654000ns
[controller_server-4] [INFO] [1782973652.946855312] [controller_server]: Passing new path to controller.
[controller_server-4] [ERROR] [1782973652.962155621] [tf_help]: Transform data too old when converting from map to odom
[controller_server-4] [ERROR] [1782973652.962252162] [tf_help]: Data time: 1782973652s 883275162ns, Transform time: 1782973567s 101654000ns
[controller_server-4] [ERROR] [1782973653.012018958] [tf_help]: Transform data too old when converting from map to odom
[controller_server-4] [ERROR] [1782973653.012115833] [tf_help]: Data time: 1782973652s 883275162ns, Transform time: 1782973567s 101654000ns
[controller_server-4] [ERROR] [1782973653.061395422] [tf_help]: Transform data too old when converting from map to odom
[controller_server-4] [ERROR] [1782973653.061493880] [tf_help]: Data time: 1782973652s 883275162ns, Transform time: 1782973567s 101654000ns
[controller_server-4] [ERROR] [1782973653.111803300] [tf_help]: Transform data too old when converting from map to odom
[controller_server-4] [ERROR] [1782973653.111894759] [tf_help]: Data time: 1782973652s 883275162ns, Transform time: 1782973567s 101654000ns
[controller_server-4] [ERROR] [1782973653.162285720] [tf_help]: Transform data too old when converting from map to odom
[controller_server-4] [ERROR] [1782973653.162380345] [tf_help]: Data time: 1782973652s 883275162ns, Transform time: 1782973567s 101654000ns
[controller_server-4] [ERROR] [1782973653.211612017] [tf_help]: Transform data too old when converting from map to odom
[controller_server-4] [ERROR] [1782973653.211692059] [tf_help]: Data time: 1782973652s 883275162ns, Transform time: 1782973567s 101654000ns
[controller_server-4] [ERROR] [1782973653.263137394] [tf_help]: Transform data too old when converting from map to odom
[controller_server-4] [ERROR] [1782973653.263227352] [tf_help]: Data time: 1782973652s 883275162ns, Transform time: 1782973567s 101654000ns
[controller_server-4] [ERROR] [1782973653.312142233] [tf_help]: Transform data too old when converting from map to odom
[controller_server-4] [ERROR] [1782973653.312224650] [tf_help]: Data time: 1782973652s 883275162ns, Transform time: 1782973567s 101654000ns
[controller_server-4] [ERROR] [1782973653.363062736] [tf_help]: Transform data too old when converting from map to odom
[controller_server-4] [ERROR] [1782973653.363152944] [tf_help]: Data time: 1782973652s 883275162ns, Transform time: 1782973567s 101654000ns
[controller_server-4] [ERROR] [1782973653.411568576] [tf_help]: Transform data too old when converting from map to odom
[controller_server-4] [ERROR] [1782973653.411654701] [tf_help]: Data time: 1782973652s 883275162ns, Transform time: 1782973567s 101654000ns
[controller_server-4] [ERROR] [1782973653.462812953] [tf_help]: Transform data too old when converting from map to odom
[controller_server-4] [ERROR] [1782973653.462905078] [tf_help]: Data time: 1782973652s 883275162ns, Transform time: 1782973567s 101654000ns
[controller_server-4] [ERROR] [1782973653.512446625] [tf_help]: Transform data too old when converting from map to odom
[controller_server-4] [ERROR] [1782973653.512532458] [tf_help]: Data time: 1782973652s 883275162ns, Transform time: 1782973567s 101654000ns
[controller_server-4] [ERROR] [1782973653.561978129] [tf_help]: Transform data too old when converting from map to odom
[controller_server-4] [ERROR] [1782973653.562067879] [tf_help]: Data time: 1782973652s 883275162ns, Transform time: 1782973567s 101654000ns
[controller_server-4] [ERROR] [1782973653.614882879] [tf_help]: Transform data too old when converting from map to odom
[controller_server-4] [ERROR] [1782973653.617550917] [tf_help]: Data time: 1782973652s 883275162ns, Transform time: 1782973567s 101654000ns
[controller_server-4] [ERROR] [1782973653.663505969] [tf_help]: Transform data too old when converting from map to odom
[controller_server-4] [ERROR] [1782973653.663588969] [tf_help]: Data time: 1782973652s 883275162ns, Transform time: 1782973567s 101654000ns
[controller_server-4] [ERROR] [1782973653.711880017] [tf_help]: Transform data too old when converting from map to odom
[controller_server-4] [ERROR] [1782973653.711960142] [tf_help]: Data time: 1782973652s 883275162ns, Transform time: 1782973567s 101654000ns
[controller_server-4] [ERROR] [1782973653.763656227] [tf_help]: Transform data too old when converting from map to odom
[controller_server-4] [ERROR] [1782973653.763736310] [tf_help]: Data time: 1782973652s 883275162ns, Transform time: 1782973567s 101654000ns
[controller_server-4] [ERROR] [1782973653.813126357] [tf_help]: Transform data too old when converting from map to odom
[controller_server-4] [ERROR] [1782973653.813205898] [tf_help]: Data time: 1782973652s 883275162ns, Transform time: 1782973567s 101654000ns
[controller_server-4] [ERROR] [1782973653.861834738] [tf_help]: Transform data too old when converting from map to odom
[controller_server-4] [ERROR] [1782973653.861917571] [tf_help]: Data time: 1782973652s 883275162ns, Transform time: 1782973567s 101654000ns
[controller_server-4] [ERROR] [1782973653.912900657] [tf_help]: Transform data too old when converting from map to odom
[controller_server-4] [ERROR] [1782973653.912989574] [tf_help]: Data time: 1782973652s 883275162ns, Transform time: 1782973567s 101654000ns
[controller_server-4] [INFO] [1782973653.946864729] [controller_server]: Passing new path to controller.
[controller_server-4] [ERROR] [1782973653.963940868] [tf_help]: Transform data too old when converting from map to odom
[controller_server-4] [ERROR] [1782973653.964017618] [tf_help]: Data time: 1782973653s 903880172ns, Transform time: 1782973567s 101654000ns
[controller_server-4] [ERROR] [1782973654.015139912] [tf_help]: Transform data too old when converting from map to odom
[controller_server-4] [ERROR] [1782973654.015241662] [tf_help]: Data time: 1782973653s 903880172ns, Transform time: 1782973567s 101654000ns
[controller_server-4] [ERROR] [1782973654.062463671] [tf_help]: Transform data too old when converting from map to odom
[controller_server-4] [ERROR] [1782973654.062551587] [tf_help]: Data time: 1782973653s 903880172ns, Transform time: 1782973567s 101654000ns
[controller_server-4] [ERROR] [1782973654.112401175] [tf_help]: Transform data too old when converting from map to odom
[controller_server-4] [ERROR] [1782973654.112498300] [tf_help]: Data time: 1782973653s 903880172ns, Transform time: 1782973567s 101654000ns
[controller_server-4] [ERROR] [1782973654.162769304] [tf_help]: Transform data too old when converting from map to odom
[controller_server-4] [ERROR] [1782973654.162858678] [tf_help]: Data time: 1782973653s 903880172ns, Transform time: 1782973567s 101654000ns
[controller_server-4] [ERROR] [1782973654.212729349] [tf_help]: Transform data too old when converting from map to odom
[controller_server-4] [ERROR] [1782973654.212824974] [tf_help]: Data time: 1782973653s 903880172ns, Transform time: 1782973567s 101654000ns
[controller_server-4] [ERROR] [1782973654.265421599] [tf_help]: Transform data too old when converting from map to odom
[controller_server-4] [ERROR] [1782973654.265511016] [tf_help]: Data time: 1782973653s 903880172ns, Transform time: 1782973567s 101654000ns
[controller_server-4] [ERROR] [1782973654.312238775] [tf_help]: Transform data too old when converting from map to odom
[controller_server-4] [ERROR] [1782973654.312323150] [tf_help]: Data time: 1782973653s 903880172ns, Transform time: 1782973567s 101654000ns
[controller_server-4] [ERROR] [1782973654.361958572] [tf_help]: Transform data too old when converting from map to odom
[controller_server-4] [ERROR] [1782973654.364765692] [tf_help]: Data time: 1782973653s 903880172ns, Transform time: 1782973567s 101654000ns
[controller_server-4] [ERROR] [1782973654.413929323] [tf_help]: Transform data too old when converting from map to odom
[controller_server-4] [ERROR] [1782973654.414021448] [tf_help]: Data time: 1782973653s 903880172ns, Transform time: 1782973567s 101654000ns
[controller_server-4] [ERROR] [1782973654.464501326] [tf_help]: Transform data too old when converting from map to odom
[controller_server-4] [ERROR] [1782973654.464580743] [tf_help]: Data time: 1782973653s 903880172ns, Transform time: 1782973567s 101654000ns
[controller_server-4] [ERROR] [1782973654.516021494] [tf_help]: Transform data too old when converting from map to odom
[controller_server-4] [ERROR] [1782973654.516106994] [tf_help]: Data time: 1782973653s 903880172ns, Transform time: 1782973567s 101654000ns
[controller_server-4] [ERROR] [1782973654.563201378] [tf_help]: Transform data too old when converting from map to odom
[controller_server-4] [ERROR] [1782973654.563303045] [tf_help]: Data time: 1782973653s 903880172ns, Transform time: 1782973567s 101654000ns
[controller_server-4] [ERROR] [1782973654.614778630] [tf_help]: Transform data too old when converting from map to odom
[controller_server-4] [ERROR] [1782973654.617488709] [tf_help]: Data time: 1782973653s 903880172ns, Transform time: 1782973567s 101654000ns
[controller_server-4] [ERROR] [1782973654.663359095] [tf_help]: Transform data too old when converting from map to odom
[controller_server-4] [ERROR] [1782973654.663590053] [tf_help]: Data time: 1782973653s 903880172ns, Transform time: 1782973567s 101654000ns
[controller_server-4] [ERROR] [1782973654.711992059] [tf_help]: Transform data too old when converting from map to odom
[controller_server-4] [ERROR] [1782973654.712074934] [tf_help]: Data time: 1782973653s 903880172ns, Transform time: 1782973567s 101654000ns
[controller_server-4] [ERROR] [1782973654.763043062] [tf_help]: Transform data too old when converting from map to odom
[controller_server-4] [ERROR] [1782973654.763133395] [tf_help]: Data time: 1782973653s 903880172ns, Transform time: 1782973567s 101654000ns
[controller_server-4] [ERROR] [1782973654.813309899] [tf_help]: Transform data too old when converting from map to odom
[controller_server-4] [ERROR] [1782973654.813393482] [tf_help]: Data time: 1782973653s 903880172ns, Transform time: 1782973567s 101654000ns
[controller_server-4] [ERROR] [1782973654.863146570] [tf_help]: Transform data too old when converting from map to odom
[controller_server-4] [ERROR] [1782973654.863265945] [tf_help]: Data time: 1782973653s 903880172ns, Transform time: 1782973567s 101654000ns
[controller_server-4] [ERROR] [1782973654.915073363] [tf_help]: Transform data too old when converting from map to odom
[controller_server-4] [ERROR] [1782973654.915154988] [tf_help]: Data time: 1782973653s 903880172ns, Transform time: 1782973567s 101654000ns
[controller_server-4] [ERROR] [1782973654.963558953] [tf_help]: Transform data too old when converting from map to odom
[controller_server-4] [ERROR] [1782973654.963645578] [tf_help]: Data time: 1782973653s 903880172ns, Transform time: 1782973567s 101654000ns
[controller_server-4] [INFO] [1782973654.996872734] [controller_server]: Passing new path to controller.
[controller_server-4] [ERROR] [1782973655.015012746] [tf_help]: Transform data too old when converting from map to odom
[controller_server-4] [ERROR] [1782973655.015111830] [tf_help]: Data time: 1782973654s 934092625ns, Transform time: 1782973567s 101654000ns
[controller_server-4] [ERROR] [1782973655.061852214] [tf_help]: Transform data too old when converting from map to odom
[controller_server-4] [ERROR] [1782973655.064557085] [tf_help]: Data time: 1782973654s 934092625ns, Transform time: 1782973567s 101654000ns
[controller_server-4] [ERROR] [1782973655.113163341] [tf_help]: Transform data too old when converting from map to odom
[controller_server-4] [ERROR] [1782973655.113282549] [tf_help]: Data time: 1782973654s 934092625ns, Transform time: 1782973567s 101654000ns
[controller_server-4] [ERROR] [1782973655.161380515] [tf_help]: Transform data too old when converting from map to odom
[controller_server-4] [ERROR] [1782973655.161478265] [tf_help]: Data time: 1782973654s 934092625ns, Transform time: 1782973567s 101654000ns
[controller_server-4] [ERROR] [1782973655.213159975] [tf_help]: Transform data too old when converting from map to odom
[controller_server-4] [ERROR] [1782973655.213287183] [tf_help]: Data time: 1782973654s 934092625ns, Transform time: 1782973567s 101654000ns
[controller_server-4] [ERROR] [1782973655.262719230] [tf_help]: Transform data too old when converting from map to odom
[controller_server-4] [ERROR] [1782973655.262805063] [tf_help]: Data time: 1782973654s 934092625ns, Transform time: 1782973567s 101654000ns
[controller_server-4] [ERROR] [1782973655.311979777] [tf_help]: Transform data too old when converting from map to odom
[controller_server-4] [ERROR] [1782973655.312063985] [tf_help]: Data time: 1782973654s 934092625ns, Transform time: 1782973567s 101654000ns
[controller_server-4] [ERROR] [1782973655.361495407] [tf_help]: Transform data too old when converting from map to odom
[controller_server-4] [ERROR] [1782973655.361594281] [tf_help]: Data time: 1782973654s 934092625ns, Transform time: 1782973567s 101654000ns
[controller_server-4] [ERROR] [1782973655.411494953] [tf_help]: Transform data too old when converting from map to odom
[controller_server-4] [ERROR] [1782973655.411584911] [tf_help]: Data time: 1782973654s 934092625ns, Transform time: 1782973567s 101654000ns
[controller_server-4] [ERROR] [1782973655.461507832] [tf_help]: Transform data too old when converting from map to odom
[controller_server-4] [ERROR] [1782973655.464304661] [tf_help]: Data time: 1782973654s 934092625ns, Transform time: 1782973567s 101654000ns
[controller_server-4] [ERROR] [1782973655.512133252] [tf_help]: Transform data too old when converting from map to odom
[controller_server-4] [ERROR] [1782973655.512223793] [tf_help]: Data time: 1782973654s 934092625ns, Transform time: 1782973567s 101654000ns
[controller_server-4] [ERROR] [1782973655.563383087] [tf_help]: Transform data too old when converting from map to odom
[controller_server-4] [ERROR] [1782973655.563465587] [tf_help]: Data time: 1782973654s 934092625ns, Transform time: 1782973567s 101654000ns
[controller_server-4] [ERROR] [1782973655.612380926] [tf_help]: Transform data too old when converting from map to odom
[controller_server-4] [ERROR] [1782973655.612464010] [tf_help]: Data time: 1782973654s 934092625ns, Transform time: 1782973567s 101654000ns
[controller_server-4] [ERROR] [1782973655.662244347] [tf_help]: Transform data too old when converting from map to odom
[controller_server-4] [ERROR] [1782973655.662340139] [tf_help]: Data time: 1782973654s 934092625ns, Transform time: 1782973567s 101654000ns
[controller_server-4] [ERROR] [1782973655.714106099] [tf_help]: Transform data too old when converting from map to odom
[controller_server-4] [ERROR] [1782973655.714203099] [tf_help]: Data time: 1782973654s 934092625ns, Transform time: 1782973567s 101654000ns
[controller_server-4] [ERROR] [1782973655.763411937] [tf_help]: Transform data too old when converting from map to odom
[controller_server-4] [ERROR] [1782973655.763490771] [tf_help]: Data time: 1782973654s 934092625ns, Transform time: 1782973567s 101654000ns
[controller_server-4] [ERROR] [1782973655.812869942] [tf_help]: Transform data too old when converting from map to odom
[controller_server-4] [ERROR] [1782973655.812956359] [tf_help]: Data time: 1782973654s 934092625ns, Transform time: 1782973567s 101654000ns
[controller_server-4] [ERROR] [1782973655.863602071] [tf_help]: Transform data too old when converting from map to odom
[controller_server-4] [ERROR] [1782973655.863683904] [tf_help]: Data time: 1782973654s 934092625ns, Transform time: 1782973567s 101654000ns
[controller_server-4] [ERROR] [1782973655.912685368] [tf_help]: Transform data too old when converting from map to odom
[controller_server-4] [ERROR] [1782973655.912783034] [tf_help]: Data time: 1782973654s 934092625ns, Transform time: 1782973567s 101654000ns
[controller_server-4] [ERROR] [1782973655.961782624] [tf_help]: Transform data too old when converting from map to odom
[controller_server-4] [ERROR] [1782973655.961866873] [tf_help]: Data time: 1782973654s 934092625ns, Transform time: 1782973567s 101654000ns
[controller_server-4] [INFO] [1782973655.996866693] [controller_server]: Passing new path to controller.
[controller_server-4] [ERROR] [1782973656.014417749] [tf_help]: Transform data too old when converting from map to odom
[controller_server-4] [ERROR] [1782973656.014530915] [tf_help]: Data time: 1782973655s 963206996ns, Transform time: 1782973567s 101654000ns
[controller_server-4] [ERROR] [1782973656.061739507] [tf_help]: Transform data too old when converting from map to odom
[controller_server-4] [ERROR] [1782973656.064377961] [tf_help]: Data time: 1782973655s 963206996ns, Transform time: 1782973567s 101654000ns
[controller_server-4] [ERROR] [1782973656.111604512] [tf_help]: Transform data too old when converting from map to odom
[controller_server-4] [ERROR] [1782973656.114399632] [tf_help]: Data time: 1782973655s 963206996ns, Transform time: 1782973567s 101654000ns
[controller_server-4] [ERROR] [1782973656.164211387] [tf_help]: Transform data too old when converting from map to odom
[controller_server-4] [ERROR] [1782973656.164293011] [tf_help]: Data time: 1782973655s 963206996ns, Transform time: 1782973567s 101654000ns
[controller_server-4] [ERROR] [1782973656.212198769] [tf_help]: Transform data too old when converting from map to odom
[controller_server-4] [ERROR] [1782973656.212279727] [tf_help]: Data time: 1782973655s 963206996ns, Transform time: 1782973567s 101654000ns
[controller_server-4] [ERROR] [1782973656.262717106] [tf_help]: Transform data too old when converting from map to odom
[controller_server-4] [ERROR] [1782973656.262800231] [tf_help]: Data time: 1782973655s 963206996ns, Transform time: 1782973567s 101654000ns
[controller_server-4] [ERROR] [1782973656.313128651] [tf_help]: Transform data too old when converting from map to odom
[controller_server-4] [ERROR] [1782973656.313217568] [tf_help]: Data time: 1782973655s 963206996ns, Transform time: 1782973567s 101654000ns
[controller_server-4] [ERROR] [1782973656.362910072] [tf_help]: Transform data too old when converting from map to odom
[controller_server-4] [ERROR] [1782973656.363000906] [tf_help]: Data time: 1782973655s 963206996ns, Transform time: 1782973567s 101654000ns
[controller_server-4] [ERROR] [1782973656.412957618] [tf_help]: Transform data too old when converting from map to odom
[controller_server-4] [ERROR] [1782973656.413040285] [tf_help]: Data time: 1782973655s 963206996ns, Transform time: 1782973567s 101654000ns
[controller_server-4] [ERROR] [1782973656.462662540] [tf_help]: Transform data too old when converting from map to odom
[controller_server-4] [ERROR] [1782973656.462748331] [tf_help]: Data time: 1782973655s 963206996ns, Transform time: 1782973567s 101654000ns
[controller_server-4] [ERROR] [1782973656.511870462] [tf_help]: Transform data too old when converting from map to odom
[controller_server-4] [ERROR] [1782973656.511955295] [tf_help]: Data time: 1782973655s 963206996ns, Transform time: 1782973567s 101654000ns
[controller_server-4] [ERROR] [1782973656.561629008] [tf_help]: Transform data too old when converting from map to odom
[controller_server-4] [ERROR] [1782973656.561720716] [tf_help]: Data time: 1782973655s 963206996ns, Transform time: 1782973567s 101654000ns
[controller_server-4] [ERROR] [1782973656.611785637] [tf_help]: Transform data too old when converting from map to odom
[controller_server-4] [ERROR] [1782973656.611866970] [tf_help]: Data time: 1782973655s 963206996ns, Transform time: 1782973567s 101654000ns
[controller_server-4] [ERROR] [1782973656.662113766] [tf_help]: Transform data too old when converting from map to odom
[controller_server-4] [ERROR] [1782973656.662213432] [tf_help]: Data time: 1782973655s 963206996ns, Transform time: 1782973567s 101654000ns
[controller_server-4] [ERROR] [1782973656.711969062] [tf_help]: Transform data too old when converting from map to odom
[controller_server-4] [ERROR] [1782973656.712063020] [tf_help]: Data time: 1782973655s 963206996ns, Transform time: 1782973567s 101654000ns
[controller_server-4] [ERROR] [1782973656.762619732] [tf_help]: Transform data too old when converting from map to odom
[controller_server-4] [ERROR] [1782973656.762715023] [tf_help]: Data time: 1782973655s 963206996ns, Transform time: 1782973567s 101654000ns
[controller_server-4] [ERROR] [1782973656.812846527] [tf_help]: Transform data too old when converting from map to odom
[controller_server-4] [ERROR] [1782973656.812932027] [tf_help]: Data time: 1782973655s 963206996ns, Transform time: 1782973567s 101654000ns
[controller_server-4] [ERROR] [1782973656.864312196] [tf_help]: Transform data too old when converting from map to odom
[controller_server-4] [ERROR] [1782973656.864392779] [tf_help]: Data time: 1782973655s 963206996ns, Transform time: 1782973567s 101654000ns
[controller_server-4] [ERROR] [1782973656.912253120] [tf_help]: Transform data too old when converting from map to odom
[controller_server-4] [ERROR] [1782973656.912335912] [tf_help]: Data time: 1782973655s 963206996ns, Transform time: 1782973567s 101654000ns
[controller_server-4] [ERROR] [1782973656.962889248] [tf_help]: Transform data too old when converting from map to odom
[controller_server-4] [ERROR] [1782973656.962980456] [tf_help]: Data time: 1782973655s 963206996ns, Transform time: 1782973567s 101654000ns
[controller_server-4] [ERROR] [1782973657.012649920] [tf_help]: Transform data too old when converting from map to odom
[controller_server-4] [ERROR] [1782973657.013229502] [tf_help]: Data time: 1782973655s 963206996ns, Transform time: 1782973567s 101654000ns
[controller_server-4] [INFO] [1782973657.046864949] [controller_server]: Passing new path to controller.
[controller_server-4] [ERROR] [1782973657.063849214] [tf_help]: Transform data too old when converting from map to odom
[controller_server-4] [ERROR] [1782973657.063926547] [tf_help]: Data time: 1782973656s 993210075ns, Transform time: 1782973567s 101654000ns
[controller_server-4] [ERROR] [1782973657.114776216] [tf_help]: Transform data too old when converting from map to odom
[controller_server-4] [ERROR] [1782973657.114872591] [tf_help]: Data time: 1782973656s 993210075ns, Transform time: 1782973567s 101654000ns
[controller_server-4] [ERROR] [1782973657.163928722] [tf_help]: Transform data too old when converting from map to odom
[controller_server-4] [ERROR] [1782973657.164012389] [tf_help]: Data time: 1782973656s 993210075ns, Transform time: 1782973567s 101654000ns
[controller_server-4] [ERROR] [1782973657.212578437] [tf_help]: Transform data too old when converting from map to odom
[controller_server-4] [ERROR] [1782973657.212660978] [tf_help]: Data time: 1782973656s 993210075ns, Transform time: 1782973567s 101654000ns
[controller_server-4] [ERROR] [1782973657.262639024] [tf_help]: Transform data too old when converting from map to odom
[controller_server-4] [ERROR] [1782973657.262732149] [tf_help]: Data time: 1782973656s 993210075ns, Transform time: 1782973567s 101654000ns
[controller_server-4] [ERROR] [1782973657.312927486] [tf_help]: Transform data too old when converting from map to odom
[controller_server-4] [ERROR] [1782973657.313014403] [tf_help]: Data time: 1782973656s 993210075ns, Transform time: 1782973567s 101654000ns
[controller_server-4] [ERROR] [1782973657.362659616] [tf_help]: Transform data too old when converting from map to odom
[controller_server-4] [ERROR] [1782973657.362754366] [tf_help]: Data time: 1782973656s 993210075ns, Transform time: 1782973567s 101654000ns
[controller_server-4] [ERROR] [1782973657.413107370] [tf_help]: Transform data too old when converting from map to odom
[controller_server-4] [ERROR] [1782973657.413189411] [tf_help]: Data time: 1782973656s 993210075ns, Transform time: 1782973567s 101654000ns
[controller_server-4] [ERROR] [1782973657.463743748] [tf_help]: Transform data too old when converting from map to odom
[controller_server-4] [ERROR] [1782973657.463973539] [tf_help]: Data time: 1782973656s 993210075ns, Transform time: 1782973567s 101654000ns
[controller_server-4] [ERROR] [1782973657.514187376] [tf_help]: Transform data too old when converting from map to odom
[controller_server-4] [ERROR] [1782973657.514271793] [tf_help]: Data time: 1782973656s 993210075ns, Transform time: 1782973567s 101654000ns
[controller_server-4] [ERROR] [1782973657.562861966] [tf_help]: Transform data too old when converting from map to odom
[controller_server-4] [ERROR] [1782973657.562949466] [tf_help]: Data time: 1782973656s 993210075ns, Transform time: 1782973567s 101654000ns
[controller_server-4] [ERROR] [1782973657.612409388] [tf_help]: Transform data too old when converting from map to odom
[controller_server-4] [ERROR] [1782973657.612496763] [tf_help]: Data time: 1782973656s 993210075ns, Transform time: 1782973567s 101654000ns
[controller_server-4] [ERROR] [1782973657.663507557] [tf_help]: Transform data too old when converting from map to odom
[controller_server-4] [ERROR] [1782973657.663590682] [tf_help]: Data time: 1782973656s 993210075ns, Transform time: 1782973567s 101654000ns
[controller_server-4] [ERROR] [1782973657.712625104] [tf_help]: Transform data too old when converting from map to odom
[controller_server-4] [ERROR] [1782973657.712725062] [tf_help]: Data time: 1782973656s 993210075ns, Transform time: 1782973567s 101654000ns
[controller_server-4] [ERROR] [1782973657.763143483] [tf_help]: Transform data too old when converting from map to odom
[controller_server-4] [ERROR] [1782973657.763228024] [tf_help]: Data time: 1782973656s 993210075ns, Transform time: 1782973567s 101654000ns
[controller_server-4] [ERROR] [1782973657.811608489] [tf_help]: Transform data too old when converting from map to odom
[controller_server-4] [ERROR] [1782973657.811689739] [tf_help]: Data time: 1782973656s 993210075ns, Transform time: 1782973567s 101654000ns
[controller_server-4] [ERROR] [1782973657.863110783] [tf_help]: Transform data too old when converting from map to odom
[controller_server-4] [ERROR] [1782973657.865729029] [tf_help]: Data time: 1782973656s 993210075ns, Transform time: 1782973567s 101654000ns
[controller_server-4] [ERROR] [1782973657.912449372] [tf_help]: Transform data too old when converting from map to odom
[controller_server-4] [ERROR] [1782973657.912539413] [tf_help]: Data time: 1782973656s 993210075ns, Transform time: 1782973567s 101654000ns
[controller_server-4] [ERROR] [1782973657.962956500] [tf_help]: Transform data too old when converting from map to odom
[controller_server-4] [ERROR] [1782973657.963043875] [tf_help]: Data time: 1782973656s 993210075ns, Transform time: 1782973567s 101654000ns
[controller_server-4] [ERROR] [1782973658.013435462] [tf_help]: Transform data too old when converting from map to odom
[controller_server-4] [ERROR] [1782973658.016511332] [tf_help]: Data time: 1782973656s 993210075ns, Transform time: 1782973567s 101654000ns
[controller_server-4] [INFO] [1782973658.046860534] [controller_server]: Passing new path to controller.
[controller_server-4] [ERROR] [1782973658.063635216] [tf_help]: Transform data too old when converting from map to odom
[controller_server-4] [ERROR] [1782973658.063715174] [tf_help]: Data time: 1782973658s 23183196ns, Transform time: 1782973567s 101654000ns
[controller_server-4] [ERROR] [1782973658.113336762] [tf_help]: Transform data too old when converting from map to odom
[controller_server-4] [ERROR] [1782973658.113426012] [tf_help]: Data time: 1782973658s 23183196ns, Transform time: 1782973567s 101654000ns
[controller_server-4] [ERROR] [1782973658.162809809] [tf_help]: Transform data too old when converting from map to odom
[controller_server-4] [ERROR] [1782973658.162898684] [tf_help]: Data time: 1782973658s 23183196ns, Transform time: 1782973567s 101654000ns
[controller_server-4] [ERROR] [1782973658.213056646] [tf_help]: Transform data too old when converting from map to odom
[controller_server-4] [ERROR] [1782973658.213139729] [tf_help]: Data time: 1782973658s 23183196ns, Transform time: 1782973567s 101654000ns
[controller_server-4] [ERROR] [1782973658.262743901] [tf_help]: Transform data too old when converting from map to odom
[controller_server-4] [ERROR] [1782973658.262835443] [tf_help]: Data time: 1782973658s 23183196ns, Transform time: 1782973567s 101654000ns
[controller_server-4] [ERROR] [1782973658.313928445] [tf_help]: Transform data too old when converting from map to odom
[controller_server-4] [ERROR] [1782973658.314027737] [tf_help]: Data time: 1782973658s 23183196ns, Transform time: 1782973567s 101654000ns
[controller_server-4] [ERROR] [1782973658.363682533] [tf_help]: Transform data too old when converting from map to odom
[controller_server-4] [ERROR] [1782973658.363769200] [tf_help]: Data time: 1782973658s 23183196ns, Transform time: 1782973567s 101654000ns
[controller_server-4] [ERROR] [1782973658.413065538] [tf_help]: Transform data too old when converting from map to odom
[controller_server-4] [ERROR] [1782973658.413159413] [tf_help]: Data time: 1782973658s 23183196ns, Transform time: 1782973567s 101654000ns
[controller_server-4] [ERROR] [1782973658.463041334] [tf_help]: Transform data too old when converting from map to odom
[controller_server-4] [ERROR] [1782973658.463133168] [tf_help]: Data time: 1782973658s 23183196ns, Transform time: 1782973567s 101654000ns
[controller_server-4] [ERROR] [1782973658.512907297] [tf_help]: Transform data too old when converting from map to odom
[controller_server-4] [ERROR] [1782973658.513007005] [tf_help]: Data time: 1782973658s 23183196ns, Transform time: 1782973567s 101654000ns
[controller_server-4] [ERROR] [1782973658.563516051] [tf_help]: Transform data too old when converting from map to odom
[controller_server-4] [ERROR] [1782973658.563596259] [tf_help]: Data time: 1782973658s 23183196ns, Transform time: 1782973567s 101654000ns
[controller_server-4] [ERROR] [1782973658.611772766] [tf_help]: Transform data too old when converting from map to odom
[controller_server-4] [ERROR] [1782973658.611858474] [tf_help]: Data time: 1782973658s 23183196ns, Transform time: 1782973567s 101654000ns
[controller_server-4] [ERROR] [1782973658.662484686] [tf_help]: Transform data too old when converting from map to odom
[controller_server-4] [ERROR] [1782973658.662578311] [tf_help]: Data time: 1782973658s 23183196ns, Transform time: 1782973567s 101654000ns
[controller_server-4] [ERROR] [1782973658.711767274] [tf_help]: Transform data too old when converting from map to odom
[controller_server-4] [ERROR] [1782973658.711848274] [tf_help]: Data time: 1782973658s 23183196ns, Transform time: 1782973567s 101654000ns
[controller_server-4] [ERROR] [1782973658.763982900] [tf_help]: Transform data too old when converting from map to odom
[controller_server-4] [ERROR] [1782973658.764063858] [tf_help]: Data time: 1782973658s 23183196ns, Transform time: 1782973567s 101654000ns
[controller_server-4] [ERROR] [1782973658.813753613] [tf_help]: Transform data too old when converting from map to odom
[controller_server-4] [ERROR] [1782973658.813849488] [tf_help]: Data time: 1782973658s 23183196ns, Transform time: 1782973567s 101654000ns
[controller_server-4] [ERROR] [1782973658.863199827] [tf_help]: Transform data too old when converting from map to odom
[controller_server-4] [ERROR] [1782973658.863317535] [tf_help]: Data time: 1782973658s 23183196ns, Transform time: 1782973567s 101654000ns
[controller_server-4] [ERROR] [1782973658.911525584] [tf_help]: Transform data too old when converting from map to odom
[controller_server-4] [ERROR] [1782973658.911608833] [tf_help]: Data time: 1782973658s 23183196ns, Transform time: 1782973567s 101654000ns
[controller_server-4] [ERROR] [1782973658.963008627] [tf_help]: Transform data too old when converting from map to odom
[controller_server-4] [ERROR] [1782973658.963090002] [tf_help]: Data time: 1782973658s 23183196ns, Transform time: 1782973567s 101654000ns
[controller_server-4] [ERROR] [1782973659.015148003] [tf_help]: Transform data too old when converting from map to odom
[controller_server-4] [ERROR] [1782973659.015272170] [tf_help]: Data time: 1782973658s 23183196ns, Transform time: 1782973567s 101654000ns
[controller_server-4] [ERROR] [1782973659.063114261] [tf_help]: Transform data too old when converting from map to odom
[controller_server-4] [ERROR] [1782973659.063200510] [tf_help]: Data time: 1782973658s 23183196ns, Transform time: 1782973567s 101654000ns
[controller_server-4] [INFO] [1782973659.096871207] [controller_server]: Passing new path to controller.
[controller_server-4] [ERROR] [1782973659.112724849] [tf_help]: Transform data too old when converting from map to odom
[controller_server-4] [ERROR] [1782973659.112823557] [tf_help]: Data time: 1782973659s 53184110ns, Transform time: 1782973567s 101654000ns
[controller_server-4] [ERROR] [1782973659.164061351] [tf_help]: Transform data too old when converting from map to odom
[controller_server-4] [ERROR] [1782973659.164145518] [tf_help]: Data time: 1782973659s 53184110ns, Transform time: 1782973567s 101654000ns
[controller_server-4] [ERROR] [1782973659.212243983] [tf_help]: Transform data too old when converting from map to odom
[controller_server-4] [ERROR] [1782973659.212328525] [tf_help]: Data time: 1782973659s 53184110ns, Transform time: 1782973567s 101654000ns
[controller_server-4] [ERROR] [1782973659.263101611] [tf_help]: Transform data too old when converting from map to odom
[controller_server-4] [ERROR] [1782973659.263187069] [tf_help]: Data time: 1782973659s 53184110ns, Transform time: 1782973567s 101654000ns
[controller_server-4] [ERROR] [1782973659.313898781] [tf_help]: Transform data too old when converting from map to odom
[controller_server-4] [ERROR] [1782973659.314160155] [tf_help]: Data time: 1782973659s 53184110ns, Transform time: 1782973567s 101654000ns
[controller_server-4] [ERROR] [1782973659.362954078] [tf_help]: Transform data too old when converting from map to odom
[controller_server-4] [ERROR] [1782973659.363037620] [tf_help]: Data time: 1782973659s 53184110ns, Transform time: 1782973567s 101654000ns
[controller_server-4] [ERROR] [1782973659.412440542] [tf_help]: Transform data too old when converting from map to odom
[controller_server-4] [ERROR] [1782973659.412519750] [tf_help]: Data time: 1782973659s 53184110ns, Transform time: 1782973567s 101654000ns
[controller_server-4] [ERROR] [1782973659.463462628] [tf_help]: Transform data too old when converting from map to odom
[controller_server-4] [ERROR] [1782973659.463545086] [tf_help]: Data time: 1782973659s 53184110ns, Transform time: 1782973567s 101654000ns
[controller_server-4] [ERROR] [1782973659.512273384] [tf_help]: Transform data too old when converting from map to odom
[controller_server-4] [ERROR] [1782973659.512367009] [tf_help]: Data time: 1782973659s 53184110ns, Transform time: 1782973567s 101654000ns
[controller_server-4] [ERROR] [1782973659.561543764] [tf_help]: Transform data too old when converting from map to odom
[controller_server-4] [ERROR] [1782973659.561629181] [tf_help]: Data time: 1782973659s 53184110ns, Transform time: 1782973567s 101654000ns
[controller_server-4] [ERROR] [1782973659.611647352] [tf_help]: Transform data too old when converting from map to odom
[controller_server-4] [ERROR] [1782973659.611739018] [tf_help]: Data time: 1782973659s 53184110ns, Transform time: 1782973567s 101654000ns
[controller_server-4] [ERROR] [1782973659.661601731] [tf_help]: Transform data too old when converting from map to odom
[controller_server-4] [ERROR] [1782973659.661694898] [tf_help]: Data time: 1782973659s 53184110ns, Transform time: 1782973567s 101654000ns
[controller_server-4] [ERROR] [1782973659.712393484] [tf_help]: Transform data too old when converting from map to odom
[controller_server-4] [ERROR] [1782973659.712486442] [tf_help]: Data time: 1782973659s 53184110ns, Transform time: 1782973567s 101654000ns
[controller_server-4] [ERROR] [1782973659.763127112] [tf_help]: Transform data too old when converting from map to odom
[controller_server-4] [ERROR] [1782973659.763215446] [tf_help]: Data time: 1782973659s 53184110ns, Transform time: 1782973567s 101654000ns
[controller_server-4] [ERROR] [1782973659.812334035] [tf_help]: Transform data too old when converting from map to odom
[controller_server-4] [ERROR] [1782973659.812415785] [tf_help]: Data time: 1782973659s 53184110ns, Transform time: 1782973567s 101654000ns
[controller_server-4] [ERROR] [1782973659.863223496] [tf_help]: Transform data too old when converting from map to odom
[controller_server-4] [ERROR] [1782973659.863340996] [tf_help]: Data time: 1782973659s 53184110ns, Transform time: 1782973567s 101654000ns
[controller_server-4] [ERROR] [1782973659.912368710] [tf_help]: Transform data too old when converting from map to odom
[controller_server-4] [ERROR] [1782973659.912458001] [tf_help]: Data time: 1782973659s 53184110ns, Transform time: 1782973567s 101654000ns
[controller_server-4] [ERROR] [1782973659.961509966] [tf_help]: Transform data too old when converting from map to odom
[controller_server-4] [ERROR] [1782973659.961603132] [tf_help]: Data time: 1782973659s 53184110ns, Transform time: 1782973567s 101654000ns
[controller_server-4] [ERROR] [1782973660.012844843] [tf_help]: Transform data too old when converting from map to odom
[controller_server-4] [ERROR] [1782973660.012953009] [tf_help]: Data time: 1782973659s 53184110ns, Transform time: 1782973567s 101654000ns
[controller_server-4] [ERROR] [1782973660.062835139] [tf_help]: Transform data too old when converting from map to odom
[controller_server-4] [ERROR] [1782973660.062926889] [tf_help]: Data time: 1782973659s 53184110ns, Transform time: 1782973567s 101654000ns
[controller_server-4] [ERROR] [1782973660.111803020] [tf_help]: Transform data too old when converting from map to odom
[controller_server-4] [ERROR] [1782973660.111889561] [tf_help]: Data time: 1782973659s 53184110ns, Transform time: 1782973567s 101654000ns
[controller_server-4] [INFO] [1782973660.146868923] [controller_server]: Passing new path to controller.
[controller_server-4] [ERROR] [1782973660.164532645] [tf_help]: Transform data too old when converting from map to odom
[controller_server-4] [ERROR] [1782973660.164616561] [tf_help]: Data time: 1782973660s 83266356ns, Transform time: 1782973567s 101654000ns
[controller_server-4] [ERROR] [1782973660.212935193] [tf_help]: Transform data too old when converting from map to odom
[controller_server-4] [ERROR] [1782973660.213016110] [tf_help]: Data time: 1782973660s 83266356ns, Transform time: 1782973567s 101654000ns
[controller_server-4] [ERROR] [1782973660.261713033] [tf_help]: Transform data too old when converting from map to odom
[controller_server-4] [ERROR] [1782973660.261959407] [tf_help]: Data time: 1782973660s 83266356ns, Transform time: 1782973567s 101654000ns
[controller_server-4] [ERROR] [1782973660.312518661] [tf_help]: Transform data too old when converting from map to odom
[controller_server-4] [ERROR] [1782973660.312607827] [tf_help]: Data time: 1782973660s 83266356ns, Transform time: 1782973567s 101654000ns
[controller_server-4] [ERROR] [1782973660.363412497] [tf_help]: Transform data too old when converting from map to odom
[controller_server-4] [ERROR] [1782973660.363493080] [tf_help]: Data time: 1782973660s 83266356ns, Transform time: 1782973567s 101654000ns
[controller_server-4] [ERROR] [1782973660.413401751] [tf_help]: Transform data too old when converting from map to odom
[controller_server-4] [ERROR] [1782973660.413489585] [tf_help]: Data time: 1782973660s 83266356ns, Transform time: 1782973567s 101654000ns
[controller_server-4] [ERROR] [1782973660.463818005] [tf_help]: Transform data too old when converting from map to odom
[controller_server-4] [ERROR] [1782973660.463899172] [tf_help]: Data time: 1782973660s 83266356ns, Transform time: 1782973567s 101654000ns
[controller_server-4] [ERROR] [1782973660.512945677] [tf_help]: Transform data too old when converting from map to odom
[controller_server-4] [ERROR] [1782973660.513033302] [tf_help]: Data time: 1782973660s 83266356ns, Transform time: 1782973567s 101654000ns
[controller_server-4] [ERROR] [1782973660.562027350] [tf_help]: Transform data too old when converting from map to odom
[controller_server-4] [ERROR] [1782973660.562124183] [tf_help]: Data time: 1782973660s 83266356ns, Transform time: 1782973567s 101654000ns
[controller_server-4] [ERROR] [1782973660.611510522] [tf_help]: Transform data too old when converting from map to odom
[controller_server-4] [ERROR] [1782973660.611592272] [tf_help]: Data time: 1782973660s 83266356ns, Transform time: 1782973567s 101654000ns
[controller_server-4] [ERROR] [1782973660.662707191] [tf_help]: Transform data too old when converting from map to odom
[controller_server-4] [ERROR] [1782973660.662793649] [tf_help]: Data time: 1782973660s 83266356ns, Transform time: 1782973567s 101654000ns
[controller_server-4] [ERROR] [1782973660.712709653] [tf_help]: Transform data too old when converting from map to odom
[controller_server-4] [ERROR] [1782973660.712804403] [tf_help]: Data time: 1782973660s 83266356ns, Transform time: 1782973567s 101654000ns
[controller_server-4] [ERROR] [1782973660.761484451] [tf_help]: Transform data too old when converting from map to odom
[controller_server-4] [ERROR] [1782973660.764224530] [tf_help]: Data time: 1782973660s 83266356ns, Transform time: 1782973567s 101654000ns
[controller_server-4] [ERROR] [1782973660.811424789] [tf_help]: Transform data too old when converting from map to odom
[controller_server-4] [ERROR] [1782973660.811504831] [tf_help]: Data time: 1782973660s 83266356ns, Transform time: 1782973567s 101654000ns
[controller_server-4] [ERROR] [1782973660.863407749] [tf_help]: Transform data too old when converting from map to odom
[controller_server-4] [ERROR] [1782973660.863489915] [tf_help]: Data time: 1782973660s 83266356ns, Transform time: 1782973567s 101654000ns
[controller_server-4] [ERROR] [1782973660.913995585] [tf_help]: Transform data too old when converting from map to odom
[controller_server-4] [ERROR] [1782973660.914095668] [tf_help]: Data time: 1782973660s 83266356ns, Transform time: 1782973567s 101654000ns
[controller_server-4] [ERROR] [1782973660.962979550] [tf_help]: Transform data too old when converting from map to odom
[controller_server-4] [ERROR] [1782973660.963062674] [tf_help]: Data time: 1782973660s 83266356ns, Transform time: 1782973567s 101654000ns
[controller_server-4] [ERROR] [1782973661.012106764] [tf_help]: Transform data too old when converting from map to odom
[controller_server-4] [ERROR] [1782973661.012206430] [tf_help]: Data time: 1782973660s 83266356ns, Transform time: 1782973567s 101654000ns
[controller_server-4] [ERROR] [1782973661.062250309] [tf_help]: Transform data too old when converting from map to odom
[controller_server-4] [ERROR] [1782973661.062342268] [tf_help]: Data time: 1782973660s 83266356ns, Transform time: 1782973567s 101654000ns
[controller_server-4] [ERROR] [1782973661.112089022] [tf_help]: Transform data too old when converting from map to odom
[controller_server-4] [ERROR] [1782973661.112177939] [tf_help]: Data time: 1782973660s 83266356ns, Transform time: 1782973567s 101654000ns
[controller_server-4] [INFO] [1782973661.146864926] [controller_server]: Passing new path to controller.
[controller_server-4] [ERROR] [1782973661.163532983] [tf_help]: Transform data too old when converting from map to odom
[controller_server-4] [ERROR] [1782973661.163618941] [tf_help]: Data time: 1782973661s 113175854ns, Transform time: 1782973567s 101654000ns
[controller_server-4] [ERROR] [1782973661.211456449] [tf_help]: Transform data too old when converting from map to odom
[controller_server-4] [ERROR] [1782973661.211541073] [tf_help]: Data time: 1782973661s 113175854ns, Transform time: 1782973567s 101654000ns
[controller_server-4] [ERROR] [1782973661.262786659] [tf_help]: Transform data too old when converting from map to odom
[controller_server-4] [ERROR] [1782973661.262872451] [tf_help]: Data time: 1782973661s 113175854ns, Transform time: 1782973567s 101654000ns
[controller_server-4] [ERROR] [1782973661.315866534] [tf_help]: Transform data too old when converting from map to odom
[controller_server-4] [ERROR] [1782973661.315951784] [tf_help]: Data time: 1782973661s 113175854ns, Transform time: 1782973567s 101654000ns
[controller_server-4] [ERROR] [1782973661.361635961] [tf_help]: Transform data too old when converting from map to odom
[controller_server-4] [ERROR] [1782973661.364614707] [tf_help]: Data time: 1782973661s 113175854ns, Transform time: 1782973567s 101654000ns
[controller_server-4] [ERROR] [1782973661.411911132] [tf_help]: Transform data too old when converting from map to odom
[controller_server-4] [ERROR] [1782973661.411997215] [tf_help]: Data time: 1782973661s 113175854ns, Transform time: 1782973567s 101654000ns
[controller_server-4] [ERROR] [1782973661.463321384] [tf_help]: Transform data too old when converting from map to odom
[controller_server-4] [ERROR] [1782973661.463413301] [tf_help]: Data time: 1782973661s 113175854ns, Transform time: 1782973567s 101654000ns
[controller_server-4] [ERROR] [1782973661.516747841] [tf_help]: Transform data too old when converting from map to odom
[controller_server-4] [ERROR] [1782973661.516829966] [tf_help]: Data time: 1782973661s 113175854ns, Transform time: 1782973567s 101654000ns
[controller_server-4] [ERROR] [1782973661.564309516] [tf_help]: Transform data too old when converting from map to odom
[controller_server-4] [ERROR] [1782973661.564393349] [tf_help]: Data time: 1782973661s 113175854ns, Transform time: 1782973567s 101654000ns
[controller_server-4] [ERROR] [1782973661.613111814] [tf_help]: Transform data too old when converting from map to odom
[controller_server-4] [ERROR] [1782973661.613194731] [tf_help]: Data time: 1782973661s 113175854ns, Transform time: 1782973567s 101654000ns
[controller_server-4] [ERROR] [1782973661.663758734] [tf_help]: Transform data too old when converting from map to odom
[controller_server-4] [ERROR] [1782973661.663841151] [tf_help]: Data time: 1782973661s 113175854ns, Transform time: 1782973567s 101654000ns
[controller_server-4] [ERROR] [1782973661.711714450] [tf_help]: Transform data too old when converting from map to odom
[controller_server-4] [ERROR] [1782973661.711798283] [tf_help]: Data time: 1782973661s 113175854ns, Transform time: 1782973567s 101654000ns
[controller_server-4] [ERROR] [1782973661.762952411] [tf_help]: Transform data too old when converting from map to odom
[controller_server-4] [ERROR] [1782973661.763050535] [tf_help]: Data time: 1782973661s 113175854ns, Transform time: 1782973567s 101654000ns
[controller_server-4] [ERROR] [1782973661.813318623] [tf_help]: Transform data too old when converting from map to odom
[controller_server-4] [ERROR] [1782973661.813402248] [tf_help]: Data time: 1782973661s 113175854ns, Transform time: 1782973567s 101654000ns
[controller_server-4] [ERROR] [1782973661.864366292] [tf_help]: Transform data too old when converting from map to odom
[controller_server-4] [ERROR] [1782973661.864448292] [tf_help]: Data time: 1782973661s 113175854ns, Transform time: 1782973567s 101654000ns
[controller_server-4] [ERROR] [1782973661.913191382] [tf_help]: Transform data too old when converting from map to odom
[controller_server-4] [ERROR] [1782973661.913322090] [tf_help]: Data time: 1782973661s 113175854ns, Transform time: 1782973567s 101654000ns
[controller_server-4] [ERROR] [1782973661.963213844] [tf_help]: Transform data too old when converting from map to odom
[controller_server-4] [ERROR] [1782973661.963341261] [tf_help]: Data time: 1782973661s 113175854ns, Transform time: 1782973567s 101654000ns
[controller_server-4] [ERROR] [1782973662.012546308] [tf_help]: Transform data too old when converting from map to odom
[controller_server-4] [ERROR] [1782973662.012651558] [tf_help]: Data time: 1782973661s 113175854ns, Transform time: 1782973567s 101654000ns
[controller_server-4] [ERROR] [1782973662.063665102] [tf_help]: Transform data too old when converting from map to odom
[controller_server-4] [ERROR] [1782973662.063741685] [tf_help]: Data time: 1782973661s 113175854ns, Transform time: 1782973567s 101654000ns
[controller_server-4] [ERROR] [1782973662.111949776] [tf_help]: Transform data too old when converting from map to odom
[controller_server-4] [ERROR] [1782973662.112043609] [tf_help]: Data time: 1782973661s 113175854ns, Transform time: 1782973567s 101654000ns
[controller_server-4] [ERROR] [1782973662.161487114] [tf_help]: Transform data too old when converting from map to odom
[controller_server-4] [ERROR] [1782973662.164792942] [tf_help]: Data time: 1782973661s 113175854ns, Transform time: 1782973567s 101654000ns
[controller_server-4] [INFO] [1782973662.196863892] [controller_server]: Passing new path to controller.
[controller_server-4] [ERROR] [1782973662.212415492] [tf_help]: Transform data too old when converting from map to odom
[controller_server-4] [ERROR] [1782973662.212500492] [tf_help]: Data time: 1782973662s 143999392ns, Transform time: 1782973567s 101654000ns
[controller_server-4] [ERROR] [1782973662.262749288] [tf_help]: Transform data too old when converting from map to odom
[controller_server-4] [ERROR] [1782973662.262840746] [tf_help]: Data time: 1782973662s 143999392ns, Transform time: 1782973567s 101654000ns
[controller_server-4] [ERROR] [1782973662.311850210] [tf_help]: Transform data too old when converting from map to odom
[controller_server-4] [ERROR] [1782973662.311935752] [tf_help]: Data time: 1782973662s 143999392ns, Transform time: 1782973567s 101654000ns
[controller_server-4] [ERROR] [1782973662.361628465] [tf_help]: Transform data too old when converting from map to odom
[controller_server-4] [ERROR] [1782973662.361733090] [tf_help]: Data time: 1782973662s 143999392ns, Transform time: 1782973567s 101654000ns
[controller_server-4] [ERROR] [1782973662.412491384] [tf_help]: Transform data too old when converting from map to odom
[controller_server-4] [ERROR] [1782973662.412575468] [tf_help]: Data time: 1782973662s 143999392ns, Transform time: 1782973567s 101654000ns
[controller_server-4] [ERROR] [1782973662.463068180] [tf_help]: Transform data too old when converting from map to odom
[controller_server-4] [ERROR] [1782973662.463155888] [tf_help]: Data time: 1782973662s 143999392ns, Transform time: 1782973567s 101654000ns
[controller_server-4] [ERROR] [1782973662.512312227] [tf_help]: Transform data too old when converting from map to odom
[controller_server-4] [ERROR] [1782973662.512398727] [tf_help]: Data time: 1782973662s 143999392ns, Transform time: 1782973567s 101654000ns
[controller_server-4] [ERROR] [1782973662.562722522] [tf_help]: Transform data too old when converting from map to odom
[controller_server-4] [ERROR] [1782973662.562815605] [tf_help]: Data time: 1782973662s 143999392ns, Transform time: 1782973567s 101654000ns
[controller_server-4] [ERROR] [1782973662.612465319] [tf_help]: Transform data too old when converting from map to odom
[controller_server-4] [ERROR] [1782973662.612552943] [tf_help]: Data time: 1782973662s 143999392ns, Transform time: 1782973567s 101654000ns
[controller_server-4] [ERROR] [1782973662.661450200] [tf_help]: Transform data too old when converting from map to odom
[controller_server-4] [ERROR] [1782973662.664141987] [tf_help]: Data time: 1782973662s 143999392ns, Transform time: 1782973567s 101654000ns
[controller_server-4] [ERROR] [1782973662.714933365] [tf_help]: Transform data too old when converting from map to odom
[controller_server-4] [ERROR] [1782973662.715028407] [tf_help]: Data time: 1782973662s 143999392ns, Transform time: 1782973567s 101654000ns
[controller_server-4] [ERROR] [1782973662.761692875] [tf_help]: Transform data too old when converting from map to odom
[controller_server-4] [ERROR] [1782973662.764501953] [tf_help]: Data time: 1782973662s 143999392ns, Transform time: 1782973567s 101654000ns
[controller_server-4] [ERROR] [1782973662.812173753] [tf_help]: Transform data too old when converting from map to odom
[controller_server-4] [ERROR] [1782973662.812262545] [tf_help]: Data time: 1782973662s 143999392ns, Transform time: 1782973567s 101654000ns
[controller_server-4] [ERROR] [1782973662.862251091] [tf_help]: Transform data too old when converting from map to odom
[controller_server-4] [ERROR] [1782973662.862348674] [tf_help]: Data time: 1782973662s 143999392ns, Transform time: 1782973567s 101654000ns
[controller_server-4] [ERROR] [1782973662.912299637] [tf_help]: Transform data too old when converting from map to odom
[controller_server-4] [ERROR] [1782973662.912392345] [tf_help]: Data time: 1782973662s 143999392ns, Transform time: 1782973567s 101654000ns
[controller_server-4] [ERROR] [1782973662.963130556] [tf_help]: Transform data too old when converting from map to odom
[controller_server-4] [ERROR] [1782973662.963213681] [tf_help]: Data time: 1782973662s 143999392ns, Transform time: 1782973567s 101654000ns
[controller_server-4] [ERROR] [1782973663.011900771] [tf_help]: Transform data too old when converting from map to odom
[controller_server-4] [ERROR] [1782973663.011996188] [tf_help]: Data time: 1782973662s 143999392ns, Transform time: 1782973567s 101654000ns
[controller_server-4] [ERROR] [1782973663.063519273] [tf_help]: Transform data too old when converting from map to odom
[controller_server-4] [ERROR] [1782973663.063758731] [tf_help]: Data time: 1782973662s 143999392ns, Transform time: 1782973567s 101654000ns
[controller_server-4] [ERROR] [1782973663.113412611] [tf_help]: Transform data too old when converting from map to odom
[controller_server-4] [ERROR] [1782973663.113508486] [tf_help]: Data time: 1782973662s 143999392ns, Transform time: 1782973567s 101654000ns
[controller_server-4] [ERROR] [1782973663.161654118] [tf_help]: Transform data too old when converting from map to odom
[controller_server-4] [ERROR] [1782973663.164391155] [tf_help]: Data time: 1782973662s 143999392ns, Transform time: 1782973567s 101654000ns
[controller_server-4] [INFO] [1782973663.196868104] [controller_server]: Passing new path to controller.
[controller_server-4] [ERROR] [1782973663.212709704] [tf_help]: Transform data too old when converting from map to odom
[controller_server-4] [ERROR] [1782973663.212798704] [tf_help]: Data time: 1782973663s 167457109ns, Transform time: 1782973567s 101654000ns
[controller_server-4] [ERROR] [1782973663.261908959] [tf_help]: Transform data too old when converting from map to odom
[controller_server-4] [ERROR] [1782973663.261999834] [tf_help]: Data time: 1782973663s 167457109ns, Transform time: 1782973567s 101654000ns
[controller_server-4] [ERROR] [1782973663.313276420] [tf_help]: Transform data too old when converting from map to odom
[controller_server-4] [ERROR] [1782973663.313362628] [tf_help]: Data time: 1782973663s 167457109ns, Transform time: 1782973567s 101654000ns
[controller_server-4] [ERROR] [1782973663.363345591] [tf_help]: Transform data too old when converting from map to odom
[controller_server-4] [ERROR] [1782973663.363435257] [tf_help]: Data time: 1782973663s 167457109ns, Transform time: 1782973567s 101654000ns
[controller_server-4] [ERROR] [1782973663.413569470] [tf_help]: Transform data too old when converting from map to odom
[controller_server-4] [ERROR] [1782973663.413668720] [tf_help]: Data time: 1782973663s 167457109ns, Transform time: 1782973567s 101654000ns
[controller_server-4] [ERROR] [1782973663.461501894] [tf_help]: Transform data too old when converting from map to odom
[controller_server-4] [ERROR] [1782973663.461600436] [tf_help]: Data time: 1782973663s 167457109ns, Transform time: 1782973567s 101654000ns
[controller_server-4] [ERROR] [1782973663.513035188] [tf_help]: Transform data too old when converting from map to odom
[controller_server-4] [ERROR] [1782973663.513126521] [tf_help]: Data time: 1782973663s 167457109ns, Transform time: 1782973567s 101654000ns
[controller_server-4] [ERROR] [1782973663.562956192] [tf_help]: Transform data too old when converting from map to odom
[controller_server-4] [ERROR] [1782973663.563039692] [tf_help]: Data time: 1782973663s 167457109ns, Transform time: 1782973567s 101654000ns
[controller_server-4] [ERROR] [1782973663.611670532] [tf_help]: Transform data too old when converting from map to odom
[controller_server-4] [ERROR] [1782973663.611757574] [tf_help]: Data time: 1782973663s 167457109ns, Transform time: 1782973567s 101654000ns
[controller_server-4] [ERROR] [1782973663.661401704] [tf_help]: Transform data too old when converting from map to odom
[controller_server-4] [ERROR] [1782973663.661504620] [tf_help]: Data time: 1782973663s 167457109ns, Transform time: 1782973567s 101654000ns
[controller_server-4] [ERROR] [1782973663.712426331] [tf_help]: Transform data too old when converting from map to odom
[controller_server-4] [ERROR] [1782973663.712514206] [tf_help]: Data time: 1782973663s 167457109ns, Transform time: 1782973567s 101654000ns
[controller_server-4] [ERROR] [1782973663.763184418] [tf_help]: Transform data too old when converting from map to odom
[controller_server-4] [ERROR] [1782973663.763308084] [tf_help]: Data time: 1782973663s 167457109ns, Transform time: 1782973567s 101654000ns
[controller_server-4] [ERROR] [1782973663.811531175] [tf_help]: Transform data too old when converting from map to odom
[controller_server-4] [ERROR] [1782973663.811610716] [tf_help]: Data time: 1782973663s 167457109ns, Transform time: 1782973567s 101654000ns
[controller_server-4] [ERROR] [1782973663.863042760] [tf_help]: Transform data too old when converting from map to odom
[controller_server-4] [ERROR] [1782973663.863128968] [tf_help]: Data time: 1782973663s 167457109ns, Transform time: 1782973567s 101654000ns
[controller_server-4] [ERROR] [1782973663.911639142] [tf_help]: Transform data too old when converting from map to odom
[controller_server-4] [ERROR] [1782973663.911731725] [tf_help]: Data time: 1782973663s 167457109ns, Transform time: 1782973567s 101654000ns
[controller_server-4] [ERROR] [1782973663.962831519] [tf_help]: Transform data too old when converting from map to odom
[controller_server-4] [ERROR] [1782973663.962919186] [tf_help]: Data time: 1782973663s 167457109ns, Transform time: 1782973567s 101654000ns
[controller_server-4] [ERROR] [1782973664.012668732] [tf_help]: Transform data too old when converting from map to odom
[controller_server-4] [ERROR] [1782973664.012784690] [tf_help]: Data time: 1782973663s 167457109ns, Transform time: 1782973567s 101654000ns
[controller_server-4] [ERROR] [1782973664.062833070] [tf_help]: Transform data too old when converting from map to odom
[controller_server-4] [ERROR] [1782973664.062921153] [tf_help]: Data time: 1782973663s 167457109ns, Transform time: 1782973567s 101654000ns
[controller_server-4] [ERROR] [1782973664.112483116] [tf_help]: Transform data too old when converting from map to odom
[controller_server-4] [ERROR] [1782973664.112583241] [tf_help]: Data time: 1782973663s 167457109ns, Transform time: 1782973567s 101654000ns
[controller_server-4] [ERROR] [1782973664.161764247] [tf_help]: Transform data too old when converting from map to odom
[controller_server-4] [ERROR] [1782973664.161859538] [tf_help]: Data time: 1782973663s 167457109ns, Transform time: 1782973567s 101654000ns
[controller_server-4] [ERROR] [1782973664.211931334] [tf_help]: Transform data too old when converting from map to odom
[controller_server-4] [ERROR] [1782973664.212007917] [tf_help]: Data time: 1782973663s 167457109ns, Transform time: 1782973567s 101654000ns
[controller_server-4] [INFO] [1782973664.246868946] [controller_server]: Passing new path to controller.
[controller_server-4] [ERROR] [1782973664.263404211] [tf_help]: Transform data too old when converting from map to odom
[controller_server-4] [ERROR] [1782973664.263484878] [tf_help]: Data time: 1782973664s 193429738ns, Transform time: 1782973567s 101654000ns
[controller_server-4] [ERROR] [1782973664.312265926] [tf_help]: Transform data too old when converting from map to odom
[controller_server-4] [ERROR] [1782973664.312498342] [tf_help]: Data time: 1782973664s 193429738ns, Transform time: 1782973567s 101654000ns
[controller_server-4] [ERROR] [1782973664.363801761] [tf_help]: Transform data too old when converting from map to odom
[controller_server-4] [ERROR] [1782973664.363884553] [tf_help]: Data time: 1782973664s 193429738ns, Transform time: 1782973567s 101654000ns
[controller_server-4] [ERROR] [1782973664.414744097] [tf_help]: Transform data too old when converting from map to odom
[controller_server-4] [ERROR] [1782973664.414826222] [tf_help]: Data time: 1782973664s 193429738ns, Transform time: 1782973567s 101654000ns
[controller_server-4] [ERROR] [1782973664.462212814] [tf_help]: Transform data too old when converting from map to odom
[controller_server-4] [ERROR] [1782973664.462311106] [tf_help]: Data time: 1782973664s 193429738ns, Transform time: 1782973567s 101654000ns
[controller_server-4] [ERROR] [1782973664.514698190] [tf_help]: Transform data too old when converting from map to odom
[controller_server-4] [ERROR] [1782973664.514791064] [tf_help]: Data time: 1782973664s 193429738ns, Transform time: 1782973567s 101654000ns
[controller_server-4] [ERROR] [1782973664.563558321] [tf_help]: Transform data too old when converting from map to odom
[controller_server-4] [ERROR] [1782973664.563640154] [tf_help]: Data time: 1782973664s 193429738ns, Transform time: 1782973567s 101654000ns
[controller_server-4] [ERROR] [1782973664.613539825] [tf_help]: Transform data too old when converting from map to odom
[controller_server-4] [ERROR] [1782973664.616217279] [tf_help]: Data time: 1782973664s 193429738ns, Transform time: 1782973567s 101654000ns
[controller_server-4] [ERROR] [1782973664.663000205] [tf_help]: Transform data too old when converting from map to odom
[controller_server-4] [ERROR] [1782973664.663106205] [tf_help]: Data time: 1782973664s 193429738ns, Transform time: 1782973567s 101654000ns
[controller_server-4] [ERROR] [1782973664.711432087] [tf_help]: Transform data too old when converting from map to odom
[controller_server-4] [ERROR] [1782973664.711522295] [tf_help]: Data time: 1782973664s 193429738ns, Transform time: 1782973567s 101654000ns
[controller_server-4] [ERROR] [1782973664.762531590] [tf_help]: Transform data too old when converting from map to odom
[controller_server-4] [ERROR] [1782973664.762620798] [tf_help]: Data time: 1782973664s 193429738ns, Transform time: 1782973567s 101654000ns
[controller_server-4] [ERROR] [1782973664.813390468] [tf_help]: Transform data too old when converting from map to odom
[controller_server-4] [ERROR] [1782973664.813479593] [tf_help]: Data time: 1782973664s 193429738ns, Transform time: 1782973567s 101654000ns
[controller_server-4] [ERROR] [1782973664.863469431] [tf_help]: Transform data too old when converting from map to odom
[controller_server-4] [ERROR] [1782973664.863558639] [tf_help]: Data time: 1782973664s 193429738ns, Transform time: 1782973567s 101654000ns
[controller_server-4] [ERROR] [1782973664.912894311] [tf_help]: Transform data too old when converting from map to odom
[controller_server-4] [ERROR] [1782973664.913159269] [tf_help]: Data time: 1782973664s 193429738ns, Transform time: 1782973567s 101654000ns
[controller_server-4] [ERROR] [1782973664.963075357] [tf_help]: Transform data too old when converting from map to odom
[controller_server-4] [ERROR] [1782973664.965755686] [tf_help]: Data time: 1782973664s 193429738ns, Transform time: 1782973567s 101654000ns
[controller_server-4] [ERROR] [1782973665.012858278] [tf_help]: Transform data too old when converting from map to odom
[controller_server-4] [ERROR] [1782973665.012962111] [tf_help]: Data time: 1782973664s 193429738ns, Transform time: 1782973567s 101654000ns
[controller_server-4] [ERROR] [1782973665.064111697] [tf_help]: Transform data too old when converting from map to odom
[controller_server-4] [ERROR] [1782973665.064194989] [tf_help]: Data time: 1782973664s 193429738ns, Transform time: 1782973567s 101654000ns
[controller_server-4] [ERROR] [1782973665.113789660] [tf_help]: Transform data too old when converting from map to odom
[controller_server-4] [ERROR] [1782973665.113885952] [tf_help]: Data time: 1782973664s 193429738ns, Transform time: 1782973567s 101654000ns
[controller_server-4] [ERROR] [1782973665.162854208] [tf_help]: Transform data too old when converting from map to odom
[controller_server-4] [ERROR] [1782973665.162942208] [tf_help]: Data time: 1782973664s 193429738ns, Transform time: 1782973567s 101654000ns
[controller_server-4] [ERROR] [1782973665.211506923] [tf_help]: Transform data too old when converting from map to odom
[controller_server-4] [ERROR] [1782973665.211588006] [tf_help]: Data time: 1782973664s 193429738ns, Transform time: 1782973567s 101654000ns
[controller_server-4] [INFO] [1782973665.246864450] [controller_server]: Passing new path to controller.
[controller_server-4] [ERROR] [1782973665.263607549] [tf_help]: Transform data too old when converting from map to odom
[controller_server-4] [ERROR] [1782973665.263689299] [tf_help]: Data time: 1782973665s 223347654ns, Transform time: 1782973567s 101654000ns
[controller_server-4] [ERROR] [1782973665.312365514] [tf_help]: Transform data too old when converting from map to odom
[controller_server-4] [ERROR] [1782973665.312451472] [tf_help]: Data time: 1782973665s 223347654ns, Transform time: 1782973567s 101654000ns
[controller_server-4] [ERROR] [1782973665.361555311] [tf_help]: Transform data too old when converting from map to odom
[controller_server-4] [ERROR] [1782973665.361642102] [tf_help]: Data time: 1782973665s 223347654ns, Transform time: 1782973567s 101654000ns
[controller_server-4] [ERROR] [1782973665.414798019] [tf_help]: Transform data too old when converting from map to odom
[controller_server-4] [ERROR] [1782973665.414885935] [tf_help]: Data time: 1782973665s 223347654ns, Transform time: 1782973567s 101654000ns
[controller_server-4] [ERROR] [1782973665.463801316] [tf_help]: Transform data too old when converting from map to odom
[controller_server-4] [ERROR] [1782973665.463882399] [tf_help]: Data time: 1782973665s 223347654ns, Transform time: 1782973567s 101654000ns
[controller_server-4] [ERROR] [1782973665.514409153] [tf_help]: Transform data too old when converting from map to odom
[controller_server-4] [ERROR] [1782973665.514502986] [tf_help]: Data time: 1782973665s 223347654ns, Transform time: 1782973567s 101654000ns
[controller_server-4] [ERROR] [1782973665.563222159] [tf_help]: Transform data too old when converting from map to odom
[controller_server-4] [ERROR] [1782973665.563341826] [tf_help]: Data time: 1782973665s 223347654ns, Transform time: 1782973567s 101654000ns
[controller_server-4] [ERROR] [1782973665.612254249] [tf_help]: Transform data too old when converting from map to odom
[controller_server-4] [ERROR] [1782973665.612342957] [tf_help]: Data time: 1782973665s 223347654ns, Transform time: 1782973567s 101654000ns
[controller_server-4] [ERROR] [1782973665.663012002] [tf_help]: Transform data too old when converting from map to odom
[controller_server-4] [ERROR] [1782973665.663103293] [tf_help]: Data time: 1782973665s 223347654ns, Transform time: 1782973567s 101654000ns
[controller_server-4] [ERROR] [1782973665.711662633] [tf_help]: Transform data too old when converting from map to odom
[controller_server-4] [ERROR] [1782973665.711744092] [tf_help]: Data time: 1782973665s 223347654ns, Transform time: 1782973567s 101654000ns
[controller_server-4] [ERROR] [1782973665.761431680] [tf_help]: Transform data too old when converting from map to odom
[controller_server-4] [ERROR] [1782973665.761523263] [tf_help]: Data time: 1782973665s 223347654ns, Transform time: 1782973567s 101654000ns
[controller_server-4] [ERROR] [1782973665.811582101] [tf_help]: Transform data too old when converting from map to odom
[controller_server-4] [ERROR] [1782973665.811662184] [tf_help]: Data time: 1782973665s 223347654ns, Transform time: 1782973567s 101654000ns
[controller_server-4] [ERROR] [1782973665.863461060] [tf_help]: Transform data too old when converting from map to odom
[controller_server-4] [ERROR] [1782973665.863548519] [tf_help]: Data time: 1782973665s 223347654ns, Transform time: 1782973567s 101654000ns
[controller_server-4] [ERROR] [1782973665.911561484] [tf_help]: Transform data too old when converting from map to odom
[controller_server-4] [ERROR] [1782973665.911644068] [tf_help]: Data time: 1782973665s 223347654ns, Transform time: 1782973567s 101654000ns
[controller_server-4] [ERROR] [1782973665.961443531] [tf_help]: Transform data too old when converting from map to odom
[controller_server-4] [ERROR] [1782973665.961527364] [tf_help]: Data time: 1782973665s 223347654ns, Transform time: 1782973567s 101654000ns
[controller_server-4] [ERROR] [1782973666.012338034] [tf_help]: Transform data too old when converting from map to odom
[controller_server-4] [ERROR] [1782973666.012435784] [tf_help]: Data time: 1782973665s 223347654ns, Transform time: 1782973567s 101654000ns
[controller_server-4] [ERROR] [1782973666.063029329] [tf_help]: Transform data too old when converting from map to odom
[controller_server-4] [ERROR] [1782973666.063117787] [tf_help]: Data time: 1782973665s 223347654ns, Transform time: 1782973567s 101654000ns
[controller_server-4] [ERROR] [1782973666.111498627] [tf_help]: Transform data too old when converting from map to odom
[controller_server-4] [ERROR] [1782973666.111591335] [tf_help]: Data time: 1782973665s 223347654ns, Transform time: 1782973567s 101654000ns
[controller_server-4] [ERROR] [1782973666.161822631] [tf_help]: Transform data too old when converting from map to odom
[controller_server-4] [ERROR] [1782973666.161910881] [tf_help]: Data time: 1782973665s 223347654ns, Transform time: 1782973567s 101654000ns
[controller_server-4] [ERROR] [1782973666.212467468] [tf_help]: Transform data too old when converting from map to odom
[controller_server-4] [ERROR] [1782973666.212553176] [tf_help]: Data time: 1782973665s 223347654ns, Transform time: 1782973567s 101654000ns
[controller_server-4] [ERROR] [1782973666.263096596] [tf_help]: Transform data too old when converting from map to odom
[controller_server-4] [ERROR] [1782973666.265748092] [tf_help]: Data time: 1782973665s 223347654ns, Transform time: 1782973567s 101654000ns
[controller_server-4] [INFO] [1782973666.296868168] [controller_server]: Passing new path to controller.
[controller_server-4] [ERROR] [1782973666.314239682] [tf_help]: Transform data too old when converting from map to odom
[controller_server-4] [ERROR] [1782973666.314334140] [tf_help]: Data time: 1782973666s 253585986ns, Transform time: 1782973567s 101654000ns
[controller_server-4] [ERROR] [1782973666.362198773] [tf_help]: Transform data too old when converting from map to odom
[controller_server-4] [ERROR] [1782973666.362291440] [tf_help]: Data time: 1782973666s 253585986ns, Transform time: 1782973567s 101654000ns
[controller_server-4] [ERROR] [1782973666.414188233] [tf_help]: Transform data too old when converting from map to odom
[controller_server-4] [ERROR] [1782973666.414288816] [tf_help]: Data time: 1782973666s 253585986ns, Transform time: 1782973567s 101654000ns
[controller_server-4] [ERROR] [1782973666.461592741] [tf_help]: Transform data too old when converting from map to odom
[controller_server-4] [ERROR] [1782973666.464360279] [tf_help]: Data time: 1782973666s 253585986ns, Transform time: 1782973567s 101654000ns
[controller_server-4] [ERROR] [1782973666.515851156] [tf_help]: Transform data too old when converting from map to odom
[controller_server-4] [ERROR] [1782973666.515938281] [tf_help]: Data time: 1782973666s 253585986ns, Transform time: 1782973567s 101654000ns
[controller_server-4] [ERROR] [1782973666.562701457] [tf_help]: Transform data too old when converting from map to odom
[controller_server-4] [ERROR] [1782973666.562787165] [tf_help]: Data time: 1782973666s 253585986ns, Transform time: 1782973567s 101654000ns
[controller_server-4] [ERROR] [1782973666.613423918] [tf_help]: Transform data too old when converting from map to odom
[controller_server-4] [ERROR] [1782973666.613519002] [tf_help]: Data time: 1782973666s 253585986ns, Transform time: 1782973567s 101654000ns
[controller_server-4] [ERROR] [1782973666.661822842] [tf_help]: Transform data too old when converting from map to odom
[controller_server-4] [ERROR] [1782973666.661916425] [tf_help]: Data time: 1782973666s 253585986ns, Transform time: 1782973567s 101654000ns
[controller_server-4] [ERROR] [1782973666.711797763] [tf_help]: Transform data too old when converting from map to odom
[controller_server-4] [ERROR] [1782973666.711878555] [tf_help]: Data time: 1782973666s 253585986ns, Transform time: 1782973567s 101654000ns
[controller_server-4] [ERROR] [1782973666.763059099] [tf_help]: Transform data too old when converting from map to odom
[controller_server-4] [ERROR] [1782973666.763141890] [tf_help]: Data time: 1782973666s 253585986ns, Transform time: 1782973567s 101654000ns
[controller_server-4] [ERROR] [1782973666.812718854] [tf_help]: Transform data too old when converting from map to odom
[controller_server-4] [ERROR] [1782973666.812809145] [tf_help]: Data time: 1782973666s 253585986ns, Transform time: 1782973567s 101654000ns
[controller_server-4] [ERROR] [1782973666.862968275] [tf_help]: Transform data too old when converting from map to odom
[controller_server-4] [ERROR] [1782973666.863052274] [tf_help]: Data time: 1782973666s 253585986ns, Transform time: 1782973567s 101654000ns
[controller_server-4] [ERROR] [1782973666.911512490] [tf_help]: Transform data too old when converting from map to odom
[controller_server-4] [ERROR] [1782973666.911595781] [tf_help]: Data time: 1782973666s 253585986ns, Transform time: 1782973567s 101654000ns
[controller_server-4] [ERROR] [1782973666.961409328] [tf_help]: Transform data too old when converting from map to odom
[controller_server-4] [ERROR] [1782973666.961499827] [tf_help]: Data time: 1782973666s 253585986ns, Transform time: 1782973567s 101654000ns
[controller_server-4] [ERROR] [1782973667.011708082] [tf_help]: Transform data too old when converting from map to odom
[controller_server-4] [ERROR] [1782973667.011813790] [tf_help]: Data time: 1782973666s 253585986ns, Transform time: 1782973567s 101654000ns
[controller_server-4] [ERROR] [1782973667.061516836] [tf_help]: Transform data too old when converting from map to odom
[controller_server-4] [ERROR] [1782973667.065222955] [tf_help]: Data time: 1782973666s 253585986ns, Transform time: 1782973567s 101654000ns
[controller_server-4] [ERROR] [1782973667.112056132] [tf_help]: Transform data too old when converting from map to odom
[controller_server-4] [ERROR] [1782973667.112144006] [tf_help]: Data time: 1782973666s 253585986ns, Transform time: 1782973567s 101654000ns
[controller_server-4] [ERROR] [1782973667.162582510] [tf_help]: Transform data too old when converting from map to odom
[controller_server-4] [ERROR] [1782973667.162666635] [tf_help]: Data time: 1782973666s 253585986ns, Transform time: 1782973567s 101654000ns
[controller_server-4] [ERROR] [1782973667.211981057] [tf_help]: Transform data too old when converting from map to odom
[controller_server-4] [ERROR] [1782973667.212063682] [tf_help]: Data time: 1782973666s 253585986ns, Transform time: 1782973567s 101654000ns
[controller_server-4] [ERROR] [1782973667.262207853] [tf_help]: Transform data too old when converting from map to odom
[controller_server-4] [ERROR] [1782973667.262431686] [tf_help]: Data time: 1782973666s 253585986ns, Transform time: 1782973567s 101654000ns
[controller_server-4] [ERROR] [1782973667.314956853] [tf_help]: Transform data too old when converting from map to odom
[controller_server-4] [ERROR] [1782973667.315043770] [tf_help]: Data time: 1782973666s 253585986ns, Transform time: 1782973567s 101654000ns
[controller_server-4] [INFO] [1782973667.346864594] [controller_server]: Passing new path to controller.
[controller_server-4] [ERROR] [1782973667.362829986] [tf_help]: Transform data too old when converting from map to odom
[controller_server-4] [ERROR] [1782973667.363050319] [tf_help]: Data time: 1782973667s 283174820ns, Transform time: 1782973567s 101654000ns
[controller_server-4] [ERROR] [1782973667.412916074] [tf_help]: Transform data too old when converting from map to odom
[controller_server-4] [ERROR] [1782973667.413000615] [tf_help]: Data time: 1782973667s 283174820ns, Transform time: 1782973567s 101654000ns
[controller_server-4] [ERROR] [1782973667.463159494] [tf_help]: Transform data too old when converting from map to odom
[controller_server-4] [ERROR] [1782973667.463269161] [tf_help]: Data time: 1782973667s 283174820ns, Transform time: 1782973567s 101654000ns
[controller_server-4] [ERROR] [1782973667.515167662] [tf_help]: Transform data too old when converting from map to odom
[controller_server-4] [ERROR] [1782973667.515256120] [tf_help]: Data time: 1782973667s 283174820ns, Transform time: 1782973567s 101654000ns
[controller_server-4] [ERROR] [1782973667.563317378] [tf_help]: Transform data too old when converting from map to odom
[controller_server-4] [ERROR] [1782973667.563398253] [tf_help]: Data time: 1782973667s 283174820ns, Transform time: 1782973567s 101654000ns
[controller_server-4] [ERROR] [1782973667.612685967] [tf_help]: Transform data too old when converting from map to odom
[controller_server-4] [ERROR] [1782973667.612777175] [tf_help]: Data time: 1782973667s 283174820ns, Transform time: 1782973567s 101654000ns
[controller_server-4] [ERROR] [1782973667.662756804] [tf_help]: Transform data too old when converting from map to odom
[controller_server-4] [ERROR] [1782973667.662847846] [tf_help]: Data time: 1782973667s 283174820ns, Transform time: 1782973567s 101654000ns
[controller_server-4] [ERROR] [1782973667.711501102] [tf_help]: Transform data too old when converting from map to odom
[controller_server-4] [ERROR] [1782973667.711741019] [tf_help]: Data time: 1782973667s 283174820ns, Transform time: 1782973567s 101654000ns
[controller_server-4] [ERROR] [1782973667.763525437] [tf_help]: Transform data too old when converting from map to odom
[controller_server-4] [ERROR] [1782973667.763607729] [tf_help]: Data time: 1782973667s 283174820ns, Transform time: 1782973567s 101654000ns
[controller_server-4] [ERROR] [1782973667.812290527] [tf_help]: Transform data too old when converting from map to odom
[controller_server-4] [ERROR] [1782973667.812371902] [tf_help]: Data time: 1782973667s 283174820ns, Transform time: 1782973567s 101654000ns
[controller_server-4] [ERROR] [1782973667.862347448] [tf_help]: Transform data too old when converting from map to odom
[controller_server-4] [ERROR] [1782973667.862437864] [tf_help]: Data time: 1782973667s 283174820ns, Transform time: 1782973567s 101654000ns
[controller_server-4] [ERROR] [1782973667.912560119] [tf_help]: Transform data too old when converting from map to odom
[controller_server-4] [ERROR] [1782973667.912642577] [tf_help]: Data time: 1782973667s 283174820ns, Transform time: 1782973567s 101654000ns
[controller_server-4] [ERROR] [1782973667.962647706] [tf_help]: Transform data too old when converting from map to odom
[controller_server-4] [ERROR] [1782973667.962733914] [tf_help]: Data time: 1782973667s 283174820ns, Transform time: 1782973567s 101654000ns
[controller_server-4] [ERROR] [1782973668.011730004] [tf_help]: Transform data too old when converting from map to odom
[controller_server-4] [ERROR] [1782973668.011831129] [tf_help]: Data time: 1782973667s 283174820ns, Transform time: 1782973567s 101654000ns
[controller_server-4] [ERROR] [1782973668.062783298] [tf_help]: Transform data too old when converting from map to odom
[controller_server-4] [ERROR] [1782973668.062872881] [tf_help]: Data time: 1782973667s 283174820ns, Transform time: 1782973567s 101654000ns
[controller_server-4] [ERROR] [1782973668.111773054] [tf_help]: Transform data too old when converting from map to odom
[controller_server-4] [ERROR] [1782973668.111864762] [tf_help]: Data time: 1782973667s 283174820ns, Transform time: 1782973567s 101654000ns
[controller_server-4] [ERROR] [1782973668.162526724] [tf_help]: Transform data too old when converting from map to odom
[controller_server-4] [ERROR] [1782973668.162619432] [tf_help]: Data time: 1782973667s 283174820ns, Transform time: 1782973567s 101654000ns
[controller_server-4] [ERROR] [1782973668.211720688] [tf_help]: Transform data too old when converting from map to odom
[controller_server-4] [ERROR] [1782973668.211803230] [tf_help]: Data time: 1782973667s 283174820ns, Transform time: 1782973567s 101654000ns
[controller_server-4] [ERROR] [1782973668.263612481] [tf_help]: Transform data too old when converting from map to odom
[controller_server-4] [ERROR] [1782973668.263692648] [tf_help]: Data time: 1782973667s 283174820ns, Transform time: 1782973567s 101654000ns
[controller_server-4] [ERROR] [1782973668.314232652] [tf_help]: Transform data too old when converting from map to odom
[controller_server-4] [ERROR] [1782973668.314687651] [tf_help]: Data time: 1782973667s 283174820ns, Transform time: 1782973567s 101654000ns
[controller_server-4] [INFO] [1782973668.346879600] [controller_server]: Passing new path to controller.
[controller_server-4] [ERROR] [1782973668.363357574] [tf_help]: Transform data too old when converting from map to odom
[controller_server-4] [ERROR] [1782973668.365681279] [tf_help]: Data time: 1782973668s 313337736ns, Transform time: 1782973567s 101654000ns
[controller_server-4] [ERROR] [1782973668.411506706] [tf_help]: Transform data too old when converting from map to odom
[controller_server-4] [ERROR] [1782973668.411593331] [tf_help]: Data time: 1782973668s 313337736ns, Transform time: 1782973567s 101654000ns
[controller_server-4] [ERROR] [1782973668.463585208] [tf_help]: Transform data too old when converting from map to odom
[controller_server-4] [ERROR] [1782973668.463667249] [tf_help]: Data time: 1782973668s 313337736ns, Transform time: 1782973567s 101654000ns
[controller_server-4] [ERROR] [1782973668.514610711] [tf_help]: Transform data too old when converting from map to odom
[controller_server-4] [ERROR] [1782973668.514700710] [tf_help]: Data time: 1782973668s 313337736ns, Transform time: 1782973567s 101654000ns
[controller_server-4] [ERROR] [1782973668.562591301] [tf_help]: Transform data too old when converting from map to odom
[controller_server-4] [ERROR] [1782973668.562679926] [tf_help]: Data time: 1782973668s 313337736ns, Transform time: 1782973567s 101654000ns
[controller_server-4] [ERROR] [1782973668.612441806] [tf_help]: Transform data too old when converting from map to odom
[controller_server-4] [ERROR] [1782973668.612525306] [tf_help]: Data time: 1782973668s 313337736ns, Transform time: 1782973567s 101654000ns
[controller_server-4] [ERROR] [1782973668.662200478] [tf_help]: Transform data too old when converting from map to odom
[controller_server-4] [ERROR] [1782973668.662294561] [tf_help]: Data time: 1782973668s 313337736ns, Transform time: 1782973567s 101654000ns
[controller_server-4] [ERROR] [1782973668.714082313] [tf_help]: Transform data too old when converting from map to odom
[controller_server-4] [ERROR] [1782973668.714178812] [tf_help]: Data time: 1782973668s 313337736ns, Transform time: 1782973567s 101654000ns
[controller_server-4] [ERROR] [1782973668.761771862] [tf_help]: Transform data too old when converting from map to odom
[controller_server-4] [ERROR] [1782973668.761860779] [tf_help]: Data time: 1782973668s 313337736ns, Transform time: 1782973567s 101654000ns
[controller_server-4] [ERROR] [1782973668.813693947] [tf_help]: Transform data too old when converting from map to odom
[controller_server-4] [ERROR] [1782973668.813780030] [tf_help]: Data time: 1782973668s 313337736ns, Transform time: 1782973567s 101654000ns
[controller_server-4] [ERROR] [1782973668.862700620] [tf_help]: Transform data too old when converting from map to odom
[controller_server-4] [ERROR] [1782973668.862790286] [tf_help]: Data time: 1782973668s 313337736ns, Transform time: 1782973567s 101654000ns
[controller_server-4] [ERROR] [1782973668.912928416] [tf_help]: Transform data too old when converting from map to odom
[controller_server-4] [ERROR] [1782973668.913009290] [tf_help]: Data time: 1782973668s 313337736ns, Transform time: 1782973567s 101654000ns
[controller_server-4] [ERROR] [1782973668.963912460] [tf_help]: Transform data too old when converting from map to odom
[controller_server-4] [ERROR] [1782973668.963993627] [tf_help]: Data time: 1782973668s 313337736ns, Transform time: 1782973567s 101654000ns
[controller_server-4] [ERROR] [1782973669.015191921] [tf_help]: Transform data too old when converting from map to odom
[controller_server-4] [ERROR] [1782973669.015288046] [tf_help]: Data time: 1782973668s 313337736ns, Transform time: 1782973567s 101654000ns
[controller_server-4] [ERROR] [1782973669.061648139] [tf_help]: Transform data too old when converting from map to odom
[controller_server-4] [ERROR] [1782973669.061745264] [tf_help]: Data time: 1782973668s 313337736ns, Transform time: 1782973567s 101654000ns
[controller_server-4] [ERROR] [1782973669.113395641] [tf_help]: Transform data too old when converting from map to odom
[controller_server-4] [ERROR] [1782973669.113484808] [tf_help]: Data time: 1782973668s 313337736ns, Transform time: 1782973567s 101654000ns
[controller_server-4] [ERROR] [1782973669.164087144] [tf_help]: Transform data too old when converting from map to odom
[controller_server-4] [ERROR] [1782973669.164167394] [tf_help]: Data time: 1782973668s 313337736ns, Transform time: 1782973567s 101654000ns
[controller_server-4] [ERROR] [1782973669.213480733] [tf_help]: Transform data too old when converting from map to odom
[controller_server-4] [ERROR] [1782973669.213570775] [tf_help]: Data time: 1782973668s 313337736ns, Transform time: 1782973567s 101654000ns
[controller_server-4] [ERROR] [1782973669.261901532] [tf_help]: Transform data too old when converting from map to odom
[controller_server-4] [ERROR] [1782973669.261992948] [tf_help]: Data time: 1782973668s 313337736ns, Transform time: 1782973567s 101654000ns
[controller_server-4] [ERROR] [1782973669.315900363] [tf_help]: Transform data too old when converting from map to odom
[controller_server-4] [ERROR] [1782973669.315982405] [tf_help]: Data time: 1782973668s 313337736ns, Transform time: 1782973567s 101654000ns
[controller_server-4] [ERROR] [1782973669.362824414] [tf_help]: Transform data too old when converting from map to odom
[controller_server-4] [ERROR] [1782973669.365876118] [tf_help]: Data time: 1782973668s 313337736ns, Transform time: 1782973567s 101654000ns
[controller_server-4] [INFO] [1782973669.396864944] [controller_server]: Passing new path to controller.
[controller_server-4] [ERROR] [1782973669.419676950] [tf_help]: Transform data too old when converting from map to odom
[controller_server-4] [ERROR] [1782973669.419761075] [tf_help]: Data time: 1782973669s 343314112ns, Transform time: 1782973567s 101654000ns
[controller_server-4] [ERROR] [1782973669.462646007] [tf_help]: Transform data too old when converting from map to odom
[controller_server-4] [ERROR] [1782973669.462732173] [tf_help]: Data time: 1782973669s 343314112ns, Transform time: 1782973567s 101654000ns
[controller_server-4] [ERROR] [1782973669.512893761] [tf_help]: Transform data too old when converting from map to odom
[controller_server-4] [ERROR] [1782973669.512979053] [tf_help]: Data time: 1782973669s 343314112ns, Transform time: 1782973567s 101654000ns
[controller_server-4] [ERROR] [1782973669.563548848] [tf_help]: Transform data too old when converting from map to odom
[controller_server-4] [ERROR] [1782973669.563783347] [tf_help]: Data time: 1782973669s 343314112ns, Transform time: 1782973567s 101654000ns
[controller_server-4] [ERROR] [1782973669.613459977] [tf_help]: Transform data too old when converting from map to odom
[controller_server-4] [ERROR] [1782973669.613557311] [tf_help]: Data time: 1782973669s 343314112ns, Transform time: 1782973567s 101654000ns
[controller_server-4] [ERROR] [1782973669.662584775] [tf_help]: Transform data too old when converting from map to odom
[controller_server-4] [ERROR] [1782973669.662683358] [tf_help]: Data time: 1782973669s 343314112ns, Transform time: 1782973567s 101654000ns
[controller_server-4] [ERROR] [1782973669.711510239] [tf_help]: Transform data too old when converting from map to odom
[controller_server-4] [ERROR] [1782973669.711607614] [tf_help]: Data time: 1782973669s 343314112ns, Transform time: 1782973567s 101654000ns
[controller_server-4] [ERROR] [1782973669.762953158] [tf_help]: Transform data too old when converting from map to odom
[controller_server-4] [ERROR] [1782973669.763039700] [tf_help]: Data time: 1782973669s 343314112ns, Transform time: 1782973567s 101654000ns
[controller_server-4] [ERROR] [1782973669.811950873] [tf_help]: Transform data too old when converting from map to odom
[controller_server-4] [ERROR] [1782973669.812033123] [tf_help]: Data time: 1782973669s 343314112ns, Transform time: 1782973567s 101654000ns
[controller_server-4] [ERROR] [1782973669.862421126] [tf_help]: Transform data too old when converting from map to odom
[controller_server-4] [ERROR] [1782973669.864975456] [tf_help]: Data time: 1782973669s 343314112ns, Transform time: 1782973567s 101654000ns
[controller_server-4] [ERROR] [1782973669.912673089] [tf_help]: Transform data too old when converting from map to odom
[controller_server-4] [ERROR] [1782973669.912768172] [tf_help]: Data time: 1782973669s 343314112ns, Transform time: 1782973567s 101654000ns
[controller_server-4] [ERROR] [1782973669.961540678] [tf_help]: Transform data too old when converting from map to odom
[controller_server-4] [ERROR] [1782973669.961634387] [tf_help]: Data time: 1782973669s 343314112ns, Transform time: 1782973567s 101654000ns
[controller_server-4] [ERROR] [1782973670.011497016] [tf_help]: Transform data too old when converting from map to odom
[controller_server-4] [ERROR] [1782973670.011599225] [tf_help]: Data time: 1782973669s 343314112ns, Transform time: 1782973567s 101654000ns
[controller_server-4] [ERROR] [1782973670.061476521] [tf_help]: Transform data too old when converting from map to odom
[controller_server-4] [ERROR] [1782973670.061565771] [tf_help]: Data time: 1782973669s 343314112ns, Transform time: 1782973567s 101654000ns
[controller_server-4] [ERROR] [1782973670.113723563] [tf_help]: Transform data too old when converting from map to odom
[controller_server-4] [ERROR] [1782973670.113817230] [tf_help]: Data time: 1782973669s 343314112ns, Transform time: 1782973567s 101654000ns
[controller_server-4] [ERROR] [1782973670.162006154] [tf_help]: Transform data too old when converting from map to odom
[controller_server-4] [ERROR] [1782973670.162098321] [tf_help]: Data time: 1782973669s 343314112ns, Transform time: 1782973567s 101654000ns
[controller_server-4] [ERROR] [1782973670.211540868] [tf_help]: Transform data too old when converting from map to odom
[controller_server-4] [ERROR] [1782973670.211624242] [tf_help]: Data time: 1782973669s 343314112ns, Transform time: 1782973567s 101654000ns
[controller_server-4] [ERROR] [1782973670.263739577] [tf_help]: Transform data too old when converting from map to odom
[controller_server-4] [ERROR] [1782973670.263826869] [tf_help]: Data time: 1782973669s 343314112ns, Transform time: 1782973567s 101654000ns
[controller_server-4] [ERROR] [1782973670.312198209] [tf_help]: Transform data too old when converting from map to odom
[controller_server-4] [ERROR] [1782973670.312285750] [tf_help]: Data time: 1782973669s 343314112ns, Transform time: 1782973567s 101654000ns
[controller_server-4] [ERROR] [1782973670.362187797] [tf_help]: Transform data too old when converting from map to odom
[controller_server-4] [ERROR] [1782973670.365110125] [tf_help]: Data time: 1782973669s 343314112ns, Transform time: 1782973567s 101654000ns
[controller_server-4] [INFO] [1782973670.396861992] [controller_server]: Passing new path to controller.
[controller_server-4] [ERROR] [1782973670.413561674] [tf_help]: Transform data too old when converting from map to odom
[controller_server-4] [ERROR] [1782973670.413660507] [tf_help]: Data time: 1782973670s 364240877ns, Transform time: 1782973567s 101654000ns
[controller_server-4] [ERROR] [1782973670.463911928] [tf_help]: Transform data too old when converting from map to odom
[controller_server-4] [ERROR] [1782973670.464107386] [tf_help]: Data time: 1782973670s 364240877ns, Transform time: 1782973567s 101654000ns
[controller_server-4] [ERROR] [1782973670.514896139] [tf_help]: Transform data too old when converting from map to odom
[controller_server-4] [ERROR] [1782973670.514980139] [tf_help]: Data time: 1782973670s 364240877ns, Transform time: 1782973567s 101654000ns
[controller_server-4] [ERROR] [1782973670.563086397] [tf_help]: Transform data too old when converting from map to odom
[controller_server-4] [ERROR] [1782973670.563166980] [tf_help]: Data time: 1782973670s 364240877ns, Transform time: 1782973567s 101654000ns
[controller_server-4] [ERROR] [1782973670.613112484] [tf_help]: Transform data too old when converting from map to odom
[controller_server-4] [ERROR] [1782973670.613191901] [tf_help]: Data time: 1782973670s 364240877ns, Transform time: 1782973567s 101654000ns
[controller_server-4] [ERROR] [1782973670.661802408] [tf_help]: Transform data too old when converting from map to odom
[controller_server-4] [ERROR] [1782973670.664411529] [tf_help]: Data time: 1782973670s 364240877ns, Transform time: 1782973567s 101654000ns
[controller_server-4] [ERROR] [1782973670.714478200] [tf_help]: Transform data too old when converting from map to odom
[controller_server-4] [ERROR] [1782973670.714562825] [tf_help]: Data time: 1782973670s 364240877ns, Transform time: 1782973567s 101654000ns
[controller_server-4] [ERROR] [1782973670.763148998] [tf_help]: Transform data too old when converting from map to odom
[controller_server-4] [ERROR] [1782973670.763234414] [tf_help]: Data time: 1782973670s 364240877ns, Transform time: 1782973567s 101654000ns
[controller_server-4] [ERROR] [1782973670.811943838] [tf_help]: Transform data too old when converting from map to odom
[controller_server-4] [ERROR] [1782973670.812029796] [tf_help]: Data time: 1782973670s 364240877ns, Transform time: 1782973567s 101654000ns
[controller_server-4] [ERROR] [1782973670.863490631] [tf_help]: Transform data too old when converting from map to odom
[controller_server-4] [ERROR] [1782973670.863570173] [tf_help]: Data time: 1782973670s 364240877ns, Transform time: 1782973567s 101654000ns
[controller_server-4] [ERROR] [1782973670.911665222] [tf_help]: Transform data too old when converting from map to odom
[controller_server-4] [ERROR] [1782973670.911746264] [tf_help]: Data time: 1782973670s 364240877ns, Transform time: 1782973567s 101654000ns
[controller_server-4] [ERROR] [1782973670.962353850] [tf_help]: Transform data too old when converting from map to odom
[controller_server-4] [ERROR] [1782973670.962448767] [tf_help]: Data time: 1782973670s 364240877ns, Transform time: 1782973567s 101654000ns
[controller_server-4] [ERROR] [1782973671.014623143] [tf_help]: Transform data too old when converting from map to odom
[controller_server-4] [ERROR] [1782973671.014729726] [tf_help]: Data time: 1782973670s 364240877ns, Transform time: 1782973567s 101654000ns
[controller_server-4] [ERROR] [1782973671.063608358] [tf_help]: Transform data too old when converting from map to odom
[controller_server-4] [ERROR] [1782973671.063693982] [tf_help]: Data time: 1782973670s 364240877ns, Transform time: 1782973567s 101654000ns
[controller_server-4] [ERROR] [1782973671.113570987] [tf_help]: Transform data too old when converting from map to odom
[controller_server-4] [ERROR] [1782973671.116300691] [tf_help]: Data time: 1782973670s 364240877ns, Transform time: 1782973567s 101654000ns
[controller_server-4] [ERROR] [1782973671.162065786] [tf_help]: Transform data too old when converting from map to odom
[controller_server-4] [ERROR] [1782973671.162162910] [tf_help]: Data time: 1782973670s 364240877ns, Transform time: 1782973567s 101654000ns
[controller_server-4] [ERROR] [1782973671.212706539] [tf_help]: Transform data too old when converting from map to odom
[controller_server-4] [ERROR] [1782973671.212797747] [tf_help]: Data time: 1782973670s 364240877ns, Transform time: 1782973567s 101654000ns
[controller_server-4] [ERROR] [1782973671.263474751] [tf_help]: Transform data too old when converting from map to odom
[controller_server-4] [ERROR] [1782973671.263555792] [tf_help]: Data time: 1782973670s 364240877ns, Transform time: 1782973567s 101654000ns
[controller_server-4] [ERROR] [1782973671.312595215] [tf_help]: Transform data too old when converting from map to odom
[controller_server-4] [ERROR] [1782973671.312693465] [tf_help]: Data time: 1782973670s 364240877ns, Transform time: 1782973567s 101654000ns
[controller_server-4] [ERROR] [1782973671.361561388] [tf_help]: Transform data too old when converting from map to odom
[controller_server-4] [ERROR] [1782973671.364340175] [tf_help]: Data time: 1782973670s 364240877ns, Transform time: 1782973567s 101654000ns
[controller_server-4] [ERROR] [1782973671.412446308] [tf_help]: Transform data too old when converting from map to odom
[controller_server-4] [ERROR] [1782973671.412527599] [tf_help]: Data time: 1782973670s 364240877ns, Transform time: 1782973567s 101654000ns
[controller_server-4] [INFO] [1782973671.446863712] [controller_server]: Passing new path to controller.
[controller_server-4] [ERROR] [1782973671.464175684] [tf_help]: Transform data too old when converting from map to odom
[controller_server-4] [ERROR] [1782973671.464263851] [tf_help]: Data time: 1782973671s 393343338ns, Transform time: 1782973567s 101654000ns
[controller_server-4] [ERROR] [1782973671.513764190] [tf_help]: Transform data too old when converting from map to odom
[controller_server-4] [ERROR] [1782973671.513851314] [tf_help]: Data time: 1782973671s 393343338ns, Transform time: 1782973567s 101654000ns
[controller_server-4] [ERROR] [1782973671.563046987] [tf_help]: Transform data too old when converting from map to odom
[controller_server-4] [ERROR] [1782973671.563131570] [tf_help]: Data time: 1782973671s 393343338ns, Transform time: 1782973567s 101654000ns
[controller_server-4] [ERROR] [1782973671.614994572] [tf_help]: Transform data too old when converting from map to odom
[controller_server-4] [ERROR] [1782973671.615081572] [tf_help]: Data time: 1782973671s 393343338ns, Transform time: 1782973567s 101654000ns
[controller_server-4] [ERROR] [1782973671.662263831] [tf_help]: Transform data too old when converting from map to odom
[controller_server-4] [ERROR] [1782973671.662364789] [tf_help]: Data time: 1782973671s 393343338ns, Transform time: 1782973567s 101654000ns
[controller_server-4] [ERROR] [1782973671.713217125] [tf_help]: Transform data too old when converting from map to odom
[controller_server-4] [ERROR] [1782973671.713438292] [tf_help]: Data time: 1782973671s 393343338ns, Transform time: 1782973567s 101654000ns
[controller_server-4] [ERROR] [1782973671.763612671] [tf_help]: Transform data too old when converting from map to odom
[controller_server-4] [ERROR] [1782973671.763699796] [tf_help]: Data time: 1782973671s 393343338ns, Transform time: 1782973567s 101654000ns
[controller_server-4] [ERROR] [1782973671.811961178] [tf_help]: Transform data too old when converting from map to odom
[controller_server-4] [ERROR] [1782973671.812040011] [tf_help]: Data time: 1782973671s 393343338ns, Transform time: 1782973567s 101654000ns
[controller_server-4] [ERROR] [1782973671.862198807] [tf_help]: Transform data too old when converting from map to odom
[controller_server-4] [ERROR] [1782973671.862292682] [tf_help]: Data time: 1782973671s 393343338ns, Transform time: 1782973567s 101654000ns
[controller_server-4] [ERROR] [1782973671.913273143] [tf_help]: Transform data too old when converting from map to odom
[controller_server-4] [ERROR] [1782973671.913361018] [tf_help]: Data time: 1782973671s 393343338ns, Transform time: 1782973567s 101654000ns
[controller_server-4] [ERROR] [1782973671.963352648] [tf_help]: Transform data too old when converting from map to odom
[controller_server-4] [ERROR] [1782973671.963434314] [tf_help]: Data time: 1782973671s 393343338ns, Transform time: 1782973567s 101654000ns
[controller_server-4] [ERROR] [1782973672.014447817] [tf_help]: Transform data too old when converting from map to odom
[controller_server-4] [ERROR] [1782973672.017433687] [tf_help]: Data time: 1782973671s 393343338ns, Transform time: 1782973567s 101654000ns
[controller_server-4] [ERROR] [1782973672.064103155] [tf_help]: Transform data too old when converting from map to odom
[controller_server-4] [ERROR] [1782973672.064182905] [tf_help]: Data time: 1782973671s 393343338ns, Transform time: 1782973567s 101654000ns
[controller_server-4] [ERROR] [1782973672.113665786] [tf_help]: Transform data too old when converting from map to odom
[controller_server-4] [ERROR] [1782973672.113763619] [tf_help]: Data time: 1782973671s 393343338ns, Transform time: 1782973567s 101654000ns
[controller_server-4] [ERROR] [1782973672.163282082] [tf_help]: Transform data too old when converting from map to odom
[controller_server-4] [ERROR] [1782973672.163364874] [tf_help]: Data time: 1782973671s 393343338ns, Transform time: 1782973567s 101654000ns
[controller_server-4] [ERROR] [1782973672.212778296] [tf_help]: Transform data too old when converting from map to odom
[controller_server-4] [ERROR] [1782973672.212866046] [tf_help]: Data time: 1782973671s 393343338ns, Transform time: 1782973567s 101654000ns
[controller_server-4] [ERROR] [1782973672.263753382] [tf_help]: Transform data too old when converting from map to odom
[controller_server-4] [ERROR] [1782973672.263834549] [tf_help]: Data time: 1782973671s 393343338ns, Transform time: 1782973567s 101654000ns
[controller_server-4] [ERROR] [1782973672.311677515] [tf_help]: Transform data too old when converting from map to odom
[controller_server-4] [ERROR] [1782973672.311762557] [tf_help]: Data time: 1782973671s 393343338ns, Transform time: 1782973567s 101654000ns
[controller_server-4] [ERROR] [1782973672.362002853] [tf_help]: Transform data too old when converting from map to odom
[controller_server-4] [ERROR] [1782973672.362272852] [tf_help]: Data time: 1782973671s 393343338ns, Transform time: 1782973567s 101654000ns
[controller_server-4] [ERROR] [1782973672.413377272] [tf_help]: Transform data too old when converting from map to odom
[controller_server-4] [ERROR] [1782973672.413460188] [tf_help]: Data time: 1782973671s 393343338ns, Transform time: 1782973567s 101654000ns
[controller_server-4] [INFO] [1782973672.446860636] [controller_server]: Passing new path to controller.
[controller_server-4] [ERROR] [1782973672.463830484] [tf_help]: Transform data too old when converting from map to odom
[controller_server-4] [ERROR] [1782973672.463927609] [tf_help]: Data time: 1782973672s 423272339ns, Transform time: 1782973567s 101654000ns
[controller_server-4] [ERROR] [1782973672.513085781] [tf_help]: Transform data too old when converting from map to odom
[controller_server-4] [ERROR] [1782973672.513176031] [tf_help]: Data time: 1782973672s 423272339ns, Transform time: 1782973567s 101654000ns
[controller_server-4] [ERROR] [1782973672.563303452] [tf_help]: Transform data too old when converting from map to odom
[controller_server-4] [ERROR] [1782973672.563387452] [tf_help]: Data time: 1782973672s 423272339ns, Transform time: 1782973567s 101654000ns
[controller_server-4] [ERROR] [1782973672.612577041] [tf_help]: Transform data too old when converting from map to odom
[controller_server-4] [ERROR] [1782973672.612664083] [tf_help]: Data time: 1782973672s 423272339ns, Transform time: 1782973567s 101654000ns
[controller_server-4] [ERROR] [1782973672.663595086] [tf_help]: Transform data too old when converting from map to odom
[controller_server-4] [ERROR] [1782973672.663679044] [tf_help]: Data time: 1782973672s 423272339ns, Transform time: 1782973567s 101654000ns
[controller_server-4] [ERROR] [1782973672.715255421] [tf_help]: Transform data too old when converting from map to odom
[controller_server-4] [ERROR] [1782973672.715342546] [tf_help]: Data time: 1782973672s 423272339ns, Transform time: 1782973567s 101654000ns
[controller_server-4] [ERROR] [1782973672.763931136] [tf_help]: Transform data too old when converting from map to odom
[controller_server-4] [ERROR] [1782973672.764017511] [tf_help]: Data time: 1782973672s 423272339ns, Transform time: 1782973567s 101654000ns
[controller_server-4] [ERROR] [1782973672.812927975] [tf_help]: Transform data too old when converting from map to odom
[controller_server-4] [ERROR] [1782973672.813013600] [tf_help]: Data time: 1782973672s 423272339ns, Transform time: 1782973567s 101654000ns
[controller_server-4] [ERROR] [1782973672.863277354] [tf_help]: Transform data too old when converting from map to odom
[controller_server-4] [ERROR] [1782973672.863359563] [tf_help]: Data time: 1782973672s 423272339ns, Transform time: 1782973567s 101654000ns
[controller_server-4] [ERROR] [1782973672.911644195] [tf_help]: Transform data too old when converting from map to odom
[controller_server-4] [ERROR] [1782973672.911728070] [tf_help]: Data time: 1782973672s 423272339ns, Transform time: 1782973567s 101654000ns
[controller_server-4] [ERROR] [1782973672.961439408] [tf_help]: Transform data too old when converting from map to odom
[controller_server-4] [ERROR] [1782973672.961532408] [tf_help]: Data time: 1782973672s 423272339ns, Transform time: 1782973567s 101654000ns
[controller_server-4] [ERROR] [1782973673.011702995] [tf_help]: Transform data too old when converting from map to odom
[controller_server-4] [ERROR] [1782973673.011802662] [tf_help]: Data time: 1782973672s 423272339ns, Transform time: 1782973567s 101654000ns
[controller_server-4] [ERROR] [1782973673.062482082] [tf_help]: Transform data too old when converting from map to odom
[controller_server-4] [ERROR] [1782973673.062575415] [tf_help]: Data time: 1782973672s 423272339ns, Transform time: 1782973567s 101654000ns
[controller_server-4] [ERROR] [1782973673.112330962] [tf_help]: Transform data too old when converting from map to odom
[controller_server-4] [ERROR] [1782973673.112431837] [tf_help]: Data time: 1782973672s 423272339ns, Transform time: 1782973567s 101654000ns
[bt_navigator-8] [WARN] [1782973673.128135354] [BehaviorTreeEngine]: Behavior Tree tick rate 100.00 was exceeded!
[controller_server-4] [ERROR] [1782973673.163558673] [tf_help]: Transform data too old when converting from map to odom
[controller_server-4] [ERROR] [1782973673.166842334] [tf_help]: Data time: 1782973672s 423272339ns, Transform time: 1782973567s 101654000ns
[bt_navigator-8] [WARN] [1782973673.173993615] [BehaviorTreeEngine]: Behavior Tree tick rate 100.00 was exceeded!
[controller_server-4] [ERROR] [1782973673.212857845] [tf_help]: Transform data too old when converting from map to odom
[controller_server-4] [ERROR] [1782973673.212981678] [tf_help]: Data time: 1782973672s 423272339ns, Transform time: 1782973567s 101654000ns
[controller_server-4] [ERROR] [1782973673.265683845] [tf_help]: Transform data too old when converting from map to odom
[controller_server-4] [ERROR] [1782973673.265774470] [tf_help]: Data time: 1782973672s 423272339ns, Transform time: 1782973567s 101654000ns
[controller_server-4] [ERROR] [1782973673.315404892] [tf_help]: Transform data too old when converting from map to odom
[controller_server-4] [ERROR] [1782973673.315498017] [tf_help]: Data time: 1782973672s 423272339ns, Transform time: 1782973567s 101654000ns
[controller_server-4] [ERROR] [1782973673.362775984] [tf_help]: Transform data too old when converting from map to odom
[controller_server-4] [ERROR] [1782973673.362869900] [tf_help]: Data time: 1782973672s 423272339ns, Transform time: 1782973567s 101654000ns
[controller_server-4] [ERROR] [1782973673.413495196] [tf_help]: Transform data too old when converting from map to odom
[controller_server-4] [ERROR] [1782973673.413583237] [tf_help]: Data time: 1782973672s 423272339ns, Transform time: 1782973567s 101654000ns
[controller_server-4] [ERROR] [1782973673.462715618] [tf_help]: Transform data too old when converting from map to odom
[controller_server-4] [ERROR] [1782973673.462798576] [tf_help]: Data time: 1782973672s 423272339ns, Transform time: 1782973567s 101654000ns
[controller_server-4] [INFO] [1782973673.496873773] [controller_server]: Passing new path to controller.
[controller_server-4] [ERROR] [1782973673.513642621] [tf_help]: Transform data too old when converting from map to odom
[controller_server-4] [ERROR] [1782973673.516335284] [tf_help]: Data time: 1782973673s 453383716ns, Transform time: 1782973567s 101654000ns
[controller_server-4] [ERROR] [1782973673.562729752] [tf_help]: Transform data too old when converting from map to odom
[controller_server-4] [ERROR] [1782973673.562828710] [tf_help]: Data time: 1782973673s 453383716ns, Transform time: 1782973567s 101654000ns
[controller_server-4] [ERROR] [1782973673.613669839] [tf_help]: Transform data too old when converting from map to odom
[controller_server-4] [ERROR] [1782973673.613757505] [tf_help]: Data time: 1782973673s 453383716ns, Transform time: 1782973567s 101654000ns
[controller_server-4] [ERROR] [1782973673.663306010] [tf_help]: Transform data too old when converting from map to odom
[controller_server-4] [ERROR] [1782973673.663400969] [tf_help]: Data time: 1782973673s 453383716ns, Transform time: 1782973567s 101654000ns
[bt_navigator-8] [WARN] [1782973673.677561280] [BehaviorTreeEngine]: Behavior Tree tick rate 100.00 was exceeded!
[controller_server-4] [ERROR] [1782973673.715481345] [tf_help]: Transform data too old when converting from map to odom
[controller_server-4] [ERROR] [1782973673.715562303] [tf_help]: Data time: 1782973673s 453383716ns, Transform time: 1782973567s 101654000ns
[controller_server-4] [ERROR] [1782973673.763600519] [tf_help]: Transform data too old when converting from map to odom
[controller_server-4] [ERROR] [1782973673.763681977] [tf_help]: Data time: 1782973673s 453383716ns, Transform time: 1782973567s 101654000ns
[controller_server-4] [ERROR] [1782973673.811442777] [tf_help]: Transform data too old when converting from map to odom
[controller_server-4] [ERROR] [1782973673.811523152] [tf_help]: Data time: 1782973673s 453383716ns, Transform time: 1782973567s 101654000ns
[controller_server-4] [ERROR] [1782973673.862872779] [tf_help]: Transform data too old when converting from map to odom
[controller_server-4] [ERROR] [1782973673.865363942] [tf_help]: Data time: 1782973673s 453383716ns, Transform time: 1782973567s 101654000ns
[controller_server-4] [ERROR] [1782973673.912150493] [tf_help]: Transform data too old when converting from map to odom
[controller_server-4] [ERROR] [1782973673.912242452] [tf_help]: Data time: 1782973673s 453383716ns, Transform time: 1782973567s 101654000ns
[controller_server-4] [ERROR] [1782973673.963310954] [tf_help]: Transform data too old when converting from map to odom
[controller_server-4] [ERROR] [1782973673.963388996] [tf_help]: Data time: 1782973673s 453383716ns, Transform time: 1782973567s 101654000ns
[controller_server-4] [ERROR] [1782973674.011837795] [tf_help]: Transform data too old when converting from map to odom
[controller_server-4] [ERROR] [1782973674.011935836] [tf_help]: Data time: 1782973673s 453383716ns, Transform time: 1782973567s 101654000ns
[controller_server-4] [ERROR] [1782973674.062281548] [tf_help]: Transform data too old when converting from map to odom
[controller_server-4] [ERROR] [1782973674.062383007] [tf_help]: Data time: 1782973673s 453383716ns, Transform time: 1782973567s 101654000ns
[controller_server-4] [ERROR] [1782973674.111484013] [tf_help]: Transform data too old when converting from map to odom
[controller_server-4] [ERROR] [1782973674.111572929] [tf_help]: Data time: 1782973673s 453383716ns, Transform time: 1782973567s 101654000ns
[controller_server-4] [ERROR] [1782973674.162058516] [tf_help]: Transform data too old when converting from map to odom
[controller_server-4] [ERROR] [1782973674.162161224] [tf_help]: Data time: 1782973673s 453383716ns, Transform time: 1782973567s 101654000ns
[controller_server-4] [ERROR] [1782973674.211522563] [tf_help]: Transform data too old when converting from map to odom
[controller_server-4] [ERROR] [1782973674.211602188] [tf_help]: Data time: 1782973673s 453383716ns, Transform time: 1782973567s 101654000ns
[controller_server-4] [ERROR] [1782973674.261512276] [tf_help]: Transform data too old when converting from map to odom
[controller_server-4] [ERROR] [1782973674.261610734] [tf_help]: Data time: 1782973673s 453383716ns, Transform time: 1782973567s 101654000ns
[controller_server-4] [ERROR] [1782973674.311570947] [tf_help]: Transform data too old when converting from map to odom
[controller_server-4] [ERROR] [1782973674.311664447] [tf_help]: Data time: 1782973673s 453383716ns, Transform time: 1782973567s 101654000ns
[controller_server-4] [ERROR] [1782973674.363076908] [tf_help]: Transform data too old when converting from map to odom
[controller_server-4] [ERROR] [1782973674.365534821] [tf_help]: Data time: 1782973673s 453383716ns, Transform time: 1782973567s 101654000ns
[controller_server-4] [ERROR] [1782973674.412101956] [tf_help]: Transform data too old when converting from map to odom
[controller_server-4] [ERROR] [1782973674.412192414] [tf_help]: Data time: 1782973673s 453383716ns, Transform time: 1782973567s 101654000ns
[controller_server-4] [ERROR] [1782973674.464041957] [tf_help]: Transform data too old when converting from map to odom
[controller_server-4] [ERROR] [1782973674.464124582] [tf_help]: Data time: 1782973673s 453383716ns, Transform time: 1782973567s 101654000ns
[controller_server-4] [ERROR] [1782973674.513518421] [tf_help]: Transform data too old when converting from map to odom
[controller_server-4] [ERROR] [1782973674.513607421] [tf_help]: Data time: 1782973673s 453383716ns, Transform time: 1782973567s 101654000ns
[controller_server-4] [INFO] [1782973674.546864243] [controller_server]: Passing new path to controller.
[controller_server-4] [ERROR] [1782973674.562784968] [tf_help]: Transform data too old when converting from map to odom
[controller_server-4] [ERROR] [1782973674.562874718] [tf_help]: Data time: 1782973674s 483190552ns, Transform time: 1782973567s 101654000ns
[controller_server-4] [ERROR] [1782973674.612165682] [tf_help]: Transform data too old when converting from map to odom
[controller_server-4] [ERROR] [1782973674.612251182] [tf_help]: Data time: 1782973674s 483190552ns, Transform time: 1782973567s 101654000ns
[controller_server-4] [ERROR] [1782973674.661610521] [tf_help]: Transform data too old when converting from map to odom
[controller_server-4] [ERROR] [1782973674.661702646] [tf_help]: Data time: 1782973674s 483190552ns, Transform time: 1782973567s 101654000ns
[controller_server-4] [ERROR] [1782973674.713209231] [tf_help]: Transform data too old when converting from map to odom
[controller_server-4] [ERROR] [1782973674.713321023] [tf_help]: Data time: 1782973674s 483190552ns, Transform time: 1782973567s 101654000ns
[controller_server-4] [ERROR] [1782973674.763290319] [tf_help]: Transform data too old when converting from map to odom
[controller_server-4] [ERROR] [1782973674.763375402] [tf_help]: Data time: 1782973674s 483190552ns, Transform time: 1782973567s 101654000ns
[controller_server-4] [ERROR] [1782973674.812908533] [tf_help]: Transform data too old when converting from map to odom
[controller_server-4] [ERROR] [1782973674.812996116] [tf_help]: Data time: 1782973674s 483190552ns, Transform time: 1782973567s 101654000ns
[controller_server-4] [ERROR] [1782973674.862161872] [tf_help]: Transform data too old when converting from map to odom
[controller_server-4] [ERROR] [1782973674.862256455] [tf_help]: Data time: 1782973674s 483190552ns, Transform time: 1782973567s 101654000ns
[controller_server-4] [ERROR] [1782973674.912139210] [tf_help]: Transform data too old when converting from map to odom
[controller_server-4] [ERROR] [1782973674.912228585] [tf_help]: Data time: 1782973674s 483190552ns, Transform time: 1782973567s 101654000ns
[controller_server-4] [ERROR] [1782973674.961937465] [tf_help]: Transform data too old when converting from map to odom
[controller_server-4] [ERROR] [1782973674.962030006] [tf_help]: Data time: 1782973674s 483190552ns, Transform time: 1782973567s 101654000ns
[controller_server-4] [ERROR] [1782973675.013060092] [tf_help]: Transform data too old when converting from map to odom
[controller_server-4] [ERROR] [1782973675.013161467] [tf_help]: Data time: 1782973674s 483190552ns, Transform time: 1782973567s 101654000ns
[controller_server-4] [ERROR] [1782973675.064145345] [tf_help]: Transform data too old when converting from map to odom
[controller_server-4] [ERROR] [1782973675.064228470] [tf_help]: Data time: 1782973674s 483190552ns, Transform time: 1782973567s 101654000ns
[controller_server-4] [ERROR] [1782973675.112402811] [tf_help]: Transform data too old when converting from map to odom
[controller_server-4] [ERROR] [1782973675.112493144] [tf_help]: Data time: 1782973674s 483190552ns, Transform time: 1782973567s 101654000ns
[controller_server-4] [ERROR] [1782973675.163953396] [tf_help]: Transform data too old when converting from map to odom
[controller_server-4] [ERROR] [1782973675.164190896] [tf_help]: Data time: 1782973674s 483190552ns, Transform time: 1782973567s 101654000ns
[controller_server-4] [ERROR] [1782973675.213408610] [tf_help]: Transform data too old when converting from map to odom
[controller_server-4] [ERROR] [1782973675.213494652] [tf_help]: Data time: 1782973674s 483190552ns, Transform time: 1782973567s 101654000ns
[controller_server-4] [ERROR] [1782973675.262404075] [tf_help]: Transform data too old when converting from map to odom
[controller_server-4] [ERROR] [1782973675.265469403] [tf_help]: Data time: 1782973674s 483190552ns, Transform time: 1782973567s 101654000ns
[controller_server-4] [ERROR] [1782973675.312811495] [tf_help]: Transform data too old when converting from map to odom
[controller_server-4] [ERROR] [1782973675.312911745] [tf_help]: Data time: 1782973674s 483190552ns, Transform time: 1782973567s 101654000ns
[controller_server-4] [ERROR] [1782973675.362153168] [tf_help]: Transform data too old when converting from map to odom
[controller_server-4] [ERROR] [1782973675.362239459] [tf_help]: Data time: 1782973674s 483190552ns, Transform time: 1782973567s 101654000ns
[controller_server-4] [ERROR] [1782973675.411521923] [tf_help]: Transform data too old when converting from map to odom
[controller_server-4] [ERROR] [1782973675.411608965] [tf_help]: Data time: 1782973674s 483190552ns, Transform time: 1782973567s 101654000ns
[controller_server-4] [ERROR] [1782973675.463534758] [tf_help]: Transform data too old when converting from map to odom
[controller_server-4] [ERROR] [1782973675.466637920] [tf_help]: Data time: 1782973674s 483190552ns, Transform time: 1782973567s 101654000ns
[controller_server-4] [ERROR] [1782973675.512248056] [tf_help]: Transform data too old when converting from map to odom
[controller_server-4] [ERROR] [1782973675.512335640] [tf_help]: Data time: 1782973674s 483190552ns, Transform time: 1782973567s 101654000ns
[controller_server-4] [INFO] [1782973675.546866210] [controller_server]: Passing new path to controller.
[controller_server-4] [ERROR] [1782973675.562388269] [tf_help]: Transform data too old when converting from map to odom
[controller_server-4] [ERROR] [1782973675.565342223] [tf_help]: Data time: 1782973675s 513730637ns, Transform time: 1782973567s 101654000ns
[controller_server-4] [ERROR] [1782973675.613231272] [tf_help]: Transform data too old when converting from map to odom
[controller_server-4] [ERROR] [1782973675.613350689] [tf_help]: Data time: 1782973675s 513730637ns, Transform time: 1782973567s 101654000ns
[controller_server-4] [ERROR] [1782973675.662331028] [tf_help]: Transform data too old when converting from map to odom
[controller_server-4] [ERROR] [1782973675.662413653] [tf_help]: Data time: 1782973675s 513730637ns, Transform time: 1782973567s 101654000ns
[controller_server-4] [ERROR] [1782973675.713035782] [tf_help]: Transform data too old when converting from map to odom
[controller_server-4] [ERROR] [1782973675.713124907] [tf_help]: Data time: 1782973675s 513730637ns, Transform time: 1782973567s 101654000ns
[controller_server-4] [ERROR] [1782973675.764798367] [tf_help]: Transform data too old when converting from map to odom
[controller_server-4] [ERROR] [1782973675.764883950] [tf_help]: Data time: 1782973675s 513730637ns, Transform time: 1782973567s 101654000ns
[controller_server-4] [ERROR] [1782973675.815867870] [tf_help]: Transform data too old when converting from map to odom
[controller_server-4] [ERROR] [1782973675.815946745] [tf_help]: Data time: 1782973675s 513730637ns, Transform time: 1782973567s 101654000ns
[controller_server-4] [ERROR] [1782973675.864624126] [tf_help]: Transform data too old when converting from map to odom
[controller_server-4] [ERROR] [1782973675.864705793] [tf_help]: Data time: 1782973675s 513730637ns, Transform time: 1782973567s 101654000ns
[controller_server-4] [ERROR] [1782973675.914001632] [tf_help]: Transform data too old when converting from map to odom
[controller_server-4] [ERROR] [1782973675.914104340] [tf_help]: Data time: 1782973675s 513730637ns, Transform time: 1782973567s 101654000ns
[controller_server-4] [ERROR] [1782973675.965112885] [tf_help]: Transform data too old when converting from map to odom
[controller_server-4] [ERROR] [1782973675.965198843] [tf_help]: Data time: 1782973675s 513730637ns, Transform time: 1782973567s 101654000ns
[controller_server-4] [ERROR] [1782973676.019761215] [tf_help]: Transform data too old when converting from map to odom
[controller_server-4] [ERROR] [1782973676.019867257] [tf_help]: Data time: 1782973675s 513730637ns, Transform time: 1782973567s 101654000ns
[controller_server-4] [ERROR] [1782973676.064186187] [tf_help]: Transform data too old when converting from map to odom
[controller_server-4] [ERROR] [1782973676.064274729] [tf_help]: Data time: 1782973675s 513730637ns, Transform time: 1782973567s 101654000ns
[controller_server-4] [ERROR] [1782973676.114001484] [tf_help]: Transform data too old when converting from map to odom
[controller_server-4] [ERROR] [1782973676.114107734] [tf_help]: Data time: 1782973675s 513730637ns, Transform time: 1782973567s 101654000ns
[controller_server-4] [ERROR] [1782973676.163911613] [tf_help]: Transform data too old when converting from map to odom
[controller_server-4] [ERROR] [1782973676.164001030] [tf_help]: Data time: 1782973675s 513730637ns, Transform time: 1782973567s 101654000ns
[controller_server-4] [ERROR] [1782973676.214654784] [tf_help]: Transform data too old when converting from map to odom
[controller_server-4] [ERROR] [1782973676.214736700] [tf_help]: Data time: 1782973675s 513730637ns, Transform time: 1782973567s 101654000ns
[controller_server-4] [ERROR] [1782973676.265216246] [tf_help]: Transform data too old when converting from map to odom
[controller_server-4] [ERROR] [1782973676.265303579] [tf_help]: Data time: 1782973675s 513730637ns, Transform time: 1782973567s 101654000ns
[controller_server-4] [ERROR] [1782973676.314500293] [tf_help]: Transform data too old when converting from map to odom
[controller_server-4] [ERROR] [1782973676.314591751] [tf_help]: Data time: 1782973675s 513730637ns, Transform time: 1782973567s 101654000ns
[controller_server-4] [ERROR] [1782973676.362897800] [tf_help]: Transform data too old when converting from map to odom
[controller_server-4] [ERROR] [1782973676.362989717] [tf_help]: Data time: 1782973675s 513730637ns, Transform time: 1782973567s 101654000ns
[controller_server-4] [ERROR] [1782973676.414852052] [tf_help]: Transform data too old when converting from map to odom
[controller_server-4] [ERROR] [1782973676.414940302] [tf_help]: Data time: 1782973675s 513730637ns, Transform time: 1782973567s 101654000ns
[controller_server-4] [ERROR] [1782973676.465622430] [tf_help]: Transform data too old when converting from map to odom
[controller_server-4] [ERROR] [1782973676.465717263] [tf_help]: Data time: 1782973675s 513730637ns, Transform time: 1782973567s 101654000ns
[controller_server-4] [ERROR] [1782973676.514691728] [tf_help]: Transform data too old when converting from map to odom
[controller_server-4] [ERROR] [1782973676.514788436] [tf_help]: Data time: 1782973675s 513730637ns, Transform time: 1782973567s 101654000ns
[controller_server-4] [ERROR] [1782973676.563663901] [tf_help]: Transform data too old when converting from map to odom
[controller_server-4] [ERROR] [1782973676.563753984] [tf_help]: Data time: 1782973675s 513730637ns, Transform time: 1782973567s 101654000ns
[controller_server-4] [INFO] [1782973676.596861015] [controller_server]: Passing new path to controller.
[controller_server-4] [ERROR] [1782973676.615296569] [tf_help]: Transform data too old when converting from map to odom
[controller_server-4] [ERROR] [1782973676.615381986] [tf_help]: Data time: 1782973676s 543668432ns, Transform time: 1782973567s 101654000ns
[controller_server-4] [ERROR] [1782973676.667511154] [tf_help]: Transform data too old when converting from map to odom
[controller_server-4] [ERROR] [1782973676.667597237] [tf_help]: Data time: 1782973676s 543668432ns, Transform time: 1782973567s 101654000ns
[controller_server-4] [ERROR] [1782973676.715462828] [tf_help]: Transform data too old when converting from map to odom
[controller_server-4] [ERROR] [1782973676.715552495] [tf_help]: Data time: 1782973676s 543668432ns, Transform time: 1782973567s 101654000ns
[controller_server-4] [ERROR] [1782973676.764657334] [tf_help]: Transform data too old when converting from map to odom
[controller_server-4] [ERROR] [1782973676.764744542] [tf_help]: Data time: 1782973676s 543668432ns, Transform time: 1782973567s 101654000ns
[controller_server-4] [ERROR] [1782973676.812332926] [tf_help]: Transform data too old when converting from map to odom
[controller_server-4] [ERROR] [1782973676.812421884] [tf_help]: Data time: 1782973676s 543668432ns, Transform time: 1782973567s 101654000ns
[controller_server-4] [ERROR] [1782973676.869491961] [tf_help]: Transform data too old when converting from map to odom
[controller_server-4] [ERROR] [1782973676.869580919] [tf_help]: Data time: 1782973676s 543668432ns, Transform time: 1782973567s 101654000ns
[controller_server-4] [ERROR] [1782973676.915354722] [tf_help]: Transform data too old when converting from map to odom
[controller_server-4] [ERROR] [1782973676.915442305] [tf_help]: Data time: 1782973676s 543668432ns, Transform time: 1782973567s 101654000ns
[controller_server-4] [ERROR] [1782973676.969556553] [tf_help]: Transform data too old when converting from map to odom
[controller_server-4] [ERROR] [1782973676.969646261] [tf_help]: Data time: 1782973676s 543668432ns, Transform time: 1782973567s 101654000ns
[controller_server-4] [ERROR] [1782973677.012898527] [tf_help]: Transform data too old when converting from map to odom
[controller_server-4] [ERROR] [1782973677.013152485] [tf_help]: Data time: 1782973676s 543668432ns, Transform time: 1782973567s 101654000ns
[controller_server-4] [ERROR] [1782973677.062573199] [tf_help]: Transform data too old when converting from map to odom
[controller_server-4] [ERROR] [1782973677.062654698] [tf_help]: Data time: 1782973676s 543668432ns, Transform time: 1782973567s 101654000ns
[controller_server-4] [ERROR] [1782973677.113410077] [tf_help]: Transform data too old when converting from map to odom
[controller_server-4] [ERROR] [1782973677.113506285] [tf_help]: Data time: 1782973676s 543668432ns, Transform time: 1782973567s 101654000ns
[controller_server-4] [ERROR] [1782973677.163456081] [tf_help]: Transform data too old when converting from map to odom
[controller_server-4] [ERROR] [1782973677.163548290] [tf_help]: Data time: 1782973676s 543668432ns, Transform time: 1782973567s 101654000ns
[controller_server-4] [ERROR] [1782973677.214152043] [tf_help]: Transform data too old when converting from map to odom
[controller_server-4] [ERROR] [1782973677.214256043] [tf_help]: Data time: 1782973676s 543668432ns, Transform time: 1782973567s 101654000ns
[controller_server-4] [ERROR] [1782973677.265325713] [tf_help]: Transform data too old when converting from map to odom
[controller_server-4] [ERROR] [1782973677.265410713] [tf_help]: Data time: 1782973676s 543668432ns, Transform time: 1782973567s 101654000ns
[controller_server-4] [ERROR] [1782973677.313497887] [tf_help]: Transform data too old when converting from map to odom
[controller_server-4] [ERROR] [1782973677.314556135] [tf_help]: Data time: 1782973676s 543668432ns, Transform time: 1782973567s 101654000ns
[controller_server-4] [ERROR] [1782973677.365220389] [tf_help]: Transform data too old when converting from map to odom
[controller_server-4] [ERROR] [1782973677.365311430] [tf_help]: Data time: 1782973676s 543668432ns, Transform time: 1782973567s 101654000ns
[controller_server-4] [ERROR] [1782973677.414085104] [tf_help]: Transform data too old when converting from map to odom
[controller_server-4] [ERROR] [1782973677.414190228] [tf_help]: Data time: 1782973676s 543668432ns, Transform time: 1782973567s 101654000ns
[controller_server-4] [ERROR] [1782973677.469615224] [tf_help]: Transform data too old when converting from map to odom
[controller_server-4] [ERROR] [1782973677.469714558] [tf_help]: Data time: 1782973676s 543668432ns, Transform time: 1782973567s 101654000ns
[controller_server-4] [ERROR] [1782973677.515297694] [tf_help]: Transform data too old when converting from map to odom
[controller_server-4] [ERROR] [1782973677.515386944] [tf_help]: Data time: 1782973676s 543668432ns, Transform time: 1782973567s 101654000ns
[controller_server-4] [ERROR] [1782973677.563533243] [tf_help]: Transform data too old when converting from map to odom
[controller_server-4] [ERROR] [1782973677.563619868] [tf_help]: Data time: 1782973676s 543668432ns, Transform time: 1782973567s 101654000ns
[controller_server-4] [INFO] [1782973677.596873982] [controller_server]: Passing new path to controller.
[controller_server-4] [ERROR] [1782973677.619522238] [tf_help]: Transform data too old when converting from map to odom
[controller_server-4] [ERROR] [1782973677.619617530] [tf_help]: Data time: 1782973677s 573152020ns, Transform time: 1782973567s 101654000ns
[controller_server-4] [ERROR] [1782973677.663820085] [tf_help]: Transform data too old when converting from map to odom
[controller_server-4] [ERROR] [1782973677.663907919] [tf_help]: Data time: 1782973677s 573152020ns, Transform time: 1782973567s 101654000ns
[controller_server-4] [ERROR] [1782973677.718480291] [tf_help]: Transform data too old when converting from map to odom
[controller_server-4] [ERROR] [1782973677.718587708] [tf_help]: Data time: 1782973677s 573152020ns, Transform time: 1782973567s 101654000ns
[controller_server-4] [ERROR] [1782973677.767522380] [tf_help]: Transform data too old when converting from map to odom
[controller_server-4] [ERROR] [1782973677.767601922] [tf_help]: Data time: 1782973677s 573152020ns, Transform time: 1782973567s 101654000ns
[controller_server-4] [ERROR] [1782973677.814942973] [tf_help]: Transform data too old when converting from map to odom
[controller_server-4] [ERROR] [1782973677.815033389] [tf_help]: Data time: 1782973677s 573152020ns, Transform time: 1782973567s 101654000ns
[controller_server-4] [ERROR] [1782973677.864483020] [tf_help]: Transform data too old when converting from map to odom
[controller_server-4] [ERROR] [1782973677.864563644] [tf_help]: Data time: 1782973677s 573152020ns, Transform time: 1782973567s 101654000ns
[controller_server-4] [ERROR] [1782973677.915507856] [tf_help]: Transform data too old when converting from map to odom
[controller_server-4] [ERROR] [1782973677.915602439] [tf_help]: Data time: 1782973677s 573152020ns, Transform time: 1782973567s 101654000ns
[controller_server-4] [ERROR] [1782973677.963920488] [tf_help]: Transform data too old when converting from map to odom
[controller_server-4] [ERROR] [1782973677.964002155] [tf_help]: Data time: 1782973677s 573152020ns, Transform time: 1782973567s 101654000ns
[controller_server-4] [ERROR] [1782973678.015439699] [tf_help]: Transform data too old when converting from map to odom
[controller_server-4] [ERROR] [1782973678.015545032] [tf_help]: Data time: 1782973677s 573152020ns, Transform time: 1782973567s 101654000ns
[controller_server-4] [ERROR] [1782973678.064177497] [tf_help]: Transform data too old when converting from map to odom
[controller_server-4] [ERROR] [1782973678.064260163] [tf_help]: Data time: 1782973677s 573152020ns, Transform time: 1782973567s 101654000ns
[controller_server-4] [ERROR] [1782973678.116373081] [tf_help]: Transform data too old when converting from map to odom
[controller_server-4] [ERROR] [1782973678.116462123] [tf_help]: Data time: 1782973677s 573152020ns, Transform time: 1782973567s 101654000ns
[controller_server-4] [ERROR] [1782973678.165825545] [tf_help]: Transform data too old when converting from map to odom
[controller_server-4] [ERROR] [1782973678.165930878] [tf_help]: Data time: 1782973677s 573152020ns, Transform time: 1782973567s 101654000ns
[controller_server-4] [ERROR] [1782973678.213714887] [tf_help]: Transform data too old when converting from map to odom
[controller_server-4] [ERROR] [1782973678.213814053] [tf_help]: Data time: 1782973677s 573152020ns, Transform time: 1782973567s 101654000ns
[controller_server-4] [ERROR] [1782973678.264527307] [tf_help]: Transform data too old when converting from map to odom
[controller_server-4] [ERROR] [1782973678.264612723] [tf_help]: Data time: 1782973677s 573152020ns, Transform time: 1782973567s 101654000ns
[controller_server-4] [ERROR] [1782973678.312289106] [tf_help]: Transform data too old when converting from map to odom
[controller_server-4] [ERROR] [1782973678.312382773] [tf_help]: Data time: 1782973677s 573152020ns, Transform time: 1782973567s 101654000ns
[controller_server-4] [ERROR] [1782973678.365952647] [tf_help]: Transform data too old when converting from map to odom
[controller_server-4] [ERROR] [1782973678.366037813] [tf_help]: Data time: 1782973677s 573152020ns, Transform time: 1782973567s 101654000ns
[controller_server-4] [ERROR] [1782973678.415399111] [tf_help]: Transform data too old when converting from map to odom
[controller_server-4] [ERROR] [1782973678.415488402] [tf_help]: Data time: 1782973677s 573152020ns, Transform time: 1782973567s 101654000ns
[controller_server-4] [ERROR] [1782973678.465392365] [tf_help]: Transform data too old when converting from map to odom
[controller_server-4] [ERROR] [1782973678.465478240] [tf_help]: Data time: 1782973677s 573152020ns, Transform time: 1782973567s 101654000ns
[controller_server-4] [ERROR] [1782973678.512243792] [tf_help]: Transform data too old when converting from map to odom
[controller_server-4] [ERROR] [1782973678.512332375] [tf_help]: Data time: 1782973677s 573152020ns, Transform time: 1782973567s 101654000ns
[controller_server-4] [ERROR] [1782973678.564065793] [tf_help]: Transform data too old when converting from map to odom
[controller_server-4] [ERROR] [1782973678.564146585] [tf_help]: Data time: 1782973677s 573152020ns, Transform time: 1782973567s 101654000ns
[controller_server-4] [ERROR] [1782973678.615020380] [tf_help]: Transform data too old when converting from map to odom
[controller_server-4] [ERROR] [1782973678.615104380] [tf_help]: Data time: 1782973677s 573152020ns, Transform time: 1782973567s 101654000ns
[controller_server-4] [INFO] [1782973678.646865622] [controller_server]: Passing new path to controller.
[controller_server-4] [ERROR] [1782973678.662682555] [tf_help]: Transform data too old when converting from map to odom
[controller_server-4] [ERROR] [1782973678.662770346] [tf_help]: Data time: 1782973678s 604953604ns, Transform time: 1782973567s 101654000ns
[controller_server-4] [ERROR] [1782973678.712941184] [tf_help]: Transform data too old when converting from map to odom
[controller_server-4] [ERROR] [1782973678.713032559] [tf_help]: Data time: 1782973678s 604953604ns, Transform time: 1782973567s 101654000ns
[controller_server-4] [ERROR] [1782973678.762769189] [tf_help]: Transform data too old when converting from map to odom
[controller_server-4] [ERROR] [1782973678.765393977] [tf_help]: Data time: 1782973678s 604953604ns, Transform time: 1782973567s 101654000ns
[controller_server-4] [ERROR] [1782973678.811974903] [tf_help]: Transform data too old when converting from map to odom
[controller_server-4] [ERROR] [1782973678.812055153] [tf_help]: Data time: 1782973678s 604953604ns, Transform time: 1782973567s 101654000ns
[controller_server-4] [ERROR] [1782973678.862512282] [tf_help]: Transform data too old when converting from map to odom
[controller_server-4] [ERROR] [1782973678.862788282] [tf_help]: Data time: 1782973678s 604953604ns, Transform time: 1782973567s 101654000ns
[controller_server-4] [ERROR] [1782973678.914322076] [tf_help]: Transform data too old when converting from map to odom
[controller_server-4] [ERROR] [1782973678.914416700] [tf_help]: Data time: 1782973678s 604953604ns, Transform time: 1782973567s 101654000ns
[controller_server-4] [ERROR] [1782973678.961515460] [tf_help]: Transform data too old when converting from map to odom
[controller_server-4] [ERROR] [1782973678.964253955] [tf_help]: Data time: 1782973678s 604953604ns, Transform time: 1782973567s 101654000ns
[controller_server-4] [ERROR] [1782973679.012558879] [tf_help]: Transform data too old when converting from map to odom
[controller_server-4] [ERROR] [1782973679.012661337] [tf_help]: Data time: 1782973678s 604953604ns, Transform time: 1782973567s 101654000ns
[controller_server-4] [ERROR] [1782973679.062624634] [tf_help]: Transform data too old when converting from map to odom
[controller_server-4] [ERROR] [1782973679.062715259] [tf_help]: Data time: 1782973678s 604953604ns, Transform time: 1782973567s 101654000ns
[controller_server-4] [ERROR] [1782973679.111529974] [tf_help]: Transform data too old when converting from map to odom
[controller_server-4] [ERROR] [1782973679.111610598] [tf_help]: Data time: 1782973678s 604953604ns, Transform time: 1782973567s 101654000ns
[controller_server-4] [ERROR] [1782973679.163303059] [tf_help]: Transform data too old when converting from map to odom
[controller_server-4] [ERROR] [1782973679.163385600] [tf_help]: Data time: 1782973678s 604953604ns, Transform time: 1782973567s 101654000ns
[controller_server-4] [ERROR] [1782973679.212009440] [tf_help]: Transform data too old when converting from map to odom
[controller_server-4] [ERROR] [1782973679.212087982] [tf_help]: Data time: 1782973678s 604953604ns, Transform time: 1782973567s 101654000ns
[controller_server-4] [ERROR] [1782973679.263100902] [tf_help]: Transform data too old when converting from map to odom
[controller_server-4] [ERROR] [1782973679.263185027] [tf_help]: Data time: 1782973678s 604953604ns, Transform time: 1782973567s 101654000ns
[controller_server-4] [ERROR] [1782973679.312020366] [tf_help]: Transform data too old when converting from map to odom
[controller_server-4] [ERROR] [1782973679.312101325] [tf_help]: Data time: 1782973678s 604953604ns, Transform time: 1782973567s 101654000ns
[controller_server-4] [ERROR] [1782973679.363766285] [tf_help]: Transform data too old when converting from map to odom
[controller_server-4] [ERROR] [1782973679.363844785] [tf_help]: Data time: 1782973678s 604953604ns, Transform time: 1782973567s 101654000ns
[controller_server-4] [ERROR] [1782973679.412879124] [tf_help]: Transform data too old when converting from map to odom
[controller_server-4] [ERROR] [1782973679.412967916] [tf_help]: Data time: 1782973678s 604953604ns, Transform time: 1782973567s 101654000ns
[controller_server-4] [ERROR] [1782973679.461539298] [tf_help]: Transform data too old when converting from map to odom
[controller_server-4] [ERROR] [1782973679.461631089] [tf_help]: Data time: 1782973678s 604953604ns, Transform time: 1782973567s 101654000ns
[controller_server-4] [ERROR] [1782973679.512884259] [tf_help]: Transform data too old when converting from map to odom
[controller_server-4] [ERROR] [1782973679.512974967] [tf_help]: Data time: 1782973678s 604953604ns, Transform time: 1782973567s 101654000ns
[controller_server-4] [ERROR] [1782973679.562836138] [tf_help]: Transform data too old when converting from map to odom
[controller_server-4] [ERROR] [1782973679.562920930] [tf_help]: Data time: 1782973678s 604953604ns, Transform time: 1782973567s 101654000ns
[controller_server-4] [ERROR] [1782973679.612698768] [tf_help]: Transform data too old when converting from map to odom
[controller_server-4] [ERROR] [1782973679.612789060] [tf_help]: Data time: 1782973678s 604953604ns, Transform time: 1782973567s 101654000ns
[controller_server-4] [ERROR] [1782973679.661491400] [tf_help]: Transform data too old when converting from map to odom
[controller_server-4] [ERROR] [1782973679.661587441] [tf_help]: Data time: 1782973678s 604953604ns, Transform time: 1782973567s 101654000ns
[controller_server-4] [INFO] [1782973679.696868678] [controller_server]: Passing new path to controller.
[controller_server-4] [ERROR] [1782973679.712683444] [tf_help]: Transform data too old when converting from map to odom
[controller_server-4] [ERROR] [1782973679.712781111] [tf_help]: Data time: 1782973679s 634386901ns, Transform time: 1782973567s 101654000ns
[controller_server-4] [ERROR] [1782973679.761648576] [tf_help]: Transform data too old when converting from map to odom
[controller_server-4] [ERROR] [1782973679.761741242] [tf_help]: Data time: 1782973679s 634386901ns, Transform time: 1782973567s 101654000ns
[controller_server-4] [ERROR] [1782973679.812442496] [tf_help]: Transform data too old when converting from map to odom
[controller_server-4] [ERROR] [1782973679.812693620] [tf_help]: Data time: 1782973679s 634386901ns, Transform time: 1782973567s 101654000ns
[controller_server-4] [ERROR] [1782973679.862971750] [tf_help]: Transform data too old when converting from map to odom
[controller_server-4] [ERROR] [1782973679.863072458] [tf_help]: Data time: 1782973679s 634386901ns, Transform time: 1782973567s 101654000ns
[controller_server-4] [ERROR] [1782973679.912692963] [tf_help]: Transform data too old when converting from map to odom
[controller_server-4] [ERROR] [1782973679.915674708] [tf_help]: Data time: 1782973679s 634386901ns, Transform time: 1782973567s 101654000ns
[controller_server-4] [ERROR] [1782973679.964054799] [tf_help]: Transform data too old when converting from map to odom
[controller_server-4] [ERROR] [1782973679.964136132] [tf_help]: Data time: 1782973679s 634386901ns, Transform time: 1782973567s 101654000ns
[controller_server-4] [ERROR] [1782973680.011541599] [tf_help]: Transform data too old when converting from map to odom
[controller_server-4] [ERROR] [1782973680.011640349] [tf_help]: Data time: 1782973679s 634386901ns, Transform time: 1782973567s 101654000ns
[controller_server-4] [ERROR] [1782973680.062869227] [tf_help]: Transform data too old when converting from map to odom
[controller_server-4] [ERROR] [1782973680.062954518] [tf_help]: Data time: 1782973679s 634386901ns, Transform time: 1782973567s 101654000ns
[controller_server-4] [ERROR] [1782973680.112130691] [tf_help]: Transform data too old when converting from map to odom
[controller_server-4] [ERROR] [1782973680.112222524] [tf_help]: Data time: 1782973679s 634386901ns, Transform time: 1782973567s 101654000ns
[controller_server-4] [ERROR] [1782973680.162901528] [tf_help]: Transform data too old when converting from map to odom
[controller_server-4] [ERROR] [1782973680.162986486] [tf_help]: Data time: 1782973679s 634386901ns, Transform time: 1782973567s 101654000ns
[controller_server-4] [ERROR] [1782973680.212974824] [tf_help]: Transform data too old when converting from map to odom
[controller_server-4] [ERROR] [1782973680.213067824] [tf_help]: Data time: 1782973679s 634386901ns, Transform time: 1782973567s 101654000ns
[controller_server-4] [ERROR] [1782973680.261594997] [tf_help]: Transform data too old when converting from map to odom
[controller_server-4] [ERROR] [1782973680.264532076] [tf_help]: Data time: 1782973679s 634386901ns, Transform time: 1782973567s 101654000ns
[controller_server-4] [ERROR] [1782973680.312568209] [tf_help]: Transform data too old when converting from map to odom
[controller_server-4] [ERROR] [1782973680.312660292] [tf_help]: Data time: 1782973679s 634386901ns, Transform time: 1782973567s 101654000ns
[controller_server-4] [ERROR] [1782973680.362288547] [tf_help]: Transform data too old when converting from map to odom
[controller_server-4] [ERROR] [1782973680.362384047] [tf_help]: Data time: 1782973679s 634386901ns, Transform time: 1782973567s 101654000ns
[controller_server-4] [ERROR] [1782973680.412744176] [tf_help]: Transform data too old when converting from map to odom
[controller_server-4] [ERROR] [1782973680.412832635] [tf_help]: Data time: 1782973679s 634386901ns, Transform time: 1782973567s 101654000ns
[controller_server-4] [ERROR] [1782973680.461494683] [tf_help]: Transform data too old when converting from map to odom
[controller_server-4] [ERROR] [1782973680.461585891] [tf_help]: Data time: 1782973679s 634386901ns, Transform time: 1782973567s 101654000ns
[controller_server-4] [ERROR] [1782973680.515150224] [tf_help]: Transform data too old when converting from map to odom
[controller_server-4] [ERROR] [1782973680.515237849] [tf_help]: Data time: 1782973679s 634386901ns, Transform time: 1782973567s 101654000ns
[controller_server-4] [ERROR] [1782973680.562914315] [tf_help]: Transform data too old when converting from map to odom
[controller_server-4] [ERROR] [1782973680.563001857] [tf_help]: Data time: 1782973679s 634386901ns, Transform time: 1782973567s 101654000ns
[controller_server-4] [ERROR] [1782973680.611504280] [tf_help]: Transform data too old when converting from map to odom
[controller_server-4] [ERROR] [1782973680.611586072] [tf_help]: Data time: 1782973679s 634386901ns, Transform time: 1782973567s 101654000ns
[controller_server-4] [ERROR] [1782973680.662060659] [tf_help]: Transform data too old when converting from map to odom
[controller_server-4] [ERROR] [1782973680.662152076] [tf_help]: Data time: 1782973679s 634386901ns, Transform time: 1782973567s 101654000ns
[controller_server-4] [INFO] [1782973680.696864813] [controller_server]: Passing new path to controller.
[controller_server-4] [ERROR] [1782973680.714029452] [tf_help]: Transform data too old when converting from map to odom
[controller_server-4] [ERROR] [1782973680.714115577] [tf_help]: Data time: 1782973680s 663337782ns, Transform time: 1782973567s 101654000ns
[controller_server-4] [ERROR] [1782973680.761431711] [tf_help]: Transform data too old when converting from map to odom
[controller_server-4] [ERROR] [1782973680.761526503] [tf_help]: Data time: 1782973680s 663337782ns, Transform time: 1782973567s 101654000ns
[controller_server-4] [ERROR] [1782973680.811601632] [tf_help]: Transform data too old when converting from map to odom
[controller_server-4] [ERROR] [1782973680.811683257] [tf_help]: Data time: 1782973680s 663337782ns, Transform time: 1782973567s 101654000ns
[controller_server-4] [ERROR] [1782973680.862461094] [tf_help]: Transform data too old when converting from map to odom
[controller_server-4] [ERROR] [1782973680.862553219] [tf_help]: Data time: 1782973680s 663337782ns, Transform time: 1782973567s 101654000ns
[controller_server-4] [ERROR] [1782973680.911536850] [tf_help]: Transform data too old when converting from map to odom
[controller_server-4] [ERROR] [1782973680.911623475] [tf_help]: Data time: 1782973680s 663337782ns, Transform time: 1782973567s 101654000ns
[controller_server-4] [ERROR] [1782973680.962917436] [tf_help]: Transform data too old when converting from map to odom
[controller_server-4] [ERROR] [1782973680.963005561] [tf_help]: Data time: 1782973680s 663337782ns, Transform time: 1782973567s 101654000ns
[controller_server-4] [ERROR] [1782973681.014304147] [tf_help]: Transform data too old when converting from map to odom
[controller_server-4] [ERROR] [1782973681.014410647] [tf_help]: Data time: 1782973680s 663337782ns, Transform time: 1782973567s 101654000ns
[controller_server-4] [ERROR] [1782973681.063501444] [tf_help]: Transform data too old when converting from map to odom
[controller_server-4] [ERROR] [1782973681.063584819] [tf_help]: Data time: 1782973680s 663337782ns, Transform time: 1782973567s 101654000ns
[controller_server-4] [ERROR] [1782973681.114032157] [tf_help]: Transform data too old when converting from map to odom
[controller_server-4] [ERROR] [1782973681.114131240] [tf_help]: Data time: 1782973680s 663337782ns, Transform time: 1782973567s 101654000ns
[controller_server-4] [ERROR] [1782973681.163734495] [tf_help]: Transform data too old when converting from map to odom
[controller_server-4] [ERROR] [1782973681.163816078] [tf_help]: Data time: 1782973680s 663337782ns, Transform time: 1782973567s 101654000ns
[controller_server-4] [ERROR] [1782973681.211564712] [tf_help]: Transform data too old when converting from map to odom
[controller_server-4] [ERROR] [1782973681.211644753] [tf_help]: Data time: 1782973680s 663337782ns, Transform time: 1782973567s 101654000ns
[controller_server-4] [ERROR] [1782973681.261660466] [tf_help]: Transform data too old when converting from map to odom
[controller_server-4] [ERROR] [1782973681.261764716] [tf_help]: Data time: 1782973680s 663337782ns, Transform time: 1782973567s 101654000ns
[controller_server-4] [ERROR] [1782973681.311483804] [tf_help]: Transform data too old when converting from map to odom
[controller_server-4] [ERROR] [1782973681.311571179] [tf_help]: Data time: 1782973680s 663337782ns, Transform time: 1782973567s 101654000ns
[controller_server-4] [ERROR] [1782973681.363015640] [tf_help]: Transform data too old when converting from map to odom
[controller_server-4] [ERROR] [1782973681.363100640] [tf_help]: Data time: 1782973680s 663337782ns, Transform time: 1782973567s 101654000ns
[controller_server-4] [ERROR] [1782973681.413042353] [tf_help]: Transform data too old when converting from map to odom
[controller_server-4] [ERROR] [1782973681.413125270] [tf_help]: Data time: 1782973680s 663337782ns, Transform time: 1782973567s 101654000ns
[controller_server-4] [ERROR] [1782973681.462897983] [tf_help]: Transform data too old when converting from map to odom
[controller_server-4] [ERROR] [1782973681.462980733] [tf_help]: Data time: 1782973680s 663337782ns, Transform time: 1782973567s 101654000ns
[controller_server-4] [ERROR] [1782973681.512576863] [tf_help]: Transform data too old when converting from map to odom
[controller_server-4] [ERROR] [1782973681.512664488] [tf_help]: Data time: 1782973680s 663337782ns, Transform time: 1782973567s 101654000ns
[controller_server-4] [ERROR] [1782973681.562876742] [tf_help]: Transform data too old when converting from map to odom
[controller_server-4] [ERROR] [1782973681.562963617] [tf_help]: Data time: 1782973680s 663337782ns, Transform time: 1782973567s 101654000ns
[controller_server-4] [ERROR] [1782973681.611570999] [tf_help]: Transform data too old when converting from map to odom
[controller_server-4] [ERROR] [1782973681.611650082] [tf_help]: Data time: 1782973680s 663337782ns, Transform time: 1782973567s 101654000ns
[controller_server-4] [ERROR] [1782973681.663072835] [tf_help]: Transform data too old when converting from map to odom
[controller_server-4] [ERROR] [1782973681.663156376] [tf_help]: Data time: 1782973680s 663337782ns, Transform time: 1782973567s 101654000ns
[controller_server-4] [ERROR] [1782973681.711489842] [tf_help]: Transform data too old when converting from map to odom
[controller_server-4] [ERROR] [1782973681.711580175] [tf_help]: Data time: 1782973680s 663337782ns, Transform time: 1782973567s 101654000ns
[controller_server-4] [INFO] [1782973681.746860536] [controller_server]: Passing new path to controller.
[controller_server-4] [ERROR] [1782973681.762447512] [tf_help]: Transform data too old when converting from map to odom
[controller_server-4] [ERROR] [1782973681.762537803] [tf_help]: Data time: 1782973681s 693268246ns, Transform time: 1782973567s 101654000ns
[controller_server-4] [ERROR] [1782973681.811497185] [tf_help]: Transform data too old when converting from map to odom
[controller_server-4] [ERROR] [1782973681.811577351] [tf_help]: Data time: 1782973681s 693268246ns, Transform time: 1782973567s 101654000ns
[controller_server-4] [ERROR] [1782973681.864717809] [tf_help]: Transform data too old when converting from map to odom
[controller_server-4] [ERROR] [1782973681.864804101] [tf_help]: Data time: 1782973681s 693268246ns, Transform time: 1782973567s 101654000ns
[controller_server-4] [ERROR] [1782973681.911494777] [tf_help]: Transform data too old when converting from map to odom
[controller_server-4] [ERROR] [1782973681.911580486] [tf_help]: Data time: 1782973681s 693268246ns, Transform time: 1782973567s 101654000ns
[controller_server-4] [ERROR] [1782973681.961487032] [tf_help]: Transform data too old when converting from map to odom
[controller_server-4] [ERROR] [1782973681.961572574] [tf_help]: Data time: 1782973681s 693268246ns, Transform time: 1782973567s 101654000ns
[controller_server-4] [ERROR] [1782973682.013218201] [tf_help]: Transform data too old when converting from map to odom
[controller_server-4] [ERROR] [1782973682.013378576] [tf_help]: Data time: 1782973681s 693268246ns, Transform time: 1782973567s 101654000ns
[controller_server-4] [ERROR] [1782973682.061438458] [tf_help]: Transform data too old when converting from map to odom
[controller_server-4] [ERROR] [1782973682.061527750] [tf_help]: Data time: 1782973681s 693268246ns, Transform time: 1782973567s 101654000ns
[controller_server-4] [ERROR] [1782973682.112294545] [tf_help]: Transform data too old when converting from map to odom
[controller_server-4] [ERROR] [1782973682.112383378] [tf_help]: Data time: 1782973681s 693268246ns, Transform time: 1782973567s 101654000ns
[controller_server-4] [ERROR] [1782973682.164329838] [tf_help]: Transform data too old when converting from map to odom
[controller_server-4] [ERROR] [1782973682.164417630] [tf_help]: Data time: 1782973681s 693268246ns, Transform time: 1782973567s 101654000ns
[controller_server-4] [ERROR] [1782973682.212531846] [tf_help]: Transform data too old when converting from map to odom
[controller_server-4] [ERROR] [1782973682.212615679] [tf_help]: Data time: 1782973681s 693268246ns, Transform time: 1782973567s 101654000ns
[controller_server-4] [ERROR] [1782973682.262732558] [tf_help]: Transform data too old when converting from map to odom
[controller_server-4] [ERROR] [1782973682.262823267] [tf_help]: Data time: 1782973681s 693268246ns, Transform time: 1782973567s 101654000ns
[controller_server-4] [ERROR] [1782973682.314706935] [tf_help]: Transform data too old when converting from map to odom
[controller_server-4] [ERROR] [1782973682.314796102] [tf_help]: Data time: 1782973681s 693268246ns, Transform time: 1782973567s 101654000ns
[controller_server-4] [ERROR] [1782973682.362717193] [tf_help]: Transform data too old when converting from map to odom
[controller_server-4] [ERROR] [1782973682.362802984] [tf_help]: Data time: 1782973681s 693268246ns, Transform time: 1782973567s 101654000ns
[controller_server-4] [ERROR] [1782973682.413105822] [tf_help]: Transform data too old when converting from map to odom
[controller_server-4] [ERROR] [1782973682.413189739] [tf_help]: Data time: 1782973681s 693268246ns, Transform time: 1782973567s 101654000ns
[controller_server-4] [ERROR] [1782973682.462982660] [tf_help]: Transform data too old when converting from map to odom
[controller_server-4] [ERROR] [1782973682.463071577] [tf_help]: Data time: 1782973681s 693268246ns, Transform time: 1782973567s 101654000ns
[controller_server-4] [ERROR] [1782973682.512447749] [tf_help]: Transform data too old when converting from map to odom
[controller_server-4] [ERROR] [1782973682.512533249] [tf_help]: Data time: 1782973681s 693268246ns, Transform time: 1782973567s 101654000ns
[controller_server-4] [ERROR] [1782973682.562891253] [tf_help]: Transform data too old when converting from map to odom
[controller_server-4] [ERROR] [1782973682.562973378] [tf_help]: Data time: 1782973681s 693268246ns, Transform time: 1782973567s 101654000ns
[controller_server-4] [ERROR] [1782973682.612535050] [tf_help]: Transform data too old when converting from map to odom
[controller_server-4] [ERROR] [1782973682.612778966] [tf_help]: Data time: 1782973681s 693268246ns, Transform time: 1782973567s 101654000ns
[controller_server-4] [ERROR] [1782973682.662031139] [tf_help]: Transform data too old when converting from map to odom
[controller_server-4] [ERROR] [1782973682.662122389] [tf_help]: Data time: 1782973681s 693268246ns, Transform time: 1782973567s 101654000ns
[controller_server-4] [ERROR] [1782973682.713424391] [tf_help]: Transform data too old when converting from map to odom
[controller_server-4] [ERROR] [1782973682.716199637] [tf_help]: Data time: 1782973681s 693268246ns, Transform time: 1782973567s 101654000ns
[controller_server-4] [INFO] [1782973682.746866756] [controller_server]: Passing new path to controller.
[controller_server-4] [ERROR] [1782973682.762809397] [tf_help]: Transform data too old when converting from map to odom
[controller_server-4] [ERROR] [1782973682.762903439] [tf_help]: Data time: 1782973682s 723333793ns, Transform time: 1782973567s 101654000ns
[controller_server-4] [ERROR] [1782973682.813744400] [tf_help]: Transform data too old when converting from map to odom
[controller_server-4] [ERROR] [1782973682.813832817] [tf_help]: Data time: 1782973682s 723333793ns, Transform time: 1782973567s 101654000ns
[controller_server-4] [ERROR] [1782973682.862714282] [tf_help]: Transform data too old when converting from map to odom
[controller_server-4] [ERROR] [1782973682.862803657] [tf_help]: Data time: 1782973682s 723333793ns, Transform time: 1782973567s 101654000ns
[controller_server-4] [ERROR] [1782973682.914804117] [tf_help]: Transform data too old when converting from map to odom
[controller_server-4] [ERROR] [1782973682.914891450] [tf_help]: Data time: 1782973682s 723333793ns, Transform time: 1782973567s 101654000ns
[controller_server-4] [ERROR] [1782973682.961427918] [tf_help]: Transform data too old when converting from map to odom
[controller_server-4] [ERROR] [1782973682.961525043] [tf_help]: Data time: 1782973682s 723333793ns, Transform time: 1782973567s 101654000ns
[controller_server-4] [ERROR] [1782973683.011465048] [tf_help]: Transform data too old when converting from map to odom
[controller_server-4] [ERROR] [1782973683.011563798] [tf_help]: Data time: 1782973682s 723333793ns, Transform time: 1782973567s 101654000ns
[controller_server-4] [ERROR] [1782973683.047141283] [controller_server]: Failed to make progress
[controller_server-4] [WARN] [1782973683.047387533] [controller_server]: [follow_path] [ActionServer] Aborting handle.
[controller_server-4] [INFO] [1782973683.063135383] [local_costmap.local_costmap]: Received request to clear entirely the local_costmap
[controller_server-4] [INFO] [1782973683.065453046] [controller_server]: Received a goal, begin computing control effort.
[controller_server-4] [ERROR] [1782973683.120738251] [tf_help]: Transform data too old when converting from map to odom
[controller_server-4] [ERROR] [1782973683.120819918] [tf_help]: Data time: 1782973682s 723333793ns, Transform time: 1782973567s 101654000ns
[controller_server-4] [WARN] [1782973683.120854543] [controller_server]: Control loop missed its desired rate of 20.0000Hz
[controller_server-4] [ERROR] [1782973683.135292770] [tf_help]: Transform data too old when converting from map to odom
[controller_server-4] [ERROR] [1782973683.135371270] [tf_help]: Data time: 1782973682s 723333793ns, Transform time: 1782973567s 101654000ns
[controller_server-4] [ERROR] [1782973683.180964531] [tf_help]: Transform data too old when converting from map to odom
[controller_server-4] [ERROR] [1782973683.181046448] [tf_help]: Data time: 1782973682s 723333793ns, Transform time: 1782973567s 101654000ns
[controller_server-4] [ERROR] [1782973683.230884870] [tf_help]: Transform data too old when converting from map to odom
[controller_server-4] [ERROR] [1782973683.230972953] [tf_help]: Data time: 1782973682s 723333793ns, Transform time: 1782973567s 101654000ns
[controller_server-4] [ERROR] [1782973683.281712665] [tf_help]: Transform data too old when converting from map to odom
[controller_server-4] [ERROR] [1782973683.281799248] [tf_help]: Data time: 1782973682s 723333793ns, Transform time: 1782973567s 101654000ns
[controller_server-4] [ERROR] [1782973683.331261795] [tf_help]: Transform data too old when converting from map to odom
[controller_server-4] [ERROR] [1782973683.331345628] [tf_help]: Data time: 1782973682s 723333793ns, Transform time: 1782973567s 101654000ns
[controller_server-4] [ERROR] [1782973683.380289718] [tf_help]: Transform data too old when converting from map to odom
[controller_server-4] [ERROR] [1782973683.380371010] [tf_help]: Data time: 1782973682s 723333793ns, Transform time: 1782973567s 101654000ns
[controller_server-4] [ERROR] [1782973683.430535264] [tf_help]: Transform data too old when converting from map to odom
[controller_server-4] [ERROR] [1782973683.430771514] [tf_help]: Data time: 1782973682s 723333793ns, Transform time: 1782973567s 101654000ns
[controller_server-4] [ERROR] [1782973683.481349268] [tf_help]: Transform data too old when converting from map to odom
[controller_server-4] [ERROR] [1782973683.481429184] [tf_help]: Data time: 1782973682s 723333793ns, Transform time: 1782973567s 101654000ns
[controller_server-4] [ERROR] [1782973683.532160104] [tf_help]: Transform data too old when converting from map to odom
[controller_server-4] [ERROR] [1782973683.532249063] [tf_help]: Data time: 1782973682s 723333793ns, Transform time: 1782973567s 101654000ns
[controller_server-4] [ERROR] [1782973683.580251279] [tf_help]: Transform data too old when converting from map to odom
[controller_server-4] [ERROR] [1782973683.580339945] [tf_help]: Data time: 1782973682s 723333793ns, Transform time: 1782973567s 101654000ns
[controller_server-4] [ERROR] [1782973683.630924449] [tf_help]: Transform data too old when converting from map to odom
[controller_server-4] [ERROR] [1782973683.631011616] [tf_help]: Data time: 1782973682s 723333793ns, Transform time: 1782973567s 101654000ns
[controller_server-4] [ERROR] [1782973683.680087455] [tf_help]: Transform data too old when converting from map to odom
[controller_server-4] [ERROR] [1782973683.680180288] [tf_help]: Data time: 1782973682s 723333793ns, Transform time: 1782973567s 101654000ns
[controller_server-4] [ERROR] [1782973683.729996835] [tf_help]: Transform data too old when converting from map to odom
[controller_server-4] [ERROR] [1782973683.730077877] [tf_help]: Data time: 1782973682s 723333793ns, Transform time: 1782973567s 101654000ns
[controller_server-4] [ERROR] [1782973683.782728502] [tf_help]: Transform data too old when converting from map to odom
[controller_server-4] [ERROR] [1782973683.782816544] [tf_help]: Data time: 1782973682s 723333793ns, Transform time: 1782973567s 101654000ns
[controller_server-4] [INFO] [1782973683.816042075] [controller_server]: Passing new path to controller.
[controller_server-4] [ERROR] [1782973683.832333132] [tf_help]: Transform data too old when converting from map to odom
[controller_server-4] [ERROR] [1782973683.832417257] [tf_help]: Data time: 1782973683s 753295298ns, Transform time: 1782973567s 101654000ns
[controller_server-4] [ERROR] [1782973683.880276140] [tf_help]: Transform data too old when converting from map to odom
[controller_server-4] [ERROR] [1782973683.880355849] [tf_help]: Data time: 1782973683s 753295298ns, Transform time: 1782973567s 101654000ns
[controller_server-4] [ERROR] [1782973683.931019019] [tf_help]: Transform data too old when converting from map to odom
[controller_server-4] [ERROR] [1782973683.931096436] [tf_help]: Data time: 1782973683s 753295298ns, Transform time: 1782973567s 101654000ns
[controller_server-4] [ERROR] [1782973683.981701314] [tf_help]: Transform data too old when converting from map to odom
[controller_server-4] [ERROR] [1782973683.981783606] [tf_help]: Data time: 1782973683s 753295298ns, Transform time: 1782973567s 101654000ns
[controller_server-4] [ERROR] [1782973684.030015447] [tf_help]: Transform data too old when converting from map to odom
[controller_server-4] [ERROR] [1782973684.030114280] [tf_help]: Data time: 1782973683s 753295298ns, Transform time: 1782973567s 101654000ns
[controller_server-4] [ERROR] [1782973684.081349949] [tf_help]: Transform data too old when converting from map to odom
[controller_server-4] [ERROR] [1782973684.081432991] [tf_help]: Data time: 1782973683s 753295298ns, Transform time: 1782973567s 101654000ns
[controller_server-4] [ERROR] [1782973684.129959915] [tf_help]: Transform data too old when converting from map to odom
[controller_server-4] [ERROR] [1782973684.130044623] [tf_help]: Data time: 1782973683s 753295298ns, Transform time: 1782973567s 101654000ns
[controller_server-4] [ERROR] [1782973684.180575710] [tf_help]: Transform data too old when converting from map to odom
[controller_server-4] [ERROR] [1782973684.180653502] [tf_help]: Data time: 1782973683s 753295298ns, Transform time: 1782973567s 101654000ns
[controller_server-4] [ERROR] [1782973684.229965341] [tf_help]: Transform data too old when converting from map to odom
[controller_server-4] [ERROR] [1782973684.230047341] [tf_help]: Data time: 1782973683s 753295298ns, Transform time: 1782973567s 101654000ns
[controller_server-4] [ERROR] [1782973684.281765759] [tf_help]: Transform data too old when converting from map to odom
[controller_server-4] [ERROR] [1782973684.281845718] [tf_help]: Data time: 1782973683s 753295298ns, Transform time: 1782973567s 101654000ns
[controller_server-4] [ERROR] [1782973684.331799889] [tf_help]: Transform data too old when converting from map to odom
[controller_server-4] [ERROR] [1782973684.331884264] [tf_help]: Data time: 1782973683s 753295298ns, Transform time: 1782973567s 101654000ns
[controller_server-4] [ERROR] [1782973684.381600978] [tf_help]: Transform data too old when converting from map to odom
[controller_server-4] [ERROR] [1782973684.381843769] [tf_help]: Data time: 1782973683s 753295298ns, Transform time: 1782973567s 101654000ns
[controller_server-4] [ERROR] [1782973684.430130235] [tf_help]: Transform data too old when converting from map to odom
[controller_server-4] [ERROR] [1782973684.430213068] [tf_help]: Data time: 1782973683s 753295298ns, Transform time: 1782973567s 101654000ns
[controller_server-4] [ERROR] [1782973684.481616820] [tf_help]: Transform data too old when converting from map to odom
[controller_server-4] [ERROR] [1782973684.481696820] [tf_help]: Data time: 1782973683s 753295298ns, Transform time: 1782973567s 101654000ns
[controller_server-4] [ERROR] [1782973684.531324909] [tf_help]: Transform data too old when converting from map to odom
[controller_server-4] [ERROR] [1782973684.531408034] [tf_help]: Data time: 1782973683s 753295298ns, Transform time: 1782973567s 101654000ns
[controller_server-4] [ERROR] [1782973684.583139702] [tf_help]: Transform data too old when converting from map to odom
[controller_server-4] [ERROR] [1782973684.583220744] [tf_help]: Data time: 1782973683s 753295298ns, Transform time: 1782973567s 101654000ns
[controller_server-4] [ERROR] [1782973684.630043462] [tf_help]: Transform data too old when converting from map to odom
[controller_server-4] [ERROR] [1782973684.630125879] [tf_help]: Data time: 1782973683s 753295298ns, Transform time: 1782973567s 101654000ns
[controller_server-4] [ERROR] [1782973684.681044257] [tf_help]: Transform data too old when converting from map to odom
[controller_server-4] [ERROR] [1782973684.681123382] [tf_help]: Data time: 1782973683s 753295298ns, Transform time: 1782973567s 101654000ns
[controller_server-4] [ERROR] [1782973684.730100346] [tf_help]: Transform data too old when converting from map to odom
[controller_server-4] [ERROR] [1782973684.730179930] [tf_help]: Data time: 1782973683s 753295298ns, Transform time: 1782973567s 101654000ns
[controller_server-4] [ERROR] [1782973684.781570182] [tf_help]: Transform data too old when converting from map to odom
[controller_server-4] [ERROR] [1782973684.781649140] [tf_help]: Data time: 1782973683s 753295298ns, Transform time: 1782973567s 101654000ns
[controller_server-4] [INFO] [1782973684.816064836] [controller_server]: Passing new path to controller.
[controller_server-4] [ERROR] [1782973684.831864395] [tf_help]: Transform data too old when converting from map to odom
[controller_server-4] [ERROR] [1782973684.831942895] [tf_help]: Data time: 1782973684s 783346179ns, Transform time: 1782973567s 101654000ns
[controller_server-4] [ERROR] [1782973684.880242527] [tf_help]: Transform data too old when converting from map to odom
[controller_server-4] [ERROR] [1782973684.880326110] [tf_help]: Data time: 1782973684s 783346179ns, Transform time: 1782973567s 101654000ns
[controller_server-4] [ERROR] [1782973684.930404323] [tf_help]: Transform data too old when converting from map to odom
[controller_server-4] [ERROR] [1782973684.930481657] [tf_help]: Data time: 1782973684s 783346179ns, Transform time: 1782973567s 101654000ns
[controller_server-4] [ERROR] [1782973684.980866911] [tf_help]: Transform data too old when converting from map to odom
[controller_server-4] [ERROR] [1782973684.980948327] [tf_help]: Data time: 1782973684s 783346179ns, Transform time: 1782973567s 101654000ns
[controller_server-4] [ERROR] [1782973685.031538039] [tf_help]: Transform data too old when converting from map to odom
[controller_server-4] [ERROR] [1782973685.031636289] [tf_help]: Data time: 1782973684s 783346179ns, Transform time: 1782973567s 101654000ns
[controller_server-4] [ERROR] [1782973685.081529503] [tf_help]: Transform data too old when converting from map to odom
[controller_server-4] [ERROR] [1782973685.081617586] [tf_help]: Data time: 1782973684s 783346179ns, Transform time: 1782973567s 101654000ns
[controller_server-4] [ERROR] [1782973685.129988426] [tf_help]: Transform data too old when converting from map to odom
[controller_server-4] [ERROR] [1782973685.130077051] [tf_help]: Data time: 1782973684s 783346179ns, Transform time: 1782973567s 101654000ns
[controller_server-4] [ERROR] [1782973685.180689597] [tf_help]: Transform data too old when converting from map to odom
[controller_server-4] [ERROR] [1782973685.180771805] [tf_help]: Data time: 1782973684s 783346179ns, Transform time: 1782973567s 101654000ns
[controller_server-4] [ERROR] [1782973685.230948143] [tf_help]: Transform data too old when converting from map to odom
[controller_server-4] [ERROR] [1782973685.231030101] [tf_help]: Data time: 1782973684s 783346179ns, Transform time: 1782973567s 101654000ns
[controller_server-4] [ERROR] [1782973685.282057104] [tf_help]: Transform data too old when converting from map to odom
[controller_server-4] [ERROR] [1782973685.282136146] [tf_help]: Data time: 1782973684s 783346179ns, Transform time: 1782973567s 101654000ns
[controller_server-4] [ERROR] [1782973685.330441820] [tf_help]: Transform data too old when converting from map to odom
[controller_server-4] [ERROR] [1782973685.330521486] [tf_help]: Data time: 1782973684s 783346179ns, Transform time: 1782973567s 101654000ns
[controller_server-4] [ERROR] [1782973685.380599533] [tf_help]: Transform data too old when converting from map to odom
[controller_server-4] [ERROR] [1782973685.380683032] [tf_help]: Data time: 1782973684s 783346179ns, Transform time: 1782973567s 101654000ns
[controller_server-4] [ERROR] [1782973685.430081413] [tf_help]: Transform data too old when converting from map to odom
[controller_server-4] [ERROR] [1782973685.430159121] [tf_help]: Data time: 1782973684s 783346179ns, Transform time: 1782973567s 101654000ns
[controller_server-4] [ERROR] [1782973685.481094250] [tf_help]: Transform data too old when converting from map to odom
[controller_server-4] [ERROR] [1782973685.481180166] [tf_help]: Data time: 1782973684s 783346179ns, Transform time: 1782973567s 101654000ns
[controller_server-4] [ERROR] [1782973685.530625089] [tf_help]: Transform data too old when converting from map to odom
[controller_server-4] [ERROR] [1782973685.530705422] [tf_help]: Data time: 1782973684s 783346179ns, Transform time: 1782973567s 101654000ns
[controller_server-4] [ERROR] [1782973685.580855010] [tf_help]: Transform data too old when converting from map to odom
[controller_server-4] [ERROR] [1782973685.580933343] [tf_help]: Data time: 1782973684s 783346179ns, Transform time: 1782973567s 101654000ns
[controller_server-4] [ERROR] [1782973685.631189347] [tf_help]: Transform data too old when converting from map to odom
[controller_server-4] [ERROR] [1782973685.631275764] [tf_help]: Data time: 1782973684s 783346179ns, Transform time: 1782973567s 101654000ns
[bt_navigator-8] [WARN] [1782973685.673741614] [BehaviorTreeEngine]: Behavior Tree tick rate 100.00 was exceeded!
[controller_server-4] [ERROR] [1782973685.681763809] [tf_help]: Transform data too old when converting from map to odom
[controller_server-4] [ERROR] [1782973685.681846476] [tf_help]: Data time: 1782973684s 783346179ns, Transform time: 1782973567s 101654000ns
[controller_server-4] [ERROR] [1782973685.732097814] [tf_help]: Transform data too old when converting from map to odom
[controller_server-4] [ERROR] [1782973685.732183230] [tf_help]: Data time: 1782973684s 783346179ns, Transform time: 1782973567s 101654000ns
[controller_server-4] [ERROR] [1782973685.783148317] [tf_help]: Transform data too old when converting from map to odom
[controller_server-4] [ERROR] [1782973685.783234150] [tf_help]: Data time: 1782973684s 783346179ns, Transform time: 1782973567s 101654000ns
[controller_server-4] [ERROR] [1782973685.832517406] [tf_help]: Transform data too old when converting from map to odom
[controller_server-4] [ERROR] [1782973685.832599697] [tf_help]: Data time: 1782973684s 783346179ns, Transform time: 1782973567s 101654000ns
[controller_server-4] [INFO] [1782973685.866228228] [controller_server]: Passing new path to controller.
[controller_server-4] [ERROR] [1782973685.883036160] [tf_help]: Transform data too old when converting from map to odom
[controller_server-4] [ERROR] [1782973685.883119951] [tf_help]: Data time: 1782973685s 814012477ns, Transform time: 1782973567s 101654000ns
[controller_server-4] [ERROR] [1782973685.931258001] [tf_help]: Transform data too old when converting from map to odom
[controller_server-4] [ERROR] [1782973685.931338751] [tf_help]: Data time: 1782973685s 814012477ns, Transform time: 1782973567s 101654000ns
[controller_server-4] [ERROR] [1782973685.980636631] [tf_help]: Transform data too old when converting from map to odom
[controller_server-4] [ERROR] [1782973685.980716715] [tf_help]: Data time: 1782973685s 814012477ns, Transform time: 1782973567s 101654000ns
[controller_server-4] [ERROR] [1782973686.030061762] [tf_help]: Transform data too old when converting from map to odom
[controller_server-4] [ERROR] [1782973686.030161054] [tf_help]: Data time: 1782973685s 814012477ns, Transform time: 1782973567s 101654000ns
[controller_server-4] [ERROR] [1782973686.080244642] [tf_help]: Transform data too old when converting from map to odom
[controller_server-4] [ERROR] [1782973686.080332225] [tf_help]: Data time: 1782973685s 814012477ns, Transform time: 1782973567s 101654000ns
[controller_server-4] [ERROR] [1782973686.131484311] [tf_help]: Transform data too old when converting from map to odom
[controller_server-4] [ERROR] [1782973686.131569894] [tf_help]: Data time: 1782973685s 814012477ns, Transform time: 1782973567s 101654000ns
[controller_server-4] [ERROR] [1782973686.182285023] [tf_help]: Transform data too old when converting from map to odom
[controller_server-4] [ERROR] [1782973686.182379690] [tf_help]: Data time: 1782973685s 814012477ns, Transform time: 1782973567s 101654000ns
[controller_server-4] [ERROR] [1782973686.230840988] [tf_help]: Transform data too old when converting from map to odom
[controller_server-4] [ERROR] [1782973686.231079905] [tf_help]: Data time: 1782973685s 814012477ns, Transform time: 1782973567s 101654000ns
[controller_server-4] [ERROR] [1782973686.281666992] [tf_help]: Transform data too old when converting from map to odom
[controller_server-4] [ERROR] [1782973686.281747367] [tf_help]: Data time: 1782973685s 814012477ns, Transform time: 1782973567s 101654000ns
[controller_server-4] [ERROR] [1782973686.330194416] [tf_help]: Transform data too old when converting from map to odom
[controller_server-4] [ERROR] [1782973686.330271791] [tf_help]: Data time: 1782973685s 814012477ns, Transform time: 1782973567s 101654000ns
[controller_server-4] [ERROR] [1782973686.380881878] [tf_help]: Transform data too old when converting from map to odom
[controller_server-4] [ERROR] [1782973686.380964878] [tf_help]: Data time: 1782973685s 814012477ns, Transform time: 1782973567s 101654000ns
[controller_server-4] [ERROR] [1782973686.429930176] [tf_help]: Transform data too old when converting from map to odom
[controller_server-4] [ERROR] [1782973686.430018842] [tf_help]: Data time: 1782973685s 814012477ns, Transform time: 1782973567s 101654000ns
[controller_server-4] [ERROR] [1782973686.480498263] [tf_help]: Transform data too old when converting from map to odom
[controller_server-4] [ERROR] [1782973686.480580554] [tf_help]: Data time: 1782973685s 814012477ns, Transform time: 1782973567s 101654000ns
[controller_server-4] [ERROR] [1782973686.530074393] [tf_help]: Transform data too old when converting from map to odom
[controller_server-4] [ERROR] [1782973686.530153060] [tf_help]: Data time: 1782973685s 814012477ns, Transform time: 1782973567s 101654000ns
[controller_server-4] [ERROR] [1782973686.581819229] [tf_help]: Transform data too old when converting from map to odom
[controller_server-4] [ERROR] [1782973686.581902395] [tf_help]: Data time: 1782973685s 814012477ns, Transform time: 1782973567s 101654000ns
[controller_server-4] [ERROR] [1782973686.630233944] [tf_help]: Transform data too old when converting from map to odom
[controller_server-4] [ERROR] [1782973686.630319111] [tf_help]: Data time: 1782973685s 814012477ns, Transform time: 1782973567s 101654000ns
[controller_server-4] [ERROR] [1782973686.680475032] [tf_help]: Transform data too old when converting from map to odom
[controller_server-4] [ERROR] [1782973686.680555615] [tf_help]: Data time: 1782973685s 814012477ns, Transform time: 1782973567s 101654000ns
[controller_server-4] [ERROR] [1782973686.730171037] [tf_help]: Transform data too old when converting from map to odom
[controller_server-4] [ERROR] [1782973686.730251912] [tf_help]: Data time: 1782973685s 814012477ns, Transform time: 1782973567s 101654000ns
[controller_server-4] [ERROR] [1782973686.782197747] [tf_help]: Transform data too old when converting from map to odom
[controller_server-4] [ERROR] [1782973686.782293330] [tf_help]: Data time: 1782973685s 814012477ns, Transform time: 1782973567s 101654000ns
[controller_server-4] [ERROR] [1782973686.830430588] [tf_help]: Transform data too old when converting from map to odom
[controller_server-4] [ERROR] [1782973686.830512005] [tf_help]: Data time: 1782973685s 814012477ns, Transform time: 1782973567s 101654000ns
[controller_server-4] [INFO] [1782973686.866155240] [controller_server]: Passing new path to controller.
[controller_server-4] [ERROR] [1782973686.882001674] [tf_help]: Transform data too old when converting from map to odom
[controller_server-4] [ERROR] [1782973686.882084090] [tf_help]: Data time: 1782973686s 845156065ns, Transform time: 1782973567s 101654000ns
[controller_server-4] [ERROR] [1782973686.929949765] [tf_help]: Transform data too old when converting from map to odom
[controller_server-4] [ERROR] [1782973686.930030765] [tf_help]: Data time: 1782973686s 845156065ns, Transform time: 1782973567s 101654000ns
[controller_server-4] [ERROR] [1782973686.980694685] [tf_help]: Transform data too old when converting from map to odom
[controller_server-4] [ERROR] [1782973686.980775227] [tf_help]: Data time: 1782973686s 845156065ns, Transform time: 1782973567s 101654000ns
[controller_server-4] [ERROR] [1782973687.030482899] [tf_help]: Transform data too old when converting from map to odom
[controller_server-4] [ERROR] [1782973687.030579024] [tf_help]: Data time: 1782973686s 845156065ns, Transform time: 1782973567s 101654000ns
[controller_server-4] [ERROR] [1782973687.080094821] [tf_help]: Transform data too old when converting from map to odom
[controller_server-4] [ERROR] [1782973687.080180529] [tf_help]: Data time: 1782973686s 845156065ns, Transform time: 1782973567s 101654000ns
[controller_server-4] [ERROR] [1782973687.131637448] [tf_help]: Transform data too old when converting from map to odom
[controller_server-4] [ERROR] [1782973687.131720365] [tf_help]: Data time: 1782973686s 845156065ns, Transform time: 1782973567s 101654000ns
[controller_server-4] [ERROR] [1782973687.180191205] [tf_help]: Transform data too old when converting from map to odom
[controller_server-4] [ERROR] [1782973687.180271622] [tf_help]: Data time: 1782973686s 845156065ns, Transform time: 1782973567s 101654000ns
[controller_server-4] [ERROR] [1782973687.230200502] [tf_help]: Transform data too old when converting from map to odom
[controller_server-4] [ERROR] [1782973687.230287460] [tf_help]: Data time: 1782973686s 845156065ns, Transform time: 1782973567s 101654000ns
[controller_server-4] [ERROR] [1782973687.282519045] [tf_help]: Transform data too old when converting from map to odom
[controller_server-4] [ERROR] [1782973687.282600545] [tf_help]: Data time: 1782973686s 845156065ns, Transform time: 1782973567s 101654000ns
[controller_server-4] [ERROR] [1782973687.330578303] [tf_help]: Transform data too old when converting from map to odom
[controller_server-4] [ERROR] [1782973687.330661344] [tf_help]: Data time: 1782973686s 845156065ns, Transform time: 1782973567s 101654000ns
[controller_server-4] [ERROR] [1782973687.380425183] [tf_help]: Transform data too old when converting from map to odom
[controller_server-4] [ERROR] [1782973687.380506933] [tf_help]: Data time: 1782973686s 845156065ns, Transform time: 1782973567s 101654000ns
[controller_server-4] [ERROR] [1782973687.430050771] [tf_help]: Transform data too old when converting from map to odom
[controller_server-4] [ERROR] [1782973687.430132396] [tf_help]: Data time: 1782973686s 845156065ns, Transform time: 1782973567s 101654000ns
[controller_server-4] [ERROR] [1782973687.480898400] [tf_help]: Transform data too old when converting from map to odom
[controller_server-4] [ERROR] [1782973687.480982525] [tf_help]: Data time: 1782973686s 845156065ns, Transform time: 1782973567s 101654000ns
[controller_server-4] [ERROR] [1782973687.530193197] [tf_help]: Transform data too old when converting from map to odom
[controller_server-4] [ERROR] [1782973687.530282406] [tf_help]: Data time: 1782973686s 845156065ns, Transform time: 1782973567s 101654000ns
[controller_server-4] [ERROR] [1782973687.581917575] [tf_help]: Transform data too old when converting from map to odom
[controller_server-4] [ERROR] [1782973687.581996741] [tf_help]: Data time: 1782973686s 845156065ns, Transform time: 1782973567s 101654000ns
[controller_server-4] [ERROR] [1782973687.630224374] [tf_help]: Transform data too old when converting from map to odom
[controller_server-4] [ERROR] [1782973687.630306749] [tf_help]: Data time: 1782973686s 845156065ns, Transform time: 1782973567s 101654000ns
[controller_server-4] [ERROR] [1782973687.682408292] [tf_help]: Transform data too old when converting from map to odom
[controller_server-4] [ERROR] [1782973687.682495667] [tf_help]: Data time: 1782973686s 845156065ns, Transform time: 1782973567s 101654000ns
[controller_server-4] [ERROR] [1782973687.730975340] [tf_help]: Transform data too old when converting from map to odom
[controller_server-4] [ERROR] [1782973687.731053507] [tf_help]: Data time: 1782973686s 845156065ns, Transform time: 1782973567s 101654000ns
[controller_server-4] [ERROR] [1782973687.782041177] [tf_help]: Transform data too old when converting from map to odom
[controller_server-4] [ERROR] [1782973687.782121760] [tf_help]: Data time: 1782973686s 845156065ns, Transform time: 1782973567s 101654000ns
[controller_server-4] [ERROR] [1782973687.831192475] [tf_help]: Transform data too old when converting from map to odom
[controller_server-4] [ERROR] [1782973687.831271516] [tf_help]: Data time: 1782973686s 845156065ns, Transform time: 1782973567s 101654000ns
[controller_server-4] [ERROR] [1782973687.880322648] [tf_help]: Transform data too old when converting from map to odom
[controller_server-4] [ERROR] [1782973687.880407106] [tf_help]: Data time: 1782973686s 845156065ns, Transform time: 1782973567s 101654000ns
[controller_server-4] [INFO] [1782973687.916038258] [controller_server]: Passing new path to controller.
[controller_server-4] [ERROR] [1782973687.931482567] [tf_help]: Transform data too old when converting from map to odom
[controller_server-4] [ERROR] [1782973687.931565317] [tf_help]: Data time: 1782973687s 873361908ns, Transform time: 1782973567s 101654000ns
[controller_server-4] [ERROR] [1782973687.980996739] [tf_help]: Transform data too old when converting from map to odom
[controller_server-4] [ERROR] [1782973687.981079739] [tf_help]: Data time: 1782973687s 873361908ns, Transform time: 1782973567s 101654000ns
[controller_server-4] [ERROR] [1782973688.029977038] [tf_help]: Transform data too old when converting from map to odom
[controller_server-4] [ERROR] [1782973688.030079329] [tf_help]: Data time: 1782973687s 873361908ns, Transform time: 1782973567s 101654000ns
[controller_server-4] [ERROR] [1782973688.081182832] [tf_help]: Transform data too old when converting from map to odom
[controller_server-4] [ERROR] [1782973688.081411290] [tf_help]: Data time: 1782973687s 873361908ns, Transform time: 1782973567s 101654000ns
[controller_server-4] [ERROR] [1782973688.131645878] [tf_help]: Transform data too old when converting from map to odom
[controller_server-4] [ERROR] [1782973688.131723086] [tf_help]: Data time: 1782973687s 873361908ns, Transform time: 1782973567s 101654000ns
[controller_server-4] [ERROR] [1782973688.181405883] [tf_help]: Transform data too old when converting from map to odom
[controller_server-4] [ERROR] [1782973688.181484758] [tf_help]: Data time: 1782973687s 873361908ns, Transform time: 1782973567s 101654000ns
[controller_server-4] [ERROR] [1782973688.231195930] [tf_help]: Transform data too old when converting from map to odom
[controller_server-4] [ERROR] [1782973688.231281221] [tf_help]: Data time: 1782973687s 873361908ns, Transform time: 1782973567s 101654000ns
[controller_server-4] [ERROR] [1782973688.282502224] [tf_help]: Transform data too old when converting from map to odom
[controller_server-4] [ERROR] [1782973688.282586183] [tf_help]: Data time: 1782973687s 873361908ns, Transform time: 1782973567s 101654000ns
[controller_server-4] [ERROR] [1782973688.330795732] [tf_help]: Transform data too old when converting from map to odom
[controller_server-4] [ERROR] [1782973688.330875523] [tf_help]: Data time: 1782973687s 873361908ns, Transform time: 1782973567s 101654000ns
[controller_server-4] [ERROR] [1782973688.381041236] [tf_help]: Transform data too old when converting from map to odom
[controller_server-4] [ERROR] [1782973688.381124819] [tf_help]: Data time: 1782973687s 873361908ns, Transform time: 1782973567s 101654000ns
[controller_server-4] [ERROR] [1782973688.430558575] [tf_help]: Transform data too old when converting from map to odom
[controller_server-4] [ERROR] [1782973688.430639533] [tf_help]: Data time: 1782973687s 873361908ns, Transform time: 1782973567s 101654000ns
[controller_server-4] [ERROR] [1782973688.481523704] [tf_help]: Transform data too old when converting from map to odom
[controller_server-4] [ERROR] [1782973688.481606870] [tf_help]: Data time: 1782973687s 873361908ns, Transform time: 1782973567s 101654000ns
[controller_server-4] [ERROR] [1782973688.530739085] [tf_help]: Transform data too old when converting from map to odom
[controller_server-4] [ERROR] [1782973688.530823168] [tf_help]: Data time: 1782973687s 873361908ns, Transform time: 1782973567s 101654000ns
[controller_server-4] [ERROR] [1782973688.580803131] [tf_help]: Transform data too old when converting from map to odom
[controller_server-4] [ERROR] [1782973688.580891339] [tf_help]: Data time: 1782973687s 873361908ns, Transform time: 1782973567s 101654000ns
[controller_server-4] [ERROR] [1782973688.629962429] [tf_help]: Transform data too old when converting from map to odom
[controller_server-4] [ERROR] [1782973688.630046595] [tf_help]: Data time: 1782973687s 873361908ns, Transform time: 1782973567s 101654000ns
[controller_server-4] [ERROR] [1782973688.680783182] [tf_help]: Transform data too old when converting from map to odom
[controller_server-4] [ERROR] [1782973688.680862974] [tf_help]: Data time: 1782973687s 873361908ns, Transform time: 1782973567s 101654000ns
[controller_server-4] [ERROR] [1782973688.730823729] [tf_help]: Transform data too old when converting from map to odom
[controller_server-4] [ERROR] [1782973688.730902354] [tf_help]: Data time: 1782973687s 873361908ns, Transform time: 1782973567s 101654000ns
[controller_server-4] [ERROR] [1782973688.780175693] [tf_help]: Transform data too old when converting from map to odom
[controller_server-4] [ERROR] [1782973688.780262359] [tf_help]: Data time: 1782973687s 873361908ns, Transform time: 1782973567s 101654000ns
[controller_server-4] [ERROR] [1782973688.831584071] [tf_help]: Transform data too old when converting from map to odom
[controller_server-4] [ERROR] [1782973688.831666529] [tf_help]: Data time: 1782973687s 873361908ns, Transform time: 1782973567s 101654000ns
[controller_server-4] [ERROR] [1782973688.880878493] [tf_help]: Transform data too old when converting from map to odom
[controller_server-4] [ERROR] [1782973688.880964076] [tf_help]: Data time: 1782973687s 873361908ns, Transform time: 1782973567s 101654000ns
[controller_server-4] [ERROR] [1782973688.932077163] [tf_help]: Transform data too old when converting from map to odom
[controller_server-4] [ERROR] [1782973688.932162871] [tf_help]: Data time: 1782973687s 873361908ns, Transform time: 1782973567s 101654000ns
[controller_server-4] [INFO] [1782973688.966045984] [controller_server]: Passing new path to controller.
[controller_server-4] [ERROR] [1782973688.983621332] [tf_help]: Transform data too old when converting from map to odom
[controller_server-4] [ERROR] [1782973688.983710082] [tf_help]: Data time: 1782973688s 903382416ns, Transform time: 1782973567s 101654000ns
[controller_server-4] [ERROR] [1782973689.030730091] [tf_help]: Transform data too old when converting from map to odom
[controller_server-4] [ERROR] [1782973689.033559212] [tf_help]: Data time: 1782973688s 903382416ns, Transform time: 1782973567s 101654000ns
[controller_server-4] [ERROR] [1782973689.080807513] [tf_help]: Transform data too old when converting from map to odom
[controller_server-4] [ERROR] [1782973689.080893221] [tf_help]: Data time: 1782973688s 903382416ns, Transform time: 1782973567s 101654000ns
[controller_server-4] [ERROR] [1782973689.131721183] [tf_help]: Transform data too old when converting from map to odom
[controller_server-4] [ERROR] [1782973689.131804391] [tf_help]: Data time: 1782973688s 903382416ns, Transform time: 1782973567s 101654000ns
[controller_server-4] [ERROR] [1782973689.180323481] [tf_help]: Transform data too old when converting from map to odom
[controller_server-4] [ERROR] [1782973689.180409356] [tf_help]: Data time: 1782973688s 903382416ns, Transform time: 1782973567s 101654000ns
[controller_server-4] [ERROR] [1782973689.230785735] [tf_help]: Transform data too old when converting from map to odom
[controller_server-4] [ERROR] [1782973689.230867819] [tf_help]: Data time: 1782973688s 903382416ns, Transform time: 1782973567s 101654000ns
[controller_server-4] [ERROR] [1782973689.280532991] [tf_help]: Transform data too old when converting from map to odom
[controller_server-4] [ERROR] [1782973689.280611449] [tf_help]: Data time: 1782973688s 903382416ns, Transform time: 1782973567s 101654000ns
[controller_server-4] [ERROR] [1782973689.331242703] [tf_help]: Transform data too old when converting from map to odom
[controller_server-4] [ERROR] [1782973689.331322578] [tf_help]: Data time: 1782973688s 903382416ns, Transform time: 1782973567s 101654000ns
[controller_server-4] [ERROR] [1782973689.380289626] [tf_help]: Transform data too old when converting from map to odom
[controller_server-4] [ERROR] [1782973689.380374084] [tf_help]: Data time: 1782973688s 903382416ns, Transform time: 1782973567s 101654000ns
[controller_server-4] [ERROR] [1782973689.431337546] [tf_help]: Transform data too old when converting from map to odom
[controller_server-4] [ERROR] [1782973689.431417712] [tf_help]: Data time: 1782973688s 903382416ns, Transform time: 1782973567s 101654000ns
[controller_server-4] [ERROR] [1782973689.480602927] [tf_help]: Transform data too old when converting from map to odom
[controller_server-4] [ERROR] [1782973689.480693551] [tf_help]: Data time: 1782973688s 903382416ns, Transform time: 1782973567s 101654000ns
[controller_server-4] [ERROR] [1782973689.530598556] [tf_help]: Transform data too old when converting from map to odom
[controller_server-4] [ERROR] [1782973689.530679056] [tf_help]: Data time: 1782973688s 903382416ns, Transform time: 1782973567s 101654000ns
[controller_server-4] [ERROR] [1782973689.581544935] [tf_help]: Transform data too old when converting from map to odom
[controller_server-4] [ERROR] [1782973689.581623143] [tf_help]: Data time: 1782973688s 903382416ns, Transform time: 1782973567s 101654000ns
[controller_server-4] [ERROR] [1782973689.630206817] [tf_help]: Transform data too old when converting from map to odom
[controller_server-4] [ERROR] [1782973689.630286942] [tf_help]: Data time: 1782973688s 903382416ns, Transform time: 1782973567s 101654000ns
[controller_server-4] [ERROR] [1782973689.680193405] [tf_help]: Transform data too old when converting from map to odom
[controller_server-4] [ERROR] [1782973689.680276238] [tf_help]: Data time: 1782973688s 903382416ns, Transform time: 1782973567s 101654000ns
[controller_server-4] [ERROR] [1782973689.729937035] [tf_help]: Transform data too old when converting from map to odom
[controller_server-4] [ERROR] [1782973689.730017202] [tf_help]: Data time: 1782973688s 903382416ns, Transform time: 1782973567s 101654000ns
[controller_server-4] [ERROR] [1782973689.781507204] [tf_help]: Transform data too old when converting from map to odom
[controller_server-4] [ERROR] [1782973689.781587579] [tf_help]: Data time: 1782973688s 903382416ns, Transform time: 1782973567s 101654000ns
[controller_server-4] [ERROR] [1782973689.830170836] [tf_help]: Transform data too old when converting from map to odom
[controller_server-4] [ERROR] [1782973689.830253003] [tf_help]: Data time: 1782973688s 903382416ns, Transform time: 1782973567s 101654000ns
[controller_server-4] [ERROR] [1782973689.880481882] [tf_help]: Transform data too old when converting from map to odom
[controller_server-4] [ERROR] [1782973689.880565965] [tf_help]: Data time: 1782973688s 903382416ns, Transform time: 1782973567s 101654000ns
[controller_server-4] [ERROR] [1782973689.930330554] [tf_help]: Transform data too old when converting from map to odom
[controller_server-4] [ERROR] [1782973689.930415304] [tf_help]: Data time: 1782973688s 903382416ns, Transform time: 1782973567s 101654000ns
[controller_server-4] [INFO] [1782973689.966181664] [controller_server]: Passing new path to controller.
[controller_server-4] [ERROR] [1782973689.984848552] [tf_help]: Transform data too old when converting from map to odom
[controller_server-4] [ERROR] [1782973689.987424298] [tf_help]: Data time: 1782973689s 933809132ns, Transform time: 1782973567s 101654000ns
[controller_server-4] [ERROR] [1782973690.029982064] [tf_help]: Transform data too old when converting from map to odom
[controller_server-4] [ERROR] [1782973690.030084189] [tf_help]: Data time: 1782973689s 933809132ns, Transform time: 1782973567s 101654000ns
[controller_server-4] [ERROR] [1782973690.080358777] [tf_help]: Transform data too old when converting from map to odom
[controller_server-4] [ERROR] [1782973690.080442152] [tf_help]: Data time: 1782973689s 933809132ns, Transform time: 1782973567s 101654000ns
[controller_server-4] [ERROR] [1782973690.130039074] [tf_help]: Transform data too old when converting from map to odom
[controller_server-4] [ERROR] [1782973690.130121365] [tf_help]: Data time: 1782973689s 933809132ns, Transform time: 1782973567s 101654000ns
[controller_server-4] [ERROR] [1782973690.180666286] [tf_help]: Transform data too old when converting from map to odom
[controller_server-4] [ERROR] [1782973690.180748911] [tf_help]: Data time: 1782973689s 933809132ns, Transform time: 1782973567s 101654000ns
[controller_server-4] [ERROR] [1782973690.230912666] [tf_help]: Transform data too old when converting from map to odom
[controller_server-4] [ERROR] [1782973690.230995332] [tf_help]: Data time: 1782973689s 933809132ns, Transform time: 1782973567s 101654000ns
[controller_server-4] [ERROR] [1782973690.281198295] [tf_help]: Transform data too old when converting from map to odom
[controller_server-4] [ERROR] [1782973690.281277128] [tf_help]: Data time: 1782973689s 933809132ns, Transform time: 1782973567s 101654000ns
[controller_server-4] [ERROR] [1782973690.331682757] [tf_help]: Transform data too old when converting from map to odom
[controller_server-4] [ERROR] [1782973690.331759382] [tf_help]: Data time: 1782973689s 933809132ns, Transform time: 1782973567s 101654000ns
[controller_server-4] [ERROR] [1782973690.380833055] [tf_help]: Transform data too old when converting from map to odom
[controller_server-4] [ERROR] [1782973690.380915180] [tf_help]: Data time: 1782973689s 933809132ns, Transform time: 1782973567s 101654000ns
[controller_server-4] [ERROR] [1782973690.431757434] [tf_help]: Transform data too old when converting from map to odom
[controller_server-4] [ERROR] [1782973690.431834933] [tf_help]: Data time: 1782973689s 933809132ns, Transform time: 1782973567s 101654000ns
[controller_server-4] [ERROR] [1782973690.480722898] [tf_help]: Transform data too old when converting from map to odom
[controller_server-4] [ERROR] [1782973690.480839898] [tf_help]: Data time: 1782973689s 933809132ns, Transform time: 1782973567s 101654000ns
[controller_server-4] [ERROR] [1782973690.530974403] [tf_help]: Transform data too old when converting from map to odom
[controller_server-4] [ERROR] [1782973690.531052861] [tf_help]: Data time: 1782973689s 933809132ns, Transform time: 1782973567s 101654000ns
[controller_server-4] [ERROR] [1782973690.580865450] [tf_help]: Transform data too old when converting from map to odom
[controller_server-4] [ERROR] [1782973690.580945741] [tf_help]: Data time: 1782973689s 933809132ns, Transform time: 1782973567s 101654000ns
[controller_server-4] [ERROR] [1782973690.631222621] [tf_help]: Transform data too old when converting from map to odom
[controller_server-4] [ERROR] [1782973690.631299912] [tf_help]: Data time: 1782973689s 933809132ns, Transform time: 1782973567s 101654000ns
[controller_server-4] [ERROR] [1782973690.681071167] [tf_help]: Transform data too old when converting from map to odom
[controller_server-4] [ERROR] [1782973690.681154959] [tf_help]: Data time: 1782973689s 933809132ns, Transform time: 1782973567s 101654000ns
[controller_server-4] [ERROR] [1782973690.730078632] [tf_help]: Transform data too old when converting from map to odom
[controller_server-4] [ERROR] [1782973690.730157924] [tf_help]: Data time: 1782973689s 933809132ns, Transform time: 1782973567s 101654000ns
[controller_server-4] [ERROR] [1782973690.780786344] [tf_help]: Transform data too old when converting from map to odom
[controller_server-4] [ERROR] [1782973690.780871719] [tf_help]: Data time: 1782973689s 933809132ns, Transform time: 1782973567s 101654000ns
[controller_server-4] [ERROR] [1782973690.830367433] [tf_help]: Transform data too old when converting from map to odom
[controller_server-4] [ERROR] [1782973690.830449891] [tf_help]: Data time: 1782973689s 933809132ns, Transform time: 1782973567s 101654000ns
[controller_server-4] [ERROR] [1782973690.880944104] [tf_help]: Transform data too old when converting from map to odom
[controller_server-4] [ERROR] [1782973690.881025937] [tf_help]: Data time: 1782973689s 933809132ns, Transform time: 1782973567s 101654000ns
[controller_server-4] [ERROR] [1782973690.929941818] [tf_help]: Transform data too old when converting from map to odom
[controller_server-4] [ERROR] [1782973690.930020693] [tf_help]: Data time: 1782973689s 933809132ns, Transform time: 1782973567s 101654000ns
[controller_server-4] [ERROR] [1782973690.980428864] [tf_help]: Transform data too old when converting from map to odom
[controller_server-4] [ERROR] [1782973690.980513281] [tf_help]: Data time: 1782973689s 933809132ns, Transform time: 1782973567s 101654000ns
[controller_server-4] [INFO] [1782973691.016033392] [controller_server]: Passing new path to controller.
[controller_server-4] [ERROR] [1782973691.030613327] [tf_help]: Transform data too old when converting from map to odom
[controller_server-4] [ERROR] [1782973691.030695452] [tf_help]: Data time: 1782973690s 963318308ns, Transform time: 1782973567s 101654000ns
[controller_server-4] [ERROR] [1782973691.080257708] [tf_help]: Transform data too old when converting from map to odom
[controller_server-4] [ERROR] [1782973691.080340832] [tf_help]: Data time: 1782973690s 963318308ns, Transform time: 1782973567s 101654000ns
[controller_server-4] [ERROR] [1782973691.129949546] [tf_help]: Transform data too old when converting from map to odom
[controller_server-4] [ERROR] [1782973691.130033504] [tf_help]: Data time: 1782973690s 963318308ns, Transform time: 1782973567s 101654000ns
[controller_server-4] [ERROR] [1782973691.181081758] [tf_help]: Transform data too old when converting from map to odom
[controller_server-4] [ERROR] [1782973691.181166674] [tf_help]: Data time: 1782973690s 963318308ns, Transform time: 1782973567s 101654000ns
[controller_server-4] [ERROR] [1782973691.230384097] [tf_help]: Transform data too old when converting from map to odom
[controller_server-4] [ERROR] [1782973691.230462013] [tf_help]: Data time: 1782973690s 963318308ns, Transform time: 1782973567s 101654000ns
[controller_server-4] [ERROR] [1782973691.280625768] [tf_help]: Transform data too old when converting from map to odom
[controller_server-4] [ERROR] [1782973691.280707643] [tf_help]: Data time: 1782973690s 963318308ns, Transform time: 1782973567s 101654000ns
[controller_server-4] [ERROR] [1782973691.331752271] [tf_help]: Transform data too old when converting from map to odom
[controller_server-4] [ERROR] [1782973691.331836229] [tf_help]: Data time: 1782973690s 963318308ns, Transform time: 1782973567s 101654000ns
[controller_server-4] [ERROR] [1782973691.381646860] [tf_help]: Transform data too old when converting from map to odom
[controller_server-4] [ERROR] [1782973691.381730068] [tf_help]: Data time: 1782973690s 963318308ns, Transform time: 1782973567s 101654000ns
[controller_server-4] [ERROR] [1782973691.430702324] [tf_help]: Transform data too old when converting from map to odom
[controller_server-4] [ERROR] [1782973691.430782491] [tf_help]: Data time: 1782973690s 963318308ns, Transform time: 1782973567s 101654000ns
[controller_server-4] [ERROR] [1782973691.480642579] [tf_help]: Transform data too old when converting from map to odom
[controller_server-4] [ERROR] [1782973691.480724454] [tf_help]: Data time: 1782973690s 963318308ns, Transform time: 1782973567s 101654000ns
[controller_server-4] [ERROR] [1782973691.530657167] [tf_help]: Transform data too old when converting from map to odom
[controller_server-4] [ERROR] [1782973691.530736834] [tf_help]: Data time: 1782973690s 963318308ns, Transform time: 1782973567s 101654000ns
[controller_server-4] [ERROR] [1782973691.580316256] [tf_help]: Transform data too old when converting from map to odom
[controller_server-4] [ERROR] [1782973691.580398589] [tf_help]: Data time: 1782973690s 963318308ns, Transform time: 1782973567s 101654000ns
[controller_server-4] [ERROR] [1782973691.630062636] [tf_help]: Transform data too old when converting from map to odom
[controller_server-4] [ERROR] [1782973691.630143345] [tf_help]: Data time: 1782973690s 963318308ns, Transform time: 1782973567s 101654000ns
[controller_server-4] [ERROR] [1782973691.681801889] [tf_help]: Transform data too old when converting from map to odom
[controller_server-4] [ERROR] [1782973691.681884763] [tf_help]: Data time: 1782973690s 963318308ns, Transform time: 1782973567s 101654000ns
[controller_server-4] [ERROR] [1782973691.729943646] [tf_help]: Transform data too old when converting from map to odom
[controller_server-4] [ERROR] [1782973691.730020105] [tf_help]: Data time: 1782973690s 963318308ns, Transform time: 1782973567s 101654000ns
[controller_server-4] [ERROR] [1782973691.781037358] [tf_help]: Transform data too old when converting from map to odom
[controller_server-4] [ERROR] [1782973691.781120816] [tf_help]: Data time: 1782973690s 963318308ns, Transform time: 1782973567s 101654000ns
[controller_server-4] [ERROR] [1782973691.831051654] [tf_help]: Transform data too old when converting from map to odom
[controller_server-4] [ERROR] [1782973691.831283154] [tf_help]: Data time: 1782973690s 963318308ns, Transform time: 1782973567s 101654000ns
[controller_server-4] [ERROR] [1782973691.880279577] [tf_help]: Transform data too old when converting from map to odom
[controller_server-4] [ERROR] [1782973691.880363785] [tf_help]: Data time: 1782973690s 963318308ns, Transform time: 1782973567s 101654000ns
[controller_server-4] [ERROR] [1782973691.930777831] [tf_help]: Transform data too old when converting from map to odom
[controller_server-4] [ERROR] [1782973691.930857373] [tf_help]: Data time: 1782973690s 963318308ns, Transform time: 1782973567s 101654000ns
[controller_server-4] [ERROR] [1782973691.980328337] [tf_help]: Transform data too old when converting from map to odom
[controller_server-4] [ERROR] [1782973691.980409962] [tf_help]: Data time: 1782973690s 963318308ns, Transform time: 1782973567s 101654000ns
[controller_server-4] [ERROR] [1782973692.031153924] [tf_help]: Transform data too old when converting from map to odom
[controller_server-4] [ERROR] [1782973692.031242215] [tf_help]: Data time: 1782973690s 963318308ns, Transform time: 1782973567s 101654000ns
[controller_server-4] [INFO] [1782973692.066491993] [controller_server]: Passing new path to controller.
[controller_server-4] [ERROR] [1782973692.084130049] [tf_help]: Transform data too old when converting from map to odom
[controller_server-4] [ERROR] [1782973692.084601965] [tf_help]: Data time: 1782973692s 13364035ns, Transform time: 1782973567s 101654000ns
[controller_server-4] [ERROR] [1782973692.131280808] [tf_help]: Transform data too old when converting from map to odom
[controller_server-4] [ERROR] [1782973692.131360642] [tf_help]: Data time: 1782973692s 13364035ns, Transform time: 1782973567s 101654000ns
[controller_server-4] [ERROR] [1782973692.180450315] [tf_help]: Transform data too old when converting from map to odom
[controller_server-4] [ERROR] [1782973692.180530231] [tf_help]: Data time: 1782973692s 13364035ns, Transform time: 1782973567s 101654000ns
[controller_server-4] [ERROR] [1782973692.230733069] [tf_help]: Transform data too old when converting from map to odom
[controller_server-4] [ERROR] [1782973692.230815819] [tf_help]: Data time: 1782973692s 13364035ns, Transform time: 1782973567s 101654000ns
[controller_server-4] [ERROR] [1782973692.280423449] [tf_help]: Transform data too old when converting from map to odom
[controller_server-4] [ERROR] [1782973692.280506741] [tf_help]: Data time: 1782973692s 13364035ns, Transform time: 1782973567s 101654000ns
[controller_server-4] [ERROR] [1782973692.330972662] [tf_help]: Transform data too old when converting from map to odom
[controller_server-4] [ERROR] [1782973692.331060995] [tf_help]: Data time: 1782973692s 13364035ns, Transform time: 1782973567s 101654000ns
[controller_server-4] [ERROR] [1782973692.381285791] [tf_help]: Transform data too old when converting from map to odom
[controller_server-4] [ERROR] [1782973692.381368916] [tf_help]: Data time: 1782973692s 13364035ns, Transform time: 1782973567s 101654000ns
[controller_server-4] [ERROR] [1782973692.430401756] [tf_help]: Transform data too old when converting from map to odom
[controller_server-4] [ERROR] [1782973692.430482297] [tf_help]: Data time: 1782973692s 13364035ns, Transform time: 1782973567s 101654000ns
[controller_server-4] [ERROR] [1782973692.481439967] [tf_help]: Transform data too old when converting from map to odom
[controller_server-4] [ERROR] [1782973692.481524301] [tf_help]: Data time: 1782973692s 13364035ns, Transform time: 1782973567s 101654000ns
[controller_server-4] [ERROR] [1782973692.530004683] [tf_help]: Transform data too old when converting from map to odom
[controller_server-4] [ERROR] [1782973692.530084641] [tf_help]: Data time: 1782973692s 13364035ns, Transform time: 1782973567s 101654000ns
[controller_server-4] [ERROR] [1782973692.581659269] [tf_help]: Transform data too old when converting from map to odom
[controller_server-4] [ERROR] [1782973692.581740352] [tf_help]: Data time: 1782973692s 13364035ns, Transform time: 1782973567s 101654000ns
[controller_server-4] [ERROR] [1782973692.631526399] [tf_help]: Transform data too old when converting from map to odom
[controller_server-4] [ERROR] [1782973692.631607399] [tf_help]: Data time: 1782973692s 13364035ns, Transform time: 1782973567s 101654000ns
[controller_server-4] [ERROR] [1782973692.680283864] [tf_help]: Transform data too old when converting from map to odom
[controller_server-4] [ERROR] [1782973692.680371155] [tf_help]: Data time: 1782973692s 13364035ns, Transform time: 1782973567s 101654000ns
[controller_server-4] [ERROR] [1782973692.730707868] [tf_help]: Transform data too old when converting from map to odom
[controller_server-4] [ERROR] [1782973692.730787493] [tf_help]: Data time: 1782973692s 13364035ns, Transform time: 1782973567s 101654000ns
[controller_server-4] [ERROR] [1782973692.780367498] [tf_help]: Transform data too old when converting from map to odom
[controller_server-4] [ERROR] [1782973692.780450623] [tf_help]: Data time: 1782973692s 13364035ns, Transform time: 1782973567s 101654000ns
[controller_server-4] [ERROR] [1782973692.830500920] [tf_help]: Transform data too old when converting from map to odom
[controller_server-4] [ERROR] [1782973692.830584753] [tf_help]: Data time: 1782973692s 13364035ns, Transform time: 1782973567s 101654000ns
[controller_server-4] [ERROR] [1782973692.880545633] [tf_help]: Transform data too old when converting from map to odom
[controller_server-4] [ERROR] [1782973692.880625258] [tf_help]: Data time: 1782973692s 13364035ns, Transform time: 1782973567s 101654000ns
[controller_server-4] [ERROR] [1782973692.931008554] [tf_help]: Transform data too old when converting from map to odom
[controller_server-4] [ERROR] [1782973692.931089970] [tf_help]: Data time: 1782973692s 13364035ns, Transform time: 1782973567s 101654000ns
[controller_server-4] [ERROR] [1782973692.980793184] [tf_help]: Transform data too old when converting from map to odom
[controller_server-4] [ERROR] [1782973692.980876684] [tf_help]: Data time: 1782973692s 13364035ns, Transform time: 1782973567s 101654000ns
[controller_server-4] [ERROR] [1782973693.031465105] [tf_help]: Transform data too old when converting from map to odom
[controller_server-4] [ERROR] [1782973693.031564563] [tf_help]: Data time: 1782973692s 13364035ns, Transform time: 1782973567s 101654000ns
[controller_server-4] [INFO] [1782973693.066037300] [controller_server]: Passing new path to controller.
[controller_server-4] [ERROR] [1782973693.081032610] [tf_help]: Transform data too old when converting from map to odom
[controller_server-4] [ERROR] [1782973693.081115027] [tf_help]: Data time: 1782973693s 43748210ns, Transform time: 1782973567s 101654000ns
[controller_server-4] [ERROR] [1782973693.130804157] [tf_help]: Transform data too old when converting from map to odom
[controller_server-4] [ERROR] [1782973693.130890949] [tf_help]: Data time: 1782973693s 43748210ns, Transform time: 1782973567s 101654000ns
[controller_server-4] [ERROR] [1782973693.180601787] [tf_help]: Transform data too old when converting from map to odom
[controller_server-4] [ERROR] [1782973693.180686746] [tf_help]: Data time: 1782973693s 43748210ns, Transform time: 1782973567s 101654000ns
[controller_server-4] [ERROR] [1782973693.230066793] [tf_help]: Transform data too old when converting from map to odom
[controller_server-4] [ERROR] [1782973693.230143335] [tf_help]: Data time: 1782973693s 43748210ns, Transform time: 1782973567s 101654000ns
[controller_server-4] [ERROR] [1782973693.280640630] [tf_help]: Transform data too old when converting from map to odom
[controller_server-4] [ERROR] [1782973693.280722964] [tf_help]: Data time: 1782973693s 43748210ns, Transform time: 1782973567s 101654000ns
[controller_server-4] [ERROR] [1782973693.330343761] [tf_help]: Transform data too old when converting from map to odom
[controller_server-4] [ERROR] [1782973693.330423719] [tf_help]: Data time: 1782973693s 43748210ns, Transform time: 1782973567s 101654000ns
[controller_server-4] [ERROR] [1782973693.380359932] [tf_help]: Transform data too old when converting from map to odom
[controller_server-4] [ERROR] [1782973693.380444849] [tf_help]: Data time: 1782973693s 43748210ns, Transform time: 1782973567s 101654000ns
[controller_server-4] [ERROR] [1782973693.430876061] [tf_help]: Transform data too old when converting from map to odom
[controller_server-4] [ERROR] [1782973693.430958936] [tf_help]: Data time: 1782973693s 43748210ns, Transform time: 1782973567s 101654000ns
[controller_server-4] [ERROR] [1782973693.480277484] [tf_help]: Transform data too old when converting from map to odom
[controller_server-4] [ERROR] [1782973693.480367692] [tf_help]: Data time: 1782973693s 43748210ns, Transform time: 1782973567s 101654000ns
[controller_server-4] [ERROR] [1782973693.531099238] [tf_help]: Transform data too old when converting from map to odom
[controller_server-4] [ERROR] [1782973693.531181529] [tf_help]: Data time: 1782973693s 43748210ns, Transform time: 1782973567s 101654000ns
[controller_server-4] [ERROR] [1782973693.581039243] [tf_help]: Transform data too old when converting from map to odom
[controller_server-4] [ERROR] [1782973693.581120117] [tf_help]: Data time: 1782973693s 43748210ns, Transform time: 1782973567s 101654000ns
[controller_server-4] [ERROR] [1782973693.630957581] [tf_help]: Transform data too old when converting from map to odom
[controller_server-4] [ERROR] [1782973693.631037123] [tf_help]: Data time: 1782973693s 43748210ns, Transform time: 1782973567s 101654000ns
[controller_server-4] [ERROR] [1782973693.680195837] [tf_help]: Transform data too old when converting from map to odom
[controller_server-4] [ERROR] [1782973693.680429587] [tf_help]: Data time: 1782973693s 43748210ns, Transform time: 1782973567s 101654000ns
[controller_server-4] [ERROR] [1782973693.731486298] [tf_help]: Transform data too old when converting from map to odom
[controller_server-4] [ERROR] [1782973693.731572798] [tf_help]: Data time: 1782973693s 43748210ns, Transform time: 1782973567s 101654000ns
[controller_server-4] [ERROR] [1782973693.780816513] [tf_help]: Transform data too old when converting from map to odom
[controller_server-4] [ERROR] [1782973693.780894387] [tf_help]: Data time: 1782973693s 43748210ns, Transform time: 1782973567s 101654000ns
[controller_server-4] [ERROR] [1782973693.831422308] [tf_help]: Transform data too old when converting from map to odom
[controller_server-4] [ERROR] [1782973693.831505266] [tf_help]: Data time: 1782973693s 43748210ns, Transform time: 1782973567s 101654000ns
[controller_server-4] [ERROR] [1782973693.880335940] [tf_help]: Transform data too old when converting from map to odom
[controller_server-4] [ERROR] [1782973693.880416148] [tf_help]: Data time: 1782973693s 43748210ns, Transform time: 1782973567s 101654000ns
[controller_server-4] [ERROR] [1782973693.930825819] [tf_help]: Transform data too old when converting from map to odom
[controller_server-4] [ERROR] [1782973693.930910277] [tf_help]: Data time: 1782973693s 43748210ns, Transform time: 1782973567s 101654000ns
[controller_server-4] [ERROR] [1782973693.980604616] [tf_help]: Transform data too old when converting from map to odom
[controller_server-4] [ERROR] [1782973693.980688407] [tf_help]: Data time: 1782973693s 43748210ns, Transform time: 1782973567s 101654000ns
[controller_server-4] [ERROR] [1782973694.029958497] [tf_help]: Transform data too old when converting from map to odom
[controller_server-4] [ERROR] [1782973694.030059247] [tf_help]: Data time: 1782973693s 43748210ns, Transform time: 1782973567s 101654000ns
[controller_server-4] [ERROR] [1782973694.082832122] [tf_help]: Transform data too old when converting from map to odom
[controller_server-4] [ERROR] [1782973694.082919289] [tf_help]: Data time: 1782973693s 43748210ns, Transform time: 1782973567s 101654000ns
[controller_server-4] [INFO] [1782973694.116041779] [controller_server]: Passing new path to controller.
[controller_server-4] [ERROR] [1782973694.131192338] [tf_help]: Transform data too old when converting from map to odom
[controller_server-4] [ERROR] [1782973694.131276088] [tf_help]: Data time: 1782973694s 73332471ns, Transform time: 1782973567s 101654000ns
[controller_server-4] [ERROR] [1782973694.183454173] [tf_help]: Transform data too old when converting from map to odom
[controller_server-4] [ERROR] [1782973694.183534589] [tf_help]: Data time: 1782973694s 73332471ns, Transform time: 1782973567s 101654000ns
[controller_server-4] [ERROR] [1782973694.231000390] [tf_help]: Transform data too old when converting from map to odom
[controller_server-4] [ERROR] [1782973694.231082681] [tf_help]: Data time: 1782973694s 73332471ns, Transform time: 1782973567s 101654000ns
[controller_server-4] [ERROR] [1782973694.280737812] [tf_help]: Transform data too old when converting from map to odom
[controller_server-4] [ERROR] [1782973694.280819770] [tf_help]: Data time: 1782973694s 73332471ns, Transform time: 1782973567s 101654000ns
[controller_server-4] [ERROR] [1782973694.330837358] [tf_help]: Transform data too old when converting from map to odom
[controller_server-4] [ERROR] [1782973694.330914442] [tf_help]: Data time: 1782973694s 73332471ns, Transform time: 1782973567s 101654000ns
[controller_server-4] [ERROR] [1782973694.383370359] [tf_help]: Transform data too old when converting from map to odom
[controller_server-4] [ERROR] [1782973694.383463359] [tf_help]: Data time: 1782973694s 73332471ns, Transform time: 1782973567s 101654000ns
[controller_server-4] [ERROR] [1782973694.430021411] [tf_help]: Transform data too old when converting from map to odom
[controller_server-4] [ERROR] [1782973694.430106453] [tf_help]: Data time: 1782973694s 73332471ns, Transform time: 1782973567s 101654000ns
[controller_server-4] [ERROR] [1782973694.483130328] [tf_help]: Transform data too old when converting from map to odom
[controller_server-4] [ERROR] [1782973694.483210578] [tf_help]: Data time: 1782973694s 73332471ns, Transform time: 1782973567s 101654000ns
[controller_server-4] [ERROR] [1782973694.532239376] [tf_help]: Transform data too old when converting from map to odom
[controller_server-4] [ERROR] [1782973694.532337167] [tf_help]: Data time: 1782973694s 73332471ns, Transform time: 1782973567s 101654000ns
[controller_server-4] [ERROR] [1782973694.581300007] [tf_help]: Transform data too old when converting from map to odom
[controller_server-4] [ERROR] [1782973694.581381174] [tf_help]: Data time: 1782973694s 73332471ns, Transform time: 1782973567s 101654000ns
[controller_server-4] [ERROR] [1782973694.631804761] [tf_help]: Transform data too old when converting from map to odom
[controller_server-4] [ERROR] [1782973694.632030219] [tf_help]: Data time: 1782973694s 73332471ns, Transform time: 1782973567s 101654000ns
[controller_server-4] [ERROR] [1782973694.680649185] [tf_help]: Transform data too old when converting from map to odom
[controller_server-4] [ERROR] [1782973694.680729768] [tf_help]: Data time: 1782973694s 73332471ns, Transform time: 1782973567s 101654000ns
[controller_server-4] [ERROR] [1782973694.731512147] [tf_help]: Transform data too old when converting from map to odom
[controller_server-4] [ERROR] [1782973694.731591188] [tf_help]: Data time: 1782973694s 73332471ns, Transform time: 1782973567s 101654000ns
[controller_server-4] [ERROR] [1782973694.780292154] [tf_help]: Transform data too old when converting from map to odom
[controller_server-4] [ERROR] [1782973694.780374112] [tf_help]: Data time: 1782973694s 73332471ns, Transform time: 1782973567s 101654000ns
[controller_server-4] [ERROR] [1782973694.831168699] [tf_help]: Transform data too old when converting from map to odom
[controller_server-4] [ERROR] [1782973694.831255240] [tf_help]: Data time: 1782973694s 73332471ns, Transform time: 1782973567s 101654000ns
[controller_server-4] [ERROR] [1782973694.881181662] [tf_help]: Transform data too old when converting from map to odom
[controller_server-4] [ERROR] [1782973694.881261120] [tf_help]: Data time: 1782973694s 73332471ns, Transform time: 1782973567s 101654000ns
[controller_server-4] [ERROR] [1782973694.930855251] [tf_help]: Transform data too old when converting from map to odom
[controller_server-4] [ERROR] [1782973694.930936501] [tf_help]: Data time: 1782973694s 73332471ns, Transform time: 1782973567s 101654000ns
[controller_server-4] [ERROR] [1782973694.980417465] [tf_help]: Transform data too old when converting from map to odom
[controller_server-4] [ERROR] [1782973694.980505465] [tf_help]: Data time: 1782973694s 73332471ns, Transform time: 1782973567s 101654000ns
[controller_server-4] [ERROR] [1782973695.030736053] [tf_help]: Transform data too old when converting from map to odom
[controller_server-4] [ERROR] [1782973695.030839302] [tf_help]: Data time: 1782973694s 73332471ns, Transform time: 1782973567s 101654000ns
[controller_server-4] [ERROR] [1782973695.080279100] [tf_help]: Transform data too old when converting from map to odom
[controller_server-4] [ERROR] [1782973695.080364058] [tf_help]: Data time: 1782973694s 73332471ns, Transform time: 1782973567s 101654000ns
[controller_server-4] [ERROR] [1782973695.130600188] [tf_help]: Transform data too old when converting from map to odom
[controller_server-4] [ERROR] [1782973695.130679229] [tf_help]: Data time: 1782973694s 73332471ns, Transform time: 1782973567s 101654000ns
[controller_server-4] [INFO] [1782973695.166134007] [controller_server]: Passing new path to controller.
[controller_server-4] [ERROR] [1782973695.181432983] [tf_help]: Transform data too old when converting from map to odom
[controller_server-4] [ERROR] [1782973695.181515566] [tf_help]: Data time: 1782973695s 103959646ns, Transform time: 1782973567s 101654000ns
[controller_server-4] [ERROR] [1782973695.230377990] [tf_help]: Transform data too old when converting from map to odom
[controller_server-4] [ERROR] [1782973695.230463531] [tf_help]: Data time: 1782973695s 103959646ns, Transform time: 1782973567s 101654000ns
[controller_server-4] [ERROR] [1782973695.280291328] [tf_help]: Transform data too old when converting from map to odom
[controller_server-4] [ERROR] [1782973695.280373953] [tf_help]: Data time: 1782973695s 103959646ns, Transform time: 1782973567s 101654000ns
[controller_server-4] [ERROR] [1782973695.330001792] [tf_help]: Transform data too old when converting from map to odom
[controller_server-4] [ERROR] [1782973695.330084708] [tf_help]: Data time: 1782973695s 103959646ns, Transform time: 1782973567s 101654000ns
[controller_server-4] [ERROR] [1782973695.380291880] [tf_help]: Transform data too old when converting from map to odom
[controller_server-4] [ERROR] [1782973695.380372379] [tf_help]: Data time: 1782973695s 103959646ns, Transform time: 1782973567s 101654000ns
[controller_server-4] [ERROR] [1782973695.429960302] [tf_help]: Transform data too old when converting from map to odom
[controller_server-4] [ERROR] [1782973695.430039968] [tf_help]: Data time: 1782973695s 103959646ns, Transform time: 1782973567s 101654000ns
[controller_server-4] [ERROR] [1782973695.480144556] [tf_help]: Transform data too old when converting from map to odom
[controller_server-4] [ERROR] [1782973695.480227473] [tf_help]: Data time: 1782973695s 103959646ns, Transform time: 1782973567s 101654000ns
[controller_server-4] [ERROR] [1782973695.530925602] [tf_help]: Transform data too old when converting from map to odom
[controller_server-4] [ERROR] [1782973695.531010560] [tf_help]: Data time: 1782973695s 103959646ns, Transform time: 1782973567s 101654000ns
[controller_server-4] [ERROR] [1782973695.580466191] [tf_help]: Transform data too old when converting from map to odom
[controller_server-4] [ERROR] [1782973695.580547691] [tf_help]: Data time: 1782973695s 103959646ns, Transform time: 1782973567s 101654000ns
[controller_server-4] [ERROR] [1782973695.631844444] [tf_help]: Transform data too old when converting from map to odom
[controller_server-4] [ERROR] [1782973695.631928985] [tf_help]: Data time: 1782973695s 103959646ns, Transform time: 1782973567s 101654000ns
[controller_server-4] [ERROR] [1782973695.680321243] [tf_help]: Transform data too old when converting from map to odom
[controller_server-4] [ERROR] [1782973695.680404867] [tf_help]: Data time: 1782973695s 103959646ns, Transform time: 1782973567s 101654000ns
[controller_server-4] [ERROR] [1782973695.731874912] [tf_help]: Transform data too old when converting from map to odom
[controller_server-4] [ERROR] [1782973695.731954162] [tf_help]: Data time: 1782973695s 103959646ns, Transform time: 1782973567s 101654000ns
[controller_server-4] [ERROR] [1782973695.780465752] [tf_help]: Transform data too old when converting from map to odom
[controller_server-4] [ERROR] [1782973695.780549585] [tf_help]: Data time: 1782973695s 103959646ns, Transform time: 1782973567s 101654000ns
[controller_server-4] [ERROR] [1782973695.830985965] [tf_help]: Transform data too old when converting from map to odom
[controller_server-4] [ERROR] [1782973695.831068590] [tf_help]: Data time: 1782973695s 103959646ns, Transform time: 1782973567s 101654000ns
[controller_server-4] [ERROR] [1782973695.880989095] [tf_help]: Transform data too old when converting from map to odom
[controller_server-4] [ERROR] [1782973695.881072136] [tf_help]: Data time: 1782973695s 103959646ns, Transform time: 1782973567s 101654000ns
[controller_server-4] [ERROR] [1782973695.930830933] [tf_help]: Transform data too old when converting from map to odom
[controller_server-4] [ERROR] [1782973695.930913850] [tf_help]: Data time: 1782973695s 103959646ns, Transform time: 1782973567s 101654000ns
[controller_server-4] [ERROR] [1782973695.981558979] [tf_help]: Transform data too old when converting from map to odom
[controller_server-4] [ERROR] [1782973695.981638270] [tf_help]: Data time: 1782973695s 103959646ns, Transform time: 1782973567s 101654000ns
[controller_server-4] [ERROR] [1782973696.031653525] [tf_help]: Transform data too old when converting from map to odom
[controller_server-4] [ERROR] [1782973696.031751275] [tf_help]: Data time: 1782973695s 103959646ns, Transform time: 1782973567s 101654000ns
[controller_server-4] [ERROR] [1782973696.082657779] [tf_help]: Transform data too old when converting from map to odom
[controller_server-4] [ERROR] [1782973696.082759987] [tf_help]: Data time: 1782973695s 103959646ns, Transform time: 1782973567s 101654000ns
[controller_server-4] [ERROR] [1782973696.130115621] [tf_help]: Transform data too old when converting from map to odom
[controller_server-4] [ERROR] [1782973696.130206287] [tf_help]: Data time: 1782973695s 103959646ns, Transform time: 1782973567s 101654000ns
[controller_server-4] [INFO] [1782973696.166042940] [controller_server]: Passing new path to controller.
[controller_server-4] [ERROR] [1782973696.181067999] [tf_help]: Transform data too old when converting from map to odom
[controller_server-4] [ERROR] [1782973696.181151958] [tf_help]: Data time: 1782973696s 133481241ns, Transform time: 1782973567s 101654000ns
[controller_server-4] [ERROR] [1782973696.230621255] [tf_help]: Transform data too old when converting from map to odom
[controller_server-4] [ERROR] [1782973696.230693172] [tf_help]: Data time: 1782973696s 133481241ns, Transform time: 1782973567s 101654000ns
[controller_server-4] [ERROR] [1782973696.280258136] [tf_help]: Transform data too old when converting from map to odom
[controller_server-4] [ERROR] [1782973696.280340219] [tf_help]: Data time: 1782973696s 133481241ns, Transform time: 1782973567s 101654000ns
[controller_server-4] [ERROR] [1782973696.331930471] [tf_help]: Transform data too old when converting from map to odom
[controller_server-4] [ERROR] [1782973696.332013346] [tf_help]: Data time: 1782973696s 133481241ns, Transform time: 1782973567s 101654000ns
[controller_server-4] [ERROR] [1782973696.380147896] [tf_help]: Transform data too old when converting from map to odom
[controller_server-4] [ERROR] [1782973696.380230645] [tf_help]: Data time: 1782973696s 133481241ns, Transform time: 1782973567s 101654000ns
[controller_server-4] [ERROR] [1782973696.430141734] [tf_help]: Transform data too old when converting from map to odom
[controller_server-4] [ERROR] [1782973696.430226192] [tf_help]: Data time: 1782973696s 133481241ns, Transform time: 1782973567s 101654000ns
[controller_server-4] [ERROR] [1782973696.480164864] [tf_help]: Transform data too old when converting from map to odom
[controller_server-4] [ERROR] [1782973696.482223569] [tf_help]: Data time: 1782973696s 133481241ns, Transform time: 1782973567s 101654000ns
[controller_server-4] [ERROR] [1782973696.530074661] [tf_help]: Transform data too old when converting from map to odom
[controller_server-4] [ERROR] [1782973696.530161910] [tf_help]: Data time: 1782973696s 133481241ns, Transform time: 1782973567s 101654000ns
[controller_server-4] [ERROR] [1782973696.580780331] [tf_help]: Transform data too old when converting from map to odom
[controller_server-4] [ERROR] [1782973696.580867539] [tf_help]: Data time: 1782973696s 133481241ns, Transform time: 1782973567s 101654000ns
[controller_server-4] [ERROR] [1782973696.631568168] [tf_help]: Transform data too old when converting from map to odom
[controller_server-4] [ERROR] [1782973696.631649168] [tf_help]: Data time: 1782973696s 133481241ns, Transform time: 1782973567s 101654000ns
[controller_server-4] [ERROR] [1782973696.681768090] [tf_help]: Transform data too old when converting from map to odom
[controller_server-4] [ERROR] [1782973696.681851589] [tf_help]: Data time: 1782973696s 133481241ns, Transform time: 1782973567s 101654000ns
[controller_server-4] [ERROR] [1782973696.729937931] [tf_help]: Transform data too old when converting from map to odom
[controller_server-4] [ERROR] [1782973696.730017431] [tf_help]: Data time: 1782973696s 133481241ns, Transform time: 1782973567s 101654000ns
[controller_server-4] [ERROR] [1782973696.780476268] [tf_help]: Transform data too old when converting from map to odom
[controller_server-4] [ERROR] [1782973696.780555768] [tf_help]: Data time: 1782973696s 133481241ns, Transform time: 1782973567s 101654000ns
[controller_server-4] [ERROR] [1782973696.830183982] [tf_help]: Transform data too old when converting from map to odom
[controller_server-4] [ERROR] [1782973696.830263607] [tf_help]: Data time: 1782973696s 133481241ns, Transform time: 1782973567s 101654000ns
[controller_server-4] [ERROR] [1782973696.880458320] [tf_help]: Transform data too old when converting from map to odom
[controller_server-4] [ERROR] [1782973696.880540736] [tf_help]: Data time: 1782973696s 133481241ns, Transform time: 1782973567s 101654000ns
[controller_server-4] [ERROR] [1782973696.930025992] [tf_help]: Transform data too old when converting from map to odom
[controller_server-4] [ERROR] [1782973696.930110242] [tf_help]: Data time: 1782973696s 133481241ns, Transform time: 1782973567s 101654000ns
[controller_server-4] [ERROR] [1782973696.980275080] [tf_help]: Transform data too old when converting from map to odom
[controller_server-4] [ERROR] [1782973696.980359788] [tf_help]: Data time: 1782973696s 133481241ns, Transform time: 1782973567s 101654000ns
[controller_server-4] [ERROR] [1782973697.034577245] [tf_help]: Transform data too old when converting from map to odom
[controller_server-4] [ERROR] [1782973697.034680536] [tf_help]: Data time: 1782973696s 133481241ns, Transform time: 1782973567s 101654000ns
[controller_server-4] [ERROR] [1782973697.082463878] [tf_help]: Transform data too old when converting from map to odom
[controller_server-4] [ERROR] [1782973697.082553711] [tf_help]: Data time: 1782973696s 133481241ns, Transform time: 1782973567s 101654000ns
[controller_server-4] [ERROR] [1782973697.130076012] [tf_help]: Transform data too old when converting from map to odom
[controller_server-4] [ERROR] [1782973697.130157678] [tf_help]: Data time: 1782973696s 133481241ns, Transform time: 1782973567s 101654000ns
[controller_server-4] [ERROR] [1782973697.180881224] [tf_help]: Transform data too old when converting from map to odom
[controller_server-4] [ERROR] [1782973697.180961807] [tf_help]: Data time: 1782973696s 133481241ns, Transform time: 1782973567s 101654000ns
[controller_server-4] [INFO] [1782973697.216039794] [controller_server]: Passing new path to controller.
[controller_server-4] [ERROR] [1782973697.232254268] [tf_help]: Transform data too old when converting from map to odom
[controller_server-4] [ERROR] [1782973697.232334768] [tf_help]: Data time: 1782973697s 163269418ns, Transform time: 1782973567s 101654000ns
[controller_server-4] [ERROR] [1782973697.280649193] [tf_help]: Transform data too old when converting from map to odom
[controller_server-4] [ERROR] [1782973697.280729443] [tf_help]: Data time: 1782973697s 163269418ns, Transform time: 1782973567s 101654000ns
[controller_server-4] [ERROR] [1782973697.331452988] [tf_help]: Transform data too old when converting from map to odom
[controller_server-4] [ERROR] [1782973697.331533696] [tf_help]: Data time: 1782973697s 163269418ns, Transform time: 1782973567s 101654000ns
[controller_server-4] [ERROR] [1782973697.381918326] [tf_help]: Transform data too old when converting from map to odom
[controller_server-4] [ERROR] [1782973697.382001326] [tf_help]: Data time: 1782973697s 163269418ns, Transform time: 1782973567s 101654000ns
[controller_server-4] [ERROR] [1782973697.430971749] [tf_help]: Transform data too old when converting from map to odom
[controller_server-4] [ERROR] [1782973697.431051332] [tf_help]: Data time: 1782973697s 163269418ns, Transform time: 1782973567s 101654000ns
[controller_server-4] [ERROR] [1782973697.480319130] [tf_help]: Transform data too old when converting from map to odom
[controller_server-4] [ERROR] [1782973697.480404755] [tf_help]: Data time: 1782973697s 163269418ns, Transform time: 1782973567s 101654000ns
[controller_server-4] [ERROR] [1782973697.531096217] [tf_help]: Transform data too old when converting from map to odom
[controller_server-4] [ERROR] [1782973697.531184008] [tf_help]: Data time: 1782973697s 163269418ns, Transform time: 1782973567s 101654000ns
[controller_server-4] [ERROR] [1782973697.580360556] [tf_help]: Transform data too old when converting from map to odom
[controller_server-4] [ERROR] [1782973697.580440265] [tf_help]: Data time: 1782973697s 163269418ns, Transform time: 1782973567s 101654000ns
[controller_server-4] [ERROR] [1782973697.630912685] [tf_help]: Transform data too old when converting from map to odom
[controller_server-4] [ERROR] [1782973697.630996102] [tf_help]: Data time: 1782973697s 163269418ns, Transform time: 1782973567s 101654000ns
[controller_server-4] [ERROR] [1782973697.680303108] [tf_help]: Transform data too old when converting from map to odom
[controller_server-4] [ERROR] [1782973697.680384108] [tf_help]: Data time: 1782973697s 163269418ns, Transform time: 1782973567s 101654000ns
[controller_server-4] [ERROR] [1782973697.729950405] [tf_help]: Transform data too old when converting from map to odom
[controller_server-4] [ERROR] [1782973697.730035780] [tf_help]: Data time: 1782973697s 163269418ns, Transform time: 1782973567s 101654000ns
[controller_server-4] [ERROR] [1782973697.781656366] [tf_help]: Transform data too old when converting from map to odom
[controller_server-4] [ERROR] [1782973697.781736699] [tf_help]: Data time: 1782973697s 163269418ns, Transform time: 1782973567s 101654000ns
[controller_server-4] [ERROR] [1782973697.830066582] [tf_help]: Transform data too old when converting from map to odom
[controller_server-4] [ERROR] [1782973697.830149165] [tf_help]: Data time: 1782973697s 163269418ns, Transform time: 1782973567s 101654000ns
[controller_server-4] [ERROR] [1782973697.881307210] [tf_help]: Transform data too old when converting from map to odom
[controller_server-4] [ERROR] [1782973697.881391126] [tf_help]: Data time: 1782973697s 163269418ns, Transform time: 1782973567s 101654000ns
[controller_server-4] [ERROR] [1782973697.930056050] [tf_help]: Transform data too old when converting from map to odom
[controller_server-4] [ERROR] [1782973697.930141967] [tf_help]: Data time: 1782973697s 163269418ns, Transform time: 1782973567s 101654000ns
[controller_server-4] [ERROR] [1782973697.982236593] [tf_help]: Transform data too old when converting from map to odom
[controller_server-4] [ERROR] [1782973697.982319968] [tf_help]: Data time: 1782973697s 163269418ns, Transform time: 1782973567s 101654000ns
[controller_server-4] [ERROR] [1782973698.029906685] [tf_help]: Transform data too old when converting from map to odom
[controller_server-4] [ERROR] [1782973698.030008227] [tf_help]: Data time: 1782973697s 163269418ns, Transform time: 1782973567s 101654000ns
[controller_server-4] [ERROR] [1782973698.081762187] [tf_help]: Transform data too old when converting from map to odom
[controller_server-4] [ERROR] [1782973698.081842021] [tf_help]: Data time: 1782973697s 163269418ns, Transform time: 1782973567s 101654000ns
[controller_server-4] [ERROR] [1782973698.130791361] [tf_help]: Transform data too old when converting from map to odom
[controller_server-4] [ERROR] [1782973698.130869819] [tf_help]: Data time: 1782973697s 163269418ns, Transform time: 1782973567s 101654000ns
[controller_server-4] [ERROR] [1782973698.183754986] [tf_help]: Transform data too old when converting from map to odom
[controller_server-4] [ERROR] [1782973698.183839152] [tf_help]: Data time: 1782973697s 163269418ns, Transform time: 1782973567s 101654000ns
[controller_server-4] [INFO] [1782973698.216032435] [controller_server]: Passing new path to controller.
[controller_server-4] [ERROR] [1782973698.231150412] [tf_help]: Transform data too old when converting from map to odom
[controller_server-4] [ERROR] [1782973698.231234662] [tf_help]: Data time: 1782973698s 193371846ns, Transform time: 1782973567s 101654000ns
[controller_server-4] [ERROR] [1782973698.281219667] [tf_help]: Transform data too old when converting from map to odom
[controller_server-4] [ERROR] [1782973698.281301916] [tf_help]: Data time: 1782973698s 193371846ns, Transform time: 1782973567s 101654000ns
[controller_server-4] [ERROR] [1782973698.331125588] [tf_help]: Transform data too old when converting from map to odom
[controller_server-4] [ERROR] [1782973698.331355171] [tf_help]: Data time: 1782973698s 193371846ns, Transform time: 1782973567s 101654000ns
[controller_server-4] [ERROR] [1782973698.381257426] [tf_help]: Transform data too old when converting from map to odom
[controller_server-4] [ERROR] [1782973698.381342426] [tf_help]: Data time: 1782973698s 193371846ns, Transform time: 1782973567s 101654000ns
[controller_server-4] [ERROR] [1782973698.430985182] [tf_help]: Transform data too old when converting from map to odom
[controller_server-4] [ERROR] [1782973698.431066557] [tf_help]: Data time: 1782973698s 193371846ns, Transform time: 1782973567s 101654000ns
[controller_server-4] [ERROR] [1782973698.480735937] [tf_help]: Transform data too old when converting from map to odom
[controller_server-4] [ERROR] [1782973698.480816771] [tf_help]: Data time: 1782973698s 193371846ns, Transform time: 1782973567s 101654000ns
[controller_server-4] [ERROR] [1782973698.530953734] [tf_help]: Transform data too old when converting from map to odom
[controller_server-4] [ERROR] [1782973698.531031484] [tf_help]: Data time: 1782973698s 193371846ns, Transform time: 1782973567s 101654000ns
[controller_server-4] [ERROR] [1782973698.580448531] [tf_help]: Transform data too old when converting from map to odom
[controller_server-4] [ERROR] [1782973698.580528781] [tf_help]: Data time: 1782973698s 193371846ns, Transform time: 1782973567s 101654000ns
[controller_server-4] [ERROR] [1782973698.630908535] [tf_help]: Transform data too old when converting from map to odom
[controller_server-4] [ERROR] [1782973698.630986660] [tf_help]: Data time: 1782973698s 193371846ns, Transform time: 1782973567s 101654000ns
[controller_server-4] [ERROR] [1782973698.681886956] [tf_help]: Transform data too old when converting from map to odom
[controller_server-4] [ERROR] [1782973698.681970330] [tf_help]: Data time: 1782973698s 193371846ns, Transform time: 1782973567s 101654000ns
[controller_server-4] [ERROR] [1782973698.731432961] [tf_help]: Transform data too old when converting from map to odom
[controller_server-4] [ERROR] [1782973698.731510836] [tf_help]: Data time: 1782973698s 193371846ns, Transform time: 1782973567s 101654000ns
[controller_server-4] [ERROR] [1782973698.782057007] [tf_help]: Transform data too old when converting from map to odom
[controller_server-4] [ERROR] [1782973698.782135673] [tf_help]: Data time: 1782973698s 193371846ns, Transform time: 1782973567s 101654000ns
[controller_server-4] [ERROR] [1782973698.830182640] [tf_help]: Transform data too old when converting from map to odom
[controller_server-4] [ERROR] [1782973698.830264098] [tf_help]: Data time: 1782973698s 193371846ns, Transform time: 1782973567s 101654000ns
[controller_server-4] [ERROR] [1782973698.881622684] [tf_help]: Transform data too old when converting from map to odom
[controller_server-4] [ERROR] [1782973698.881704726] [tf_help]: Data time: 1782973698s 193371846ns, Transform time: 1782973567s 101654000ns
[controller_server-4] [ERROR] [1782973698.930914940] [tf_help]: Transform data too old when converting from map to odom
[controller_server-4] [ERROR] [1782973698.930996565] [tf_help]: Data time: 1782973698s 193371846ns, Transform time: 1782973567s 101654000ns
[controller_server-4] [ERROR] [1782973698.980763321] [tf_help]: Transform data too old when converting from map to odom
[controller_server-4] [ERROR] [1782973698.980844237] [tf_help]: Data time: 1782973698s 193371846ns, Transform time: 1782973567s 101654000ns
[controller_server-4] [ERROR] [1782973699.030930534] [tf_help]: Transform data too old when converting from map to odom
[controller_server-4] [ERROR] [1782973699.031031284] [tf_help]: Data time: 1782973698s 193371846ns, Transform time: 1782973567s 101654000ns
[controller_server-4] [ERROR] [1782973699.081545829] [tf_help]: Transform data too old when converting from map to odom
[controller_server-4] [ERROR] [1782973699.081626079] [tf_help]: Data time: 1782973698s 193371846ns, Transform time: 1782973567s 101654000ns
[controller_server-4] [ERROR] [1782973699.130154670] [tf_help]: Transform data too old when converting from map to odom
[controller_server-4] [ERROR] [1782973699.130234503] [tf_help]: Data time: 1782973698s 193371846ns, Transform time: 1782973567s 101654000ns
[controller_server-4] [ERROR] [1782973699.182827171] [tf_help]: Transform data too old when converting from map to odom
[controller_server-4] [ERROR] [1782973699.182917296] [tf_help]: Data time: 1782973698s 193371846ns, Transform time: 1782973567s 101654000ns
[controller_server-4] [ERROR] [1782973699.231317303] [tf_help]: Transform data too old when converting from map to odom
[controller_server-4] [ERROR] [1782973699.231397095] [tf_help]: Data time: 1782973698s 193371846ns, Transform time: 1782973567s 101654000ns
[controller_server-4] [INFO] [1782973699.267775246] [controller_server]: Passing new path to controller.
[controller_server-4] [ERROR] [1782973699.285295177] [tf_help]: Transform data too old when converting from map to odom
[controller_server-4] [ERROR] [1782973699.285380427] [tf_help]: Data time: 1782973699s 223279357ns, Transform time: 1782973567s 101654000ns
[controller_server-4] [ERROR] [1782973699.330933522] [tf_help]: Transform data too old when converting from map to odom
[controller_server-4] [ERROR] [1782973699.331015564] [tf_help]: Data time: 1782973699s 223279357ns, Transform time: 1782973567s 101654000ns
[controller_server-4] [ERROR] [1782973699.380877611] [tf_help]: Transform data too old when converting from map to odom
[controller_server-4] [ERROR] [1782973699.380958569] [tf_help]: Data time: 1782973699s 223279357ns, Transform time: 1782973567s 101654000ns
[controller_server-4] [ERROR] [1782973699.431908322] [tf_help]: Transform data too old when converting from map to odom
[controller_server-4] [ERROR] [1782973699.431992322] [tf_help]: Data time: 1782973699s 223279357ns, Transform time: 1782973567s 101654000ns
[controller_server-4] [ERROR] [1782973699.480482371] [tf_help]: Transform data too old when converting from map to odom
[controller_server-4] [ERROR] [1782973699.480564496] [tf_help]: Data time: 1782973699s 223279357ns, Transform time: 1782973567s 101654000ns
[controller_server-4] [ERROR] [1782973699.530447210] [tf_help]: Transform data too old when converting from map to odom
[controller_server-4] [ERROR] [1782973699.530529585] [tf_help]: Data time: 1782973699s 223279357ns, Transform time: 1782973567s 101654000ns
[controller_server-4] [ERROR] [1782973699.581468505] [tf_help]: Transform data too old when converting from map to odom
[controller_server-4] [ERROR] [1782973699.581549213] [tf_help]: Data time: 1782973699s 223279357ns, Transform time: 1782973567s 101654000ns
[controller_server-4] [ERROR] [1782973699.630739886] [tf_help]: Transform data too old when converting from map to odom
[controller_server-4] [ERROR] [1782973699.630821219] [tf_help]: Data time: 1782973699s 223279357ns, Transform time: 1782973567s 101654000ns
[controller_server-4] [ERROR] [1782973699.681549723] [tf_help]: Transform data too old when converting from map to odom
[controller_server-4] [ERROR] [1782973699.681628265] [tf_help]: Data time: 1782973699s 223279357ns, Transform time: 1782973567s 101654000ns
[controller_server-4] [ERROR] [1782973699.730148064] [tf_help]: Transform data too old when converting from map to odom
[controller_server-4] [ERROR] [1782973699.730234105] [tf_help]: Data time: 1782973699s 223279357ns, Transform time: 1782973567s 101654000ns
[controller_server-4] [ERROR] [1782973699.781694274] [tf_help]: Transform data too old when converting from map to odom
[controller_server-4] [ERROR] [1782973699.781777233] [tf_help]: Data time: 1782973699s 223279357ns, Transform time: 1782973567s 101654000ns
[controller_server-4] [ERROR] [1782973699.831724113] [tf_help]: Transform data too old when converting from map to odom
[controller_server-4] [ERROR] [1782973699.831800113] [tf_help]: Data time: 1782973699s 223279357ns, Transform time: 1782973567s 101654000ns
[controller_server-4] [ERROR] [1782973699.881641118] [tf_help]: Transform data too old when converting from map to odom
[controller_server-4] [ERROR] [1782973699.881721118] [tf_help]: Data time: 1782973699s 223279357ns, Transform time: 1782973567s 101654000ns
[controller_server-4] [ERROR] [1782973699.930360708] [tf_help]: Transform data too old when converting from map to odom
[controller_server-4] [ERROR] [1782973699.930442125] [tf_help]: Data time: 1782973699s 223279357ns, Transform time: 1782973567s 101654000ns
[controller_server-4] [ERROR] [1782973699.981121254] [tf_help]: Transform data too old when converting from map to odom
[controller_server-4] [ERROR] [1782973699.981203295] [tf_help]: Data time: 1782973699s 223279357ns, Transform time: 1782973567s 101654000ns
[controller_server-4] [ERROR] [1782973700.030682510] [tf_help]: Transform data too old when converting from map to odom
[controller_server-4] [ERROR] [1782973700.030784884] [tf_help]: Data time: 1782973699s 223279357ns, Transform time: 1782973567s 101654000ns
[controller_server-4] [ERROR] [1782973700.080279557] [tf_help]: Transform data too old when converting from map to odom
[controller_server-4] [ERROR] [1782973700.080363057] [tf_help]: Data time: 1782973699s 223279357ns, Transform time: 1782973567s 101654000ns
[controller_server-4] [ERROR] [1782973700.129958479] [tf_help]: Transform data too old when converting from map to odom
[controller_server-4] [ERROR] [1782973700.130037271] [tf_help]: Data time: 1782973699s 223279357ns, Transform time: 1782973567s 101654000ns
[controller_server-4] [ERROR] [1782973700.181053066] [tf_help]: Transform data too old when converting from map to odom
[controller_server-4] [ERROR] [1782973700.181132732] [tf_help]: Data time: 1782973699s 223279357ns, Transform time: 1782973567s 101654000ns
[controller_server-4] [ERROR] [1782973700.230941404] [tf_help]: Transform data too old when converting from map to odom
[controller_server-4] [ERROR] [1782973700.231025154] [tf_help]: Data time: 1782973699s 223279357ns, Transform time: 1782973567s 101654000ns
[controller_server-4] [ERROR] [1782973700.280874826] [tf_help]: Transform data too old when converting from map to odom
[controller_server-4] [ERROR] [1782973700.280957451] [tf_help]: Data time: 1782973699s 223279357ns, Transform time: 1782973567s 101654000ns
[controller_server-4] [INFO] [1782973700.316037188] [controller_server]: Passing new path to controller.
[controller_server-4] [ERROR] [1782973700.330830040] [tf_help]: Transform data too old when converting from map to odom
[controller_server-4] [ERROR] [1782973700.330905789] [tf_help]: Data time: 1782973700s 253329661ns, Transform time: 1782973567s 101654000ns
[controller_server-4] [ERROR] [1782973700.380286045] [tf_help]: Transform data too old when converting from map to odom
[controller_server-4] [ERROR] [1782973700.380366504] [tf_help]: Data time: 1782973700s 253329661ns, Transform time: 1782973567s 101654000ns
[controller_server-4] [ERROR] [1782973700.430711966] [tf_help]: Transform data too old when converting from map to odom
[controller_server-4] [ERROR] [1782973700.430793633] [tf_help]: Data time: 1782973700s 253329661ns, Transform time: 1782973567s 101654000ns
[controller_server-4] [ERROR] [1782973700.481017138] [tf_help]: Transform data too old when converting from map to odom
[controller_server-4] [ERROR] [1782973700.481099221] [tf_help]: Data time: 1782973700s 253329661ns, Transform time: 1782973567s 101654000ns
[controller_server-4] [ERROR] [1782973700.531276851] [tf_help]: Transform data too old when converting from map to odom
[controller_server-4] [ERROR] [1782973700.531356850] [tf_help]: Data time: 1782973700s 253329661ns, Transform time: 1782973567s 101654000ns
[controller_server-4] [ERROR] [1782973700.580731857] [tf_help]: Transform data too old when converting from map to odom
[controller_server-4] [ERROR] [1782973700.580810315] [tf_help]: Data time: 1782973700s 253329661ns, Transform time: 1782973567s 101654000ns
[controller_server-4] [ERROR] [1782973700.630016154] [tf_help]: Transform data too old when converting from map to odom
[controller_server-4] [ERROR] [1782973700.630094488] [tf_help]: Data time: 1782973700s 253329661ns, Transform time: 1782973567s 101654000ns
[controller_server-4] [ERROR] [1782973700.680419825] [tf_help]: Transform data too old when converting from map to odom
[controller_server-4] [ERROR] [1782973700.680503992] [tf_help]: Data time: 1782973700s 253329661ns, Transform time: 1782973567s 101654000ns
[controller_server-4] [ERROR] [1782973700.730575914] [tf_help]: Transform data too old when converting from map to odom
[controller_server-4] [ERROR] [1782973700.730661372] [tf_help]: Data time: 1782973700s 253329661ns, Transform time: 1782973567s 101654000ns
[controller_server-4] [ERROR] [1782973700.782479332] [tf_help]: Transform data too old when converting from map to odom
[controller_server-4] [ERROR] [1782973700.782584957] [tf_help]: Data time: 1782973700s 253329661ns, Transform time: 1782973567s 101654000ns
[controller_server-4] [ERROR] [1782973700.830059174] [tf_help]: Transform data too old when converting from map to odom
[controller_server-4] [ERROR] [1782973700.830136424] [tf_help]: Data time: 1782973700s 253329661ns, Transform time: 1782973567s 101654000ns
[controller_server-4] [ERROR] [1782973700.880710720] [tf_help]: Transform data too old when converting from map to odom
[controller_server-4] [ERROR] [1782973700.880790762] [tf_help]: Data time: 1782973700s 253329661ns, Transform time: 1782973567s 101654000ns
[controller_server-4] [ERROR] [1782973700.931007475] [tf_help]: Transform data too old when converting from map to odom
[controller_server-4] [ERROR] [1782973700.931094100] [tf_help]: Data time: 1782973700s 253329661ns, Transform time: 1782973567s 101654000ns
[controller_server-4] [ERROR] [1782973700.980425897] [tf_help]: Transform data too old when converting from map to odom
[controller_server-4] [ERROR] [1782973700.980509355] [tf_help]: Data time: 1782973700s 253329661ns, Transform time: 1782973567s 101654000ns
[controller_server-4] [ERROR] [1782973701.031462234] [tf_help]: Transform data too old when converting from map to odom
[controller_server-4] [ERROR] [1782973701.031588734] [tf_help]: Data time: 1782973700s 253329661ns, Transform time: 1782973567s 101654000ns
[controller_server-4] [ERROR] [1782973701.080438949] [tf_help]: Transform data too old when converting from map to odom
[controller_server-4] [ERROR] [1782973701.080538657] [tf_help]: Data time: 1782973700s 253329661ns, Transform time: 1782973567s 101654000ns
[controller_server-4] [ERROR] [1782973701.130996162] [tf_help]: Transform data too old when converting from map to odom
[controller_server-4] [ERROR] [1782973701.131079786] [tf_help]: Data time: 1782973700s 253329661ns, Transform time: 1782973567s 101654000ns
[controller_server-4] [ERROR] [1782973701.180250584] [tf_help]: Transform data too old when converting from map to odom
[controller_server-4] [ERROR] [1782973701.180332376] [tf_help]: Data time: 1782973700s 253329661ns, Transform time: 1782973567s 101654000ns
[controller_server-4] [ERROR] [1782973701.230987463] [tf_help]: Transform data too old when converting from map to odom
[controller_server-4] [ERROR] [1782973701.231075172] [tf_help]: Data time: 1782973700s 253329661ns, Transform time: 1782973567s 101654000ns
[controller_server-4] [ERROR] [1782973701.280786594] [tf_help]: Transform data too old when converting from map to odom
[controller_server-4] [ERROR] [1782973701.280876760] [tf_help]: Data time: 1782973700s 253329661ns, Transform time: 1782973567s 101654000ns
[controller_server-4] [INFO] [1782973701.316036080] [controller_server]: Passing new path to controller.
[controller_server-4] [ERROR] [1782973701.331830347] [tf_help]: Transform data too old when converting from map to odom
[controller_server-4] [ERROR] [1782973701.331911014] [tf_help]: Data time: 1782973701s 284702296ns, Transform time: 1782973567s 101654000ns
[controller_server-4] [ERROR] [1782973701.381424228] [tf_help]: Transform data too old when converting from map to odom
[controller_server-4] [ERROR] [1782973701.381505769] [tf_help]: Data time: 1782973701s 284702296ns, Transform time: 1782973567s 101654000ns
[controller_server-4] [ERROR] [1782973701.430783859] [tf_help]: Transform data too old when converting from map to odom
[controller_server-4] [ERROR] [1782973701.430863525] [tf_help]: Data time: 1782973701s 284702296ns, Transform time: 1782973567s 101654000ns
[controller_server-4] [ERROR] [1782973701.481219238] [tf_help]: Transform data too old when converting from map to odom
[controller_server-4] [ERROR] [1782973701.481299030] [tf_help]: Data time: 1782973701s 284702296ns, Transform time: 1782973567s 101654000ns
[controller_server-4] [ERROR] [1782973701.530546328] [tf_help]: Transform data too old when converting from map to odom
[controller_server-4] [ERROR] [1782973701.530627369] [tf_help]: Data time: 1782973701s 284702296ns, Transform time: 1782973567s 101654000ns
[controller_server-4] [ERROR] [1782973701.581515206] [tf_help]: Transform data too old when converting from map to odom
[controller_server-4] [ERROR] [1782973701.581596206] [tf_help]: Data time: 1782973701s 284702296ns, Transform time: 1782973567s 101654000ns
[controller_server-4] [ERROR] [1782973701.631373378] [tf_help]: Transform data too old when converting from map to odom
[controller_server-4] [ERROR] [1782973701.631452753] [tf_help]: Data time: 1782973701s 284702296ns, Transform time: 1782973567s 101654000ns
[controller_server-4] [ERROR] [1782973701.682219924] [tf_help]: Transform data too old when converting from map to odom
[controller_server-4] [ERROR] [1782973701.682305423] [tf_help]: Data time: 1782973701s 284702296ns, Transform time: 1782973567s 101654000ns
[controller_server-4] [ERROR] [1782973701.730042765] [tf_help]: Transform data too old when converting from map to odom
[controller_server-4] [ERROR] [1782973701.730124140] [tf_help]: Data time: 1782973701s 284702296ns, Transform time: 1782973567s 101654000ns
[controller_server-4] [ERROR] [1782973701.780596936] [tf_help]: Transform data too old when converting from map to odom
[controller_server-4] [ERROR] [1782973701.780681769] [tf_help]: Data time: 1782973701s 284702296ns, Transform time: 1782973567s 101654000ns
[controller_server-4] [ERROR] [1782973701.831286149] [tf_help]: Transform data too old when converting from map to odom
[controller_server-4] [ERROR] [1782973701.831362940] [tf_help]: Data time: 1782973701s 284702296ns, Transform time: 1782973567s 101654000ns
[controller_server-4] [ERROR] [1782973701.881204529] [tf_help]: Transform data too old when converting from map to odom
[controller_server-4] [ERROR] [1782973701.881288862] [tf_help]: Data time: 1782973701s 284702296ns, Transform time: 1782973567s 101654000ns
[controller_server-4] [ERROR] [1782973701.929989077] [tf_help]: Transform data too old when converting from map to odom
[controller_server-4] [ERROR] [1782973701.930074286] [tf_help]: Data time: 1782973701s 284702296ns, Transform time: 1782973567s 101654000ns
[controller_server-4] [ERROR] [1782973701.982965453] [tf_help]: Transform data too old when converting from map to odom
[controller_server-4] [ERROR] [1782973701.983048369] [tf_help]: Data time: 1782973701s 284702296ns, Transform time: 1782973567s 101654000ns
[controller_server-4] [ERROR] [1782973702.030011129] [tf_help]: Transform data too old when converting from map to odom
[controller_server-4] [ERROR] [1782973702.030101296] [tf_help]: Data time: 1782973701s 284702296ns, Transform time: 1782973567s 101654000ns
[controller_server-4] [ERROR] [1782973702.081228132] [tf_help]: Transform data too old when converting from map to odom
[controller_server-4] [ERROR] [1782973702.081460382] [tf_help]: Data time: 1782973701s 284702296ns, Transform time: 1782973567s 101654000ns
[controller_server-4] [ERROR] [1782973702.130072556] [tf_help]: Transform data too old when converting from map to odom
[controller_server-4] [ERROR] [1782973702.130159972] [tf_help]: Data time: 1782973701s 284702296ns, Transform time: 1782973567s 101654000ns
[controller_server-4] [ERROR] [1782973702.181273851] [tf_help]: Transform data too old when converting from map to odom
[controller_server-4] [ERROR] [1782973702.181355226] [tf_help]: Data time: 1782973701s 284702296ns, Transform time: 1782973567s 101654000ns
[controller_server-4] [ERROR] [1782973702.231322439] [tf_help]: Transform data too old when converting from map to odom
[controller_server-4] [ERROR] [1782973702.231404481] [tf_help]: Data time: 1782973701s 284702296ns, Transform time: 1782973567s 101654000ns
[controller_server-4] [ERROR] [1782973702.280328404] [tf_help]: Transform data too old when converting from map to odom
[controller_server-4] [ERROR] [1782973702.280407362] [tf_help]: Data time: 1782973701s 284702296ns, Transform time: 1782973567s 101654000ns
[controller_server-4] [ERROR] [1782973702.330539575] [tf_help]: Transform data too old when converting from map to odom
[controller_server-4] [ERROR] [1782973702.330621492] [tf_help]: Data time: 1782973701s 284702296ns, Transform time: 1782973567s 101654000ns
[controller_server-4] [INFO] [1782973702.366757394] [controller_server]: Passing new path to controller.
[controller_server-4] [ERROR] [1782973702.381649162] [tf_help]: Transform data too old when converting from map to odom
[controller_server-4] [ERROR] [1782973702.381735787] [tf_help]: Data time: 1782973702s 313606560ns, Transform time: 1782973567s 101654000ns
[controller_server-4] [ERROR] [1782973702.430080836] [tf_help]: Transform data too old when converting from map to odom
[controller_server-4] [ERROR] [1782973702.430166753] [tf_help]: Data time: 1782973702s 313606560ns, Transform time: 1782973567s 101654000ns
[controller_server-4] [ERROR] [1782973702.481498672] [tf_help]: Transform data too old when converting from map to odom
[controller_server-4] [ERROR] [1782973702.481578047] [tf_help]: Data time: 1782973702s 313606560ns, Transform time: 1782973567s 101654000ns
[controller_server-4] [ERROR] [1782973702.531109178] [tf_help]: Transform data too old when converting from map to odom
[controller_server-4] [ERROR] [1782973702.531193261] [tf_help]: Data time: 1782973702s 313606560ns, Transform time: 1782973567s 101654000ns
[controller_server-4] [ERROR] [1782973702.580122101] [tf_help]: Transform data too old when converting from map to odom
[controller_server-4] [ERROR] [1782973702.583789221] [tf_help]: Data time: 1782973702s 313606560ns, Transform time: 1782973567s 101654000ns
[controller_server-4] [ERROR] [1782973702.631596479] [tf_help]: Transform data too old when converting from map to odom
[controller_server-4] [ERROR] [1782973702.631680312] [tf_help]: Data time: 1782973702s 313606560ns, Transform time: 1782973567s 101654000ns
[controller_server-4] [ERROR] [1782973702.680527611] [tf_help]: Transform data too old when converting from map to odom
[controller_server-4] [ERROR] [1782973702.680608361] [tf_help]: Data time: 1782973702s 313606560ns, Transform time: 1782973567s 101654000ns
[controller_server-4] [ERROR] [1782973702.731040573] [tf_help]: Transform data too old when converting from map to odom
[controller_server-4] [ERROR] [1782973702.731124073] [tf_help]: Data time: 1782973702s 313606560ns, Transform time: 1782973567s 101654000ns
[controller_server-4] [ERROR] [1782973702.781751661] [tf_help]: Transform data too old when converting from map to odom
[controller_server-4] [ERROR] [1782973702.784901739] [tf_help]: Data time: 1782973702s 313606560ns, Transform time: 1782973567s 101654000ns
[controller_server-4] [ERROR] [1782973702.830823001] [tf_help]: Transform data too old when converting from map to odom
[controller_server-4] [ERROR] [1782973702.833505413] [tf_help]: Data time: 1782973702s 313606560ns, Transform time: 1782973567s 101654000ns
[controller_server-4] [ERROR] [1782973702.886280164] [tf_help]: Transform data too old when converting from map to odom
[controller_server-4] [ERROR] [1782973702.886366997] [tf_help]: Data time: 1782973702s 313606560ns, Transform time: 1782973567s 101654000ns
[controller_server-4] [ERROR] [1782973702.931841134] [tf_help]: Transform data too old when converting from map to odom
[controller_server-4] [ERROR] [1782973702.931921467] [tf_help]: Data time: 1782973702s 313606560ns, Transform time: 1782973567s 101654000ns
[controller_server-4] [ERROR] [1782973702.983066762] [tf_help]: Transform data too old when converting from map to odom
[controller_server-4] [ERROR] [1782973702.986621257] [tf_help]: Data time: 1782973702s 313606560ns, Transform time: 1782973567s 101654000ns
[controller_server-4] [ERROR] [1782973703.031764019] [tf_help]: Transform data too old when converting from map to odom
[controller_server-4] [ERROR] [1782973703.031867686] [tf_help]: Data time: 1782973702s 313606560ns, Transform time: 1782973567s 101654000ns
[controller_server-4] [ERROR] [1782973703.082091107] [tf_help]: Transform data too old when converting from map to odom
[controller_server-4] [ERROR] [1782973703.082171982] [tf_help]: Data time: 1782973702s 313606560ns, Transform time: 1782973567s 101654000ns
[controller_server-4] [ERROR] [1782973703.131417739] [tf_help]: Transform data too old when converting from map to odom
[controller_server-4] [ERROR] [1782973703.131496072] [tf_help]: Data time: 1782973702s 313606560ns, Transform time: 1782973567s 101654000ns
[controller_server-4] [ERROR] [1782973703.180447120] [tf_help]: Transform data too old when converting from map to odom
[controller_server-4] [ERROR] [1782973703.180537412] [tf_help]: Data time: 1782973702s 313606560ns, Transform time: 1782973567s 101654000ns
[controller_server-4] [ERROR] [1782973703.235955533] [tf_help]: Transform data too old when converting from map to odom
[controller_server-4] [ERROR] [1782973703.236033241] [tf_help]: Data time: 1782973702s 313606560ns, Transform time: 1782973567s 101654000ns
[controller_server-4] [ERROR] [1782973703.283683417] [tf_help]: Transform data too old when converting from map to odom
[controller_server-4] [ERROR] [1782973703.283767083] [tf_help]: Data time: 1782973702s 313606560ns, Transform time: 1782973567s 101654000ns
[controller_server-4] [ERROR] [1782973703.330063344] [tf_help]: Transform data too old when converting from map to odom
[controller_server-4] [ERROR] [1782973703.330149761] [tf_help]: Data time: 1782973702s 313606560ns, Transform time: 1782973567s 101654000ns
[controller_server-4] [INFO] [1782973703.366545871] [controller_server]: Passing new path to controller.
[controller_server-4] [ERROR] [1782973703.388776002] [tf_help]: Transform data too old when converting from map to odom
[controller_server-4] [ERROR] [1782973703.388861461] [tf_help]: Data time: 1782973703s 344369530ns, Transform time: 1782973567s 101654000ns
[bt_navigator-8] [WARN] [1782973703.393946869] [BehaviorTreeEngine]: Behavior Tree tick rate 100.00 was exceeded!
[controller_server-4] [ERROR] [1782973703.430348896] [tf_help]: Transform data too old when converting from map to odom
[controller_server-4] [ERROR] [1782973703.430427062] [tf_help]: Data time: 1782973703s 344369530ns, Transform time: 1782973567s 101654000ns
[controller_server-4] [ERROR] [1782973703.480175609] [tf_help]: Transform data too old when converting from map to odom
[controller_server-4] [ERROR] [1782973703.480262026] [tf_help]: Data time: 1782973703s 344369530ns, Transform time: 1782973567s 101654000ns
[controller_server-4] [ERROR] [1782973703.529973948] [tf_help]: Transform data too old when converting from map to odom
[controller_server-4] [ERROR] [1782973703.530056906] [tf_help]: Data time: 1782973703s 344369530ns, Transform time: 1782973567s 101654000ns
[controller_server-4] [ERROR] [1782973703.581147493] [tf_help]: Transform data too old when converting from map to odom
[controller_server-4] [ERROR] [1782973703.581228410] [tf_help]: Data time: 1782973703s 344369530ns, Transform time: 1782973567s 101654000ns
[controller_server-4] [ERROR] [1782973703.631358748] [tf_help]: Transform data too old when converting from map to odom
[controller_server-4] [ERROR] [1782973703.631459664] [tf_help]: Data time: 1782973703s 344369530ns, Transform time: 1782973567s 101654000ns
[controller_server-4] [ERROR] [1782973703.680257588] [tf_help]: Transform data too old when converting from map to odom
[controller_server-4] [ERROR] [1782973703.680341588] [tf_help]: Data time: 1782973703s 344369530ns, Transform time: 1782973567s 101654000ns
[controller_server-4] [ERROR] [1782973703.730020677] [tf_help]: Transform data too old when converting from map to odom
[controller_server-4] [ERROR] [1782973703.730098885] [tf_help]: Data time: 1782973703s 344369530ns, Transform time: 1782973567s 101654000ns
[controller_server-4] [ERROR] [1782973703.780493306] [tf_help]: Transform data too old when converting from map to odom
[controller_server-4] [ERROR] [1782973703.780573181] [tf_help]: Data time: 1782973703s 344369530ns, Transform time: 1782973567s 101654000ns
[controller_server-4] [ERROR] [1782973703.831071310] [tf_help]: Transform data too old when converting from map to odom
[controller_server-4] [ERROR] [1782973703.831155102] [tf_help]: Data time: 1782973703s 344369530ns, Transform time: 1782973567s 101654000ns
[controller_server-4] [ERROR] [1782973703.881136524] [tf_help]: Transform data too old when converting from map to odom
[controller_server-4] [ERROR] [1782973703.881220440] [tf_help]: Data time: 1782973703s 344369530ns, Transform time: 1782973567s 101654000ns
[controller_server-4] [ERROR] [1782973703.931239029] [tf_help]: Transform data too old when converting from map to odom
[controller_server-4] [ERROR] [1782973703.931695445] [tf_help]: Data time: 1782973703s 344369530ns, Transform time: 1782973567s 101654000ns
[controller_server-4] [ERROR] [1782973703.982087907] [tf_help]: Transform data too old when converting from map to odom
[controller_server-4] [ERROR] [1782973703.982166907] [tf_help]: Data time: 1782973703s 344369530ns, Transform time: 1782973567s 101654000ns
[controller_server-4] [ERROR] [1782973704.030899623] [tf_help]: Transform data too old when converting from map to odom
[controller_server-4] [ERROR] [1782973704.030998497] [tf_help]: Data time: 1782973703s 344369530ns, Transform time: 1782973567s 101654000ns
[controller_server-4] [ERROR] [1782973704.080321170] [tf_help]: Transform data too old when converting from map to odom
[controller_server-4] [ERROR] [1782973704.080407045] [tf_help]: Data time: 1782973703s 344369530ns, Transform time: 1782973567s 101654000ns
[controller_server-4] [ERROR] [1782973704.129887593] [tf_help]: Transform data too old when converting from map to odom
[controller_server-4] [ERROR] [1782973704.129969259] [tf_help]: Data time: 1782973703s 344369530ns, Transform time: 1782973567s 101654000ns
[controller_server-4] [ERROR] [1782973704.182541260] [tf_help]: Transform data too old when converting from map to odom
[controller_server-4] [ERROR] [1782973704.182631760] [tf_help]: Data time: 1782973703s 344369530ns, Transform time: 1782973567s 101654000ns
[controller_server-4] [ERROR] [1782973704.230008811] [tf_help]: Transform data too old when converting from map to odom
[controller_server-4] [ERROR] [1782973704.230086603] [tf_help]: Data time: 1782973703s 344369530ns, Transform time: 1782973567s 101654000ns
[controller_server-4] [ERROR] [1782973704.280609690] [tf_help]: Transform data too old when converting from map to odom
[controller_server-4] [ERROR] [1782973704.280692649] [tf_help]: Data time: 1782973703s 344369530ns, Transform time: 1782973567s 101654000ns
[controller_server-4] [ERROR] [1782973704.331549236] [tf_help]: Transform data too old when converting from map to odom
[controller_server-4] [ERROR] [1782973704.331630527] [tf_help]: Data time: 1782973703s 344369530ns, Transform time: 1782973567s 101654000ns
[controller_server-4] [ERROR] [1782973704.381012242] [tf_help]: Transform data too old when converting from map to odom
[controller_server-4] [ERROR] [1782973704.381092200] [tf_help]: Data time: 1782973703s 344369530ns, Transform time: 1782973567s 101654000ns
[controller_server-4] [INFO] [1782973704.416042020] [controller_server]: Passing new path to controller.
[controller_server-4] [ERROR] [1782973704.431113122] [tf_help]: Transform data too old when converting from map to odom
[controller_server-4] [ERROR] [1782973704.431209330] [tf_help]: Data time: 1782973704s 373207837ns, Transform time: 1782973567s 101654000ns
[controller_server-4] [ERROR] [1782973704.480810585] [tf_help]: Transform data too old when converting from map to odom
[controller_server-4] [ERROR] [1782973704.480892710] [tf_help]: Data time: 1782973704s 373207837ns, Transform time: 1782973567s 101654000ns
[controller_server-4] [ERROR] [1782973704.531756922] [tf_help]: Transform data too old when converting from map to odom
[controller_server-4] [ERROR] [1782973704.531842381] [tf_help]: Data time: 1782973704s 373207837ns, Transform time: 1782973567s 101654000ns
[controller_server-4] [ERROR] [1782973704.580785387] [tf_help]: Transform data too old when converting from map to odom
[controller_server-4] [ERROR] [1782973704.580866387] [tf_help]: Data time: 1782973704s 373207837ns, Transform time: 1782973567s 101654000ns
[controller_server-4] [ERROR] [1782973704.631464558] [tf_help]: Transform data too old when converting from map to odom
[controller_server-4] [ERROR] [1782973704.631547183] [tf_help]: Data time: 1782973704s 373207837ns, Transform time: 1782973567s 101654000ns
[controller_server-4] [ERROR] [1782973704.680149899] [tf_help]: Transform data too old when converting from map to odom
[controller_server-4] [ERROR] [1782973704.680232815] [tf_help]: Data time: 1782973704s 373207837ns, Transform time: 1782973567s 101654000ns
[controller_server-4] [ERROR] [1782973704.730441403] [tf_help]: Transform data too old when converting from map to odom
[controller_server-4] [ERROR] [1782973704.730522653] [tf_help]: Data time: 1782973704s 373207837ns, Transform time: 1782973567s 101654000ns
[controller_server-4] [ERROR] [1782973704.780318492] [tf_help]: Transform data too old when converting from map to odom
[controller_server-4] [ERROR] [1782973704.780399158] [tf_help]: Data time: 1782973704s 373207837ns, Transform time: 1782973567s 101654000ns
[controller_server-4] [ERROR] [1782973704.831830286] [tf_help]: Transform data too old when converting from map to odom
[controller_server-4] [ERROR] [1782973704.831908119] [tf_help]: Data time: 1782973704s 373207837ns, Transform time: 1782973567s 101654000ns
[controller_server-4] [ERROR] [1782973704.880342169] [tf_help]: Transform data too old when converting from map to odom
[controller_server-4] [ERROR] [1782973704.880425419] [tf_help]: Data time: 1782973704s 373207837ns, Transform time: 1782973567s 101654000ns
[controller_server-4] [ERROR] [1782973704.930544882] [tf_help]: Transform data too old when converting from map to odom
[controller_server-4] [ERROR] [1782973704.930627382] [tf_help]: Data time: 1782973704s 373207837ns, Transform time: 1782973567s 101654000ns
[controller_server-4] [ERROR] [1782973704.980890553] [tf_help]: Transform data too old when converting from map to odom
[controller_server-4] [ERROR] [1782973704.980974095] [tf_help]: Data time: 1782973704s 373207837ns, Transform time: 1782973567s 101654000ns
[controller_server-4] [ERROR] [1782973705.029966060] [tf_help]: Transform data too old when converting from map to odom
[controller_server-4] [ERROR] [1782973705.030062434] [tf_help]: Data time: 1782973704s 373207837ns, Transform time: 1782973567s 101654000ns
[controller_server-4] [ERROR] [1782973705.082450978] [tf_help]: Transform data too old when converting from map to odom
[controller_server-4] [ERROR] [1782973705.082532936] [tf_help]: Data time: 1782973704s 373207837ns, Transform time: 1782973567s 101654000ns
[controller_server-4] [ERROR] [1782973705.129914653] [tf_help]: Transform data too old when converting from map to odom
[controller_server-4] [ERROR] [1782973705.130000361] [tf_help]: Data time: 1782973704s 373207837ns, Transform time: 1782973567s 101654000ns
[controller_server-4] [ERROR] [1782973705.180507032] [tf_help]: Transform data too old when converting from map to odom
[controller_server-4] [ERROR] [1782973705.180590282] [tf_help]: Data time: 1782973704s 373207837ns, Transform time: 1782973567s 101654000ns
[controller_server-4] [ERROR] [1782973705.230042538] [tf_help]: Transform data too old when converting from map to odom
[controller_server-4] [ERROR] [1782973705.230127955] [tf_help]: Data time: 1782973704s 373207837ns, Transform time: 1782973567s 101654000ns
[controller_server-4] [ERROR] [1782973705.281906666] [tf_help]: Transform data too old when converting from map to odom
[controller_server-4] [ERROR] [1782973705.281988124] [tf_help]: Data time: 1782973704s 373207837ns, Transform time: 1782973567s 101654000ns
[controller_server-4] [ERROR] [1782973705.330751297] [tf_help]: Transform data too old when converting from map to odom
[controller_server-4] [ERROR] [1782973705.330834922] [tf_help]: Data time: 1782973704s 373207837ns, Transform time: 1782973567s 101654000ns
[controller_server-4] [ERROR] [1782973705.380124137] [tf_help]: Transform data too old when converting from map to odom
[controller_server-4] [ERROR] [1782973705.380208137] [tf_help]: Data time: 1782973704s 373207837ns, Transform time: 1782973567s 101654000ns
[controller_server-4] [ERROR] [1782973705.431358598] [tf_help]: Transform data too old when converting from map to odom
[controller_server-4] [ERROR] [1782973705.431443223] [tf_help]: Data time: 1782973704s 373207837ns, Transform time: 1782973567s 101654000ns
[controller_server-4] [INFO] [1782973705.466143502] [controller_server]: Passing new path to controller.
[controller_server-4] [ERROR] [1782973705.481054104] [tf_help]: Transform data too old when converting from map to odom
[controller_server-4] [ERROR] [1782973705.481136771] [tf_help]: Data time: 1782973705s 403661350ns, Transform time: 1782973567s 101654000ns
[controller_server-4] [ERROR] [1782973705.530840568] [tf_help]: Transform data too old when converting from map to odom
[controller_server-4] [ERROR] [1782973705.530924401] [tf_help]: Data time: 1782973705s 403661350ns, Transform time: 1782973567s 101654000ns
[controller_server-4] [ERROR] [1782973705.580353949] [tf_help]: Transform data too old when converting from map to odom
[controller_server-4] [ERROR] [1782973705.580431407] [tf_help]: Data time: 1782973705s 403661350ns, Transform time: 1782973567s 101654000ns
[controller_server-4] [ERROR] [1782973705.631329119] [tf_help]: Transform data too old when converting from map to odom
[controller_server-4] [ERROR] [1782973705.631410702] [tf_help]: Data time: 1782973705s 403661350ns, Transform time: 1782973567s 101654000ns
[controller_server-4] [ERROR] [1782973705.680529209] [tf_help]: Transform data too old when converting from map to odom
[controller_server-4] [ERROR] [1782973705.680611250] [tf_help]: Data time: 1782973705s 403661350ns, Transform time: 1782973567s 101654000ns
[controller_server-4] [ERROR] [1782973705.730942380] [tf_help]: Transform data too old when converting from map to odom
[controller_server-4] [ERROR] [1782973705.731027921] [tf_help]: Data time: 1782973705s 403661350ns, Transform time: 1782973567s 101654000ns
[controller_server-4] [ERROR] [1782973705.780183803] [tf_help]: Transform data too old when converting from map to odom
[controller_server-4] [ERROR] [1782973705.780426761] [tf_help]: Data time: 1782973705s 403661350ns, Transform time: 1782973567s 101654000ns
[controller_server-4] [ERROR] [1782973705.831362473] [tf_help]: Transform data too old when converting from map to odom
[controller_server-4] [ERROR] [1782973705.831441473] [tf_help]: Data time: 1782973705s 403661350ns, Transform time: 1782973567s 101654000ns
[controller_server-4] [ERROR] [1782973705.880365313] [tf_help]: Transform data too old when converting from map to odom
[controller_server-4] [ERROR] [1782973705.880447313] [tf_help]: Data time: 1782973705s 403661350ns, Transform time: 1782973567s 101654000ns
[controller_server-4] [ERROR] [1782973705.929906902] [tf_help]: Transform data too old when converting from map to odom
[controller_server-4] [ERROR] [1782973705.929988069] [tf_help]: Data time: 1782973705s 403661350ns, Transform time: 1782973567s 101654000ns
[controller_server-4] [ERROR] [1782973705.980757989] [tf_help]: Transform data too old when converting from map to odom
[controller_server-4] [ERROR] [1782973705.980838364] [tf_help]: Data time: 1782973705s 403661350ns, Transform time: 1782973567s 101654000ns
[controller_server-4] [ERROR] [1782973706.031147327] [tf_help]: Transform data too old when converting from map to odom
[controller_server-4] [ERROR] [1782973706.031246160] [tf_help]: Data time: 1782973705s 403661350ns, Transform time: 1782973567s 101654000ns
[controller_server-4] [ERROR] [1782973706.082086039] [tf_help]: Transform data too old when converting from map to odom
[controller_server-4] [ERROR] [1782973706.082169539] [tf_help]: Data time: 1782973705s 403661350ns, Transform time: 1782973567s 101654000ns
[controller_server-4] [ERROR] [1782973706.130568671] [tf_help]: Transform data too old when converting from map to odom
[controller_server-4] [ERROR] [1782973706.130647130] [tf_help]: Data time: 1782973705s 403661350ns, Transform time: 1782973567s 101654000ns
[controller_server-4] [ERROR] [1782973706.180100886] [tf_help]: Transform data too old when converting from map to odom
[controller_server-4] [ERROR] [1782973706.180183344] [tf_help]: Data time: 1782973705s 403661350ns, Transform time: 1782973567s 101654000ns
[controller_server-4] [ERROR] [1782973706.231055681] [tf_help]: Transform data too old when converting from map to odom
[controller_server-4] [ERROR] [1782973706.231142806] [tf_help]: Data time: 1782973705s 403661350ns, Transform time: 1782973567s 101654000ns
[controller_server-4] [ERROR] [1782973706.280875145] [tf_help]: Transform data too old when converting from map to odom
[controller_server-4] [ERROR] [1782973706.280954978] [tf_help]: Data time: 1782973705s 403661350ns, Transform time: 1782973567s 101654000ns
[controller_server-4] [ERROR] [1782973706.330625275] [tf_help]: Transform data too old when converting from map to odom
[controller_server-4] [ERROR] [1782973706.330704692] [tf_help]: Data time: 1782973705s 403661350ns, Transform time: 1782973567s 101654000ns
[controller_server-4] [ERROR] [1782973706.381163696] [tf_help]: Transform data too old when converting from map to odom
[controller_server-4] [ERROR] [1782973706.381245404] [tf_help]: Data time: 1782973705s 403661350ns, Transform time: 1782973567s 101654000ns
[controller_server-4] [ERROR] [1782973706.430313036] [tf_help]: Transform data too old when converting from map to odom
[controller_server-4] [ERROR] [1782973706.430392328] [tf_help]: Data time: 1782973705s 403661350ns, Transform time: 1782973567s 101654000ns
[controller_server-4] [INFO] [1782973706.466620396] [controller_server]: Passing new path to controller.
[controller_server-4] [ERROR] [1782973706.481917247] [tf_help]: Transform data too old when converting from map to odom
[controller_server-4] [ERROR] [1782973706.482001080] [tf_help]: Data time: 1782973706s 433974489ns, Transform time: 1782973567s 101654000ns
[controller_server-4] [ERROR] [1782973706.531123670] [tf_help]: Transform data too old when converting from map to odom
[controller_server-4] [ERROR] [1782973706.531206087] [tf_help]: Data time: 1782973706s 433974489ns, Transform time: 1782973567s 101654000ns
[controller_server-4] [ERROR] [1782973706.580467135] [tf_help]: Transform data too old when converting from map to odom
[controller_server-4] [ERROR] [1782973706.580548551] [tf_help]: Data time: 1782973706s 433974489ns, Transform time: 1782973567s 101654000ns
[controller_server-4] [ERROR] [1782973706.631211555] [tf_help]: Transform data too old when converting from map to odom
[controller_server-4] [ERROR] [1782973706.631306388] [tf_help]: Data time: 1782973706s 433974489ns, Transform time: 1782973567s 101654000ns
[controller_server-4] [ERROR] [1782973706.681501102] [tf_help]: Transform data too old when converting from map to odom
[controller_server-4] [ERROR] [1782973706.681586810] [tf_help]: Data time: 1782973706s 433974489ns, Transform time: 1782973567s 101654000ns
[controller_server-4] [ERROR] [1782973706.730890316] [tf_help]: Transform data too old when converting from map to odom
[controller_server-4] [ERROR] [1782973706.730968108] [tf_help]: Data time: 1782973706s 433974489ns, Transform time: 1782973567s 101654000ns
[controller_server-4] [ERROR] [1782973706.782213361] [tf_help]: Transform data too old when converting from map to odom
[controller_server-4] [ERROR] [1782973706.782295569] [tf_help]: Data time: 1782973706s 433974489ns, Transform time: 1782973567s 101654000ns
[controller_server-4] [ERROR] [1782973706.831445784] [tf_help]: Transform data too old when converting from map to odom
[controller_server-4] [ERROR] [1782973706.831528492] [tf_help]: Data time: 1782973706s 433974489ns, Transform time: 1782973567s 101654000ns
[controller_server-4] [ERROR] [1782973706.880691082] [tf_help]: Transform data too old when converting from map to odom
[controller_server-4] [ERROR] [1782973706.880770915] [tf_help]: Data time: 1782973706s 433974489ns, Transform time: 1782973567s 101654000ns
[controller_server-4] [ERROR] [1782973706.931101503] [tf_help]: Transform data too old when converting from map to odom
[controller_server-4] [ERROR] [1782973706.931180253] [tf_help]: Data time: 1782973706s 433974489ns, Transform time: 1782973567s 101654000ns
[controller_server-4] [ERROR] [1782973706.980343468] [tf_help]: Transform data too old when converting from map to odom
[controller_server-4] [ERROR] [1782973706.980438717] [tf_help]: Data time: 1782973706s 433974489ns, Transform time: 1782973567s 101654000ns
[controller_server-4] [ERROR] [1782973707.032952510] [tf_help]: Transform data too old when converting from map to odom
[controller_server-4] [ERROR] [1782973707.037016712] [tf_help]: Data time: 1782973706s 433974489ns, Transform time: 1782973567s 101654000ns
[controller_server-4] [ERROR] [1782973707.081694601] [tf_help]: Transform data too old when converting from map to odom
[controller_server-4] [ERROR] [1782973707.081780559] [tf_help]: Data time: 1782973706s 433974489ns, Transform time: 1782973567s 101654000ns
[controller_server-4] [ERROR] [1782973707.132432730] [tf_help]: Transform data too old when converting from map to odom
[controller_server-4] [ERROR] [1782973707.136721223] [tf_help]: Data time: 1782973706s 433974489ns, Transform time: 1782973567s 101654000ns
[controller_server-4] [ERROR] [1782973707.181559195] [tf_help]: Transform data too old when converting from map to odom
[controller_server-4] [ERROR] [1782973707.181644903] [tf_help]: Data time: 1782973706s 433974489ns, Transform time: 1782973567s 101654000ns
[controller_server-4] [ERROR] [1782973707.231170700] [tf_help]: Transform data too old when converting from map to odom
[controller_server-4] [ERROR] [1782973707.231252784] [tf_help]: Data time: 1782973706s 433974489ns, Transform time: 1782973567s 101654000ns
[controller_server-4] [ERROR] [1782973707.280937831] [tf_help]: Transform data too old when converting from map to odom
[controller_server-4] [ERROR] [1782973707.281021664] [tf_help]: Data time: 1782973706s 433974489ns, Transform time: 1782973567s 101654000ns
[controller_server-4] [ERROR] [1782973707.330696670] [tf_help]: Transform data too old when converting from map to odom
[controller_server-4] [ERROR] [1782973707.330780003] [tf_help]: Data time: 1782973706s 433974489ns, Transform time: 1782973567s 101654000ns
[controller_server-4] [ERROR] [1782973707.380183967] [tf_help]: Transform data too old when converting from map to odom
[controller_server-4] [ERROR] [1782973707.380264592] [tf_help]: Data time: 1782973706s 433974489ns, Transform time: 1782973567s 101654000ns
[controller_server-4] [ERROR] [1782973707.431299638] [tf_help]: Transform data too old when converting from map to odom
[controller_server-4] [ERROR] [1782973707.431381137] [tf_help]: Data time: 1782973706s 433974489ns, Transform time: 1782973567s 101654000ns
[controller_server-4] [ERROR] [1782973707.480170644] [tf_help]: Transform data too old when converting from map to odom
[controller_server-4] [ERROR] [1782973707.480253936] [tf_help]: Data time: 1782973706s 433974489ns, Transform time: 1782973567s 101654000ns
[controller_server-4] [INFO] [1782973707.516032838] [controller_server]: Passing new path to controller.
[controller_server-4] [ERROR] [1782973707.531144690] [tf_help]: Transform data too old when converting from map to odom
[controller_server-4] [ERROR] [1782973707.531225940] [tf_help]: Data time: 1782973707s 463271004ns, Transform time: 1782973567s 101654000ns
[controller_server-4] [ERROR] [1782973707.581108487] [tf_help]: Transform data too old when converting from map to odom
[controller_server-4] [ERROR] [1782973707.581185862] [tf_help]: Data time: 1782973707s 463271004ns, Transform time: 1782973567s 101654000ns
[controller_server-4] [ERROR] [1782973707.630982659] [tf_help]: Transform data too old when converting from map to odom
[controller_server-4] [ERROR] [1782973707.631062367] [tf_help]: Data time: 1782973707s 463271004ns, Transform time: 1782973567s 101654000ns
[controller_server-4] [ERROR] [1782973707.680755039] [tf_help]: Transform data too old when converting from map to odom
[controller_server-4] [ERROR] [1782973707.680836956] [tf_help]: Data time: 1782973707s 463271004ns, Transform time: 1782973567s 101654000ns
[controller_server-4] [ERROR] [1782973707.730552170] [tf_help]: Transform data too old when converting from map to odom
[controller_server-4] [ERROR] [1782973707.730636628] [tf_help]: Data time: 1782973707s 463271004ns, Transform time: 1782973567s 101654000ns
[controller_server-4] [ERROR] [1782973707.780795341] [tf_help]: Transform data too old when converting from map to odom
[controller_server-4] [ERROR] [1782973707.780880841] [tf_help]: Data time: 1782973707s 463271004ns, Transform time: 1782973567s 101654000ns
[controller_server-4] [ERROR] [1782973707.830678388] [tf_help]: Transform data too old when converting from map to odom
[controller_server-4] [ERROR] [1782973707.830762596] [tf_help]: Data time: 1782973707s 463271004ns, Transform time: 1782973567s 101654000ns
[controller_server-4] [ERROR] [1782973707.880484185] [tf_help]: Transform data too old when converting from map to odom
[controller_server-4] [ERROR] [1782973707.880567893] [tf_help]: Data time: 1782973707s 463271004ns, Transform time: 1782973567s 101654000ns
[controller_server-4] [ERROR] [1782973707.929940816] [tf_help]: Transform data too old when converting from map to odom
[controller_server-4] [ERROR] [1782973707.930025191] [tf_help]: Data time: 1782973707s 463271004ns, Transform time: 1782973567s 101654000ns
[controller_server-4] [ERROR] [1782973707.981297819] [tf_help]: Transform data too old when converting from map to odom
[controller_server-4] [ERROR] [1782973707.981379694] [tf_help]: Data time: 1782973707s 463271004ns, Transform time: 1782973567s 101654000ns
[controller_server-4] [ERROR] [1782973708.030652034] [tf_help]: Transform data too old when converting from map to odom
[controller_server-4] [ERROR] [1782973708.030748409] [tf_help]: Data time: 1782973707s 463271004ns, Transform time: 1782973567s 101654000ns
[controller_server-4] [ERROR] [1782973708.080933830] [tf_help]: Transform data too old when converting from map to odom
[controller_server-4] [ERROR] [1782973708.081021247] [tf_help]: Data time: 1782973707s 463271004ns, Transform time: 1782973567s 101654000ns
[controller_server-4] [ERROR] [1782973708.129996837] [tf_help]: Transform data too old when converting from map to odom
[controller_server-4] [ERROR] [1782973708.130078545] [tf_help]: Data time: 1782973707s 463271004ns, Transform time: 1782973567s 101654000ns
[controller_server-4] [ERROR] [1782973708.180200092] [tf_help]: Transform data too old when converting from map to odom
[controller_server-4] [ERROR] [1782973708.184075377] [tf_help]: Data time: 1782973707s 463271004ns, Transform time: 1782973567s 101654000ns
[controller_server-4] [ERROR] [1782973708.230075847] [tf_help]: Transform data too old when converting from map to odom
[controller_server-4] [ERROR] [1782973708.230159055] [tf_help]: Data time: 1782973707s 463271004ns, Transform time: 1782973567s 101654000ns
[controller_server-4] [ERROR] [1782973708.281602767] [tf_help]: Transform data too old when converting from map to odom
[controller_server-4] [ERROR] [1782973708.281684016] [tf_help]: Data time: 1782973707s 463271004ns, Transform time: 1782973567s 101654000ns
[controller_server-4] [ERROR] [1782973708.331081273] [tf_help]: Transform data too old when converting from map to odom
[controller_server-4] [ERROR] [1782973708.331168397] [tf_help]: Data time: 1782973707s 463271004ns, Transform time: 1782973567s 101654000ns
[controller_server-4] [ERROR] [1782973708.382586734] [tf_help]: Transform data too old when converting from map to odom
[controller_server-4] [ERROR] [1782973708.382677234] [tf_help]: Data time: 1782973707s 463271004ns, Transform time: 1782973567s 101654000ns
[controller_server-4] [ERROR] [1782973708.432623530] [tf_help]: Transform data too old when converting from map to odom
[controller_server-4] [ERROR] [1782973708.432711114] [tf_help]: Data time: 1782973707s 463271004ns, Transform time: 1782973567s 101654000ns
[controller_server-4] [ERROR] [1782973708.481796662] [tf_help]: Transform data too old when converting from map to odom
[controller_server-4] [ERROR] [1782973708.481878120] [tf_help]: Data time: 1782973707s 463271004ns, Transform time: 1782973567s 101654000ns
[controller_server-4] [INFO] [1782973708.516044275] [controller_server]: Passing new path to controller.
[controller_server-4] [ERROR] [1782973708.531393709] [tf_help]: Transform data too old when converting from map to odom
[controller_server-4] [ERROR] [1782973708.531473668] [tf_help]: Data time: 1782973708s 493271686ns, Transform time: 1782973567s 101654000ns
[controller_server-4] [ERROR] [1782973708.580228716] [tf_help]: Transform data too old when converting from map to odom
[controller_server-4] [ERROR] [1782973708.580490508] [tf_help]: Data time: 1782973708s 493271686ns, Transform time: 1782973567s 101654000ns
[controller_server-4] [ERROR] [1782973708.631331512] [tf_help]: Transform data too old when converting from map to odom
[controller_server-4] [ERROR] [1782973708.631409303] [tf_help]: Data time: 1782973708s 493271686ns, Transform time: 1782973567s 101654000ns
[controller_server-4] [ERROR] [1782973708.680535268] [tf_help]: Transform data too old when converting from map to odom
[controller_server-4] [ERROR] [1782973708.680619351] [tf_help]: Data time: 1782973708s 493271686ns, Transform time: 1782973567s 101654000ns
[controller_server-4] [ERROR] [1782973708.730949439] [tf_help]: Transform data too old when converting from map to odom
[controller_server-4] [ERROR] [1782973708.731029189] [tf_help]: Data time: 1782973708s 493271686ns, Transform time: 1782973567s 101654000ns
[controller_server-4] [ERROR] [1782973708.780227445] [tf_help]: Transform data too old when converting from map to odom
[controller_server-4] [ERROR] [1782973708.780308112] [tf_help]: Data time: 1782973708s 493271686ns, Transform time: 1782973567s 101654000ns
[controller_server-4] [ERROR] [1782973708.831366616] [tf_help]: Transform data too old when converting from map to odom
[controller_server-4] [ERROR] [1782973708.831452240] [tf_help]: Data time: 1782973708s 493271686ns, Transform time: 1782973567s 101654000ns
[controller_server-4] [ERROR] [1782973708.880924038] [tf_help]: Transform data too old when converting from map to odom
[controller_server-4] [ERROR] [1782973708.881002830] [tf_help]: Data time: 1782973708s 493271686ns, Transform time: 1782973567s 101654000ns
[controller_server-4] [ERROR] [1782973708.929982545] [tf_help]: Transform data too old when converting from map to odom
[controller_server-4] [ERROR] [1782973708.930062836] [tf_help]: Data time: 1782973708s 493271686ns, Transform time: 1782973567s 101654000ns
[controller_server-4] [ERROR] [1782973708.982091130] [tf_help]: Transform data too old when converting from map to odom
[controller_server-4] [ERROR] [1782973708.982175963] [tf_help]: Data time: 1782973708s 493271686ns, Transform time: 1782973567s 101654000ns
[controller_server-4] [ERROR] [1782973709.030125847] [tf_help]: Transform data too old when converting from map to odom
[controller_server-4] [ERROR] [1782973709.030224138] [tf_help]: Data time: 1782973708s 493271686ns, Transform time: 1782973567s 101654000ns
[controller_server-4] [ERROR] [1782973709.080489976] [tf_help]: Transform data too old when converting from map to odom
[controller_server-4] [ERROR] [1782973709.080574726] [tf_help]: Data time: 1782973708s 493271686ns, Transform time: 1782973567s 101654000ns
[controller_server-4] [ERROR] [1782973709.130768606] [tf_help]: Transform data too old when converting from map to odom
[controller_server-4] [ERROR] [1782973709.130850231] [tf_help]: Data time: 1782973708s 493271686ns, Transform time: 1782973567s 101654000ns
[controller_server-4] [ERROR] [1782973709.180219154] [tf_help]: Transform data too old when converting from map to odom
[controller_server-4] [ERROR] [1782973709.180304320] [tf_help]: Data time: 1782973708s 493271686ns, Transform time: 1782973567s 101654000ns
[controller_server-4] [ERROR] [1782973709.230903366] [tf_help]: Transform data too old when converting from map to odom
[controller_server-4] [ERROR] [1782973709.230982408] [tf_help]: Data time: 1782973708s 493271686ns, Transform time: 1782973567s 101654000ns
[controller_server-4] [ERROR] [1782973709.280326331] [tf_help]: Transform data too old when converting from map to odom
[controller_server-4] [ERROR] [1782973709.280410330] [tf_help]: Data time: 1782973708s 493271686ns, Transform time: 1782973567s 101654000ns
[controller_server-4] [ERROR] [1782973709.331394709] [tf_help]: Transform data too old when converting from map to odom
[controller_server-4] [ERROR] [1782973709.331481667] [tf_help]: Data time: 1782973708s 493271686ns, Transform time: 1782973567s 101654000ns
[controller_server-4] [ERROR] [1782973709.381016507] [tf_help]: Transform data too old when converting from map to odom
[controller_server-4] [ERROR] [1782973709.381098631] [tf_help]: Data time: 1782973708s 493271686ns, Transform time: 1782973567s 101654000ns
[controller_server-4] [ERROR] [1782973709.430065930] [tf_help]: Transform data too old when converting from map to odom
[controller_server-4] [ERROR] [1782973709.430149263] [tf_help]: Data time: 1782973708s 493271686ns, Transform time: 1782973567s 101654000ns
[controller_server-4] [ERROR] [1782973709.480696101] [tf_help]: Transform data too old when converting from map to odom
[controller_server-4] [ERROR] [1782973709.480783226] [tf_help]: Data time: 1782973708s 493271686ns, Transform time: 1782973567s 101654000ns
[controller_server-4] [ERROR] [1782973709.531285438] [tf_help]: Transform data too old when converting from map to odom
[controller_server-4] [ERROR] [1782973709.531517313] [tf_help]: Data time: 1782973708s 493271686ns, Transform time: 1782973567s 101654000ns
[controller_server-4] [INFO] [1782973709.566159717] [controller_server]: Passing new path to controller.
[controller_server-4] [ERROR] [1782973709.581130235] [tf_help]: Transform data too old when converting from map to odom
[controller_server-4] [ERROR] [1782973709.581212652] [tf_help]: Data time: 1782973709s 523361951ns, Transform time: 1782973567s 101654000ns
[controller_server-4] [ERROR] [1782973709.630891449] [tf_help]: Transform data too old when converting from map to odom
[controller_server-4] [ERROR] [1782973709.630973991] [tf_help]: Data time: 1782973709s 523361951ns, Transform time: 1782973567s 101654000ns
[controller_server-4] [ERROR] [1782973709.680663163] [tf_help]: Transform data too old when converting from map to odom
[controller_server-4] [ERROR] [1782973709.680744538] [tf_help]: Data time: 1782973709s 523361951ns, Transform time: 1782973567s 101654000ns
[controller_server-4] [ERROR] [1782973709.730043419] [tf_help]: Transform data too old when converting from map to odom
[controller_server-4] [ERROR] [1782973709.730123669] [tf_help]: Data time: 1782973709s 523361951ns, Transform time: 1782973567s 101654000ns
[controller_server-4] [ERROR] [1782973709.780333258] [tf_help]: Transform data too old when converting from map to odom
[controller_server-4] [ERROR] [1782973709.780419966] [tf_help]: Data time: 1782973709s 523361951ns, Transform time: 1782973567s 101654000ns
[controller_server-4] [ERROR] [1782973709.830577137] [tf_help]: Transform data too old when converting from map to odom
[controller_server-4] [ERROR] [1782973709.830655137] [tf_help]: Data time: 1782973709s 523361951ns, Transform time: 1782973567s 101654000ns
[controller_server-4] [ERROR] [1782973709.881199683] [tf_help]: Transform data too old when converting from map to odom
[controller_server-4] [ERROR] [1782973709.881279933] [tf_help]: Data time: 1782973709s 523361951ns, Transform time: 1782973567s 101654000ns
[controller_server-4] [ERROR] [1782973709.930036315] [tf_help]: Transform data too old when converting from map to odom
[controller_server-4] [ERROR] [1782973709.930116898] [tf_help]: Data time: 1782973709s 523361951ns, Transform time: 1782973567s 101654000ns
[controller_server-4] [ERROR] [1782973709.982984649] [tf_help]: Transform data too old when converting from map to odom
[controller_server-4] [ERROR] [1782973709.983070857] [tf_help]: Data time: 1782973709s 523361951ns, Transform time: 1782973567s 101654000ns
[controller_server-4] [ERROR] [1782973710.030980116] [tf_help]: Transform data too old when converting from map to odom
[controller_server-4] [ERROR] [1782973710.031087282] [tf_help]: Data time: 1782973709s 523361951ns, Transform time: 1782973567s 101654000ns
[controller_server-4] [ERROR] [1782973710.081844953] [tf_help]: Transform data too old when converting from map to odom
[controller_server-4] [ERROR] [1782973710.081926495] [tf_help]: Data time: 1782973709s 523361951ns, Transform time: 1782973567s 101654000ns
[controller_server-4] [ERROR] [1782973710.131005793] [tf_help]: Transform data too old when converting from map to odom
[controller_server-4] [ERROR] [1782973710.131082459] [tf_help]: Data time: 1782973709s 523361951ns, Transform time: 1782973567s 101654000ns
[controller_server-4] [ERROR] [1782973710.181544797] [tf_help]: Transform data too old when converting from map to odom
[controller_server-4] [ERROR] [1782973710.181627672] [tf_help]: Data time: 1782973709s 523361951ns, Transform time: 1782973567s 101654000ns
[controller_server-4] [ERROR] [1782973710.230067388] [tf_help]: Transform data too old when converting from map to odom
[controller_server-4] [ERROR] [1782973710.230150763] [tf_help]: Data time: 1782973709s 523361951ns, Transform time: 1782973567s 101654000ns
[controller_server-4] [ERROR] [1782973710.281910432] [tf_help]: Transform data too old when converting from map to odom
[controller_server-4] [ERROR] [1782973710.281995224] [tf_help]: Data time: 1782973709s 523361951ns, Transform time: 1782973567s 101654000ns
[controller_server-4] [ERROR] [1782973710.331171480] [tf_help]: Transform data too old when converting from map to odom
[controller_server-4] [ERROR] [1782973710.331246938] [tf_help]: Data time: 1782973709s 523361951ns, Transform time: 1782973567s 101654000ns
[controller_server-4] [ERROR] [1782973710.381559776] [tf_help]: Transform data too old when converting from map to odom
[controller_server-4] [ERROR] [1782973710.381639276] [tf_help]: Data time: 1782973709s 523361951ns, Transform time: 1782973567s 101654000ns
[controller_server-4] [ERROR] [1782973710.430766741] [tf_help]: Transform data too old when converting from map to odom
[controller_server-4] [ERROR] [1782973710.430849616] [tf_help]: Data time: 1782973709s 523361951ns, Transform time: 1782973567s 101654000ns
[controller_server-4] [ERROR] [1782973710.481373162] [tf_help]: Transform data too old when converting from map to odom
[controller_server-4] [ERROR] [1782973710.481456662] [tf_help]: Data time: 1782973709s 523361951ns, Transform time: 1782973567s 101654000ns
[controller_server-4] [ERROR] [1782973710.530882376] [tf_help]: Transform data too old when converting from map to odom
[controller_server-4] [ERROR] [1782973710.530963543] [tf_help]: Data time: 1782973709s 523361951ns, Transform time: 1782973567s 101654000ns
[controller_server-4] [ERROR] [1782973710.580523424] [tf_help]: Transform data too old when converting from map to odom
[controller_server-4] [ERROR] [1782973710.580606007] [tf_help]: Data time: 1782973709s 523361951ns, Transform time: 1782973567s 101654000ns
[controller_server-4] [INFO] [1782973710.616043243] [controller_server]: Passing new path to controller.
[controller_server-4] [ERROR] [1782973710.631382428] [tf_help]: Transform data too old when converting from map to odom
[controller_server-4] [ERROR] [1782973710.631466886] [tf_help]: Data time: 1782973710s 553285216ns, Transform time: 1782973567s 101654000ns
[controller_server-4] [ERROR] [1782973710.680785226] [tf_help]: Transform data too old when converting from map to odom
[controller_server-4] [ERROR] [1782973710.680868892] [tf_help]: Data time: 1782973710s 553285216ns, Transform time: 1782973567s 101654000ns
[controller_server-4] [ERROR] [1782973710.729957190] [tf_help]: Transform data too old when converting from map to odom
[controller_server-4] [ERROR] [1782973710.730037440] [tf_help]: Data time: 1782973710s 553285216ns, Transform time: 1782973567s 101654000ns
[controller_server-4] [ERROR] [1782973710.780311862] [tf_help]: Transform data too old when converting from map to odom
[controller_server-4] [ERROR] [1782973710.780393612] [tf_help]: Data time: 1782973710s 553285216ns, Transform time: 1782973567s 101654000ns
[controller_server-4] [ERROR] [1782973710.830935616] [tf_help]: Transform data too old when converting from map to odom
[controller_server-4] [ERROR] [1782973710.831019449] [tf_help]: Data time: 1782973710s 553285216ns, Transform time: 1782973567s 101654000ns
[controller_server-4] [ERROR] [1782973710.882050369] [tf_help]: Transform data too old when converting from map to odom
[controller_server-4] [ERROR] [1782973710.882135078] [tf_help]: Data time: 1782973710s 553285216ns, Transform time: 1782973567s 101654000ns
[controller_server-4] [ERROR] [1782973710.930002878] [tf_help]: Transform data too old when converting from map to odom
[controller_server-4] [ERROR] [1782973710.930083628] [tf_help]: Data time: 1782973710s 553285216ns, Transform time: 1782973567s 101654000ns
[controller_server-4] [ERROR] [1782973710.981604172] [tf_help]: Transform data too old when converting from map to odom
[controller_server-4] [ERROR] [1782973710.981682755] [tf_help]: Data time: 1782973710s 553285216ns, Transform time: 1782973567s 101654000ns
[controller_server-4] [ERROR] [1782973711.031045137] [tf_help]: Transform data too old when converting from map to odom
[controller_server-4] [ERROR] [1782973711.031143220] [tf_help]: Data time: 1782973710s 553285216ns, Transform time: 1782973567s 101654000ns
[controller_server-4] [ERROR] [1782973711.080862975] [tf_help]: Transform data too old when converting from map to odom
[controller_server-4] [ERROR] [1782973711.080950475] [tf_help]: Data time: 1782973710s 553285216ns, Transform time: 1782973567s 101654000ns
[controller_server-4] [ERROR] [1782973711.130172648] [tf_help]: Transform data too old when converting from map to odom
[controller_server-4] [ERROR] [1782973711.130254190] [tf_help]: Data time: 1782973710s 553285216ns, Transform time: 1782973567s 101654000ns
[controller_server-4] [ERROR] [1782973711.180194737] [tf_help]: Transform data too old when converting from map to odom
[controller_server-4] [ERROR] [1782973711.180279029] [tf_help]: Data time: 1782973710s 553285216ns, Transform time: 1782973567s 101654000ns
[controller_server-4] [ERROR] [1782973711.230199242] [tf_help]: Transform data too old when converting from map to odom
[controller_server-4] [ERROR] [1782973711.230281242] [tf_help]: Data time: 1782973710s 553285216ns, Transform time: 1782973567s 101654000ns
[controller_server-4] [ERROR] [1782973711.280102414] [tf_help]: Transform data too old when converting from map to odom
[controller_server-4] [ERROR] [1782973711.280184372] [tf_help]: Data time: 1782973710s 553285216ns, Transform time: 1782973567s 101654000ns
[controller_server-4] [ERROR] [1782973711.329978170] [tf_help]: Transform data too old when converting from map to odom
[controller_server-4] [ERROR] [1782973711.330058670] [tf_help]: Data time: 1782973710s 553285216ns, Transform time: 1782973567s 101654000ns
[controller_server-4] [ERROR] [1782973711.381874797] [tf_help]: Transform data too old when converting from map to odom
[controller_server-4] [ERROR] [1782973711.382101422] [tf_help]: Data time: 1782973710s 553285216ns, Transform time: 1782973567s 101654000ns
[controller_server-4] [ERROR] [1782973711.430054930] [tf_help]: Transform data too old when converting from map to odom
[controller_server-4] [ERROR] [1782973711.430137430] [tf_help]: Data time: 1782973710s 553285216ns, Transform time: 1782973567s 101654000ns
[controller_server-4] [ERROR] [1782973711.482559431] [tf_help]: Transform data too old when converting from map to odom
[controller_server-4] [ERROR] [1782973711.482640890] [tf_help]: Data time: 1782973710s 553285216ns, Transform time: 1782973567s 101654000ns
[controller_server-4] [ERROR] [1782973711.530011774] [tf_help]: Transform data too old when converting from map to odom
[controller_server-4] [ERROR] [1782973711.530096065] [tf_help]: Data time: 1782973710s 553285216ns, Transform time: 1782973567s 101654000ns
[controller_server-4] [ERROR] [1782973711.580556820] [tf_help]: Transform data too old when converting from map to odom
[controller_server-4] [ERROR] [1782973711.580639361] [tf_help]: Data time: 1782973710s 553285216ns, Transform time: 1782973567s 101654000ns
[controller_server-4] [INFO] [1782973711.616031890] [controller_server]: Passing new path to controller.
[controller_server-4] [ERROR] [1782973711.630710325] [tf_help]: Transform data too old when converting from map to odom
[controller_server-4] [ERROR] [1782973711.630795491] [tf_help]: Data time: 1782973711s 583393024ns, Transform time: 1782973567s 101654000ns
[controller_server-4] [ERROR] [1782973711.680234623] [tf_help]: Transform data too old when converting from map to odom
[controller_server-4] [ERROR] [1782973711.680316414] [tf_help]: Data time: 1782973711s 583393024ns, Transform time: 1782973567s 101654000ns
[controller_server-4] [ERROR] [1782973711.730538086] [tf_help]: Transform data too old when converting from map to odom
[controller_server-4] [ERROR] [1782973711.730616836] [tf_help]: Data time: 1782973711s 583393024ns, Transform time: 1782973567s 101654000ns
[controller_server-4] [ERROR] [1782973711.780238091] [tf_help]: Transform data too old when converting from map to odom
[controller_server-4] [ERROR] [1782973711.780319425] [tf_help]: Data time: 1782973711s 583393024ns, Transform time: 1782973567s 101654000ns
[controller_server-4] [ERROR] [1782973711.831057262] [tf_help]: Transform data too old when converting from map to odom
[controller_server-4] [ERROR] [1782973711.831141387] [tf_help]: Data time: 1782973711s 583393024ns, Transform time: 1782973567s 101654000ns
[controller_server-4] [ERROR] [1782973711.880951351] [tf_help]: Transform data too old when converting from map to odom
[controller_server-4] [ERROR] [1782973711.881030684] [tf_help]: Data time: 1782973711s 583393024ns, Transform time: 1782973567s 101654000ns
[controller_server-4] [ERROR] [1782973711.929967149] [tf_help]: Transform data too old when converting from map to odom
[controller_server-4] [ERROR] [1782973711.930045316] [tf_help]: Data time: 1782973711s 583393024ns, Transform time: 1782973567s 101654000ns
[controller_server-4] [ERROR] [1782973711.980278154] [tf_help]: Transform data too old when converting from map to odom
[controller_server-4] [ERROR] [1782973711.980357404] [tf_help]: Data time: 1782973711s 583393024ns, Transform time: 1782973567s 101654000ns
[controller_server-4] [ERROR] [1782973712.031308449] [tf_help]: Transform data too old when converting from map to odom
[controller_server-4] [ERROR] [1782973712.031395824] [tf_help]: Data time: 1782973711s 583393024ns, Transform time: 1782973567s 101654000ns
[controller_server-4] [ERROR] [1782973712.084037742] [tf_help]: Transform data too old when converting from map to odom
[controller_server-4] [ERROR] [1782973712.087263320] [tf_help]: Data time: 1782973711s 583393024ns, Transform time: 1782973567s 101654000ns
[controller_server-4] [ERROR] [1782973712.131114668] [tf_help]: Transform data too old when converting from map to odom
[controller_server-4] [ERROR] [1782973712.131198252] [tf_help]: Data time: 1782973711s 583393024ns, Transform time: 1782973567s 101654000ns
[controller_server-4] [ERROR] [1782973712.180862216] [tf_help]: Transform data too old when converting from map to odom
[controller_server-4] [ERROR] [1782973712.180944632] [tf_help]: Data time: 1782973711s 583393024ns, Transform time: 1782973567s 101654000ns
[controller_server-4] [ERROR] [1782973712.232247677] [tf_help]: Transform data too old when converting from map to odom
[controller_server-4] [ERROR] [1782973712.232329719] [tf_help]: Data time: 1782973711s 583393024ns, Transform time: 1782973567s 101654000ns
[controller_server-4] [ERROR] [1782973712.281891766] [tf_help]: Transform data too old when converting from map to odom
[controller_server-4] [ERROR] [1782973712.281979099] [tf_help]: Data time: 1782973711s 583393024ns, Transform time: 1782973567s 101654000ns
[controller_server-4] [ERROR] [1782973712.331730897] [tf_help]: Transform data too old when converting from map to odom
[controller_server-4] [ERROR] [1782973712.331808813] [tf_help]: Data time: 1782973711s 583393024ns, Transform time: 1782973567s 101654000ns
[controller_server-4] [ERROR] [1782973712.382159526] [tf_help]: Transform data too old when converting from map to odom
[controller_server-4] [ERROR] [1782973712.382241276] [tf_help]: Data time: 1782973711s 583393024ns, Transform time: 1782973567s 101654000ns
[controller_server-4] [ERROR] [1782973712.430203993] [tf_help]: Transform data too old when converting from map to odom
[controller_server-4] [ERROR] [1782973712.430287659] [tf_help]: Data time: 1782973711s 583393024ns, Transform time: 1782973567s 101654000ns
[controller_server-4] [ERROR] [1782973712.481373871] [tf_help]: Transform data too old when converting from map to odom
[controller_server-4] [ERROR] [1782973712.481453663] [tf_help]: Data time: 1782973711s 583393024ns, Transform time: 1782973567s 101654000ns
[controller_server-4] [ERROR] [1782973712.530129295] [tf_help]: Transform data too old when converting from map to odom
[controller_server-4] [ERROR] [1782973712.530213295] [tf_help]: Data time: 1782973711s 583393024ns, Transform time: 1782973567s 101654000ns
[controller_server-4] [ERROR] [1782973712.581621923] [tf_help]: Transform data too old when converting from map to odom
[controller_server-4] [ERROR] [1782973712.581702840] [tf_help]: Data time: 1782973711s 583393024ns, Transform time: 1782973567s 101654000ns
[controller_server-4] [ERROR] [1782973712.631477179] [tf_help]: Transform data too old when converting from map to odom
[controller_server-4] [ERROR] [1782973712.631555803] [tf_help]: Data time: 1782973711s 583393024ns, Transform time: 1782973567s 101654000ns
[controller_server-4] [INFO] [1782973712.666063916] [controller_server]: Passing new path to controller.
[controller_server-4] [ERROR] [1782973712.681841100] [tf_help]: Transform data too old when converting from map to odom
[controller_server-4] [ERROR] [1782973712.681936558] [tf_help]: Data time: 1782973712s 613327207ns, Transform time: 1782973567s 101654000ns
[controller_server-4] [ERROR] [1782973712.730523024] [tf_help]: Transform data too old when converting from map to odom
[controller_server-4] [ERROR] [1782973712.730603149] [tf_help]: Data time: 1782973712s 613327207ns, Transform time: 1782973567s 101654000ns
[controller_server-4] [ERROR] [1782973712.780415529] [tf_help]: Transform data too old when converting from map to odom
[controller_server-4] [ERROR] [1782973712.780497363] [tf_help]: Data time: 1782973712s 613327207ns, Transform time: 1782973567s 101654000ns
[controller_server-4] [ERROR] [1782973712.831275617] [tf_help]: Transform data too old when converting from map to odom
[controller_server-4] [ERROR] [1782973712.831357241] [tf_help]: Data time: 1782973712s 613327207ns, Transform time: 1782973567s 101654000ns
[controller_server-4] [ERROR] [1782973712.880265207] [tf_help]: Transform data too old when converting from map to odom
[controller_server-4] [ERROR] [1782973712.880350582] [tf_help]: Data time: 1782973712s 613327207ns, Transform time: 1782973567s 101654000ns
[controller_server-4] [ERROR] [1782973712.929951421] [tf_help]: Transform data too old when converting from map to odom
[controller_server-4] [ERROR] [1782973712.930032004] [tf_help]: Data time: 1782973712s 613327207ns, Transform time: 1782973567s 101654000ns
[controller_server-4] [ERROR] [1782973712.983306754] [tf_help]: Transform data too old when converting from map to odom
[controller_server-4] [ERROR] [1782973712.983386754] [tf_help]: Data time: 1782973712s 613327207ns, Transform time: 1782973567s 101654000ns
[controller_server-4] [ERROR] [1782973713.031745012] [tf_help]: Transform data too old when converting from map to odom
[controller_server-4] [ERROR] [1782973713.031847845] [tf_help]: Data time: 1782973712s 613327207ns, Transform time: 1782973567s 101654000ns
[controller_server-4] [ERROR] [1782973713.080268811] [tf_help]: Transform data too old when converting from map to odom
[controller_server-4] [ERROR] [1782973713.080350353] [tf_help]: Data time: 1782973712s 613327207ns, Transform time: 1782973567s 101654000ns
[controller_server-4] [ERROR] [1782973713.130068567] [tf_help]: Transform data too old when converting from map to odom
[controller_server-4] [ERROR] [1782973713.130152025] [tf_help]: Data time: 1782973712s 613327207ns, Transform time: 1782973567s 101654000ns
[controller_server-4] [ERROR] [1782973713.180445696] [tf_help]: Transform data too old when converting from map to odom
[controller_server-4] [ERROR] [1782973713.180531821] [tf_help]: Data time: 1782973712s 613327207ns, Transform time: 1782973567s 101654000ns
[controller_server-4] [ERROR] [1782973713.231862491] [tf_help]: Transform data too old when converting from map to odom
[controller_server-4] [ERROR] [1782973713.232085657] [tf_help]: Data time: 1782973712s 613327207ns, Transform time: 1782973567s 101654000ns
[controller_server-4] [ERROR] [1782973713.280561207] [tf_help]: Transform data too old when converting from map to odom
[controller_server-4] [ERROR] [1782973713.280643207] [tf_help]: Data time: 1782973712s 613327207ns, Transform time: 1782973567s 101654000ns
[controller_server-4] [ERROR] [1782973713.330557545] [tf_help]: Transform data too old when converting from map to odom
[controller_server-4] [ERROR] [1782973713.330634795] [tf_help]: Data time: 1782973712s 613327207ns, Transform time: 1782973567s 101654000ns
[controller_server-4] [ERROR] [1782973713.380227426] [tf_help]: Transform data too old when converting from map to odom
[controller_server-4] [ERROR] [1782973713.380308634] [tf_help]: Data time: 1782973712s 613327207ns, Transform time: 1782973567s 101654000ns
[controller_server-4] [ERROR] [1782973713.430015807] [tf_help]: Transform data too old when converting from map to odom
[controller_server-4] [ERROR] [1782973713.430096307] [tf_help]: Data time: 1782973712s 613327207ns, Transform time: 1782973567s 101654000ns
[controller_server-4] [ERROR] [1782973713.481496393] [tf_help]: Transform data too old when converting from map to odom
[controller_server-4] [ERROR] [1782973713.481575893] [tf_help]: Data time: 1782973712s 613327207ns, Transform time: 1782973567s 101654000ns
[controller_server-4] [ERROR] [1782973713.530572441] [tf_help]: Transform data too old when converting from map to odom
[controller_server-4] [ERROR] [1782973713.530650816] [tf_help]: Data time: 1782973712s 613327207ns, Transform time: 1782973567s 101654000ns
[controller_server-4] [ERROR] [1782973713.580184239] [tf_help]: Transform data too old when converting from map to odom
[controller_server-4] [ERROR] [1782973713.580264030] [tf_help]: Data time: 1782973712s 613327207ns, Transform time: 1782973567s 101654000ns
[controller_server-4] [ERROR] [1782973713.631697617] [tf_help]: Transform data too old when converting from map to odom
[controller_server-4] [ERROR] [1782973713.631776783] [tf_help]: Data time: 1782973712s 613327207ns, Transform time: 1782973567s 101654000ns
[controller_server-4] [INFO] [1782973713.666052813] [controller_server]: Passing new path to controller.
[controller_server-4] [ERROR] [1782973713.681849788] [tf_help]: Transform data too old when converting from map to odom
[controller_server-4] [ERROR] [1782973713.681932122] [tf_help]: Data time: 1782973713s 643296890ns, Transform time: 1782973567s 101654000ns
[controller_server-4] [ERROR] [1782973713.730088880] [tf_help]: Transform data too old when converting from map to odom
[controller_server-4] [ERROR] [1782973713.730166005] [tf_help]: Data time: 1782973713s 643296890ns, Transform time: 1782973567s 101654000ns
[controller_server-4] [ERROR] [1782973713.780689676] [tf_help]: Transform data too old when converting from map to odom
[controller_server-4] [ERROR] [1782973713.780765676] [tf_help]: Data time: 1782973713s 643296890ns, Transform time: 1782973567s 101654000ns
[controller_server-4] [ERROR] [1782973713.831038514] [tf_help]: Transform data too old when converting from map to odom
[controller_server-4] [ERROR] [1782973713.831122222] [tf_help]: Data time: 1782973713s 643296890ns, Transform time: 1782973567s 101654000ns
[controller_server-4] [ERROR] [1782973713.880242687] [tf_help]: Transform data too old when converting from map to odom
[controller_server-4] [ERROR] [1782973713.880323270] [tf_help]: Data time: 1782973713s 643296890ns, Transform time: 1782973567s 101654000ns
[controller_server-4] [ERROR] [1782973713.930934691] [tf_help]: Transform data too old when converting from map to odom
[controller_server-4] [ERROR] [1782973713.931016858] [tf_help]: Data time: 1782973713s 643296890ns, Transform time: 1782973567s 101654000ns
[controller_server-4] [ERROR] [1782973713.980326614] [tf_help]: Transform data too old when converting from map to odom
[controller_server-4] [ERROR] [1782973713.980414031] [tf_help]: Data time: 1782973713s 643296890ns, Transform time: 1782973567s 101654000ns
[controller_server-4] [ERROR] [1782973714.030622577] [tf_help]: Transform data too old when converting from map to odom
[controller_server-4] [ERROR] [1782973714.030720827] [tf_help]: Data time: 1782973713s 643296890ns, Transform time: 1782973567s 101654000ns
[controller_server-4] [ERROR] [1782973714.080130500] [tf_help]: Transform data too old when converting from map to odom
[controller_server-4] [ERROR] [1782973714.080210166] [tf_help]: Data time: 1782973713s 643296890ns, Transform time: 1782973567s 101654000ns
[controller_server-4] [ERROR] [1782973714.131384503] [tf_help]: Transform data too old when converting from map to odom
[controller_server-4] [ERROR] [1782973714.131465753] [tf_help]: Data time: 1782973713s 643296890ns, Transform time: 1782973567s 101654000ns
[controller_server-4] [ERROR] [1782973714.180536552] [tf_help]: Transform data too old when converting from map to odom
[controller_server-4] [ERROR] [1782973714.180619676] [tf_help]: Data time: 1782973713s 643296890ns, Transform time: 1782973567s 101654000ns
[controller_server-4] [ERROR] [1782973714.230783890] [tf_help]: Transform data too old when converting from map to odom
[controller_server-4] [ERROR] [1782973714.230863723] [tf_help]: Data time: 1782973713s 643296890ns, Transform time: 1782973567s 101654000ns
[controller_server-4] [ERROR] [1782973714.280235021] [tf_help]: Transform data too old when converting from map to odom
[controller_server-4] [ERROR] [1782973714.280322729] [tf_help]: Data time: 1782973713s 643296890ns, Transform time: 1782973567s 101654000ns
[controller_server-4] [ERROR] [1782973714.330207068] [tf_help]: Transform data too old when converting from map to odom
[controller_server-4] [ERROR] [1782973714.330289193] [tf_help]: Data time: 1782973713s 643296890ns, Transform time: 1782973567s 101654000ns
[controller_server-4] [ERROR] [1782973714.380257781] [tf_help]: Transform data too old when converting from map to odom
[controller_server-4] [ERROR] [1782973714.380341698] [tf_help]: Data time: 1782973713s 643296890ns, Transform time: 1782973567s 101654000ns
[controller_server-4] [ERROR] [1782973714.431051660] [tf_help]: Transform data too old when converting from map to odom
[controller_server-4] [ERROR] [1782973714.431139827] [tf_help]: Data time: 1782973713s 643296890ns, Transform time: 1782973567s 101654000ns
[controller_server-4] [ERROR] [1782973714.481639457] [tf_help]: Transform data too old when converting from map to odom
[controller_server-4] [ERROR] [1782973714.481724373] [tf_help]: Data time: 1782973713s 643296890ns, Transform time: 1782973567s 101654000ns
[controller_server-4] [ERROR] [1782973714.530963046] [tf_help]: Transform data too old when converting from map to odom
[controller_server-4] [ERROR] [1782973714.531043713] [tf_help]: Data time: 1782973713s 643296890ns, Transform time: 1782973567s 101654000ns
[controller_server-4] [ERROR] [1782973714.581595050] [tf_help]: Transform data too old when converting from map to odom
[controller_server-4] [ERROR] [1782973714.581677675] [tf_help]: Data time: 1782973713s 643296890ns, Transform time: 1782973567s 101654000ns
[controller_server-4] [ERROR] [1782973714.630561182] [tf_help]: Transform data too old when converting from map to odom
[controller_server-4] [ERROR] [1782973714.630640599] [tf_help]: Data time: 1782973713s 643296890ns, Transform time: 1782973567s 101654000ns
[controller_server-4] [ERROR] [1782973714.680542688] [tf_help]: Transform data too old when converting from map to odom
[controller_server-4] [ERROR] [1782973714.680625771] [tf_help]: Data time: 1782973713s 643296890ns, Transform time: 1782973567s 101654000ns
[controller_server-4] [INFO] [1782973714.716038507] [controller_server]: Passing new path to controller.
[controller_server-4] [ERROR] [1782973714.731227984] [tf_help]: Transform data too old when converting from map to odom
[controller_server-4] [ERROR] [1782973714.731312233] [tf_help]: Data time: 1782973714s 673332824ns, Transform time: 1782973567s 101654000ns
[controller_server-4] [ERROR] [1782973714.780191990] [tf_help]: Transform data too old when converting from map to odom
[controller_server-4] [ERROR] [1782973714.780274699] [tf_help]: Data time: 1782973714s 673332824ns, Transform time: 1782973567s 101654000ns
[controller_server-4] [ERROR] [1782973714.830321037] [tf_help]: Transform data too old when converting from map to odom
[controller_server-4] [ERROR] [1782973714.830400370] [tf_help]: Data time: 1782973714s 673332824ns, Transform time: 1782973567s 101654000ns
[controller_server-4] [ERROR] [1782973714.880169126] [tf_help]: Transform data too old when converting from map to odom
[controller_server-4] [ERROR] [1782973714.880256584] [tf_help]: Data time: 1782973714s 673332824ns, Transform time: 1782973567s 101654000ns
[controller_server-4] [ERROR] [1782973714.929898423] [tf_help]: Transform data too old when converting from map to odom
[controller_server-4] [ERROR] [1782973714.929976132] [tf_help]: Data time: 1782973714s 673332824ns, Transform time: 1782973567s 101654000ns
[controller_server-4] [ERROR] [1782973714.980442095] [tf_help]: Transform data too old when converting from map to odom
[controller_server-4] [ERROR] [1782973714.980528803] [tf_help]: Data time: 1782973714s 673332824ns, Transform time: 1782973567s 101654000ns
[controller_server-4] [ERROR] [1782973715.031106057] [tf_help]: Transform data too old when converting from map to odom
[controller_server-4] [ERROR] [1782973715.031206807] [tf_help]: Data time: 1782973714s 673332824ns, Transform time: 1782973567s 101654000ns
[controller_server-4] [ERROR] [1782973715.080306772] [tf_help]: Transform data too old when converting from map to odom
[controller_server-4] [ERROR] [1782973715.080387564] [tf_help]: Data time: 1782973714s 673332824ns, Transform time: 1782973567s 101654000ns
[controller_server-4] [ERROR] [1782973715.130140111] [tf_help]: Transform data too old when converting from map to odom
[controller_server-4] [ERROR] [1782973715.130219236] [tf_help]: Data time: 1782973714s 673332824ns, Transform time: 1782973567s 101654000ns
[controller_server-4] [ERROR] [1782973715.180340699] [tf_help]: Transform data too old when converting from map to odom
[controller_server-4] [ERROR] [1782973715.180423366] [tf_help]: Data time: 1782973714s 673332824ns, Transform time: 1782973567s 101654000ns
[controller_server-4] [ERROR] [1782973715.231429078] [tf_help]: Transform data too old when converting from map to odom
[controller_server-4] [ERROR] [1782973715.231506619] [tf_help]: Data time: 1782973714s 673332824ns, Transform time: 1782973567s 101654000ns
[controller_server-4] [ERROR] [1782973715.280395335] [tf_help]: Transform data too old when converting from map to odom
[controller_server-4] [ERROR] [1782973715.280478001] [tf_help]: Data time: 1782973714s 673332824ns, Transform time: 1782973567s 101654000ns
[controller_server-4] [ERROR] [1782973715.330114924] [tf_help]: Transform data too old when converting from map to odom
[controller_server-4] [ERROR] [1782973715.330199799] [tf_help]: Data time: 1782973714s 673332824ns, Transform time: 1782973567s 101654000ns
[controller_server-4] [ERROR] [1782973715.380352970] [tf_help]: Transform data too old when converting from map to odom
[controller_server-4] [ERROR] [1782973715.380430054] [tf_help]: Data time: 1782973714s 673332824ns, Transform time: 1782973567s 101654000ns
[controller_server-4] [ERROR] [1782973715.430972641] [tf_help]: Transform data too old when converting from map to odom
[controller_server-4] [ERROR] [1782973715.431054766] [tf_help]: Data time: 1782973714s 673332824ns, Transform time: 1782973567s 101654000ns
[controller_server-4] [ERROR] [1782973715.480488772] [tf_help]: Transform data too old when converting from map to odom
[controller_server-4] [ERROR] [1782973715.480569272] [tf_help]: Data time: 1782973714s 673332824ns, Transform time: 1782973567s 101654000ns
[controller_server-4] [ERROR] [1782973715.530267611] [tf_help]: Transform data too old when converting from map to odom
[controller_server-4] [ERROR] [1782973715.530345736] [tf_help]: Data time: 1782973714s 673332824ns, Transform time: 1782973567s 101654000ns
[controller_server-4] [ERROR] [1782973715.581266282] [tf_help]: Transform data too old when converting from map to odom
[controller_server-4] [ERROR] [1782973715.581346198] [tf_help]: Data time: 1782973714s 673332824ns, Transform time: 1782973567s 101654000ns
[controller_server-4] [ERROR] [1782973715.630021539] [tf_help]: Transform data too old when converting from map to odom
[controller_server-4] [ERROR] [1782973715.630102581] [tf_help]: Data time: 1782973714s 673332824ns, Transform time: 1782973567s 101654000ns
[controller_server-4] [ERROR] [1782973715.680385544] [tf_help]: Transform data too old when converting from map to odom
[controller_server-4] [ERROR] [1782973715.680469835] [tf_help]: Data time: 1782973714s 673332824ns, Transform time: 1782973567s 101654000ns
[bt_navigator-8] [INFO] [1782973715.729555092] [rclcpp]: signal_handler(signum=2)
[bt_navigator-8] [INFO] [1782973715.729869467] [bt_navigator]: Running Nav2 LifecycleNode rcl preshutdown (bt_navigator)
[bt_navigator-8] [INFO] [1782973715.730133966] [bt_navigator]: Deactivating
[bt_navigator-8] [WARN] [1782973715.730209883] [bt_navigator]: [navigate_to_pose] [ActionServer] Requested to deactivate server but goal is still executing. Should check if action server is running before deactivating.
[lifecycle_manager-11] [INFO] [1782973715.729542842] [rclcpp]: signal_handler(signum=2)
[velocity_smoother-10] [INFO] [1782973715.729542675] [rclcpp]: signal_handler(signum=2)
[velocity_smoother-10] [INFO] [1782973715.729876758] [velocity_smoother]: Running Nav2 LifecycleNode rcl preshutdown (velocity_smoother)
[velocity_smoother-10] [INFO] [1782973715.730133966] [velocity_smoother]: Deactivating
[velocity_smoother-10] [INFO] [1782973715.730235591] [velocity_smoother]: Destroying bond (velocity_smoother) to lifecycle manager.
[waypoint_follower-9] [INFO] [1782973715.729542217] [rclcpp]: signal_handler(signum=2)
[planner_server-6] [INFO] [1782973715.729687425] [rclcpp]: signal_handler(signum=2)
[planner_server-6] [INFO] [1782973715.730403757] [planner_server]: Running Nav2 LifecycleNode rcl preshutdown (planner_server)
[planner_server-6] [INFO] [1782973715.730611257] [planner_server]: Deactivating
[map_server-1] [INFO] [1782973715.729738300] [rclcpp]: signal_handler(signum=2)
[behavior_server-7] [INFO] [1782973715.729875758] [rclcpp]: signal_handler(signum=2)
[behavior_server-7] [INFO] [1782973715.730139425] [behavior_server]: Running Nav2 LifecycleNode rcl preshutdown (behavior_server)
[behavior_server-7] [INFO] [1782973715.730372424] [behavior_server]: Deactivating
[behavior_server-7] [INFO] [1782973715.730476591] [behavior_server]: Destroying bond (behavior_server) to lifecycle manager.
[controller_server-4] [INFO] [1782973715.730150883] [rclcpp]: signal_handler(signum=2)
[controller_server-4] [INFO] [1782973715.730399382] [controller_server]: Running Nav2 LifecycleNode rcl preshutdown (controller_server)
[controller_server-4] [INFO] [1782973715.730591757] [controller_server]: Deactivating
[controller_server-4] [WARN] [1782973715.730660632] [controller_server]: [follow_path] [ActionServer] Requested to deactivate server but goal is still executing. Should check if action server is running before deactivating.
[planner_server-6] [INFO] [1782973715.730745382] [global_costmap.global_costmap]: Deactivating
[lifecycle_manager-3] [INFO] [1782973715.730899715] [rclcpp]: signal_handler(signum=2)
[lifecycle_manager-3] [INFO] [1782973715.731205423] [lifecycle_manager_localization]: Running Nav2 LifecycleManager rcl preshutdown (lifecycle_manager_localization)
[lifecycle_manager-3] [INFO] [1782973715.731349631] [lifecycle_manager_localization]: [34m[1mTerminating bond timer...[0m[0m
[smoother_server-5] [INFO] [1782973715.731163506] [rclcpp]: signal_handler(signum=2)
[smoother_server-5] [INFO] [1782973715.731977505] [smoother_server]: Running Nav2 LifecycleNode rcl preshutdown (smoother_server)
[smoother_server-5] [INFO] [1782973715.732223671] [smoother_server]: Deactivating
[smoother_server-5] [INFO] [1782973715.732310838] [smoother_server]: Destroying bond (smoother_server) to lifecycle manager.
[map_server-1] [INFO] [1782973715.731208423] [map_server]: Running Nav2 LifecycleNode rcl preshutdown (map_server)
[map_server-1] [INFO] [1782973715.731477589] [map_server]: Deactivating
[map_server-1] [INFO] [1782973715.731556297] [map_server]: Destroying bond (map_server) to lifecycle manager.
[waypoint_follower-9] [INFO] [1782973715.731383381] [waypoint_follower]: Running Nav2 LifecycleNode rcl preshutdown (waypoint_follower)
[waypoint_follower-9] [INFO] [1782973715.731602714] [waypoint_follower]: Deactivating
[waypoint_follower-9] [INFO] [1782973715.731680839] [waypoint_follower]: Destroying bond (waypoint_follower) to lifecycle manager.
[lifecycle_manager-11] [INFO] [1782973715.731976713] [lifecycle_manager_navigation]: Running Nav2 LifecycleManager rcl preshutdown (lifecycle_manager_navigation)
[lifecycle_manager-11] [INFO] [1782973715.732114005] [lifecycle_manager_navigation]: [34m[1mTerminating bond timer...[0m[0m
[controller_server-4] [ERROR] [1782973715.734644584] [tf_help]: Transform data too old when converting from map to odom
[controller_server-4] [ERROR] [1782973715.734732792] [tf_help]: Data time: 1782973714s 673332824ns, Transform time: 1782973567s 101654000ns
[behavior_server-7] [INFO] [1782973715.741196199] [behavior_server]: Cleaning up
[velocity_smoother-10] [INFO] [1782973715.741196032] [velocity_smoother]: Cleaning up
[velocity_smoother-10] [INFO] [1782973715.741384949] [velocity_smoother]: Destroying bond (velocity_smoother) to lifecycle manager.
[smoother_server-5] [INFO] [1782973715.744178736] [smoother_server]: Cleaning up
[waypoint_follower-9] [INFO] [1782973715.744757027] [waypoint_follower]: Cleaning up
[map_server-1] [INFO] [1782973715.745321276] [map_server]: Cleaning up
[map_server-1] [INFO] [1782973715.745522276] [map_server]: Destroying bond (map_server) to lifecycle manager.
[amcl-2] [INFO] [1782973715.746190608] [rclcpp]: signal_handler(signum=2)
[amcl-2] [INFO] [1782973715.746664357] [amcl]: Running Nav2 LifecycleNode rcl preshutdown (amcl)
[amcl-2] [INFO] [1782973715.746909232] [amcl]: Deactivating
[amcl-2] [INFO] [1782973715.747009982] [amcl]: Destroying bond (amcl) to lifecycle manager.
[controller_server-4] [WARN] [1782973715.774187231] [controller_server]: [follow_path] [ActionServer] Stopping the thread per request.
[controller_server-4] [WARN] [1782973715.775663020] [controller_server]: [follow_path] [ActionServer] Aborting handle.
[amcl-2] [INFO] [1782973715.775419771] [amcl]: Cleaning up
[controller_server-4] [INFO] [1782973715.777153018] [controller_server]: [follow_path] [ActionServer] Client requested to cancel the goal. Cancelling.
[velocity_smoother-10] [INFO] [1782973715.789672123] [velocity_smoother]: Destroying
[controller_server-4] [INFO] [1782973715.789834373] [local_costmap.local_costmap]: Deactivating
[map_server-1] [INFO] [1782973715.799684066] [map_server]: Destroying
[bt_navigator-8] [INFO] [1782973715.804857058] [bt_navigator]: [navigate_to_pose] [ActionServer] Client requested to cancel the goal. Cancelling.
[bt_navigator-8] [INFO] [1782973715.807648095] [bt_navigator]: Goal canceled
[bt_navigator-8] [WARN] [1782973715.807802678] [bt_navigator]: [navigate_to_pose] [ActionServer] Stopping the thread per request.
[bt_navigator-8] [INFO] [1782973715.817784579] [bt_navigator]: Destroying bond (bt_navigator) to lifecycle manager.
[waypoint_follower-9] [INFO] [1782973715.832655723] [waypoint_follower]: Destroying bond (waypoint_follower) to lifecycle manager.
[lifecycle_manager-3] [INFO] [1782973715.835088677] [lifecycle_manager_localization]: Destroying lifecycle_manager_localization
[bt_navigator-8] [INFO] [1782973715.839293879] [bt_navigator]: Cleaning up
[behavior_server-7] [INFO] [1782973715.853280607] [behavior_server]: Destroying bond (behavior_server) to lifecycle manager.
[smoother_server-5] [INFO] [1782973715.875909864] [smoother_server]: Destroying bond (smoother_server) to lifecycle manager.
[amcl-2] [INFO] [1782973715.887296263] [amcl]: Destroying bond (amcl) to lifecycle manager.
[smoother_server-5] [INFO] [1782973715.898902828] [smoother_server]: Destroying
[controller_server-4] [INFO] [1782973715.904658819] [controller_server]: Destroying bond (controller_server) to lifecycle manager.
[waypoint_follower-9] [INFO] [1782973715.904861527] [waypoint_follower]: Destroying
[amcl-2] [INFO] [1782973715.907472398] [amcl]: Destroying
[controller_server-4] [INFO] [1782973715.915743968] [controller_server]: Cleaning up
[controller_server-4] [INFO] [1782973715.916651342] [local_costmap.local_costmap]: Cleaning up
[behavior_server-7] [INFO] [1782973716.108355959] [behavior_server]: Destroying
[lifecycle_manager-11] [INFO] [1782973716.115250824] [lifecycle_manager_navigation]: Destroying lifecycle_manager_navigation
[controller_server-4] [INFO] [1782973716.117088029] [controller_server]: Destroying bond (controller_server) to lifecycle manager.
[controller_server-4] [INFO] [1782973716.129983301] [local_costmap.local_costmap]: Destroying
[INFO] [velocity_smoother-10]: process has finished cleanly [pid 79470]
[INFO] [lifecycle_manager-3]: process has finished cleanly [pid 79448]
[INFO] [map_server-1]: process has finished cleanly [pid 79444]
[controller_server-4] [INFO] [1782973716.179399682] [controller_server]: Destroying
[INFO] [smoother_server-5]: process has finished cleanly [pid 79452]
[INFO] [waypoint_follower-9]: process has finished cleanly [pid 79460]
[INFO] [amcl-2]: process has finished cleanly [pid 79446]
[planner_server-6] [INFO] [1782973716.291502882] [planner_server]: Deactivating plugin GridBased of type NavfnPlanner
[INFO] [lifecycle_manager-11]: process has finished cleanly [pid 79472]
[INFO] [behavior_server-7]: process has finished cleanly [pid 79456]
[planner_server-6] [INFO] [1782973716.291677882] [planner_server]: Destroying bond (planner_server) to lifecycle manager.
[planner_server-6] [INFO] [1782973716.302100990] [planner_server]: Cleaning up
[bt_navigator-8] [INFO] [1782973716.304096321] [bt_navigator]: Completed Cleaning up
[bt_navigator-8] [INFO] [1782973716.304320070] [bt_navigator]: Destroying bond (bt_navigator) to lifecycle manager.
[planner_server-6] [INFO] [1782973716.324403289] [global_costmap.global_costmap]: Cleaning up
[bt_navigator-8] [INFO] [1782973716.326338536] [bt_navigator]: Destroying
[planner_server-6] [INFO] [1782973716.335336855] [planner_server]: Cleaning up plugin GridBased of type NavfnPlanner
[planner_server-6] [INFO] [1782973716.336342937] [planner_server]: Destroying plugin GridBased of type NavfnPlanner
[INFO] [controller_server-4]: process has finished cleanly [pid 79450]
[planner_server-6] [INFO] [1782973716.357578362] [planner_server]: Destroying bond (planner_server) to lifecycle manager.
[planner_server-6] [INFO] [1782973716.366665306] [global_costmap.global_costmap]: Destroying
[planner_server-6] [INFO] [1782973716.384184821] [planner_server]: Destroying
[INFO] [bt_navigator-8]: process has finished cleanly [pid 79458]
[INFO] [planner_server-6]: process has finished cleanly [pid 79454]
