[INFO] [launch]: All log files can be found below /root/.ros/log/2026-07-03-16-31-50-931429-ubuntu-119938
[INFO] [launch]: Default logging verbosity is set to INFO
[INFO] [map_server-1]: process started with pid [119968]
[INFO] [amcl-2]: process started with pid [119970]
[INFO] [lifecycle_manager-3]: process started with pid [119972]
[INFO] [controller_server-4]: process started with pid [119974]
[INFO] [smoother_server-5]: process started with pid [119976]
[INFO] [planner_server-6]: process started with pid [119978]
[INFO] [behavior_server-7]: process started with pid [119980]
[INFO] [bt_navigator-8]: process started with pid [119991]
[INFO] [waypoint_follower-9]: process started with pid [120012]
[INFO] [velocity_smoother-10]: process started with pid [120019]
[INFO] [lifecycle_manager-11]: process started with pid [120030]
[lifecycle_manager-3] [INFO] [1783067513.431903558] [lifecycle_manager_localization]: Creating
[lifecycle_manager-3] [INFO] [1783067513.484507333] [lifecycle_manager_localization]: [34m[1mCreating and initializing lifecycle service clients[0m[0m
[amcl-2] [INFO] [1783067513.637781993] [amcl]: 
[amcl-2] 	amcl lifecycle node launched. 
[amcl-2] 	Waiting on external lifecycle transitions to activate
[amcl-2] 	See https://design.ros2.org/articles/node_lifecycle.html for more information.
[amcl-2] [INFO] [1783067513.639937075] [amcl]: Creating
[controller_server-4] [INFO] [1783067513.890616538] [controller_server]: 
[controller_server-4] 	controller_server lifecycle node launched. 
[controller_server-4] 	Waiting on external lifecycle transitions to activate
[controller_server-4] 	See https://design.ros2.org/articles/node_lifecycle.html for more information.
[planner_server-6] [INFO] [1783067513.990345131] [planner_server]: 
[planner_server-6] 	planner_server lifecycle node launched. 
[planner_server-6] 	Waiting on external lifecycle transitions to activate
[planner_server-6] 	See https://design.ros2.org/articles/node_lifecycle.html for more information.
[controller_server-4] [INFO] [1783067514.023806871] [controller_server]: Creating controller server
[planner_server-6] [INFO] [1783067514.028590494] [planner_server]: Creating
[map_server-1] [INFO] [1783067514.064560525] [map_server]: 
[map_server-1] 	map_server lifecycle node launched. 
[map_server-1] 	Waiting on external lifecycle transitions to activate
[map_server-1] 	See https://design.ros2.org/articles/node_lifecycle.html for more information.
[map_server-1] [INFO] [1783067514.069929773] [map_server]: Creating
[smoother_server-5] [INFO] [1783067514.126610630] [smoother_server]: 
[smoother_server-5] 	smoother_server lifecycle node launched. 
[smoother_server-5] 	Waiting on external lifecycle transitions to activate
[smoother_server-5] 	See https://design.ros2.org/articles/node_lifecycle.html for more information.
[lifecycle_manager-11] [INFO] [1783067514.165004785] [lifecycle_manager_navigation]: Creating
[smoother_server-5] [INFO] [1783067514.184386195] [smoother_server]: Creating smoother server
[bt_navigator-8] [INFO] [1783067514.311764780] [bt_navigator]: 
[bt_navigator-8] 	bt_navigator lifecycle node launched. 
[bt_navigator-8] 	Waiting on external lifecycle transitions to activate
[bt_navigator-8] 	See https://design.ros2.org/articles/node_lifecycle.html for more information.
[bt_navigator-8] [INFO] [1783067514.314073363] [bt_navigator]: Creating
[lifecycle_manager-11] [INFO] [1783067514.324295818] [lifecycle_manager_navigation]: [34m[1mCreating and initializing lifecycle service clients[0m[0m
[waypoint_follower-9] [INFO] [1783067514.368569179] [waypoint_follower]: 
[waypoint_follower-9] 	waypoint_follower lifecycle node launched. 
[waypoint_follower-9] 	Waiting on external lifecycle transitions to activate
[waypoint_follower-9] 	See https://design.ros2.org/articles/node_lifecycle.html for more information.
[waypoint_follower-9] [INFO] [1783067514.371811053] [waypoint_follower]: Creating
[behavior_server-7] [INFO] [1783067514.423453536] [behavior_server]: 
[behavior_server-7] 	behavior_server lifecycle node launched. 
[behavior_server-7] 	Waiting on external lifecycle transitions to activate
[behavior_server-7] 	See https://design.ros2.org/articles/node_lifecycle.html for more information.
[velocity_smoother-10] [INFO] [1783067514.440867948] [velocity_smoother]: 
[velocity_smoother-10] 	velocity_smoother lifecycle node launched. 
[velocity_smoother-10] 	Waiting on external lifecycle transitions to activate
[velocity_smoother-10] 	See https://design.ros2.org/articles/node_lifecycle.html for more information.
[controller_server-4] [INFO] [1783067514.800187459] [local_costmap.local_costmap]: 
[controller_server-4] 	local_costmap lifecycle node launched. 
[controller_server-4] 	Waiting on external lifecycle transitions to activate
[controller_server-4] 	See https://design.ros2.org/articles/node_lifecycle.html for more information.
[controller_server-4] [INFO] [1783067514.806530999] [local_costmap.local_costmap]: Creating Costmap
[lifecycle_manager-3] [INFO] [1783067515.087053660] [lifecycle_manager_localization]: [34m[1mStarting managed nodes bringup...[0m[0m
[lifecycle_manager-3] [INFO] [1783067515.088125493] [lifecycle_manager_localization]: [34m[1mConfiguring map_server[0m[0m
[map_server-1] [INFO] [1783067515.089808243] [map_server]: Configuring
[map_server-1] [INFO] [1783067515.090102201] [map_io]: Loading yaml file: /root/rdk_x5_vln_robot/maps/joy_calibrated_corridor_map.yaml
[map_server-1] [INFO] [1783067515.091131617] [map_io]: resolution: 0.05
[map_server-1] [INFO] [1783067515.091207034] [map_io]: origin[0]: -3.52
[map_server-1] [INFO] [1783067515.091238951] [map_io]: origin[1]: -3.21
[map_server-1] [INFO] [1783067515.091267742] [map_io]: origin[2]: 0
[map_server-1] [INFO] [1783067515.091296451] [map_io]: free_thresh: 0.25
[map_server-1] [INFO] [1783067515.091324701] [map_io]: occupied_thresh: 0.65
[map_server-1] [INFO] [1783067515.091359659] [map_io]: mode: trinary
[map_server-1] [INFO] [1783067515.091390701] [map_io]: negate: 0
[map_server-1] [INFO] [1783067515.092136284] [map_io]: Loading image_file: /root/rdk_x5_vln_robot/maps/joy_calibrated_corridor_map.pgm
[planner_server-6] [INFO] [1783067515.103072863] [global_costmap.global_costmap]: 
[planner_server-6] 	global_costmap lifecycle node launched. 
[planner_server-6] 	Waiting on external lifecycle transitions to activate
[planner_server-6] 	See https://design.ros2.org/articles/node_lifecycle.html for more information.
[planner_server-6] [INFO] [1783067515.119773775] [global_costmap.global_costmap]: Creating Costmap
[map_server-1] [INFO] [1783067515.174066091] [map_io]: Read map /root/rdk_x5_vln_robot/maps/joy_calibrated_corridor_map.pgm: 124 X 168 map @ 0.05 m/cell
[lifecycle_manager-3] [INFO] [1783067515.413953015] [lifecycle_manager_localization]: [34m[1mConfiguring amcl[0m[0m
[amcl-2] [INFO] [1783067515.416845264] [amcl]: Configuring
[amcl-2] [INFO] [1783067515.417254348] [amcl]: initTransforms
[amcl-2] [INFO] [1783067515.607860746] [amcl]: initPubSub
[amcl-2] [INFO] [1783067515.696278926] [amcl]: Subscribed to map topic.
[lifecycle_manager-3] [INFO] [1783067515.799875644] [lifecycle_manager_localization]: [34m[1mActivating map_server[0m[0m
[map_server-1] [INFO] [1783067515.806303975] [map_server]: Activating
[map_server-1] [INFO] [1783067515.807102725] [map_server]: Creating bond (map_server) to lifecycle manager.
[amcl-2] [INFO] [1783067515.810574640] [amcl]: Received a 124 X 168 map @ 0.050 m/pix
[lifecycle_manager-11] [INFO] [1783067515.890446615] [lifecycle_manager_navigation]: [34m[1mStarting managed nodes bringup...[0m[0m
[lifecycle_manager-11] [INFO] [1783067515.890782115] [lifecycle_manager_navigation]: [34m[1mConfiguring controller_server[0m[0m
[controller_server-4] [INFO] [1783067515.892703531] [controller_server]: Configuring controller interface
[controller_server-4] [INFO] [1783067515.893457281] [controller_server]: getting goal checker plugins..
[controller_server-4] [INFO] [1783067515.893938114] [controller_server]: Controller frequency set to 10.0000Hz
[controller_server-4] [INFO] [1783067515.894169655] [local_costmap.local_costmap]: Configuring
[lifecycle_manager-3] [INFO] [1783067515.947481180] [lifecycle_manager_localization]: Server map_server connected with bond.
[lifecycle_manager-3] [INFO] [1783067515.947730555] [lifecycle_manager_localization]: [34m[1mActivating amcl[0m[0m
[amcl-2] [INFO] [1783067515.949622305] [amcl]: Activating
[amcl-2] [INFO] [1783067515.949801221] [amcl]: Creating bond (amcl) to lifecycle manager.
[controller_server-4] [INFO] [1783067515.972961631] [local_costmap.local_costmap]: Using plugin "static_layer"
[amcl-2] [INFO] [1783067515.980410837] [amcl]: createLaserObject
[controller_server-4] [INFO] [1783067516.015826992] [local_costmap.local_costmap]: Subscribing to the map topic (/map) with transient local durability
[controller_server-4] [INFO] [1783067516.027516280] [local_costmap.local_costmap]: Initialized plugin "static_layer"
[controller_server-4] [INFO] [1783067516.027673155] [local_costmap.local_costmap]: Using plugin "inflation_layer"
[controller_server-4] [INFO] [1783067516.039266901] [local_costmap.local_costmap]: Initialized plugin "inflation_layer"
[lifecycle_manager-3] [INFO] [1783067516.078503472] [lifecycle_manager_localization]: Server amcl connected with bond.
[lifecycle_manager-3] [INFO] [1783067516.078732056] [lifecycle_manager_localization]: [34m[1mManaged nodes are active[0m[0m
[lifecycle_manager-3] [INFO] [1783067516.078820805] [lifecycle_manager_localization]: [34m[1mCreating bond timer...[0m[0m
[controller_server-4] [ERROR] [1783067516.096566633] [local_costmap.local_costmap]: The configured inflation radius (0.120) is smaller than the computed inscribed radius (0.137) of your footprint, it is highly recommended to set inflation radius to be at least as big as the inscribed radius to avoid collisions
[controller_server-4] [INFO] [1783067516.123865041] [local_costmap.local_costmap]: StaticLayer: Resizing static layer to 124 X 168 at 0.050000 m/pix
[controller_server-4] [INFO] [1783067516.125629916] [controller_server]: Created progress_checker : progress_checker of type nav2_controller::SimpleProgressChecker
[controller_server-4] [INFO] [1783067516.133730580] [controller_server]: Created goal checker : general_goal_checker of type nav2_controller::SimpleGoalChecker
[controller_server-4] [INFO] [1783067516.138666370] [controller_server]: Controller Server has general_goal_checker  goal checkers available.
[controller_server-4] [INFO] [1783067516.141583911] [controller_server]: Created controller : FollowPath of type nav2_regulated_pure_pursuit_controller::RegulatedPurePursuitController
[controller_server-4] [INFO] [1783067516.195390685] [controller_server]: Controller Server has FollowPath  controllers available.
[lifecycle_manager-11] [INFO] [1783067516.243688753] [lifecycle_manager_navigation]: [34m[1mConfiguring smoother_server[0m[0m
[smoother_server-5] [INFO] [1783067516.244810920] [smoother_server]: Configuring smoother server
[smoother_server-5] [INFO] [1783067516.299497194] [smoother_server]: Created smoother : simple_smoother of type nav2_smoother::SimpleSmoother
[smoother_server-5] [INFO] [1783067516.306977817] [smoother_server]: Smoother Server has simple_smoother  smoothers available.
[lifecycle_manager-11] [INFO] [1783067516.352180219] [lifecycle_manager_navigation]: [34m[1mConfiguring planner_server[0m[0m
[planner_server-6] [INFO] [1783067516.353388135] [planner_server]: Configuring
[planner_server-6] [INFO] [1783067516.353616427] [global_costmap.global_costmap]: Configuring
[planner_server-6] [INFO] [1783067516.399709246] [global_costmap.global_costmap]: Using plugin "static_layer"
[planner_server-6] [INFO] [1783067516.421416489] [global_costmap.global_costmap]: Subscribing to the map topic (/map) with transient local durability
[planner_server-6] [INFO] [1783067516.430547528] [global_costmap.global_costmap]: Initialized plugin "static_layer"
[planner_server-6] [INFO] [1783067516.430698611] [global_costmap.global_costmap]: Using plugin "inflation_layer"
[planner_server-6] [INFO] [1783067516.438179109] [global_costmap.global_costmap]: Initialized plugin "inflation_layer"
[planner_server-6] [ERROR] [1783067516.490324467] [global_costmap.global_costmap]: The configured inflation radius (0.120) is smaller than the computed inscribed radius (0.137) of your footprint, it is highly recommended to set inflation radius to be at least as big as the inscribed radius to avoid collisions
[planner_server-6] [INFO] [1783067516.514303918] [global_costmap.global_costmap]: StaticLayer: Resizing costmap to 124 X 168 at 0.050000 m/pix
[planner_server-6] [INFO] [1783067516.515560459] [planner_server]: Created global planner plugin GridBased of type nav2_navfn_planner/NavfnPlanner
[planner_server-6] [INFO] [1783067516.515700834] [planner_server]: Configuring plugin GridBased of type NavfnPlanner
[planner_server-6] [INFO] [1783067516.523930998] [planner_server]: Planner Server has GridBased  planners available.
[lifecycle_manager-11] [INFO] [1783067516.657223040] [lifecycle_manager_navigation]: [34m[1mConfiguring behavior_server[0m[0m
[behavior_server-7] [INFO] [1783067516.662086246] [behavior_server]: Configuring
[behavior_server-7] [INFO] [1783067516.795475579] [behavior_server]: Creating behavior plugin spin of type nav2_behaviors/Spin
[behavior_server-7] [INFO] [1783067516.800354036] [behavior_server]: Configuring spin
[behavior_server-7] [INFO] [1783067516.933589411] [behavior_server]: Creating behavior plugin backup of type nav2_behaviors/BackUp
[behavior_server-7] [INFO] [1783067516.937852576] [behavior_server]: Configuring backup
[behavior_server-7] [INFO] [1783067517.017485843] [behavior_server]: Creating behavior plugin drive_on_heading of type nav2_behaviors/DriveOnHeading
[behavior_server-7] [INFO] [1783067517.022859674] [behavior_server]: Configuring drive_on_heading
[behavior_server-7] [INFO] [1783067517.083073280] [behavior_server]: Creating behavior plugin assisted_teleop of type nav2_behaviors/AssistedTeleop
[behavior_server-7] [INFO] [1783067517.092840444] [behavior_server]: Configuring assisted_teleop
[behavior_server-7] [INFO] [1783067517.170034044] [behavior_server]: Creating behavior plugin wait of type nav2_behaviors/Wait
[behavior_server-7] [INFO] [1783067517.174707668] [behavior_server]: Configuring wait
[lifecycle_manager-11] [INFO] [1783067517.242181647] [lifecycle_manager_navigation]: [34m[1mConfiguring bt_navigator[0m[0m
[bt_navigator-8] [INFO] [1783067517.243834313] [bt_navigator]: Configuring
[amcl-2] [WARN] [1783067517.460981911] [amcl]: AMCL cannot publish a pose or update the transform. Please set the initial pose...
[lifecycle_manager-11] [INFO] [1783067518.038252062] [lifecycle_manager_navigation]: [34m[1mConfiguring waypoint_follower[0m[0m
[waypoint_follower-9] [INFO] [1783067518.042024061] [waypoint_follower]: Configuring
[waypoint_follower-9] [INFO] [1783067518.244790455] [waypoint_follower]: Created waypoint_task_executor : wait_at_waypoint of type nav2_waypoint_follower::WaitAtWaypoint
[lifecycle_manager-11] [INFO] [1783067518.254494577] [lifecycle_manager_navigation]: [34m[1mConfiguring velocity_smoother[0m[0m
[velocity_smoother-10] [INFO] [1783067518.256486410] [velocity_smoother]: Configuring velocity smoother
[lifecycle_manager-11] [INFO] [1783067518.299178271] [lifecycle_manager_navigation]: [34m[1mActivating controller_server[0m[0m
[controller_server-4] [INFO] [1783067518.300693854] [controller_server]: Activating
[controller_server-4] [INFO] [1783067518.300988812] [local_costmap.local_costmap]: Activating
[controller_server-4] [INFO] [1783067518.301086854] [local_costmap.local_costmap]: Checking transform
[controller_server-4] [INFO] [1783067518.301420771] [local_costmap.local_costmap]: start
[controller_server-4] [ERROR] [1783067518.631201750] [local_costmap.local_costmap]: StaticLayer: "map" passed to lookupTransform argument target_frame does not exist. 
[controller_server-4] [INFO] [1783067518.651711202] [controller_server]: Activating controller: FollowPath of type regulated_pure_pursuit_controller::RegulatedPurePursuitController
[controller_server-4] [INFO] [1783067518.651926368] [controller_server]: Creating bond (controller_server) to lifecycle manager.
[lifecycle_manager-11] [INFO] [1783067518.775959246] [lifecycle_manager_navigation]: Server controller_server connected with bond.
[lifecycle_manager-11] [INFO] [1783067518.776125079] [lifecycle_manager_navigation]: [34m[1mActivating smoother_server[0m[0m
[smoother_server-5] [INFO] [1783067518.777860204] [smoother_server]: Activating
[smoother_server-5] [INFO] [1783067518.778067370] [smoother_server]: Creating bond (smoother_server) to lifecycle manager.
[lifecycle_manager-11] [INFO] [1783067518.912800411] [lifecycle_manager_navigation]: Server smoother_server connected with bond.
[lifecycle_manager-11] [INFO] [1783067518.912970161] [lifecycle_manager_navigation]: [34m[1mActivating planner_server[0m[0m
[planner_server-6] [INFO] [1783067518.914404161] [planner_server]: Activating
[planner_server-6] [INFO] [1783067518.914606369] [global_costmap.global_costmap]: Activating
[planner_server-6] [INFO] [1783067518.914676327] [global_costmap.global_costmap]: Checking transform
[planner_server-6] [INFO] [1783067518.914852202] [global_costmap.global_costmap]: Timed out waiting for transform from base_link to map to become available, tf error: Invalid frame ID "map" passed to canTransform argument target_frame - frame does not exist
[controller_server-4] [ERROR] [1783067518.943120818] [local_costmap.local_costmap]: StaticLayer: "map" passed to lookupTransform argument target_frame does not exist. 
[controller_server-4] [ERROR] [1783067519.252821845] [local_costmap.local_costmap]: StaticLayer: "map" passed to lookupTransform argument target_frame does not exist. 
[planner_server-6] [INFO] [1783067519.415249169] [global_costmap.global_costmap]: Timed out waiting for transform from base_link to map to become available, tf error: Invalid frame ID "map" passed to canTransform argument target_frame - frame does not exist
[amcl-2] [WARN] [1783067519.561282248] [amcl]: AMCL cannot publish a pose or update the transform. Please set the initial pose...
[controller_server-4] [ERROR] [1783067519.653324011] [local_costmap.local_costmap]: StaticLayer: "map" passed to lookupTransform argument target_frame does not exist. 
[planner_server-6] [INFO] [1783067519.914849303] [global_costmap.global_costmap]: Timed out waiting for transform from base_link to map to become available, tf error: Invalid frame ID "map" passed to canTransform argument target_frame - frame does not exist
[controller_server-4] [ERROR] [1783067519.960023914] [local_costmap.local_costmap]: StaticLayer: "map" passed to lookupTransform argument target_frame does not exist. 
[controller_server-4] [ERROR] [1783067520.266314651] [local_costmap.local_costmap]: StaticLayer: "map" passed to lookupTransform argument target_frame does not exist. 
[planner_server-6] [INFO] [1783067520.414840895] [global_costmap.global_costmap]: Timed out waiting for transform from base_link to map to become available, tf error: Invalid frame ID "map" passed to canTransform argument target_frame - frame does not exist
[controller_server-4] [ERROR] [1783067520.666658566] [local_costmap.local_costmap]: StaticLayer: "map" passed to lookupTransform argument target_frame does not exist. 
[planner_server-6] [INFO] [1783067520.914853363] [global_costmap.global_costmap]: Timed out waiting for transform from base_link to map to become available, tf error: Invalid frame ID "map" passed to canTransform argument target_frame - frame does not exist
[controller_server-4] [ERROR] [1783067520.973230386] [local_costmap.local_costmap]: StaticLayer: "map" passed to lookupTransform argument target_frame does not exist. 
[controller_server-4] [ERROR] [1783067521.278928373] [local_costmap.local_costmap]: StaticLayer: "map" passed to lookupTransform argument target_frame does not exist. 
[planner_server-6] [INFO] [1783067521.414837038] [global_costmap.global_costmap]: Timed out waiting for transform from base_link to map to become available, tf error: Invalid frame ID "map" passed to canTransform argument target_frame - frame does not exist
[amcl-2] [WARN] [1783067521.655353629] [amcl]: AMCL cannot publish a pose or update the transform. Please set the initial pose...
[controller_server-4] [ERROR] [1783067521.679099080] [local_costmap.local_costmap]: StaticLayer: "map" passed to lookupTransform argument target_frame does not exist. 
[planner_server-6] [INFO] [1783067521.914838589] [global_costmap.global_costmap]: Timed out waiting for transform from base_link to map to become available, tf error: Invalid frame ID "map" passed to canTransform argument target_frame - frame does not exist
[controller_server-4] [ERROR] [1783067521.985537983] [local_costmap.local_costmap]: StaticLayer: "map" passed to lookupTransform argument target_frame does not exist. 
[controller_server-4] [ERROR] [1783067522.292821594] [local_costmap.local_costmap]: StaticLayer: "map" passed to lookupTransform argument target_frame does not exist. 
[planner_server-6] [INFO] [1783067522.414900639] [global_costmap.global_costmap]: Timed out waiting for transform from base_link to map to become available, tf error: Invalid frame ID "map" passed to canTransform argument target_frame - frame does not exist
[controller_server-4] [ERROR] [1783067522.694295218] [local_costmap.local_costmap]: StaticLayer: "map" passed to lookupTransform argument target_frame does not exist. 
[planner_server-6] [INFO] [1783067522.914848732] [global_costmap.global_costmap]: Timed out waiting for transform from base_link to map to become available, tf error: Invalid frame ID "map" passed to canTransform argument target_frame - frame does not exist
[controller_server-4] [ERROR] [1783067523.001273038] [local_costmap.local_costmap]: StaticLayer: "map" passed to lookupTransform argument target_frame does not exist. 
[controller_server-4] [ERROR] [1783067523.307363358] [local_costmap.local_costmap]: StaticLayer: "map" passed to lookupTransform argument target_frame does not exist. 
[planner_server-6] [INFO] [1783067523.414872657] [global_costmap.global_costmap]: Timed out waiting for transform from base_link to map to become available, tf error: Invalid frame ID "map" passed to canTransform argument target_frame - frame does not exist
[controller_server-4] [ERROR] [1783067523.707917856] [local_costmap.local_costmap]: StaticLayer: "map" passed to lookupTransform argument target_frame does not exist. 
[amcl-2] [WARN] [1783067523.752546134] [amcl]: AMCL cannot publish a pose or update the transform. Please set the initial pose...
[planner_server-6] [INFO] [1783067523.914847208] [global_costmap.global_costmap]: Timed out waiting for transform from base_link to map to become available, tf error: Invalid frame ID "map" passed to canTransform argument target_frame - frame does not exist
[controller_server-4] [ERROR] [1783067524.014170135] [local_costmap.local_costmap]: StaticLayer: "map" passed to lookupTransform argument target_frame does not exist. 
[controller_server-4] [ERROR] [1783067524.321314829] [local_costmap.local_costmap]: StaticLayer: "map" passed to lookupTransform argument target_frame does not exist. 
[planner_server-6] [INFO] [1783067524.414896883] [global_costmap.global_costmap]: Timed out waiting for transform from base_link to map to become available, tf error: Invalid frame ID "map" passed to canTransform argument target_frame - frame does not exist
[controller_server-4] [ERROR] [1783067524.720884995] [local_costmap.local_costmap]: StaticLayer: "map" passed to lookupTransform argument target_frame does not exist. 
[planner_server-6] [INFO] [1783067524.914845184] [global_costmap.global_costmap]: Timed out waiting for transform from base_link to map to become available, tf error: Invalid frame ID "map" passed to canTransform argument target_frame - frame does not exist
[controller_server-4] [ERROR] [1783067525.027631732] [local_costmap.local_costmap]: StaticLayer: "map" passed to lookupTransform argument target_frame does not exist. 
[controller_server-4] [ERROR] [1783067525.365630000] [local_costmap.local_costmap]: StaticLayer: "map" passed to lookupTransform argument target_frame does not exist. 
[planner_server-6] [INFO] [1783067525.414885526] [global_costmap.global_costmap]: Timed out waiting for transform from base_link to map to become available, tf error: Invalid frame ID "map" passed to canTransform argument target_frame - frame does not exist
[amcl-2] [WARN] [1783067525.754950752] [amcl]: AMCL cannot publish a pose or update the transform. Please set the initial pose...
[controller_server-4] [ERROR] [1783067525.763089708] [local_costmap.local_costmap]: StaticLayer: "map" passed to lookupTransform argument target_frame does not exist. 
[planner_server-6] [INFO] [1783067525.914842702] [global_costmap.global_costmap]: Timed out waiting for transform from base_link to map to become available, tf error: Invalid frame ID "map" passed to canTransform argument target_frame - frame does not exist
[controller_server-4] [ERROR] [1783067526.065429571] [local_costmap.local_costmap]: StaticLayer: "map" passed to lookupTransform argument target_frame does not exist. 
[controller_server-4] [ERROR] [1783067526.371716558] [local_costmap.local_costmap]: StaticLayer: "map" passed to lookupTransform argument target_frame does not exist. 
[planner_server-6] [INFO] [1783067526.414863336] [global_costmap.global_costmap]: Timed out waiting for transform from base_link to map to become available, tf error: Invalid frame ID "map" passed to canTransform argument target_frame - frame does not exist
[controller_server-4] [ERROR] [1783067526.771651348] [local_costmap.local_costmap]: StaticLayer: "map" passed to lookupTransform argument target_frame does not exist. 
[planner_server-6] [INFO] [1783067526.914837845] [global_costmap.global_costmap]: Timed out waiting for transform from base_link to map to become available, tf error: Invalid frame ID "map" passed to canTransform argument target_frame - frame does not exist
[controller_server-4] [ERROR] [1783067527.081955500] [local_costmap.local_costmap]: StaticLayer: "map" passed to lookupTransform argument target_frame does not exist. 
[controller_server-4] [ERROR] [1783067527.388024154] [local_costmap.local_costmap]: StaticLayer: "map" passed to lookupTransform argument target_frame does not exist. 
[planner_server-6] [INFO] [1783067527.414832687] [global_costmap.global_costmap]: Timed out waiting for transform from base_link to map to become available, tf error: Invalid frame ID "map" passed to canTransform argument target_frame - frame does not exist
[controller_server-4] [ERROR] [1783067527.788350861] [local_costmap.local_costmap]: StaticLayer: "map" passed to lookupTransform argument target_frame does not exist. 
[amcl-2] [WARN] [1783067527.850025716] [amcl]: AMCL cannot publish a pose or update the transform. Please set the initial pose...
[planner_server-6] [INFO] [1783067527.914836113] [global_costmap.global_costmap]: Timed out waiting for transform from base_link to map to become available, tf error: Invalid frame ID "map" passed to canTransform argument target_frame - frame does not exist
[controller_server-4] [ERROR] [1783067528.094007098] [local_costmap.local_costmap]: StaticLayer: "map" passed to lookupTransform argument target_frame does not exist. 
[controller_server-4] [ERROR] [1783067528.400275418] [local_costmap.local_costmap]: StaticLayer: "map" passed to lookupTransform argument target_frame does not exist. 
[planner_server-6] [INFO] [1783067528.414830080] [global_costmap.global_costmap]: Timed out waiting for transform from base_link to map to become available, tf error: Invalid frame ID "map" passed to canTransform argument target_frame - frame does not exist
[controller_server-4] [ERROR] [1783067528.803791332] [local_costmap.local_costmap]: StaticLayer: "map" passed to lookupTransform argument target_frame does not exist. 
[planner_server-6] [INFO] [1783067528.914954839] [global_costmap.global_costmap]: Timed out waiting for transform from base_link to map to become available, tf error: Invalid frame ID "map" passed to canTransform argument target_frame - frame does not exist
[controller_server-4] [ERROR] [1783067529.115124567] [local_costmap.local_costmap]: StaticLayer: "map" passed to lookupTransform argument target_frame does not exist. 
[planner_server-6] [INFO] [1783067529.415052889] [global_costmap.global_costmap]: Timed out waiting for transform from base_link to map to become available, tf error: Invalid frame ID "map" passed to canTransform argument target_frame - frame does not exist
[controller_server-4] [ERROR] [1783067529.419620971] [local_costmap.local_costmap]: StaticLayer: "map" passed to lookupTransform argument target_frame does not exist. 
[controller_server-4] [ERROR] [1783067529.824527552] [local_costmap.local_costmap]: StaticLayer: "map" passed to lookupTransform argument target_frame does not exist. 
[amcl-2] [WARN] [1783067529.858788499] [amcl]: AMCL cannot publish a pose or update the transform. Please set the initial pose...
[planner_server-6] [INFO] [1783067529.914854273] [global_costmap.global_costmap]: Timed out waiting for transform from base_link to map to become available, tf error: Invalid frame ID "map" passed to canTransform argument target_frame - frame does not exist
[controller_server-4] [ERROR] [1783067530.133169538] [local_costmap.local_costmap]: StaticLayer: "map" passed to lookupTransform argument target_frame does not exist. 
[planner_server-6] [INFO] [1783067530.414919949] [global_costmap.global_costmap]: Timed out waiting for transform from base_link to map to become available, tf error: Invalid frame ID "map" passed to canTransform argument target_frame - frame does not exist
[controller_server-4] [ERROR] [1783067530.440133274] [local_costmap.local_costmap]: StaticLayer: "map" passed to lookupTransform argument target_frame does not exist. 
[controller_server-4] [ERROR] [1783067530.840312482] [local_costmap.local_costmap]: StaticLayer: "map" passed to lookupTransform argument target_frame does not exist. 
[planner_server-6] [INFO] [1783067530.914849416] [global_costmap.global_costmap]: Timed out waiting for transform from base_link to map to become available, tf error: Invalid frame ID "map" passed to canTransform argument target_frame - frame does not exist
[controller_server-4] [ERROR] [1783067531.147246385] [local_costmap.local_costmap]: StaticLayer: "map" passed to lookupTransform argument target_frame does not exist. 
[planner_server-6] [INFO] [1783067531.414851800] [global_costmap.global_costmap]: Timed out waiting for transform from base_link to map to become available, tf error: Invalid frame ID "map" passed to canTransform argument target_frame - frame does not exist
[controller_server-4] [ERROR] [1783067531.454368788] [local_costmap.local_costmap]: StaticLayer: "map" passed to lookupTransform argument target_frame does not exist. 
[controller_server-4] [ERROR] [1783067531.854389412] [local_costmap.local_costmap]: StaticLayer: "map" passed to lookupTransform argument target_frame does not exist. 
[planner_server-6] [INFO] [1783067531.914869934] [global_costmap.global_costmap]: Timed out waiting for transform from base_link to map to become available, tf error: Invalid frame ID "map" passed to canTransform argument target_frame - frame does not exist
[amcl-2] [WARN] [1783067531.948744965] [amcl]: AMCL cannot publish a pose or update the transform. Please set the initial pose...
[controller_server-4] [ERROR] [1783067532.160447607] [local_costmap.local_costmap]: StaticLayer: "map" passed to lookupTransform argument target_frame does not exist. 
[planner_server-6] [INFO] [1783067532.414837110] [global_costmap.global_costmap]: Timed out waiting for transform from base_link to map to become available, tf error: Invalid frame ID "map" passed to canTransform argument target_frame - frame does not exist
[controller_server-4] [ERROR] [1783067532.466603802] [local_costmap.local_costmap]: StaticLayer: "map" passed to lookupTransform argument target_frame does not exist. 
[controller_server-4] [ERROR] [1783067532.869825508] [local_costmap.local_costmap]: StaticLayer: "map" passed to lookupTransform argument target_frame does not exist. 
[planner_server-6] [INFO] [1783067532.914839994] [global_costmap.global_costmap]: Timed out waiting for transform from base_link to map to become available, tf error: Invalid frame ID "map" passed to canTransform argument target_frame - frame does not exist
[controller_server-4] [ERROR] [1783067533.176321703] [local_costmap.local_costmap]: StaticLayer: "map" passed to lookupTransform argument target_frame does not exist. 
[planner_server-6] [INFO] [1783067533.415465378] [global_costmap.global_costmap]: Timed out waiting for transform from base_link to map to become available, tf error: Invalid frame ID "map" passed to canTransform argument target_frame - frame does not exist
[controller_server-4] [ERROR] [1783067533.486550647] [local_costmap.local_costmap]: StaticLayer: "map" passed to lookupTransform argument target_frame does not exist. 
[controller_server-4] [ERROR] [1783067533.882774022] [local_costmap.local_costmap]: StaticLayer: "map" passed to lookupTransform argument target_frame does not exist. 
[planner_server-6] [INFO] [1783067533.914962845] [global_costmap.global_costmap]: Timed out waiting for transform from base_link to map to become available, tf error: Invalid frame ID "map" passed to canTransform argument target_frame - frame does not exist
[amcl-2] [WARN] [1783067533.969386578] [amcl]: AMCL cannot publish a pose or update the transform. Please set the initial pose...
[controller_server-4] [ERROR] [1783067534.192086883] [local_costmap.local_costmap]: StaticLayer: "map" passed to lookupTransform argument target_frame does not exist. 
[planner_server-6] [INFO] [1783067534.414841896] [global_costmap.global_costmap]: Timed out waiting for transform from base_link to map to become available, tf error: Invalid frame ID "map" passed to canTransform argument target_frame - frame does not exist
[controller_server-4] [ERROR] [1783067534.498670578] [local_costmap.local_costmap]: StaticLayer: "map" passed to lookupTransform argument target_frame does not exist. 
[controller_server-4] [ERROR] [1783067534.905891200] [local_costmap.local_costmap]: StaticLayer: "map" passed to lookupTransform argument target_frame does not exist. 
[planner_server-6] [INFO] [1783067534.914808197] [global_costmap.global_costmap]: Timed out waiting for transform from base_link to map to become available, tf error: Invalid frame ID "map" passed to canTransform argument target_frame - frame does not exist
[controller_server-4] [ERROR] [1783067535.213315269] [local_costmap.local_costmap]: StaticLayer: "map" passed to lookupTransform argument target_frame does not exist. 
[planner_server-6] [INFO] [1783067535.414832748] [global_costmap.global_costmap]: Timed out waiting for transform from base_link to map to become available, tf error: Invalid frame ID "map" passed to canTransform argument target_frame - frame does not exist
[controller_server-4] [ERROR] [1783067535.520889506] [local_costmap.local_costmap]: StaticLayer: "map" passed to lookupTransform argument target_frame does not exist. 
[planner_server-6] [INFO] [1783067535.914838548] [global_costmap.global_costmap]: Timed out waiting for transform from base_link to map to become available, tf error: Invalid frame ID "map" passed to canTransform argument target_frame - frame does not exist
[controller_server-4] [ERROR] [1783067535.924162295] [local_costmap.local_costmap]: StaticLayer: "map" passed to lookupTransform argument target_frame does not exist. 
[amcl-2] [WARN] [1783067536.045655340] [amcl]: AMCL cannot publish a pose or update the transform. Please set the initial pose...
[controller_server-4] [ERROR] [1783067536.230303407] [local_costmap.local_costmap]: StaticLayer: "map" passed to lookupTransform argument target_frame does not exist. 
[planner_server-6] [INFO] [1783067536.414861807] [global_costmap.global_costmap]: Timed out waiting for transform from base_link to map to become available, tf error: Invalid frame ID "map" passed to canTransform argument target_frame - frame does not exist
[controller_server-4] [ERROR] [1783067536.537216269] [local_costmap.local_costmap]: StaticLayer: "map" passed to lookupTransform argument target_frame does not exist. 
[planner_server-6] [INFO] [1783067536.914842275] [global_costmap.global_costmap]: Timed out waiting for transform from base_link to map to become available, tf error: Invalid frame ID "map" passed to canTransform argument target_frame - frame does not exist
[controller_server-4] [ERROR] [1783067536.937245184] [local_costmap.local_costmap]: StaticLayer: "map" passed to lookupTransform argument target_frame does not exist. 
[controller_server-4] [ERROR] [1783067537.243265255] [local_costmap.local_costmap]: StaticLayer: "map" passed to lookupTransform argument target_frame does not exist. 
[planner_server-6] [INFO] [1783067537.414859075] [global_costmap.global_costmap]: Timed out waiting for transform from base_link to map to become available, tf error: Invalid frame ID "map" passed to canTransform argument target_frame - frame does not exist
[controller_server-4] [ERROR] [1783067537.550272699] [local_costmap.local_costmap]: StaticLayer: "map" passed to lookupTransform argument target_frame does not exist. 
[planner_server-6] [INFO] [1783067537.914880376] [global_costmap.global_costmap]: Timed out waiting for transform from base_link to map to become available, tf error: Invalid frame ID "map" passed to canTransform argument target_frame - frame does not exist
[controller_server-4] [ERROR] [1783067537.949470449] [local_costmap.local_costmap]: StaticLayer: "map" passed to lookupTransform argument target_frame does not exist. 
[amcl-2] [WARN] [1783067538.047665543] [amcl]: AMCL cannot publish a pose or update the transform. Please set the initial pose...
[controller_server-4] [ERROR] [1783067538.255549435] [local_costmap.local_costmap]: StaticLayer: "map" passed to lookupTransform argument target_frame does not exist. 
[planner_server-6] [INFO] [1783067538.414892760] [global_costmap.global_costmap]: Timed out waiting for transform from base_link to map to become available, tf error: Invalid frame ID "map" passed to canTransform argument target_frame - frame does not exist
[controller_server-4] [ERROR] [1783067538.562193297] [local_costmap.local_costmap]: StaticLayer: "map" passed to lookupTransform argument target_frame does not exist. 
[planner_server-6] [INFO] [1783067538.914839936] [global_costmap.global_costmap]: Timed out waiting for transform from base_link to map to become available, tf error: Invalid frame ID "map" passed to canTransform argument target_frame - frame does not exist
[controller_server-4] [ERROR] [1783067538.962892254] [local_costmap.local_costmap]: StaticLayer: "map" passed to lookupTransform argument target_frame does not exist. 
[controller_server-4] [ERROR] [1783067539.270067616] [local_costmap.local_costmap]: StaticLayer: "map" passed to lookupTransform argument target_frame does not exist. 
[planner_server-6] [INFO] [1783067539.414839320] [global_costmap.global_costmap]: Timed out waiting for transform from base_link to map to become available, tf error: Invalid frame ID "map" passed to canTransform argument target_frame - frame does not exist
[controller_server-4] [ERROR] [1783067539.576061061] [local_costmap.local_costmap]: StaticLayer: "map" passed to lookupTransform argument target_frame does not exist. 
[planner_server-6] [INFO] [1783067539.915013037] [global_costmap.global_costmap]: Timed out waiting for transform from base_link to map to become available, tf error: Invalid frame ID "map" passed to canTransform argument target_frame - frame does not exist
[controller_server-4] [ERROR] [1783067539.977087768] [local_costmap.local_costmap]: StaticLayer: "map" passed to lookupTransform argument target_frame does not exist. 
[amcl-2] [WARN] [1783067540.152387504] [amcl]: AMCL cannot publish a pose or update the transform. Please set the initial pose...
[controller_server-4] [ERROR] [1783067540.284366921] [local_costmap.local_costmap]: StaticLayer: "map" passed to lookupTransform argument target_frame does not exist. 
[planner_server-6] [INFO] [1783067540.414873880] [global_costmap.global_costmap]: Timed out waiting for transform from base_link to map to become available, tf error: Invalid frame ID "map" passed to canTransform argument target_frame - frame does not exist
[controller_server-4] [ERROR] [1783067540.590932366] [local_costmap.local_costmap]: StaticLayer: "map" passed to lookupTransform argument target_frame does not exist. 
[planner_server-6] [INFO] [1783067540.914829764] [global_costmap.global_costmap]: Timed out waiting for transform from base_link to map to become available, tf error: Invalid frame ID "map" passed to canTransform argument target_frame - frame does not exist
[controller_server-4] [ERROR] [1783067540.991082990] [local_costmap.local_costmap]: StaticLayer: "map" passed to lookupTransform argument target_frame does not exist. 
[controller_server-4] [ERROR] [1783067541.297914185] [local_costmap.local_costmap]: StaticLayer: "map" passed to lookupTransform argument target_frame does not exist. 
[planner_server-6] [INFO] [1783067541.414834481] [global_costmap.global_costmap]: Timed out waiting for transform from base_link to map to become available, tf error: Invalid frame ID "map" passed to canTransform argument target_frame - frame does not exist
[controller_server-4] [ERROR] [1783067541.603801839] [local_costmap.local_costmap]: StaticLayer: "map" passed to lookupTransform argument target_frame does not exist. 
[planner_server-6] [INFO] [1783067541.914835407] [global_costmap.global_costmap]: Timed out waiting for transform from base_link to map to become available, tf error: Invalid frame ID "map" passed to canTransform argument target_frame - frame does not exist
[controller_server-4] [ERROR] [1783067542.004461421] [local_costmap.local_costmap]: StaticLayer: "map" passed to lookupTransform argument target_frame does not exist. 
[amcl-2] [WARN] [1783067542.242672137] [amcl]: AMCL cannot publish a pose or update the transform. Please set the initial pose...
[controller_server-4] [ERROR] [1783067542.311079074] [local_costmap.local_costmap]: StaticLayer: "map" passed to lookupTransform argument target_frame does not exist. 
[planner_server-6] [INFO] [1783067542.414853416] [global_costmap.global_costmap]: Timed out waiting for transform from base_link to map to become available, tf error: Invalid frame ID "map" passed to canTransform argument target_frame - frame does not exist
[controller_server-4] [ERROR] [1783067542.617951686] [local_costmap.local_costmap]: StaticLayer: "map" passed to lookupTransform argument target_frame does not exist. 
[planner_server-6] [INFO] [1783067542.914851050] [global_costmap.global_costmap]: Timed out waiting for transform from base_link to map to become available, tf error: Invalid frame ID "map" passed to canTransform argument target_frame - frame does not exist
[controller_server-4] [ERROR] [1783067543.018353434] [local_costmap.local_costmap]: StaticLayer: "map" passed to lookupTransform argument target_frame does not exist. 
[controller_server-4] [ERROR] [1783067543.325598588] [local_costmap.local_costmap]: StaticLayer: "map" passed to lookupTransform argument target_frame does not exist. 
[planner_server-6] [INFO] [1783067543.414856476] [global_costmap.global_costmap]: Timed out waiting for transform from base_link to map to become available, tf error: Invalid frame ID "map" passed to canTransform argument target_frame - frame does not exist
[controller_server-4] [ERROR] [1783067543.632144324] [local_costmap.local_costmap]: StaticLayer: "map" passed to lookupTransform argument target_frame does not exist. 
[planner_server-6] [INFO] [1783067543.914922152] [global_costmap.global_costmap]: Timed out waiting for transform from base_link to map to become available, tf error: Invalid frame ID "map" passed to canTransform argument target_frame - frame does not exist
[controller_server-4] [ERROR] [1783067544.032429365] [local_costmap.local_costmap]: StaticLayer: "map" passed to lookupTransform argument target_frame does not exist. 
[amcl-2] [WARN] [1783067544.244676631] [amcl]: AMCL cannot publish a pose or update the transform. Please set the initial pose...
[controller_server-4] [ERROR] [1783067544.339515393] [local_costmap.local_costmap]: StaticLayer: "map" passed to lookupTransform argument target_frame does not exist. 
[planner_server-6] [INFO] [1783067544.414830244] [global_costmap.global_costmap]: Timed out waiting for transform from base_link to map to become available, tf error: Invalid frame ID "map" passed to canTransform argument target_frame - frame does not exist
[controller_server-4] [ERROR] [1783067544.646003505] [local_costmap.local_costmap]: StaticLayer: "map" passed to lookupTransform argument target_frame does not exist. 
[planner_server-6] [INFO] [1783067544.914840670] [global_costmap.global_costmap]: Timed out waiting for transform from base_link to map to become available, tf error: Invalid frame ID "map" passed to canTransform argument target_frame - frame does not exist
[controller_server-4] [ERROR] [1783067545.046523087] [local_costmap.local_costmap]: StaticLayer: "map" passed to lookupTransform argument target_frame does not exist. 
[controller_server-4] [ERROR] [1783067545.354146365] [local_costmap.local_costmap]: StaticLayer: "map" passed to lookupTransform argument target_frame does not exist. 
[planner_server-6] [INFO] [1783067545.414858679] [global_costmap.global_costmap]: Timed out waiting for transform from base_link to map to become available, tf error: Invalid frame ID "map" passed to canTransform argument target_frame - frame does not exist
[controller_server-4] [ERROR] [1783067545.661587102] [local_costmap.local_costmap]: StaticLayer: "map" passed to lookupTransform argument target_frame does not exist. 
[planner_server-6] [INFO] [1783067545.914867022] [global_costmap.global_costmap]: Timed out waiting for transform from base_link to map to become available, tf error: Invalid frame ID "map" passed to canTransform argument target_frame - frame does not exist
[controller_server-4] [ERROR] [1783067546.061108226] [local_costmap.local_costmap]: StaticLayer: "map" passed to lookupTransform argument target_frame does not exist. 
[amcl-2] [WARN] [1783067546.341022138] [amcl]: AMCL cannot publish a pose or update the transform. Please set the initial pose...
[controller_server-4] [ERROR] [1783067546.367459588] [local_costmap.local_costmap]: StaticLayer: "map" passed to lookupTransform argument target_frame does not exist. 
[planner_server-6] [INFO] [1783067546.414835864] [global_costmap.global_costmap]: Timed out waiting for transform from base_link to map to become available, tf error: Invalid frame ID "map" passed to canTransform argument target_frame - frame does not exist
[controller_server-4] [ERROR] [1783067546.673755324] [local_costmap.local_costmap]: StaticLayer: "map" passed to lookupTransform argument target_frame does not exist. 
[planner_server-6] [INFO] [1783067546.914864873] [global_costmap.global_costmap]: Timed out waiting for transform from base_link to map to become available, tf error: Invalid frame ID "map" passed to canTransform argument target_frame - frame does not exist
[controller_server-4] [ERROR] [1783067547.074114282] [local_costmap.local_costmap]: StaticLayer: "map" passed to lookupTransform argument target_frame does not exist. 
[controller_server-4] [ERROR] [1783067547.381163476] [local_costmap.local_costmap]: StaticLayer: "map" passed to lookupTransform argument target_frame does not exist. 
[planner_server-6] [INFO] [1783067547.414841508] [global_costmap.global_costmap]: Timed out waiting for transform from base_link to map to become available, tf error: Invalid frame ID "map" passed to canTransform argument target_frame - frame does not exist
[controller_server-4] [ERROR] [1783067547.687045588] [local_costmap.local_costmap]: StaticLayer: "map" passed to lookupTransform argument target_frame does not exist. 
[planner_server-6] [INFO] [1783067547.914963350] [global_costmap.global_costmap]: Timed out waiting for transform from base_link to map to become available, tf error: Invalid frame ID "map" passed to canTransform argument target_frame - frame does not exist
[controller_server-4] [ERROR] [1783067548.087586129] [local_costmap.local_costmap]: StaticLayer: "map" passed to lookupTransform argument target_frame does not exist. 
[controller_server-4] [ERROR] [1783067548.393831949] [local_costmap.local_costmap]: StaticLayer: "map" passed to lookupTransform argument target_frame does not exist. 
[planner_server-6] [INFO] [1783067548.414856193] [global_costmap.global_costmap]: Timed out waiting for transform from base_link to map to become available, tf error: Invalid frame ID "map" passed to canTransform argument target_frame - frame does not exist
[amcl-2] [WARN] [1783067548.445194183] [amcl]: AMCL cannot publish a pose or update the transform. Please set the initial pose...
[controller_server-4] [ERROR] [1783067548.700393519] [local_costmap.local_costmap]: StaticLayer: "map" passed to lookupTransform argument target_frame does not exist. 
[planner_server-6] [INFO] [1783067548.914859577] [global_costmap.global_costmap]: Timed out waiting for transform from base_link to map to become available, tf error: Invalid frame ID "map" passed to canTransform argument target_frame - frame does not exist
[controller_server-4] [ERROR] [1783067549.100295560] [local_costmap.local_costmap]: StaticLayer: "map" passed to lookupTransform argument target_frame does not exist. 
[controller_server-4] [ERROR] [1783067549.407202297] [local_costmap.local_costmap]: StaticLayer: "map" passed to lookupTransform argument target_frame does not exist. 
[planner_server-6] [INFO] [1783067549.414863294] [global_costmap.global_costmap]: Timed out waiting for transform from base_link to map to become available, tf error: Invalid frame ID "map" passed to canTransform argument target_frame - frame does not exist
[controller_server-4] [ERROR] [1783067549.713813367] [local_costmap.local_costmap]: StaticLayer: "map" passed to lookupTransform argument target_frame does not exist. 
[planner_server-6] [INFO] [1783067549.914860678] [global_costmap.global_costmap]: Timed out waiting for transform from base_link to map to become available, tf error: Invalid frame ID "map" passed to canTransform argument target_frame - frame does not exist
[controller_server-4] [ERROR] [1783067550.114256574] [local_costmap.local_costmap]: StaticLayer: "map" passed to lookupTransform argument target_frame does not exist. 
[planner_server-6] [INFO] [1783067550.414826396] [global_costmap.global_costmap]: Timed out waiting for transform from base_link to map to become available, tf error: Invalid frame ID "map" passed to canTransform argument target_frame - frame does not exist
[controller_server-4] [ERROR] [1783067550.420526477] [local_costmap.local_costmap]: StaticLayer: "map" passed to lookupTransform argument target_frame does not exist. 
[amcl-2] [WARN] [1783067550.538090315] [amcl]: AMCL cannot publish a pose or update the transform. Please set the initial pose...
[controller_server-4] [ERROR] [1783067550.727371256] [local_costmap.local_costmap]: StaticLayer: "map" passed to lookupTransform argument target_frame does not exist. 
[planner_server-6] [INFO] [1783067550.914862697] [global_costmap.global_costmap]: Timed out waiting for transform from base_link to map to become available, tf error: Invalid frame ID "map" passed to canTransform argument target_frame - frame does not exist
[controller_server-4] [ERROR] [1783067551.127858046] [local_costmap.local_costmap]: StaticLayer: "map" passed to lookupTransform argument target_frame does not exist. 
[planner_server-6] [INFO] [1783067551.414864164] [global_costmap.global_costmap]: Timed out waiting for transform from base_link to map to become available, tf error: Invalid frame ID "map" passed to canTransform argument target_frame - frame does not exist
[controller_server-4] [ERROR] [1783067551.434916908] [local_costmap.local_costmap]: StaticLayer: "map" passed to lookupTransform argument target_frame does not exist. 
[controller_server-4] [ERROR] [1783067551.741505978] [local_costmap.local_costmap]: StaticLayer: "map" passed to lookupTransform argument target_frame does not exist. 
[planner_server-6] [INFO] [1783067551.914835465] [global_costmap.global_costmap]: Timed out waiting for transform from base_link to map to become available, tf error: Invalid frame ID "map" passed to canTransform argument target_frame - frame does not exist
[controller_server-4] [ERROR] [1783067552.141293144] [local_costmap.local_costmap]: StaticLayer: "map" passed to lookupTransform argument target_frame does not exist. 
[planner_server-6] [INFO] [1783067552.414846808] [global_costmap.global_costmap]: Timed out waiting for transform from base_link to map to become available, tf error: Invalid frame ID "map" passed to canTransform argument target_frame - frame does not exist
[controller_server-4] [ERROR] [1783067552.447783089] [local_costmap.local_costmap]: StaticLayer: "map" passed to lookupTransform argument target_frame does not exist. 
[amcl-2] [WARN] [1783067552.636542405] [amcl]: AMCL cannot publish a pose or update the transform. Please set the initial pose...
[controller_server-4] [ERROR] [1783067552.754862909] [local_costmap.local_costmap]: StaticLayer: "map" passed to lookupTransform argument target_frame does not exist. 
[planner_server-6] [INFO] [1783067552.914841484] [global_costmap.global_costmap]: Timed out waiting for transform from base_link to map to become available, tf error: Invalid frame ID "map" passed to canTransform argument target_frame - frame does not exist
[controller_server-4] [ERROR] [1783067553.154781866] [local_costmap.local_costmap]: StaticLayer: "map" passed to lookupTransform argument target_frame does not exist. 
[planner_server-6] [INFO] [1783067553.414841576] [global_costmap.global_costmap]: Timed out waiting for transform from base_link to map to become available, tf error: Invalid frame ID "map" passed to canTransform argument target_frame - frame does not exist
[controller_server-4] [ERROR] [1783067553.461018687] [local_costmap.local_costmap]: StaticLayer: "map" passed to lookupTransform argument target_frame does not exist. 
[controller_server-4] [ERROR] [1783067553.766927007] [local_costmap.local_costmap]: StaticLayer: "map" passed to lookupTransform argument target_frame does not exist. 
[planner_server-6] [INFO] [1783067553.914857502] [global_costmap.global_costmap]: Timed out waiting for transform from base_link to map to become available, tf error: Invalid frame ID "map" passed to canTransform argument target_frame - frame does not exist
[controller_server-4] [ERROR] [1783067554.167562797] [local_costmap.local_costmap]: StaticLayer: "map" passed to lookupTransform argument target_frame does not exist. 
[planner_server-6] [INFO] [1783067554.414832011] [global_costmap.global_costmap]: Timed out waiting for transform from base_link to map to become available, tf error: Invalid frame ID "map" passed to canTransform argument target_frame - frame does not exist
[controller_server-4] [ERROR] [1783067554.474229701] [local_costmap.local_costmap]: StaticLayer: "map" passed to lookupTransform argument target_frame does not exist. 
[amcl-2] [WARN] [1783067554.640040232] [amcl]: AMCL cannot publish a pose or update the transform. Please set the initial pose...
[controller_server-4] [ERROR] [1783067554.780382521] [local_costmap.local_costmap]: StaticLayer: "map" passed to lookupTransform argument target_frame does not exist. 
[planner_server-6] [INFO] [1783067554.914834104] [global_costmap.global_costmap]: Timed out waiting for transform from base_link to map to become available, tf error: Invalid frame ID "map" passed to canTransform argument target_frame - frame does not exist
[controller_server-4] [ERROR] [1783067555.181413687] [local_costmap.local_costmap]: StaticLayer: "map" passed to lookupTransform argument target_frame does not exist. 
[planner_server-6] [INFO] [1783067555.414855446] [global_costmap.global_costmap]: Timed out waiting for transform from base_link to map to become available, tf error: Invalid frame ID "map" passed to canTransform argument target_frame - frame does not exist
[controller_server-4] [ERROR] [1783067555.488854048] [local_costmap.local_costmap]: StaticLayer: "map" passed to lookupTransform argument target_frame does not exist. 
[controller_server-4] [ERROR] [1783067555.795233827] [local_costmap.local_costmap]: StaticLayer: "map" passed to lookupTransform argument target_frame does not exist. 
[planner_server-6] [INFO] [1783067555.914840664] [global_costmap.global_costmap]: Timed out waiting for transform from base_link to map to become available, tf error: Invalid frame ID "map" passed to canTransform argument target_frame - frame does not exist
[controller_server-4] [ERROR] [1783067556.195956117] [local_costmap.local_costmap]: StaticLayer: "map" passed to lookupTransform argument target_frame does not exist. 
[planner_server-6] [INFO] [1783067556.414856006] [global_costmap.global_costmap]: Timed out waiting for transform from base_link to map to become available, tf error: Invalid frame ID "map" passed to canTransform argument target_frame - frame does not exist
[controller_server-4] [ERROR] [1783067556.502754770] [local_costmap.local_costmap]: StaticLayer: "map" passed to lookupTransform argument target_frame does not exist. 
[amcl-2] [WARN] [1783067556.641206352] [amcl]: AMCL cannot publish a pose or update the transform. Please set the initial pose...
[controller_server-4] [ERROR] [1783067556.809370424] [local_costmap.local_costmap]: StaticLayer: "map" passed to lookupTransform argument target_frame does not exist. 
[planner_server-6] [INFO] [1783067556.914854182] [global_costmap.global_costmap]: Timed out waiting for transform from base_link to map to become available, tf error: Invalid frame ID "map" passed to canTransform argument target_frame - frame does not exist
[controller_server-4] [ERROR] [1783067557.210344923] [local_costmap.local_costmap]: StaticLayer: "map" passed to lookupTransform argument target_frame does not exist. 
[planner_server-6] [INFO] [1783067557.414854567] [global_costmap.global_costmap]: Timed out waiting for transform from base_link to map to become available, tf error: Invalid frame ID "map" passed to canTransform argument target_frame - frame does not exist
[controller_server-4] [ERROR] [1783067557.518055243] [local_costmap.local_costmap]: StaticLayer: "map" passed to lookupTransform argument target_frame does not exist. 
[controller_server-4] [ERROR] [1783067557.824463063] [local_costmap.local_costmap]: StaticLayer: "map" passed to lookupTransform argument target_frame does not exist. 
[planner_server-6] [INFO] [1783067557.914869993] [global_costmap.global_costmap]: Timed out waiting for transform from base_link to map to become available, tf error: Invalid frame ID "map" passed to canTransform argument target_frame - frame does not exist
[controller_server-4] [ERROR] [1783067558.224631812] [local_costmap.local_costmap]: StaticLayer: "map" passed to lookupTransform argument target_frame does not exist. 
[planner_server-6] [INFO] [1783067558.414867044] [global_costmap.global_costmap]: Timed out waiting for transform from base_link to map to become available, tf error: Invalid frame ID "map" passed to canTransform argument target_frame - frame does not exist
[controller_server-4] [ERROR] [1783067558.531376174] [local_costmap.local_costmap]: StaticLayer: "map" passed to lookupTransform argument target_frame does not exist. 
[amcl-2] [WARN] [1783067558.738583817] [amcl]: AMCL cannot publish a pose or update the transform. Please set the initial pose...
[controller_server-4] [ERROR] [1783067558.837926744] [local_costmap.local_costmap]: StaticLayer: "map" passed to lookupTransform argument target_frame does not exist. 
[planner_server-6] [INFO] [1783067558.914844303] [global_costmap.global_costmap]: Timed out waiting for transform from base_link to map to become available, tf error: Invalid frame ID "map" passed to canTransform argument target_frame - frame does not exist
[controller_server-4] [ERROR] [1783067559.238114451] [local_costmap.local_costmap]: StaticLayer: "map" passed to lookupTransform argument target_frame does not exist. 
[planner_server-6] [INFO] [1783067559.414835520] [global_costmap.global_costmap]: Timed out waiting for transform from base_link to map to become available, tf error: Invalid frame ID "map" passed to canTransform argument target_frame - frame does not exist
[controller_server-4] [ERROR] [1783067559.544939271] [local_costmap.local_costmap]: StaticLayer: "map" passed to lookupTransform argument target_frame does not exist. 
[controller_server-4] [ERROR] [1783067559.851746675] [local_costmap.local_costmap]: StaticLayer: "map" passed to lookupTransform argument target_frame does not exist. 
[planner_server-6] [INFO] [1783067559.914839155] [global_costmap.global_costmap]: Timed out waiting for transform from base_link to map to become available, tf error: Invalid frame ID "map" passed to canTransform argument target_frame - frame does not exist
[controller_server-4] [ERROR] [1783067560.251572090] [local_costmap.local_costmap]: StaticLayer: "map" passed to lookupTransform argument target_frame does not exist. 
[planner_server-6] [INFO] [1783067560.414828872] [global_costmap.global_costmap]: Timed out waiting for transform from base_link to map to become available, tf error: Invalid frame ID "map" passed to canTransform argument target_frame - frame does not exist
[controller_server-4] [ERROR] [1783067560.558072327] [local_costmap.local_costmap]: StaticLayer: "map" passed to lookupTransform argument target_frame does not exist. 
[amcl-2] [WARN] [1783067560.832999324] [amcl]: AMCL cannot publish a pose or update the transform. Please set the initial pose...
[controller_server-4] [ERROR] [1783067560.864616564] [local_costmap.local_costmap]: StaticLayer: "map" passed to lookupTransform argument target_frame does not exist. 
[planner_server-6] [INFO] [1783067560.914858465] [global_costmap.global_costmap]: Timed out waiting for transform from base_link to map to become available, tf error: Invalid frame ID "map" passed to canTransform argument target_frame - frame does not exist
[controller_server-4] [ERROR] [1783067561.264886521] [local_costmap.local_costmap]: StaticLayer: "map" passed to lookupTransform argument target_frame does not exist. 
[planner_server-6] [INFO] [1783067561.414833516] [global_costmap.global_costmap]: Timed out waiting for transform from base_link to map to become available, tf error: Invalid frame ID "map" passed to canTransform argument target_frame - frame does not exist
[controller_server-4] [ERROR] [1783067561.572353008] [local_costmap.local_costmap]: StaticLayer: "map" passed to lookupTransform argument target_frame does not exist. 
[controller_server-4] [ERROR] [1783067561.878722412] [local_costmap.local_costmap]: StaticLayer: "map" passed to lookupTransform argument target_frame does not exist. 
[planner_server-6] [INFO] [1783067561.914865275] [global_costmap.global_costmap]: Timed out waiting for transform from base_link to map to become available, tf error: Invalid frame ID "map" passed to canTransform argument target_frame - frame does not exist
[controller_server-4] [ERROR] [1783067562.278823119] [local_costmap.local_costmap]: StaticLayer: "map" passed to lookupTransform argument target_frame does not exist. 
[planner_server-6] [INFO] [1783067562.414856326] [global_costmap.global_costmap]: Timed out waiting for transform from base_link to map to become available, tf error: Invalid frame ID "map" passed to canTransform argument target_frame - frame does not exist
[controller_server-4] [ERROR] [1783067562.585771064] [local_costmap.local_costmap]: StaticLayer: "map" passed to lookupTransform argument target_frame does not exist. 
[controller_server-4] [ERROR] [1783067562.892516676] [local_costmap.local_costmap]: StaticLayer: "map" passed to lookupTransform argument target_frame does not exist. 
[planner_server-6] [INFO] [1783067562.914844210] [global_costmap.global_costmap]: Timed out waiting for transform from base_link to map to become available, tf error: Invalid frame ID "map" passed to canTransform argument target_frame - frame does not exist
[amcl-2] [WARN] [1783067562.929996122] [amcl]: AMCL cannot publish a pose or update the transform. Please set the initial pose...
[controller_server-4] [ERROR] [1783067563.292088425] [local_costmap.local_costmap]: StaticLayer: "map" passed to lookupTransform argument target_frame does not exist. 
[planner_server-6] [INFO] [1783067563.414833345] [global_costmap.global_costmap]: Timed out waiting for transform from base_link to map to become available, tf error: Invalid frame ID "map" passed to canTransform argument target_frame - frame does not exist
[controller_server-4] [ERROR] [1783067563.598359912] [local_costmap.local_costmap]: StaticLayer: "map" passed to lookupTransform argument target_frame does not exist. 
[controller_server-4] [ERROR] [1783067563.905294732] [local_costmap.local_costmap]: StaticLayer: "map" passed to lookupTransform argument target_frame does not exist. 
[planner_server-6] [INFO] [1783067563.914870437] [global_costmap.global_costmap]: Timed out waiting for transform from base_link to map to become available, tf error: Invalid frame ID "map" passed to canTransform argument target_frame - frame does not exist
[controller_server-4] [ERROR] [1783067564.305037356] [local_costmap.local_costmap]: StaticLayer: "map" passed to lookupTransform argument target_frame does not exist. 
[planner_server-6] [INFO] [1783067564.415070613] [global_costmap.global_costmap]: Timed out waiting for transform from base_link to map to become available, tf error: Invalid frame ID "map" passed to canTransform argument target_frame - frame does not exist
[controller_server-4] [ERROR] [1783067564.611536885] [local_costmap.local_costmap]: StaticLayer: "map" passed to lookupTransform argument target_frame does not exist. 
[planner_server-6] [INFO] [1783067564.914868789] [global_costmap.global_costmap]: Timed out waiting for transform from base_link to map to become available, tf error: Invalid frame ID "map" passed to canTransform argument target_frame - frame does not exist
[controller_server-4] [ERROR] [1783067564.918453747] [local_costmap.local_costmap]: StaticLayer: "map" passed to lookupTransform argument target_frame does not exist. 
[amcl-2] [WARN] [1783067565.033745294] [amcl]: AMCL cannot publish a pose or update the transform. Please set the initial pose...
[controller_server-4] [ERROR] [1783067565.318520454] [local_costmap.local_costmap]: StaticLayer: "map" passed to lookupTransform argument target_frame does not exist. 
[planner_server-6] [INFO] [1783067565.414833257] [global_costmap.global_costmap]: Timed out waiting for transform from base_link to map to become available, tf error: Invalid frame ID "map" passed to canTransform argument target_frame - frame does not exist
[controller_server-4] [ERROR] [1783067565.625335941] [local_costmap.local_costmap]: StaticLayer: "map" passed to lookupTransform argument target_frame does not exist. 
[planner_server-6] [INFO] [1783067565.914863641] [global_costmap.global_costmap]: Timed out waiting for transform from base_link to map to become available, tf error: Invalid frame ID "map" passed to canTransform argument target_frame - frame does not exist
[controller_server-4] [ERROR] [1783067565.931783094] [local_costmap.local_costmap]: StaticLayer: "map" passed to lookupTransform argument target_frame does not exist. 
[controller_server-4] [ERROR] [1783067566.332199927] [local_costmap.local_costmap]: StaticLayer: "map" passed to lookupTransform argument target_frame does not exist. 
[planner_server-6] [INFO] [1783067566.414888192] [global_costmap.global_costmap]: Timed out waiting for transform from base_link to map to become available, tf error: Invalid frame ID "map" passed to canTransform argument target_frame - frame does not exist
[controller_server-4] [ERROR] [1783067566.638412122] [local_costmap.local_costmap]: StaticLayer: "map" passed to lookupTransform argument target_frame does not exist. 
[planner_server-6] [INFO] [1783067566.914843077] [global_costmap.global_costmap]: Timed out waiting for transform from base_link to map to become available, tf error: Invalid frame ID "map" passed to canTransform argument target_frame - frame does not exist
[controller_server-4] [ERROR] [1783067566.944745984] [local_costmap.local_costmap]: StaticLayer: "map" passed to lookupTransform argument target_frame does not exist. 
[amcl-2] [WARN] [1783067567.129431926] [amcl]: AMCL cannot publish a pose or update the transform. Please set the initial pose...
[controller_server-4] [ERROR] [1783067567.345355191] [local_costmap.local_costmap]: StaticLayer: "map" passed to lookupTransform argument target_frame does not exist. 
[planner_server-6] [INFO] [1783067567.414826711] [global_costmap.global_costmap]: Timed out waiting for transform from base_link to map to become available, tf error: Invalid frame ID "map" passed to canTransform argument target_frame - frame does not exist
[controller_server-4] [ERROR] [1783067567.652057303] [local_costmap.local_costmap]: StaticLayer: "map" passed to lookupTransform argument target_frame does not exist. 
[planner_server-6] [INFO] [1783067567.914966762] [global_costmap.global_costmap]: Timed out waiting for transform from base_link to map to become available, tf error: Invalid frame ID "map" passed to canTransform argument target_frame - frame does not exist
[controller_server-4] [ERROR] [1783067567.958364582] [local_costmap.local_costmap]: StaticLayer: "map" passed to lookupTransform argument target_frame does not exist. 
[controller_server-4] [ERROR] [1783067568.358790497] [local_costmap.local_costmap]: StaticLayer: "map" passed to lookupTransform argument target_frame does not exist. 
[planner_server-6] [INFO] [1783067568.414833980] [global_costmap.global_costmap]: Timed out waiting for transform from base_link to map to become available, tf error: Invalid frame ID "map" passed to canTransform argument target_frame - frame does not exist
[controller_server-4] [ERROR] [1783067568.665631901] [local_costmap.local_costmap]: StaticLayer: "map" passed to lookupTransform argument target_frame does not exist. 
[planner_server-6] [INFO] [1783067568.914790364] [global_costmap.global_costmap]: Timed out waiting for transform from base_link to map to become available, tf error: Invalid frame ID "map" passed to canTransform argument target_frame - frame does not exist
[controller_server-4] [ERROR] [1783067568.972147846] [local_costmap.local_costmap]: StaticLayer: "map" passed to lookupTransform argument target_frame does not exist. 
[amcl-2] [WARN] [1783067569.236326513] [amcl]: AMCL cannot publish a pose or update the transform. Please set the initial pose...
[controller_server-4] [ERROR] [1783067569.372851512] [local_costmap.local_costmap]: StaticLayer: "map" passed to lookupTransform argument target_frame does not exist. 
[planner_server-6] [INFO] [1783067569.414852040] [global_costmap.global_costmap]: Timed out waiting for transform from base_link to map to become available, tf error: Invalid frame ID "map" passed to canTransform argument target_frame - frame does not exist
[controller_server-4] [ERROR] [1783067569.679273957] [local_costmap.local_costmap]: StaticLayer: "map" passed to lookupTransform argument target_frame does not exist. 
[planner_server-6] [INFO] [1783067569.914890800] [global_costmap.global_costmap]: Timed out waiting for transform from base_link to map to become available, tf error: Invalid frame ID "map" passed to canTransform argument target_frame - frame does not exist
[controller_server-4] [ERROR] [1783067569.985579902] [local_costmap.local_costmap]: StaticLayer: "map" passed to lookupTransform argument target_frame does not exist. 
[controller_server-4] [ERROR] [1783067570.385948901] [local_costmap.local_costmap]: StaticLayer: "map" passed to lookupTransform argument target_frame does not exist. 
[planner_server-6] [INFO] [1783067570.414830392] [global_costmap.global_costmap]: Timed out waiting for transform from base_link to map to become available, tf error: Invalid frame ID "map" passed to canTransform argument target_frame - frame does not exist
[controller_server-4] [ERROR] [1783067570.692892430] [local_costmap.local_costmap]: StaticLayer: "map" passed to lookupTransform argument target_frame does not exist. 
[planner_server-6] [INFO] [1783067570.914858235] [global_costmap.global_costmap]: Timed out waiting for transform from base_link to map to become available, tf error: Invalid frame ID "map" passed to canTransform argument target_frame - frame does not exist
[controller_server-4] [ERROR] [1783067571.000077708] [local_costmap.local_costmap]: StaticLayer: "map" passed to lookupTransform argument target_frame does not exist. 
[amcl-2] [WARN] [1783067571.327520439] [amcl]: AMCL cannot publish a pose or update the transform. Please set the initial pose...
[controller_server-4] [ERROR] [1783067571.399878499] [local_costmap.local_costmap]: StaticLayer: "map" passed to lookupTransform argument target_frame does not exist. 
[planner_server-6] [INFO] [1783067571.414829828] [global_costmap.global_costmap]: Timed out waiting for transform from base_link to map to become available, tf error: Invalid frame ID "map" passed to canTransform argument target_frame - frame does not exist
[controller_server-4] [ERROR] [1783067571.707083486] [local_costmap.local_costmap]: StaticLayer: "map" passed to lookupTransform argument target_frame does not exist. 
[planner_server-6] [INFO] [1783067571.914841087] [global_costmap.global_costmap]: Timed out waiting for transform from base_link to map to become available, tf error: Invalid frame ID "map" passed to canTransform argument target_frame - frame does not exist
[controller_server-4] [ERROR] [1783067572.013467639] [local_costmap.local_costmap]: StaticLayer: "map" passed to lookupTransform argument target_frame does not exist. 
[controller_server-4] [ERROR] [1783067572.414023055] [local_costmap.local_costmap]: StaticLayer: "map" passed to lookupTransform argument target_frame does not exist. 
[planner_server-6] [INFO] [1783067572.414865846] [global_costmap.global_costmap]: Timed out waiting for transform from base_link to map to become available, tf error: Invalid frame ID "map" passed to canTransform argument target_frame - frame does not exist
[controller_server-4] [ERROR] [1783067572.720951709] [local_costmap.local_costmap]: StaticLayer: "map" passed to lookupTransform argument target_frame does not exist. 
[planner_server-6] [INFO] [1783067572.914836814] [global_costmap.global_costmap]: Timed out waiting for transform from base_link to map to become available, tf error: Invalid frame ID "map" passed to canTransform argument target_frame - frame does not exist
[controller_server-4] [ERROR] [1783067573.027927320] [local_costmap.local_costmap]: StaticLayer: "map" passed to lookupTransform argument target_frame does not exist. 
[amcl-2] [WARN] [1783067573.333046933] [amcl]: AMCL cannot publish a pose or update the transform. Please set the initial pose...
[planner_server-6] [INFO] [1783067573.414865407] [global_costmap.global_costmap]: Timed out waiting for transform from base_link to map to become available, tf error: Invalid frame ID "map" passed to canTransform argument target_frame - frame does not exist
[controller_server-4] [ERROR] [1783067573.428357111] [local_costmap.local_costmap]: StaticLayer: "map" passed to lookupTransform argument target_frame does not exist. 
[controller_server-4] [ERROR] [1783067573.734798640] [local_costmap.local_costmap]: StaticLayer: "map" passed to lookupTransform argument target_frame does not exist. 
[planner_server-6] [INFO] [1783067573.914857083] [global_costmap.global_costmap]: Timed out waiting for transform from base_link to map to become available, tf error: Invalid frame ID "map" passed to canTransform argument target_frame - frame does not exist
[controller_server-4] [ERROR] [1783067574.041180293] [local_costmap.local_costmap]: StaticLayer: "map" passed to lookupTransform argument target_frame does not exist. 
[planner_server-6] [INFO] [1783067574.414854384] [global_costmap.global_costmap]: Timed out waiting for transform from base_link to map to become available, tf error: Invalid frame ID "map" passed to canTransform argument target_frame - frame does not exist
[controller_server-4] [ERROR] [1783067574.441176668] [local_costmap.local_costmap]: StaticLayer: "map" passed to lookupTransform argument target_frame does not exist. 
[controller_server-4] [ERROR] [1783067574.748077029] [local_costmap.local_costmap]: StaticLayer: "map" passed to lookupTransform argument target_frame does not exist. 
[planner_server-6] [INFO] [1783067574.914868185] [global_costmap.global_costmap]: Timed out waiting for transform from base_link to map to become available, tf error: Invalid frame ID "map" passed to canTransform argument target_frame - frame does not exist
[controller_server-4] [ERROR] [1783067575.054475225] [local_costmap.local_costmap]: StaticLayer: "map" passed to lookupTransform argument target_frame does not exist. 
[planner_server-6] [INFO] [1783067575.414963986] [global_costmap.global_costmap]: Timed out waiting for transform from base_link to map to become available, tf error: Invalid frame ID "map" passed to canTransform argument target_frame - frame does not exist
[amcl-2] [WARN] [1783067575.434896813] [amcl]: AMCL cannot publish a pose or update the transform. Please set the initial pose...
[controller_server-4] [ERROR] [1783067575.454713265] [local_costmap.local_costmap]: StaticLayer: "map" passed to lookupTransform argument target_frame does not exist. 
[controller_server-4] [ERROR] [1783067575.761025836] [local_costmap.local_costmap]: StaticLayer: "map" passed to lookupTransform argument target_frame does not exist. 
[planner_server-6] [INFO] [1783067575.914915329] [global_costmap.global_costmap]: Timed out waiting for transform from base_link to map to become available, tf error: Invalid frame ID "map" passed to canTransform argument target_frame - frame does not exist
[controller_server-4] [ERROR] [1783067576.067765781] [local_costmap.local_costmap]: StaticLayer: "map" passed to lookupTransform argument target_frame does not exist. 
[planner_server-6] [INFO] [1783067576.414941297] [global_costmap.global_costmap]: Timed out waiting for transform from base_link to map to become available, tf error: Invalid frame ID "map" passed to canTransform argument target_frame - frame does not exist
[controller_server-4] [ERROR] [1783067576.466951364] [local_costmap.local_costmap]: StaticLayer: "map" passed to lookupTransform argument target_frame does not exist. 
[controller_server-4] [ERROR] [1783067576.773241434] [local_costmap.local_costmap]: StaticLayer: "map" passed to lookupTransform argument target_frame does not exist. 
[planner_server-6] [INFO] [1783067576.914836598] [global_costmap.global_costmap]: Timed out waiting for transform from base_link to map to become available, tf error: Invalid frame ID "map" passed to canTransform argument target_frame - frame does not exist
[controller_server-4] [ERROR] [1783067577.080489129] [local_costmap.local_costmap]: StaticLayer: "map" passed to lookupTransform argument target_frame does not exist. 
[planner_server-6] [INFO] [1783067577.414862857] [global_costmap.global_costmap]: Timed out waiting for transform from base_link to map to become available, tf error: Invalid frame ID "map" passed to canTransform argument target_frame - frame does not exist
[controller_server-4] [ERROR] [1783067577.480466670] [local_costmap.local_costmap]: StaticLayer: "map" passed to lookupTransform argument target_frame does not exist. 
[amcl-2] [WARN] [1783067577.522568782] [amcl]: AMCL cannot publish a pose or update the transform. Please set the initial pose...
[controller_server-4] [ERROR] [1783067577.786929282] [local_costmap.local_costmap]: StaticLayer: "map" passed to lookupTransform argument target_frame does not exist. 
[planner_server-6] [INFO] [1783067577.914878450] [global_costmap.global_costmap]: Timed out waiting for transform from base_link to map to become available, tf error: Invalid frame ID "map" passed to canTransform argument target_frame - frame does not exist
[controller_server-4] [ERROR] [1783067578.093693352] [local_costmap.local_costmap]: StaticLayer: "map" passed to lookupTransform argument target_frame does not exist. 
[planner_server-6] [INFO] [1783067578.414840668] [global_costmap.global_costmap]: Timed out waiting for transform from base_link to map to become available, tf error: Invalid frame ID "map" passed to canTransform argument target_frame - frame does not exist
[controller_server-4] [ERROR] [1783067578.493450810] [local_costmap.local_costmap]: StaticLayer: "map" passed to lookupTransform argument target_frame does not exist. 
[controller_server-4] [ERROR] [1783067578.799524130] [local_costmap.local_costmap]: StaticLayer: "map" passed to lookupTransform argument target_frame does not exist. 
[planner_server-6] [INFO] [1783067578.915164719] [global_costmap.global_costmap]: Timed out waiting for transform from base_link to map to become available, tf error: Invalid frame ID "map" passed to canTransform argument target_frame - frame does not exist
[controller_server-4] [ERROR] [1783067579.105734409] [local_costmap.local_costmap]: StaticLayer: "map" passed to lookupTransform argument target_frame does not exist. 
[planner_server-6] [INFO] [1783067579.414855145] [global_costmap.global_costmap]: Timed out waiting for transform from base_link to map to become available, tf error: Invalid frame ID "map" passed to canTransform argument target_frame - frame does not exist
[controller_server-4] [ERROR] [1783067579.505974117] [local_costmap.local_costmap]: StaticLayer: "map" passed to lookupTransform argument target_frame does not exist. 
[amcl-2] [WARN] [1783067579.620895455] [amcl]: AMCL cannot publish a pose or update the transform. Please set the initial pose...
[controller_server-4] [ERROR] [1783067579.812997895] [local_costmap.local_costmap]: StaticLayer: "map" passed to lookupTransform argument target_frame does not exist. 
[planner_server-6] [INFO] [1783067579.914870155] [global_costmap.global_costmap]: Timed out waiting for transform from base_link to map to become available, tf error: Invalid frame ID "map" passed to canTransform argument target_frame - frame does not exist
[controller_server-4] [ERROR] [1783067580.119363340] [local_costmap.local_costmap]: StaticLayer: "map" passed to lookupTransform argument target_frame does not exist. 
[planner_server-6] [INFO] [1783067580.414837539] [global_costmap.global_costmap]: Timed out waiting for transform from base_link to map to become available, tf error: Invalid frame ID "map" passed to canTransform argument target_frame - frame does not exist
[controller_server-4] [ERROR] [1783067580.519858298] [local_costmap.local_costmap]: StaticLayer: "map" passed to lookupTransform argument target_frame does not exist. 
[controller_server-4] [ERROR] [1783067580.826524785] [local_costmap.local_costmap]: StaticLayer: "map" passed to lookupTransform argument target_frame does not exist. 
[planner_server-6] [INFO] [1783067580.914868382] [global_costmap.global_costmap]: Timed out waiting for transform from base_link to map to become available, tf error: Invalid frame ID "map" passed to canTransform argument target_frame - frame does not exist
[controller_server-4] [ERROR] [1783067581.133110647] [local_costmap.local_costmap]: StaticLayer: "map" passed to lookupTransform argument target_frame does not exist. 
[planner_server-6] [INFO] [1783067581.414836933] [global_costmap.global_costmap]: Timed out waiting for transform from base_link to map to become available, tf error: Invalid frame ID "map" passed to canTransform argument target_frame - frame does not exist
[controller_server-4] [ERROR] [1783067581.533674479] [local_costmap.local_costmap]: StaticLayer: "map" passed to lookupTransform argument target_frame does not exist. 
[amcl-2] [WARN] [1783067581.624159242] [amcl]: AMCL cannot publish a pose or update the transform. Please set the initial pose...
[controller_server-4] [ERROR] [1783067581.840239341] [local_costmap.local_costmap]: StaticLayer: "map" passed to lookupTransform argument target_frame does not exist. 
[planner_server-6] [INFO] [1783067581.914864693] [global_costmap.global_costmap]: Timed out waiting for transform from base_link to map to become available, tf error: Invalid frame ID "map" passed to canTransform argument target_frame - frame does not exist
[controller_server-4] [ERROR] [1783067582.146987703] [local_costmap.local_costmap]: StaticLayer: "map" passed to lookupTransform argument target_frame does not exist. 
[planner_server-6] [INFO] [1783067582.414783702] [global_costmap.global_costmap]: Timed out waiting for transform from base_link to map to become available, tf error: Invalid frame ID "map" passed to canTransform argument target_frame - frame does not exist
[controller_server-4] [ERROR] [1783067582.546923952] [local_costmap.local_costmap]: StaticLayer: "map" passed to lookupTransform argument target_frame does not exist. 
[controller_server-4] [ERROR] [1783067582.853390564] [local_costmap.local_costmap]: StaticLayer: "map" passed to lookupTransform argument target_frame does not exist. 
[planner_server-6] [INFO] [1783067582.914852420] [global_costmap.global_costmap]: Timed out waiting for transform from base_link to map to become available, tf error: Invalid frame ID "map" passed to canTransform argument target_frame - frame does not exist
[controller_server-4] [ERROR] [1783067583.159949843] [local_costmap.local_costmap]: StaticLayer: "map" passed to lookupTransform argument target_frame does not exist. 
[planner_server-6] [INFO] [1783067583.414819305] [global_costmap.global_costmap]: Timed out waiting for transform from base_link to map to become available, tf error: Invalid frame ID "map" passed to canTransform argument target_frame - frame does not exist
[controller_server-4] [ERROR] [1783067583.560725592] [local_costmap.local_costmap]: StaticLayer: "map" passed to lookupTransform argument target_frame does not exist. 
[amcl-2] [WARN] [1783067583.718915834] [amcl]: AMCL cannot publish a pose or update the transform. Please set the initial pose...
[controller_server-4] [ERROR] [1783067583.866967162] [local_costmap.local_costmap]: StaticLayer: "map" passed to lookupTransform argument target_frame does not exist. 
[planner_server-6] [INFO] [1783067583.914916481] [global_costmap.global_costmap]: Timed out waiting for transform from base_link to map to become available, tf error: Invalid frame ID "map" passed to canTransform argument target_frame - frame does not exist
[controller_server-4] [ERROR] [1783067584.173246441] [local_costmap.local_costmap]: StaticLayer: "map" passed to lookupTransform argument target_frame does not exist. 
[planner_server-6] [INFO] [1783067584.414838865] [global_costmap.global_costmap]: Timed out waiting for transform from base_link to map to become available, tf error: Invalid frame ID "map" passed to canTransform argument target_frame - frame does not exist
[controller_server-4] [ERROR] [1783067584.573712940] [local_costmap.local_costmap]: StaticLayer: "map" passed to lookupTransform argument target_frame does not exist. 
[controller_server-4] [ERROR] [1783067584.881131510] [local_costmap.local_costmap]: StaticLayer: "map" passed to lookupTransform argument target_frame does not exist. 
[planner_server-6] [INFO] [1783067584.914867000] [global_costmap.global_costmap]: Timed out waiting for transform from base_link to map to become available, tf error: Invalid frame ID "map" passed to canTransform argument target_frame - frame does not exist
[controller_server-4] [ERROR] [1783067585.187503664] [local_costmap.local_costmap]: StaticLayer: "map" passed to lookupTransform argument target_frame does not exist. 
[planner_server-6] [INFO] [1783067585.414853343] [global_costmap.global_costmap]: Timed out waiting for transform from base_link to map to become available, tf error: Invalid frame ID "map" passed to canTransform argument target_frame - frame does not exist
[controller_server-4] [ERROR] [1783067585.588474121] [local_costmap.local_costmap]: StaticLayer: "map" passed to lookupTransform argument target_frame does not exist. 
[amcl-2] [WARN] [1783067585.822898631] [amcl]: AMCL cannot publish a pose or update the transform. Please set the initial pose...
[controller_server-4] [ERROR] [1783067585.895061400] [local_costmap.local_costmap]: StaticLayer: "map" passed to lookupTransform argument target_frame does not exist. 
[planner_server-6] [INFO] [1783067585.914868560] [global_costmap.global_costmap]: Timed out waiting for transform from base_link to map to become available, tf error: Invalid frame ID "map" passed to canTransform argument target_frame - frame does not exist
[controller_server-4] [ERROR] [1783067586.201608262] [local_costmap.local_costmap]: StaticLayer: "map" passed to lookupTransform argument target_frame does not exist. 
[planner_server-6] [INFO] [1783067586.414839195] [global_costmap.global_costmap]: Timed out waiting for transform from base_link to map to become available, tf error: Invalid frame ID "map" passed to canTransform argument target_frame - frame does not exist
[controller_server-4] [ERROR] [1783067586.601754386] [local_costmap.local_costmap]: StaticLayer: "map" passed to lookupTransform argument target_frame does not exist. 
[controller_server-4] [ERROR] [1783067586.908652331] [local_costmap.local_costmap]: StaticLayer: "map" passed to lookupTransform argument target_frame does not exist. 
[planner_server-6] [INFO] [1783067586.914838330] [global_costmap.global_costmap]: Timed out waiting for transform from base_link to map to become available, tf error: Invalid frame ID "map" passed to canTransform argument target_frame - frame does not exist
[controller_server-4] [ERROR] [1783067587.215225068] [local_costmap.local_costmap]: StaticLayer: "map" passed to lookupTransform argument target_frame does not exist. 
[planner_server-6] [INFO] [1783067587.414844256] [global_costmap.global_costmap]: Timed out waiting for transform from base_link to map to become available, tf error: Invalid frame ID "map" passed to canTransform argument target_frame - frame does not exist
[controller_server-4] [ERROR] [1783067587.615456401] [local_costmap.local_costmap]: StaticLayer: "map" passed to lookupTransform argument target_frame does not exist. 
[planner_server-6] [INFO] [1783067587.914994057] [global_costmap.global_costmap]: Timed out waiting for transform from base_link to map to become available, tf error: Invalid frame ID "map" passed to canTransform argument target_frame - frame does not exist
[amcl-2] [WARN] [1783067587.916857348] [amcl]: AMCL cannot publish a pose or update the transform. Please set the initial pose...
[controller_server-4] [ERROR] [1783067587.922360971] [local_costmap.local_costmap]: StaticLayer: "map" passed to lookupTransform argument target_frame does not exist. 
[controller_server-4] [ERROR] [1783067588.229725916] [local_costmap.local_costmap]: StaticLayer: "map" passed to lookupTransform argument target_frame does not exist. 
[planner_server-6] [INFO] [1783067588.414841692] [global_costmap.global_costmap]: Timed out waiting for transform from base_link to map to become available, tf error: Invalid frame ID "map" passed to canTransform argument target_frame - frame does not exist
[controller_server-4] [ERROR] [1783067588.629679541] [local_costmap.local_costmap]: StaticLayer: "map" passed to lookupTransform argument target_frame does not exist. 
[planner_server-6] [INFO] [1783067588.914840534] [global_costmap.global_costmap]: Timed out waiting for transform from base_link to map to become available, tf error: Invalid frame ID "map" passed to canTransform argument target_frame - frame does not exist
[controller_server-4] [ERROR] [1783067588.936646444] [local_costmap.local_costmap]: StaticLayer: "map" passed to lookupTransform argument target_frame does not exist. 
[controller_server-4] [ERROR] [1783067589.243357181] [local_costmap.local_costmap]: StaticLayer: "map" passed to lookupTransform argument target_frame does not exist. 
[planner_server-6] [INFO] [1783067589.414850627] [global_costmap.global_costmap]: Timed out waiting for transform from base_link to map to become available, tf error: Invalid frame ID "map" passed to canTransform argument target_frame - frame does not exist
[controller_server-4] [ERROR] [1783067589.643067847] [local_costmap.local_costmap]: StaticLayer: "map" passed to lookupTransform argument target_frame does not exist. 
[planner_server-6] [INFO] [1783067589.914837929] [global_costmap.global_costmap]: Timed out waiting for transform from base_link to map to become available, tf error: Invalid frame ID "map" passed to canTransform argument target_frame - frame does not exist
[controller_server-4] [ERROR] [1783067589.950181584] [local_costmap.local_costmap]: StaticLayer: "map" passed to lookupTransform argument target_frame does not exist. 
[amcl-2] [WARN] [1783067590.018526771] [amcl]: AMCL cannot publish a pose or update the transform. Please set the initial pose...
[controller_server-4] [ERROR] [1783067590.256675488] [local_costmap.local_costmap]: StaticLayer: "map" passed to lookupTransform argument target_frame does not exist. 
[planner_server-6] [INFO] [1783067590.414841813] [global_costmap.global_costmap]: Timed out waiting for transform from base_link to map to become available, tf error: Invalid frame ID "map" passed to canTransform argument target_frame - frame does not exist
[controller_server-4] [ERROR] [1783067590.656912195] [local_costmap.local_costmap]: StaticLayer: "map" passed to lookupTransform argument target_frame does not exist. 
[planner_server-6] [INFO] [1783067590.914843489] [global_costmap.global_costmap]: Timed out waiting for transform from base_link to map to become available, tf error: Invalid frame ID "map" passed to canTransform argument target_frame - frame does not exist
[controller_server-4] [ERROR] [1783067590.963480807] [local_costmap.local_costmap]: StaticLayer: "map" passed to lookupTransform argument target_frame does not exist. 
[controller_server-4] [ERROR] [1783067591.269625045] [local_costmap.local_costmap]: StaticLayer: "map" passed to lookupTransform argument target_frame does not exist. 
[planner_server-6] [INFO] [1783067591.414986749] [global_costmap.global_costmap]: Timed out waiting for transform from base_link to map to become available, tf error: Invalid frame ID "map" passed to canTransform argument target_frame - frame does not exist
[controller_server-4] [ERROR] [1783067591.670098252] [local_costmap.local_costmap]: StaticLayer: "map" passed to lookupTransform argument target_frame does not exist. 
[planner_server-6] [INFO] [1783067591.914864884] [global_costmap.global_costmap]: Timed out waiting for transform from base_link to map to become available, tf error: Invalid frame ID "map" passed to canTransform argument target_frame - frame does not exist
[controller_server-4] [ERROR] [1783067591.978924488] [local_costmap.local_costmap]: StaticLayer: "map" passed to lookupTransform argument target_frame does not exist. 
[amcl-2] [WARN] [1783067592.116009112] [amcl]: AMCL cannot publish a pose or update the transform. Please set the initial pose...
[controller_server-4] [ERROR] [1783067592.285663017] [local_costmap.local_costmap]: StaticLayer: "map" passed to lookupTransform argument target_frame does not exist. 
[planner_server-6] [INFO] [1783067592.414877810] [global_costmap.global_costmap]: Timed out waiting for transform from base_link to map to become available, tf error: Invalid frame ID "map" passed to canTransform argument target_frame - frame does not exist
[controller_server-4] [ERROR] [1783067592.685537891] [local_costmap.local_costmap]: StaticLayer: "map" passed to lookupTransform argument target_frame does not exist. 
[planner_server-6] [INFO] [1783067592.914942778] [global_costmap.global_costmap]: Timed out waiting for transform from base_link to map to become available, tf error: Invalid frame ID "map" passed to canTransform argument target_frame - frame does not exist
[controller_server-4] [ERROR] [1783067592.991713920] [local_costmap.local_costmap]: StaticLayer: "map" passed to lookupTransform argument target_frame does not exist. 
[controller_server-4] [ERROR] [1783067593.298855865] [local_costmap.local_costmap]: StaticLayer: "map" passed to lookupTransform argument target_frame does not exist. 
[planner_server-6] [INFO] [1783067593.414843246] [global_costmap.global_costmap]: Timed out waiting for transform from base_link to map to become available, tf error: Invalid frame ID "map" passed to canTransform argument target_frame - frame does not exist
[controller_server-4] [ERROR] [1783067593.698242698] [local_costmap.local_costmap]: StaticLayer: "map" passed to lookupTransform argument target_frame does not exist. 
[planner_server-6] [INFO] [1783067593.914897880] [global_costmap.global_costmap]: Timed out waiting for transform from base_link to map to become available, tf error: Invalid frame ID "map" passed to canTransform argument target_frame - frame does not exist
[controller_server-4] [ERROR] [1783067594.004805519] [local_costmap.local_costmap]: StaticLayer: "map" passed to lookupTransform argument target_frame does not exist. 
[amcl-2] [WARN] [1783067594.213882661] [amcl]: AMCL cannot publish a pose or update the transform. Please set the initial pose...
[controller_server-4] [ERROR] [1783067594.312028089] [local_costmap.local_costmap]: StaticLayer: "map" passed to lookupTransform argument target_frame does not exist. 
[planner_server-6] [INFO] [1783067594.414842348] [global_costmap.global_costmap]: Timed out waiting for transform from base_link to map to become available, tf error: Invalid frame ID "map" passed to canTransform argument target_frame - frame does not exist
[controller_server-4] [ERROR] [1783067594.712497005] [local_costmap.local_costmap]: StaticLayer: "map" passed to lookupTransform argument target_frame does not exist. 
[planner_server-6] [INFO] [1783067594.914879150] [global_costmap.global_costmap]: Timed out waiting for transform from base_link to map to become available, tf error: Invalid frame ID "map" passed to canTransform argument target_frame - frame does not exist
[controller_server-4] [ERROR] [1783067595.020894033] [local_costmap.local_costmap]: StaticLayer: "map" passed to lookupTransform argument target_frame does not exist. 
[controller_server-4] [ERROR] [1783067595.327442978] [local_costmap.local_costmap]: StaticLayer: "map" passed to lookupTransform argument target_frame does not exist. 
[planner_server-6] [INFO] [1783067595.414839159] [global_costmap.global_costmap]: Timed out waiting for transform from base_link to map to become available, tf error: Invalid frame ID "map" passed to canTransform argument target_frame - frame does not exist
[controller_server-4] [ERROR] [1783067595.727494936] [local_costmap.local_costmap]: StaticLayer: "map" passed to lookupTransform argument target_frame does not exist. 
[planner_server-6] [INFO] [1783067595.915119585] [global_costmap.global_costmap]: Timed out waiting for transform from base_link to map to become available, tf error: Invalid frame ID "map" passed to canTransform argument target_frame - frame does not exist
[controller_server-4] [ERROR] [1783067596.034177756] [local_costmap.local_costmap]: StaticLayer: "map" passed to lookupTransform argument target_frame does not exist. 
[amcl-2] [WARN] [1783067596.314177377] [amcl]: AMCL cannot publish a pose or update the transform. Please set the initial pose...
[controller_server-4] [ERROR] [1783067596.341097160] [local_costmap.local_costmap]: StaticLayer: "map" passed to lookupTransform argument target_frame does not exist. 
[planner_server-6] [INFO] [1783067596.414832970] [global_costmap.global_costmap]: Timed out waiting for transform from base_link to map to become available, tf error: Invalid frame ID "map" passed to canTransform argument target_frame - frame does not exist
[controller_server-4] [ERROR] [1783067596.740601784] [local_costmap.local_costmap]: StaticLayer: "map" passed to lookupTransform argument target_frame does not exist. 
[planner_server-6] [INFO] [1783067596.914830563] [global_costmap.global_costmap]: Timed out waiting for transform from base_link to map to become available, tf error: Invalid frame ID "map" passed to canTransform argument target_frame - frame does not exist
[controller_server-4] [ERROR] [1783067597.046627855] [local_costmap.local_costmap]: StaticLayer: "map" passed to lookupTransform argument target_frame does not exist. 
[controller_server-4] [ERROR] [1783067597.353263717] [local_costmap.local_costmap]: StaticLayer: "map" passed to lookupTransform argument target_frame does not exist. 
[planner_server-6] [INFO] [1783067597.414829864] [global_costmap.global_costmap]: Timed out waiting for transform from base_link to map to become available, tf error: Invalid frame ID "map" passed to canTransform argument target_frame - frame does not exist
[controller_server-4] [ERROR] [1783067597.753325883] [local_costmap.local_costmap]: StaticLayer: "map" passed to lookupTransform argument target_frame does not exist. 
[planner_server-6] [INFO] [1783067597.914836749] [global_costmap.global_costmap]: Timed out waiting for transform from base_link to map to become available, tf error: Invalid frame ID "map" passed to canTransform argument target_frame - frame does not exist
[controller_server-4] [ERROR] [1783067598.060303828] [local_costmap.local_costmap]: StaticLayer: "map" passed to lookupTransform argument target_frame does not exist. 
[controller_server-4] [ERROR] [1783067598.366683940] [local_costmap.local_costmap]: StaticLayer: "map" passed to lookupTransform argument target_frame does not exist. 
[planner_server-6] [INFO] [1783067598.414854509] [global_costmap.global_costmap]: Timed out waiting for transform from base_link to map to become available, tf error: Invalid frame ID "map" passed to canTransform argument target_frame - frame does not exist
[amcl-2] [WARN] [1783067598.417944508] [amcl]: AMCL cannot publish a pose or update the transform. Please set the initial pose...
[controller_server-4] [ERROR] [1783067598.767046148] [local_costmap.local_costmap]: StaticLayer: "map" passed to lookupTransform argument target_frame does not exist. 
[planner_server-6] [INFO] [1783067598.914868227] [global_costmap.global_costmap]: Timed out waiting for transform from base_link to map to become available, tf error: Invalid frame ID "map" passed to canTransform argument target_frame - frame does not exist
[controller_server-4] [ERROR] [1783067599.073841260] [local_costmap.local_costmap]: StaticLayer: "map" passed to lookupTransform argument target_frame does not exist. 
[controller_server-4] [ERROR] [1783067599.380151497] [local_costmap.local_costmap]: StaticLayer: "map" passed to lookupTransform argument target_frame does not exist. 
[planner_server-6] [INFO] [1783067599.414837445] [global_costmap.global_costmap]: Timed out waiting for transform from base_link to map to become available, tf error: Invalid frame ID "map" passed to canTransform argument target_frame - frame does not exist
[controller_server-4] [ERROR] [1783067599.780323622] [local_costmap.local_costmap]: StaticLayer: "map" passed to lookupTransform argument target_frame does not exist. 
[planner_server-6] [INFO] [1783067599.914879079] [global_costmap.global_costmap]: Timed out waiting for transform from base_link to map to become available, tf error: Invalid frame ID "map" passed to canTransform argument target_frame - frame does not exist
[controller_server-4] [ERROR] [1783067600.086854734] [local_costmap.local_costmap]: StaticLayer: "map" passed to lookupTransform argument target_frame does not exist. 
[controller_server-4] [ERROR] [1783067600.393493762] [local_costmap.local_costmap]: StaticLayer: "map" passed to lookupTransform argument target_frame does not exist. 
[planner_server-6] [INFO] [1783067600.414879922] [global_costmap.global_costmap]: Timed out waiting for transform from base_link to map to become available, tf error: Invalid frame ID "map" passed to canTransform argument target_frame - frame does not exist
[amcl-2] [WARN] [1783067600.508334643] [amcl]: AMCL cannot publish a pose or update the transform. Please set the initial pose...
[controller_server-4] [ERROR] [1783067600.794117095] [local_costmap.local_costmap]: StaticLayer: "map" passed to lookupTransform argument target_frame does not exist. 
[planner_server-6] [INFO] [1783067600.914840432] [global_costmap.global_costmap]: Timed out waiting for transform from base_link to map to become available, tf error: Invalid frame ID "map" passed to canTransform argument target_frame - frame does not exist
[controller_server-4] [ERROR] [1783067601.101060457] [local_costmap.local_costmap]: StaticLayer: "map" passed to lookupTransform argument target_frame does not exist. 
[controller_server-4] [ERROR] [1783067601.407561194] [local_costmap.local_costmap]: StaticLayer: "map" passed to lookupTransform argument target_frame does not exist. 
[planner_server-6] [INFO] [1783067601.414833192] [global_costmap.global_costmap]: Timed out waiting for transform from base_link to map to become available, tf error: Invalid frame ID "map" passed to canTransform argument target_frame - frame does not exist
[controller_server-4] [ERROR] [1783067601.807545443] [local_costmap.local_costmap]: StaticLayer: "map" passed to lookupTransform argument target_frame does not exist. 
[planner_server-6] [INFO] [1783067601.914905868] [global_costmap.global_costmap]: Timed out waiting for transform from base_link to map to become available, tf error: Invalid frame ID "map" passed to canTransform argument target_frame - frame does not exist
[controller_server-4] [ERROR] [1783067602.114787639] [local_costmap.local_costmap]: StaticLayer: "map" passed to lookupTransform argument target_frame does not exist. 
[planner_server-6] [INFO] [1783067602.414847753] [global_costmap.global_costmap]: Timed out waiting for transform from base_link to map to become available, tf error: Invalid frame ID "map" passed to canTransform argument target_frame - frame does not exist
[controller_server-4] [ERROR] [1783067602.421290126] [local_costmap.local_costmap]: StaticLayer: "map" passed to lookupTransform argument target_frame does not exist. 
[amcl-2] [WARN] [1783067602.606527401] [amcl]: AMCL cannot publish a pose or update the transform. Please set the initial pose...
[controller_server-4] [ERROR] [1783067602.821458792] [local_costmap.local_costmap]: StaticLayer: "map" passed to lookupTransform argument target_frame does not exist. 
[planner_server-6] [INFO] [1783067602.914787304] [global_costmap.global_costmap]: Timed out waiting for transform from base_link to map to become available, tf error: Invalid frame ID "map" passed to canTransform argument target_frame - frame does not exist
[controller_server-4] [ERROR] [1783067603.128610237] [local_costmap.local_costmap]: StaticLayer: "map" passed to lookupTransform argument target_frame does not exist. 
[planner_server-6] [INFO] [1783067603.414829189] [global_costmap.global_costmap]: Timed out waiting for transform from base_link to map to become available, tf error: Invalid frame ID "map" passed to canTransform argument target_frame - frame does not exist
[controller_server-4] [ERROR] [1783067603.435282057] [local_costmap.local_costmap]: StaticLayer: "map" passed to lookupTransform argument target_frame does not exist. 
[controller_server-4] [ERROR] [1783067603.835240682] [local_costmap.local_costmap]: StaticLayer: "map" passed to lookupTransform argument target_frame does not exist. 
[planner_server-6] [INFO] [1783067603.914832740] [global_costmap.global_costmap]: Timed out waiting for transform from base_link to map to become available, tf error: Invalid frame ID "map" passed to canTransform argument target_frame - frame does not exist
[controller_server-4] [ERROR] [1783067604.141751044] [local_costmap.local_costmap]: StaticLayer: "map" passed to lookupTransform argument target_frame does not exist. 
[planner_server-6] [INFO] [1783067604.414857667] [global_costmap.global_costmap]: Timed out waiting for transform from base_link to map to become available, tf error: Invalid frame ID "map" passed to canTransform argument target_frame - frame does not exist
[controller_server-4] [ERROR] [1783067604.448339031] [local_costmap.local_costmap]: StaticLayer: "map" passed to lookupTransform argument target_frame does not exist. 
[amcl-2] [WARN] [1783067604.705269950] [amcl]: AMCL cannot publish a pose or update the transform. Please set the initial pose...
[controller_server-4] [ERROR] [1783067604.848043739] [local_costmap.local_costmap]: StaticLayer: "map" passed to lookupTransform argument target_frame does not exist. 
[planner_server-6] [INFO] [1783067604.914831510] [global_costmap.global_costmap]: Timed out waiting for transform from base_link to map to become available, tf error: Invalid frame ID "map" passed to canTransform argument target_frame - frame does not exist
[controller_server-4] [ERROR] [1783067605.154517143] [local_costmap.local_costmap]: StaticLayer: "map" passed to lookupTransform argument target_frame does not exist. 
[planner_server-6] [INFO] [1783067605.414836061] [global_costmap.global_costmap]: Timed out waiting for transform from base_link to map to become available, tf error: Invalid frame ID "map" passed to canTransform argument target_frame - frame does not exist
[controller_server-4] [ERROR] [1783067605.460713547] [local_costmap.local_costmap]: StaticLayer: "map" passed to lookupTransform argument target_frame does not exist. 
[controller_server-4] [ERROR] [1783067605.861117046] [local_costmap.local_costmap]: StaticLayer: "map" passed to lookupTransform argument target_frame does not exist. 
[planner_server-6] [INFO] [1783067605.914852904] [global_costmap.global_costmap]: Timed out waiting for transform from base_link to map to become available, tf error: Invalid frame ID "map" passed to canTransform argument target_frame - frame does not exist
[controller_server-4] [ERROR] [1783067606.168295950] [local_costmap.local_costmap]: StaticLayer: "map" passed to lookupTransform argument target_frame does not exist. 
[planner_server-6] [INFO] [1783067606.414893664] [global_costmap.global_costmap]: Timed out waiting for transform from base_link to map to become available, tf error: Invalid frame ID "map" passed to canTransform argument target_frame - frame does not exist
[controller_server-4] [ERROR] [1783067606.474792270] [local_costmap.local_costmap]: StaticLayer: "map" passed to lookupTransform argument target_frame does not exist. 
[amcl-2] [WARN] [1783067606.803574417] [amcl]: AMCL cannot publish a pose or update the transform. Please set the initial pose...
[controller_server-4] [ERROR] [1783067606.874778144] [local_costmap.local_costmap]: StaticLayer: "map" passed to lookupTransform argument target_frame does not exist. 
[planner_server-6] [INFO] [1783067606.914885340] [global_costmap.global_costmap]: Timed out waiting for transform from base_link to map to become available, tf error: Invalid frame ID "map" passed to canTransform argument target_frame - frame does not exist
[controller_server-4] [ERROR] [1783067607.181278257] [local_costmap.local_costmap]: StaticLayer: "map" passed to lookupTransform argument target_frame does not exist. 
[planner_server-6] [INFO] [1783067607.414849350] [global_costmap.global_costmap]: Timed out waiting for transform from base_link to map to become available, tf error: Invalid frame ID "map" passed to canTransform argument target_frame - frame does not exist
[controller_server-4] [ERROR] [1783067607.488180452] [local_costmap.local_costmap]: StaticLayer: "map" passed to lookupTransform argument target_frame does not exist. 
[controller_server-4] [ERROR] [1783067607.888171576] [local_costmap.local_costmap]: StaticLayer: "map" passed to lookupTransform argument target_frame does not exist. 
[planner_server-6] [INFO] [1783067607.914849776] [global_costmap.global_costmap]: Timed out waiting for transform from base_link to map to become available, tf error: Invalid frame ID "map" passed to canTransform argument target_frame - frame does not exist
[controller_server-4] [ERROR] [1783067608.195123647] [local_costmap.local_costmap]: StaticLayer: "map" passed to lookupTransform argument target_frame does not exist. 
[planner_server-6] [INFO] [1783067608.414859744] [global_costmap.global_costmap]: Timed out waiting for transform from base_link to map to become available, tf error: Invalid frame ID "map" passed to canTransform argument target_frame - frame does not exist
[controller_server-4] [ERROR] [1783067608.501654384] [local_costmap.local_costmap]: StaticLayer: "map" passed to lookupTransform argument target_frame does not exist. 
[controller_server-4] [ERROR] [1783067608.901965383] [local_costmap.local_costmap]: StaticLayer: "map" passed to lookupTransform argument target_frame does not exist. 
[amcl-2] [WARN] [1783067608.908564631] [amcl]: AMCL cannot publish a pose or update the transform. Please set the initial pose...
[planner_server-6] [INFO] [1783067608.915285879] [global_costmap.global_costmap]: Timed out waiting for transform from base_link to map to become available, tf error: Invalid frame ID "map" passed to canTransform argument target_frame - frame does not exist
[controller_server-4] [ERROR] [1783067609.208630245] [local_costmap.local_costmap]: StaticLayer: "map" passed to lookupTransform argument target_frame does not exist. 
[planner_server-6] [INFO] [1783067609.414859806] [global_costmap.global_costmap]: Timed out waiting for transform from base_link to map to become available, tf error: Invalid frame ID "map" passed to canTransform argument target_frame - frame does not exist
[controller_server-4] [ERROR] [1783067609.515250982] [local_costmap.local_costmap]: StaticLayer: "map" passed to lookupTransform argument target_frame does not exist. 
[planner_server-6] [INFO] [1783067609.914834857] [global_costmap.global_costmap]: Timed out waiting for transform from base_link to map to become available, tf error: Invalid frame ID "map" passed to canTransform argument target_frame - frame does not exist
[controller_server-4] [ERROR] [1783067609.916107107] [local_costmap.local_costmap]: StaticLayer: "map" passed to lookupTransform argument target_frame does not exist. 
[controller_server-4] [ERROR] [1783067610.222440969] [local_costmap.local_costmap]: StaticLayer: "map" passed to lookupTransform argument target_frame does not exist. 
[planner_server-6] [INFO] [1783067610.414837700] [global_costmap.global_costmap]: Timed out waiting for transform from base_link to map to become available, tf error: Invalid frame ID "map" passed to canTransform argument target_frame - frame does not exist
[controller_server-4] [ERROR] [1783067610.528762206] [local_costmap.local_costmap]: StaticLayer: "map" passed to lookupTransform argument target_frame does not exist. 
[planner_server-6] [INFO] [1783067610.914872877] [global_costmap.global_costmap]: Timed out waiting for transform from base_link to map to become available, tf error: Invalid frame ID "map" passed to canTransform argument target_frame - frame does not exist
[controller_server-4] [ERROR] [1783067610.929304747] [local_costmap.local_costmap]: StaticLayer: "map" passed to lookupTransform argument target_frame does not exist. 
[amcl-2] [WARN] [1783067611.005016682] [amcl]: AMCL cannot publish a pose or update the transform. Please set the initial pose...
[controller_server-4] [ERROR] [1783067611.235551318] [local_costmap.local_costmap]: StaticLayer: "map" passed to lookupTransform argument target_frame does not exist. 
[planner_server-6] [INFO] [1783067611.415362845] [global_costmap.global_costmap]: Timed out waiting for transform from base_link to map to become available, tf error: Invalid frame ID "map" passed to canTransform argument target_frame - frame does not exist
[controller_server-4] [ERROR] [1783067611.541749097] [local_costmap.local_costmap]: StaticLayer: "map" passed to lookupTransform argument target_frame does not exist. 
[planner_server-6] [INFO] [1783067611.914834604] [global_costmap.global_costmap]: Timed out waiting for transform from base_link to map to become available, tf error: Invalid frame ID "map" passed to canTransform argument target_frame - frame does not exist
[controller_server-4] [ERROR] [1783067611.941752388] [local_costmap.local_costmap]: StaticLayer: "map" passed to lookupTransform argument target_frame does not exist. 
[controller_server-4] [ERROR] [1783067612.248517166] [local_costmap.local_costmap]: StaticLayer: "map" passed to lookupTransform argument target_frame does not exist. 
[planner_server-6] [INFO] [1783067612.414794156] [global_costmap.global_costmap]: Timed out waiting for transform from base_link to map to become available, tf error: Invalid frame ID "map" passed to canTransform argument target_frame - frame does not exist
[controller_server-4] [ERROR] [1783067612.555359612] [local_costmap.local_costmap]: StaticLayer: "map" passed to lookupTransform argument target_frame does not exist. 
[planner_server-6] [INFO] [1783067612.914830874] [global_costmap.global_costmap]: Timed out waiting for transform from base_link to map to become available, tf error: Invalid frame ID "map" passed to canTransform argument target_frame - frame does not exist
[controller_server-4] [ERROR] [1783067612.955034695] [local_costmap.local_costmap]: StaticLayer: "map" passed to lookupTransform argument target_frame does not exist. 
[amcl-2] [WARN] [1783067613.100927107] [amcl]: AMCL cannot publish a pose or update the transform. Please set the initial pose...
[controller_server-4] [ERROR] [1783067613.261714057] [local_costmap.local_costmap]: StaticLayer: "map" passed to lookupTransform argument target_frame does not exist. 
[planner_server-6] [INFO] [1783067613.414838467] [global_costmap.global_costmap]: Timed out waiting for transform from base_link to map to become available, tf error: Invalid frame ID "map" passed to canTransform argument target_frame - frame does not exist
[controller_server-4] [ERROR] [1783067613.568240627] [local_costmap.local_costmap]: StaticLayer: "map" passed to lookupTransform argument target_frame does not exist. 
[planner_server-6] [INFO] [1783067613.914831185] [global_costmap.global_costmap]: Timed out waiting for transform from base_link to map to become available, tf error: Invalid frame ID "map" passed to canTransform argument target_frame - frame does not exist
[controller_server-4] [ERROR] [1783067613.968581627] [local_costmap.local_costmap]: StaticLayer: "map" passed to lookupTransform argument target_frame does not exist. 
[controller_server-4] [ERROR] [1783067614.275781572] [local_costmap.local_costmap]: StaticLayer: "map" passed to lookupTransform argument target_frame does not exist. 
[planner_server-6] [INFO] [1783067614.414861278] [global_costmap.global_costmap]: Timed out waiting for transform from base_link to map to become available, tf error: Invalid frame ID "map" passed to canTransform argument target_frame - frame does not exist
[controller_server-4] [ERROR] [1783067614.582817434] [local_costmap.local_costmap]: StaticLayer: "map" passed to lookupTransform argument target_frame does not exist. 
[planner_server-6] [INFO] [1783067614.914840997] [global_costmap.global_costmap]: Timed out waiting for transform from base_link to map to become available, tf error: Invalid frame ID "map" passed to canTransform argument target_frame - frame does not exist
[controller_server-4] [ERROR] [1783067614.982363309] [local_costmap.local_costmap]: StaticLayer: "map" passed to lookupTransform argument target_frame does not exist. 
[amcl-2] [WARN] [1783067615.101717480] [amcl]: AMCL cannot publish a pose or update the transform. Please set the initial pose...
[controller_server-4] [ERROR] [1783067615.288967421] [local_costmap.local_costmap]: StaticLayer: "map" passed to lookupTransform argument target_frame does not exist. 
[planner_server-6] [INFO] [1783067615.414860423] [global_costmap.global_costmap]: Timed out waiting for transform from base_link to map to become available, tf error: Invalid frame ID "map" passed to canTransform argument target_frame - frame does not exist
[controller_server-4] [ERROR] [1783067615.595959450] [local_costmap.local_costmap]: StaticLayer: "map" passed to lookupTransform argument target_frame does not exist. 
[planner_server-6] [INFO] [1783067615.914838641] [global_costmap.global_costmap]: Timed out waiting for transform from base_link to map to become available, tf error: Invalid frame ID "map" passed to canTransform argument target_frame - frame does not exist
[controller_server-4] [ERROR] [1783067615.996692241] [local_costmap.local_costmap]: StaticLayer: "map" passed to lookupTransform argument target_frame does not exist. 
[controller_server-4] [ERROR] [1783067616.303462019] [local_costmap.local_costmap]: StaticLayer: "map" passed to lookupTransform argument target_frame does not exist. 
[planner_server-6] [INFO] [1783067616.414834526] [global_costmap.global_costmap]: Timed out waiting for transform from base_link to map to become available, tf error: Invalid frame ID "map" passed to canTransform argument target_frame - frame does not exist
[controller_server-4] [ERROR] [1783067616.609798798] [local_costmap.local_costmap]: StaticLayer: "map" passed to lookupTransform argument target_frame does not exist. 
[planner_server-6] [INFO] [1783067616.914834203] [global_costmap.global_costmap]: Timed out waiting for transform from base_link to map to become available, tf error: Invalid frame ID "map" passed to canTransform argument target_frame - frame does not exist
[controller_server-4] [ERROR] [1783067617.010055214] [local_costmap.local_costmap]: StaticLayer: "map" passed to lookupTransform argument target_frame does not exist. 
[amcl-2] [WARN] [1783067617.199854780] [amcl]: AMCL cannot publish a pose or update the transform. Please set the initial pose...
[controller_server-4] [ERROR] [1783067617.316479202] [local_costmap.local_costmap]: StaticLayer: "map" passed to lookupTransform argument target_frame does not exist. 
[planner_server-6] [INFO] [1783067617.414870087] [global_costmap.global_costmap]: Timed out waiting for transform from base_link to map to become available, tf error: Invalid frame ID "map" passed to canTransform argument target_frame - frame does not exist
[controller_server-4] [ERROR] [1783067617.623061064] [local_costmap.local_costmap]: StaticLayer: "map" passed to lookupTransform argument target_frame does not exist. 
[planner_server-6] [INFO] [1783067617.914841139] [global_costmap.global_costmap]: Timed out waiting for transform from base_link to map to become available, tf error: Invalid frame ID "map" passed to canTransform argument target_frame - frame does not exist
[controller_server-4] [ERROR] [1783067618.023028438] [local_costmap.local_costmap]: StaticLayer: "map" passed to lookupTransform argument target_frame does not exist. 
[controller_server-4] [ERROR] [1783067618.329656092] [local_costmap.local_costmap]: StaticLayer: "map" passed to lookupTransform argument target_frame does not exist. 
[planner_server-6] [INFO] [1783067618.414851649] [global_costmap.global_costmap]: Timed out waiting for transform from base_link to map to become available, tf error: Invalid frame ID "map" passed to canTransform argument target_frame - frame does not exist
[controller_server-4] [ERROR] [1783067618.636533996] [local_costmap.local_costmap]: StaticLayer: "map" passed to lookupTransform argument target_frame does not exist. 
[planner_server-6] [INFO] [1783067618.914842909] [global_costmap.global_costmap]: Timed out waiting for transform from base_link to map to become available, tf error: Invalid frame ID "map" passed to canTransform argument target_frame - frame does not exist
[controller_server-4] [ERROR] [1783067619.036762370] [local_costmap.local_costmap]: StaticLayer: "map" passed to lookupTransform argument target_frame does not exist. 
[amcl-2] [WARN] [1783067619.202720735] [amcl]: AMCL cannot publish a pose or update the transform. Please set the initial pose...
[controller_server-4] [ERROR] [1783067619.342933024] [local_costmap.local_costmap]: StaticLayer: "map" passed to lookupTransform argument target_frame does not exist. 
[planner_server-6] [INFO] [1783067619.414827127] [global_costmap.global_costmap]: Timed out waiting for transform from base_link to map to become available, tf error: Invalid frame ID "map" passed to canTransform argument target_frame - frame does not exist
[controller_server-4] [ERROR] [1783067619.649170470] [local_costmap.local_costmap]: StaticLayer: "map" passed to lookupTransform argument target_frame does not exist. 
[planner_server-6] [INFO] [1783067619.914986845] [global_costmap.global_costmap]: Timed out waiting for transform from base_link to map to become available, tf error: Invalid frame ID "map" passed to canTransform argument target_frame - frame does not exist
[controller_server-4] [ERROR] [1783067620.049735136] [local_costmap.local_costmap]: StaticLayer: "map" passed to lookupTransform argument target_frame does not exist. 
[controller_server-4] [ERROR] [1783067620.355845457] [local_costmap.local_costmap]: StaticLayer: "map" passed to lookupTransform argument target_frame does not exist. 
[planner_server-6] [INFO] [1783067620.414832355] [global_costmap.global_costmap]: Timed out waiting for transform from base_link to map to become available, tf error: Invalid frame ID "map" passed to canTransform argument target_frame - frame does not exist
[controller_server-4] [ERROR] [1783067620.662507569] [local_costmap.local_costmap]: StaticLayer: "map" passed to lookupTransform argument target_frame does not exist. 
[planner_server-6] [INFO] [1783067620.914874073] [global_costmap.global_costmap]: Timed out waiting for transform from base_link to map to become available, tf error: Invalid frame ID "map" passed to canTransform argument target_frame - frame does not exist
[controller_server-4] [ERROR] [1783067621.062555985] [local_costmap.local_costmap]: StaticLayer: "map" passed to lookupTransform argument target_frame does not exist. 
[amcl-2] [WARN] [1783067621.300040911] [amcl]: AMCL cannot publish a pose or update the transform. Please set the initial pose...
[controller_server-4] [ERROR] [1783067621.369356972] [local_costmap.local_costmap]: StaticLayer: "map" passed to lookupTransform argument target_frame does not exist. 
[planner_server-6] [INFO] [1783067621.414830291] [global_costmap.global_costmap]: Timed out waiting for transform from base_link to map to become available, tf error: Invalid frame ID "map" passed to canTransform argument target_frame - frame does not exist
[controller_server-4] [ERROR] [1783067621.676776209] [local_costmap.local_costmap]: StaticLayer: "map" passed to lookupTransform argument target_frame does not exist. 
[planner_server-6] [INFO] [1783067621.914853218] [global_costmap.global_costmap]: Timed out waiting for transform from base_link to map to become available, tf error: Invalid frame ID "map" passed to canTransform argument target_frame - frame does not exist
[controller_server-4] [ERROR] [1783067622.076567542] [local_costmap.local_costmap]: StaticLayer: "map" passed to lookupTransform argument target_frame does not exist. 
[controller_server-4] [ERROR] [1783067622.383338904] [local_costmap.local_costmap]: StaticLayer: "map" passed to lookupTransform argument target_frame does not exist. 
[planner_server-6] [INFO] [1783067622.414827519] [global_costmap.global_costmap]: Timed out waiting for transform from base_link to map to become available, tf error: Invalid frame ID "map" passed to canTransform argument target_frame - frame does not exist
[controller_server-4] [ERROR] [1783067622.690060350] [local_costmap.local_costmap]: StaticLayer: "map" passed to lookupTransform argument target_frame does not exist. 
[planner_server-6] [INFO] [1783067622.914828404] [global_costmap.global_costmap]: Timed out waiting for transform from base_link to map to become available, tf error: Invalid frame ID "map" passed to canTransform argument target_frame - frame does not exist
[controller_server-4] [ERROR] [1783067623.090406766] [local_costmap.local_costmap]: StaticLayer: "map" passed to lookupTransform argument target_frame does not exist. 
[amcl-2] [WARN] [1783067623.396196837] [amcl]: AMCL cannot publish a pose or update the transform. Please set the initial pose...
[controller_server-4] [ERROR] [1783067623.397063961] [local_costmap.local_costmap]: StaticLayer: "map" passed to lookupTransform argument target_frame does not exist. 
[planner_server-6] [INFO] [1783067623.414830623] [global_costmap.global_costmap]: Timed out waiting for transform from base_link to map to become available, tf error: Invalid frame ID "map" passed to canTransform argument target_frame - frame does not exist
[controller_server-4] [ERROR] [1783067623.703797324] [local_costmap.local_costmap]: StaticLayer: "map" passed to lookupTransform argument target_frame does not exist. 
[planner_server-6] [INFO] [1783067623.914834049] [global_costmap.global_costmap]: Timed out waiting for transform from base_link to map to become available, tf error: Invalid frame ID "map" passed to canTransform argument target_frame - frame does not exist
[controller_server-4] [ERROR] [1783067624.104158073] [local_costmap.local_costmap]: StaticLayer: "map" passed to lookupTransform argument target_frame does not exist. 
[controller_server-4] [ERROR] [1783067624.410799894] [local_costmap.local_costmap]: StaticLayer: "map" passed to lookupTransform argument target_frame does not exist. 
[planner_server-6] [INFO] [1783067624.414845476] [global_costmap.global_costmap]: Timed out waiting for transform from base_link to map to become available, tf error: Invalid frame ID "map" passed to canTransform argument target_frame - frame does not exist
[controller_server-4] [ERROR] [1783067624.717595297] [local_costmap.local_costmap]: StaticLayer: "map" passed to lookupTransform argument target_frame does not exist. 
[planner_server-6] [INFO] [1783067624.914840361] [global_costmap.global_costmap]: Timed out waiting for transform from base_link to map to become available, tf error: Invalid frame ID "map" passed to canTransform argument target_frame - frame does not exist
[controller_server-4] [ERROR] [1783067625.117506714] [local_costmap.local_costmap]: StaticLayer: "map" passed to lookupTransform argument target_frame does not exist. 
[planner_server-6] [INFO] [1783067625.414836329] [global_costmap.global_costmap]: Timed out waiting for transform from base_link to map to become available, tf error: Invalid frame ID "map" passed to canTransform argument target_frame - frame does not exist
[controller_server-4] [ERROR] [1783067625.423748159] [local_costmap.local_costmap]: StaticLayer: "map" passed to lookupTransform argument target_frame does not exist. 
[amcl-2] [WARN] [1783067625.493801762] [amcl]: AMCL cannot publish a pose or update the transform. Please set the initial pose...
[controller_server-4] [ERROR] [1783067625.734559562] [local_costmap.local_costmap]: StaticLayer: "map" passed to lookupTransform argument target_frame does not exist. 
[planner_server-6] [INFO] [1783067625.914839089] [global_costmap.global_costmap]: Timed out waiting for transform from base_link to map to become available, tf error: Invalid frame ID "map" passed to canTransform argument target_frame - frame does not exist
[controller_server-4] [ERROR] [1783067626.127764814] [local_costmap.local_costmap]: StaticLayer: "map" passed to lookupTransform argument target_frame does not exist. 
[planner_server-6] [INFO] [1783067626.414836057] [global_costmap.global_costmap]: Timed out waiting for transform from base_link to map to become available, tf error: Invalid frame ID "map" passed to canTransform argument target_frame - frame does not exist
[controller_server-4] [ERROR] [1783067626.436828300] [local_costmap.local_costmap]: StaticLayer: "map" passed to lookupTransform argument target_frame does not exist. 
[controller_server-4] [ERROR] [1783067626.740781872] [local_costmap.local_costmap]: StaticLayer: "map" passed to lookupTransform argument target_frame does not exist. 
[planner_server-6] [INFO] [1783067626.914839442] [global_costmap.global_costmap]: Timed out waiting for transform from base_link to map to become available, tf error: Invalid frame ID "map" passed to canTransform argument target_frame - frame does not exist
[controller_server-4] [ERROR] [1783067627.140062080] [local_costmap.local_costmap]: StaticLayer: "map" passed to lookupTransform argument target_frame does not exist. 
[planner_server-6] [INFO] [1783067627.414838410] [global_costmap.global_costmap]: Timed out waiting for transform from base_link to map to become available, tf error: Invalid frame ID "map" passed to canTransform argument target_frame - frame does not exist
[controller_server-4] [ERROR] [1783067627.445847984] [local_costmap.local_costmap]: StaticLayer: "map" passed to lookupTransform argument target_frame does not exist. 
[amcl-2] [WARN] [1783067627.497522759] [amcl]: AMCL cannot publish a pose or update the transform. Please set the initial pose...
[controller_server-4] [ERROR] [1783067627.752036513] [local_costmap.local_costmap]: StaticLayer: "map" passed to lookupTransform argument target_frame does not exist. 
[planner_server-6] [INFO] [1783067627.915087337] [global_costmap.global_costmap]: Timed out waiting for transform from base_link to map to become available, tf error: Invalid frame ID "map" passed to canTransform argument target_frame - frame does not exist
[controller_server-4] [ERROR] [1783067628.152268137] [local_costmap.local_costmap]: StaticLayer: "map" passed to lookupTransform argument target_frame does not exist. 
[planner_server-6] [INFO] [1783067628.414865472] [global_costmap.global_costmap]: Timed out waiting for transform from base_link to map to become available, tf error: Invalid frame ID "map" passed to canTransform argument target_frame - frame does not exist
[controller_server-4] [ERROR] [1783067628.458977708] [local_costmap.local_costmap]: StaticLayer: "map" passed to lookupTransform argument target_frame does not exist. 
[controller_server-4] [ERROR] [1783067628.765477029] [local_costmap.local_costmap]: StaticLayer: "map" passed to lookupTransform argument target_frame does not exist. 
[planner_server-6] [INFO] [1783067628.914842898] [global_costmap.global_costmap]: Timed out waiting for transform from base_link to map to become available, tf error: Invalid frame ID "map" passed to canTransform argument target_frame - frame does not exist
[controller_server-4] [ERROR] [1783067629.165110487] [local_costmap.local_costmap]: StaticLayer: "map" passed to lookupTransform argument target_frame does not exist. 
[planner_server-6] [INFO] [1783067629.414838283] [global_costmap.global_costmap]: Timed out waiting for transform from base_link to map to become available, tf error: Invalid frame ID "map" passed to canTransform argument target_frame - frame does not exist
[controller_server-4] [ERROR] [1783067629.470907391] [local_costmap.local_costmap]: StaticLayer: "map" passed to lookupTransform argument target_frame does not exist. 
[amcl-2] [WARN] [1783067629.591368395] [amcl]: AMCL cannot publish a pose or update the transform. Please set the initial pose...
[controller_server-4] [ERROR] [1783067629.776894087] [local_costmap.local_costmap]: StaticLayer: "map" passed to lookupTransform argument target_frame does not exist. 
[planner_server-6] [INFO] [1783067629.914844585] [global_costmap.global_costmap]: Timed out waiting for transform from base_link to map to become available, tf error: Invalid frame ID "map" passed to canTransform argument target_frame - frame does not exist
[controller_server-4] [ERROR] [1783067630.176983211] [local_costmap.local_costmap]: StaticLayer: "map" passed to lookupTransform argument target_frame does not exist. 
[planner_server-6] [INFO] [1783067630.414832845] [global_costmap.global_costmap]: Timed out waiting for transform from base_link to map to become available, tf error: Invalid frame ID "map" passed to canTransform argument target_frame - frame does not exist
[controller_server-4] [ERROR] [1783067630.478999991] [local_costmap.local_costmap]: StaticLayer: "map" passed to lookupTransform argument target_frame does not exist. 
[controller_server-4] [ERROR] [1783067630.784628771] [local_costmap.local_costmap]: StaticLayer: "map" passed to lookupTransform argument target_frame does not exist. 
[planner_server-6] [INFO] [1783067630.914848522] [global_costmap.global_costmap]: Timed out waiting for transform from base_link to map to become available, tf error: Invalid frame ID "map" passed to canTransform argument target_frame - frame does not exist
[controller_server-4] [ERROR] [1783067631.183485479] [local_costmap.local_costmap]: StaticLayer: "map" passed to lookupTransform argument target_frame does not exist. 
[planner_server-6] [INFO] [1783067631.414869115] [global_costmap.global_costmap]: Timed out waiting for transform from base_link to map to become available, tf error: Invalid frame ID "map" passed to canTransform argument target_frame - frame does not exist
[controller_server-4] [ERROR] [1783067631.486675426] [local_costmap.local_costmap]: StaticLayer: "map" passed to lookupTransform argument target_frame does not exist. 
[amcl-2] [WARN] [1783067631.597609724] [amcl]: AMCL cannot publish a pose or update the transform. Please set the initial pose...
[controller_server-4] [ERROR] [1783067631.796353120] [local_costmap.local_costmap]: StaticLayer: "map" passed to lookupTransform argument target_frame does not exist. 
[planner_server-6] [INFO] [1783067631.914938916] [global_costmap.global_costmap]: Timed out waiting for transform from base_link to map to become available, tf error: Invalid frame ID "map" passed to canTransform argument target_frame - frame does not exist
[controller_server-4] [ERROR] [1783067632.197063828] [local_costmap.local_costmap]: StaticLayer: "map" passed to lookupTransform argument target_frame does not exist. 
[planner_server-6] [INFO] [1783067632.414857135] [global_costmap.global_costmap]: Timed out waiting for transform from base_link to map to become available, tf error: Invalid frame ID "map" passed to canTransform argument target_frame - frame does not exist
[controller_server-4] [ERROR] [1783067632.503441982] [local_costmap.local_costmap]: StaticLayer: "map" passed to lookupTransform argument target_frame does not exist. 
[controller_server-4] [ERROR] [1783067632.809954511] [local_costmap.local_costmap]: StaticLayer: "map" passed to lookupTransform argument target_frame does not exist. 
[planner_server-6] [INFO] [1783067632.914847270] [global_costmap.global_costmap]: Timed out waiting for transform from base_link to map to become available, tf error: Invalid frame ID "map" passed to canTransform argument target_frame - frame does not exist
[controller_server-4] [ERROR] [1783067633.210420636] [local_costmap.local_costmap]: StaticLayer: "map" passed to lookupTransform argument target_frame does not exist. 
[planner_server-6] [INFO] [1783067633.414833238] [global_costmap.global_costmap]: Timed out waiting for transform from base_link to map to become available, tf error: Invalid frame ID "map" passed to canTransform argument target_frame - frame does not exist
[controller_server-4] [ERROR] [1783067633.516130915] [local_costmap.local_costmap]: StaticLayer: "map" passed to lookupTransform argument target_frame does not exist. 
[amcl-2] [WARN] [1783067633.692558318] [amcl]: AMCL cannot publish a pose or update the transform. Please set the initial pose...
[controller_server-4] [ERROR] [1783067633.822277152] [local_costmap.local_costmap]: StaticLayer: "map" passed to lookupTransform argument target_frame does not exist. 
[planner_server-6] [INFO] [1783067633.914854040] [global_costmap.global_costmap]: Timed out waiting for transform from base_link to map to become available, tf error: Invalid frame ID "map" passed to canTransform argument target_frame - frame does not exist
[controller_server-4] [ERROR] [1783067634.222986943] [local_costmap.local_costmap]: StaticLayer: "map" passed to lookupTransform argument target_frame does not exist. 
[planner_server-6] [INFO] [1783067634.414830508] [global_costmap.global_costmap]: Timed out waiting for transform from base_link to map to become available, tf error: Invalid frame ID "map" passed to canTransform argument target_frame - frame does not exist
[controller_server-4] [ERROR] [1783067634.528869972] [local_costmap.local_costmap]: StaticLayer: "map" passed to lookupTransform argument target_frame does not exist. 
[controller_server-4] [ERROR] [1783067634.835197126] [local_costmap.local_costmap]: StaticLayer: "map" passed to lookupTransform argument target_frame does not exist. 
[planner_server-6] [INFO] [1783067634.914846060] [global_costmap.global_costmap]: Timed out waiting for transform from base_link to map to become available, tf error: Invalid frame ID "map" passed to canTransform argument target_frame - frame does not exist
[controller_server-4] [ERROR] [1783067635.235250626] [local_costmap.local_costmap]: StaticLayer: "map" passed to lookupTransform argument target_frame does not exist. 
[planner_server-6] [INFO] [1783067635.414834945] [global_costmap.global_costmap]: Timed out waiting for transform from base_link to map to become available, tf error: Invalid frame ID "map" passed to canTransform argument target_frame - frame does not exist
[controller_server-4] [ERROR] [1783067635.536212198] [local_costmap.local_costmap]: StaticLayer: "map" passed to lookupTransform argument target_frame does not exist. 
[amcl-2] [WARN] [1783067635.695119565] [amcl]: AMCL cannot publish a pose or update the transform. Please set the initial pose...
[controller_server-4] [ERROR] [1783067635.837384104] [local_costmap.local_costmap]: StaticLayer: "map" passed to lookupTransform argument target_frame does not exist. 
[planner_server-6] [INFO] [1783067635.914851872] [global_costmap.global_costmap]: Timed out waiting for transform from base_link to map to become available, tf error: Invalid frame ID "map" passed to canTransform argument target_frame - frame does not exist
[controller_server-4] [ERROR] [1783067636.247012559] [local_costmap.local_costmap]: StaticLayer: "map" passed to lookupTransform argument target_frame does not exist. 
[planner_server-6] [INFO] [1783067636.414839548] [global_costmap.global_costmap]: Timed out waiting for transform from base_link to map to become available, tf error: Invalid frame ID "map" passed to canTransform argument target_frame - frame does not exist
[controller_server-4] [ERROR] [1783067636.556701129] [local_costmap.local_costmap]: StaticLayer: "map" passed to lookupTransform argument target_frame does not exist. 
[controller_server-4] [ERROR] [1783067636.863854158] [local_costmap.local_costmap]: StaticLayer: "map" passed to lookupTransform argument target_frame does not exist. 
[planner_server-6] [INFO] [1783067636.914892850] [global_costmap.global_costmap]: Timed out waiting for transform from base_link to map to become available, tf error: Invalid frame ID "map" passed to canTransform argument target_frame - frame does not exist
[controller_server-4] [ERROR] [1783067637.260328992] [local_costmap.local_costmap]: StaticLayer: "map" passed to lookupTransform argument target_frame does not exist. 
[planner_server-6] [INFO] [1783067637.414907277] [global_costmap.global_costmap]: Timed out waiting for transform from base_link to map to become available, tf error: Invalid frame ID "map" passed to canTransform argument target_frame - frame does not exist
[controller_server-4] [ERROR] [1783067637.566797187] [local_costmap.local_costmap]: StaticLayer: "map" passed to lookupTransform argument target_frame does not exist. 
[amcl-2] [WARN] [1783067637.790925992] [amcl]: AMCL cannot publish a pose or update the transform. Please set the initial pose...
[controller_server-4] [ERROR] [1783067637.872878550] [local_costmap.local_costmap]: StaticLayer: "map" passed to lookupTransform argument target_frame does not exist. 
[planner_server-6] [INFO] [1783067637.914843162] [global_costmap.global_costmap]: Timed out waiting for transform from base_link to map to become available, tf error: Invalid frame ID "map" passed to canTransform argument target_frame - frame does not exist
[controller_server-4] [ERROR] [1783067638.272841549] [local_costmap.local_costmap]: StaticLayer: "map" passed to lookupTransform argument target_frame does not exist. 
[planner_server-6] [INFO] [1783067638.414907630] [global_costmap.global_costmap]: Timed out waiting for transform from base_link to map to become available, tf error: Invalid frame ID "map" passed to canTransform argument target_frame - frame does not exist
[controller_server-4] [ERROR] [1783067638.579336328] [local_costmap.local_costmap]: StaticLayer: "map" passed to lookupTransform argument target_frame does not exist. 
[controller_server-4] [ERROR] [1783067638.885365983] [local_costmap.local_costmap]: StaticLayer: "map" passed to lookupTransform argument target_frame does not exist. 
[planner_server-6] [INFO] [1783067638.915266890] [global_costmap.global_costmap]: Timed out waiting for transform from base_link to map to become available, tf error: Invalid frame ID "map" passed to canTransform argument target_frame - frame does not exist
[controller_server-4] [ERROR] [1783067639.285251649] [local_costmap.local_costmap]: StaticLayer: "map" passed to lookupTransform argument target_frame does not exist. 
[planner_server-6] [INFO] [1783067639.415240525] [global_costmap.global_costmap]: Timed out waiting for transform from base_link to map to become available, tf error: Invalid frame ID "map" passed to canTransform argument target_frame - frame does not exist
[controller_server-4] [ERROR] [1783067639.591030095] [local_costmap.local_costmap]: StaticLayer: "map" passed to lookupTransform argument target_frame does not exist. 
[amcl-2] [WARN] [1783067639.886135961] [amcl]: AMCL cannot publish a pose or update the transform. Please set the initial pose...
[controller_server-4] [ERROR] [1783067639.900260998] [local_costmap.local_costmap]: StaticLayer: "map" passed to lookupTransform argument target_frame does not exist. 
[planner_server-6] [INFO] [1783067639.914839202] [global_costmap.global_costmap]: Timed out waiting for transform from base_link to map to become available, tf error: Invalid frame ID "map" passed to canTransform argument target_frame - frame does not exist
[controller_server-4] [ERROR] [1783067640.297441624] [local_costmap.local_costmap]: StaticLayer: "map" passed to lookupTransform argument target_frame does not exist. 
[planner_server-6] [INFO] [1783067640.414841045] [global_costmap.global_costmap]: Timed out waiting for transform from base_link to map to become available, tf error: Invalid frame ID "map" passed to canTransform argument target_frame - frame does not exist
[controller_server-4] [ERROR] [1783067640.604730236] [local_costmap.local_costmap]: StaticLayer: "map" passed to lookupTransform argument target_frame does not exist. 
[planner_server-6] [INFO] [1783067640.914907472] [global_costmap.global_costmap]: Timed out waiting for transform from base_link to map to become available, tf error: Invalid frame ID "map" passed to canTransform argument target_frame - frame does not exist
[controller_server-4] [ERROR] [1783067640.920220720] [local_costmap.local_costmap]: StaticLayer: "map" passed to lookupTransform argument target_frame does not exist. 
[controller_server-4] [ERROR] [1783067641.318968554] [local_costmap.local_costmap]: StaticLayer: "map" passed to lookupTransform argument target_frame does not exist. 
[planner_server-6] [INFO] [1783067641.414843065] [global_costmap.global_costmap]: Timed out waiting for transform from base_link to map to become available, tf error: Invalid frame ID "map" passed to canTransform argument target_frame - frame does not exist
[controller_server-4] [ERROR] [1783067641.627737207] [local_costmap.local_costmap]: StaticLayer: "map" passed to lookupTransform argument target_frame does not exist. 
[amcl-2] [WARN] [1783067641.891299166] [amcl]: AMCL cannot publish a pose or update the transform. Please set the initial pose...
[planner_server-6] [INFO] [1783067641.914985575] [global_costmap.global_costmap]: Timed out waiting for transform from base_link to map to become available, tf error: Invalid frame ID "map" passed to canTransform argument target_frame - frame does not exist
[controller_server-4] [ERROR] [1783067641.932425112] [local_costmap.local_costmap]: StaticLayer: "map" passed to lookupTransform argument target_frame does not exist. 
[controller_server-4] [ERROR] [1783067642.338954068] [local_costmap.local_costmap]: StaticLayer: "map" passed to lookupTransform argument target_frame does not exist. 
[planner_server-6] [INFO] [1783067642.414846127] [global_costmap.global_costmap]: Timed out waiting for transform from base_link to map to become available, tf error: Invalid frame ID "map" passed to canTransform argument target_frame - frame does not exist
[controller_server-4] [ERROR] [1783067642.645188388] [local_costmap.local_costmap]: StaticLayer: "map" passed to lookupTransform argument target_frame does not exist. 
[planner_server-6] [INFO] [1783067642.914828512] [global_costmap.global_costmap]: Timed out waiting for transform from base_link to map to become available, tf error: Invalid frame ID "map" passed to canTransform argument target_frame - frame does not exist
[controller_server-4] [ERROR] [1783067642.951647876] [local_costmap.local_costmap]: StaticLayer: "map" passed to lookupTransform argument target_frame does not exist. 
[controller_server-4] [ERROR] [1783067643.352699500] [local_costmap.local_costmap]: StaticLayer: "map" passed to lookupTransform argument target_frame does not exist. 
[planner_server-6] [INFO] [1783067643.414857397] [global_costmap.global_costmap]: Timed out waiting for transform from base_link to map to become available, tf error: Invalid frame ID "map" passed to canTransform argument target_frame - frame does not exist
[controller_server-4] [ERROR] [1783067643.659465862] [local_costmap.local_costmap]: StaticLayer: "map" passed to lookupTransform argument target_frame does not exist. 
[planner_server-6] [INFO] [1783067643.915352616] [global_costmap.global_costmap]: Timed out waiting for transform from base_link to map to become available, tf error: Invalid frame ID "map" passed to canTransform argument target_frame - frame does not exist
[controller_server-4] [ERROR] [1783067643.965808141] [local_costmap.local_costmap]: StaticLayer: "map" passed to lookupTransform argument target_frame does not exist. 
[amcl-2] [WARN] [1783067643.983844094] [amcl]: AMCL cannot publish a pose or update the transform. Please set the initial pose...
[controller_server-4] [ERROR] [1783067644.367177474] [local_costmap.local_costmap]: StaticLayer: "map" passed to lookupTransform argument target_frame does not exist. 
[planner_server-6] [INFO] [1783067644.414830334] [global_costmap.global_costmap]: Timed out waiting for transform from base_link to map to become available, tf error: Invalid frame ID "map" passed to canTransform argument target_frame - frame does not exist
[controller_server-4] [ERROR] [1783067644.674761836] [local_costmap.local_costmap]: StaticLayer: "map" passed to lookupTransform argument target_frame does not exist. 
[planner_server-6] [INFO] [1783067644.914850678] [global_costmap.global_costmap]: Timed out waiting for transform from base_link to map to become available, tf error: Invalid frame ID "map" passed to canTransform argument target_frame - frame does not exist
[controller_server-4] [ERROR] [1783067644.980775115] [local_costmap.local_costmap]: StaticLayer: "map" passed to lookupTransform argument target_frame does not exist. 
[controller_server-4] [ERROR] [1783067645.381352407] [local_costmap.local_costmap]: StaticLayer: "map" passed to lookupTransform argument target_frame does not exist. 
[planner_server-6] [INFO] [1783067645.414840479] [global_costmap.global_costmap]: Timed out waiting for transform from base_link to map to become available, tf error: Invalid frame ID "map" passed to canTransform argument target_frame - frame does not exist
[controller_server-4] [ERROR] [1783067645.687920894] [local_costmap.local_costmap]: StaticLayer: "map" passed to lookupTransform argument target_frame does not exist. 
[planner_server-6] [INFO] [1783067645.914845740] [global_costmap.global_costmap]: Timed out waiting for transform from base_link to map to become available, tf error: Invalid frame ID "map" passed to canTransform argument target_frame - frame does not exist
[amcl-2] [WARN] [1783067645.984741093] [amcl]: AMCL cannot publish a pose or update the transform. Please set the initial pose...
[controller_server-4] [ERROR] [1783067645.989757841] [local_costmap.local_costmap]: StaticLayer: "map" passed to lookupTransform argument target_frame does not exist. 
[controller_server-4] [ERROR] [1783067646.399731629] [local_costmap.local_costmap]: StaticLayer: "map" passed to lookupTransform argument target_frame does not exist. 
[planner_server-6] [INFO] [1783067646.414829166] [global_costmap.global_costmap]: Timed out waiting for transform from base_link to map to become available, tf error: Invalid frame ID "map" passed to canTransform argument target_frame - frame does not exist
[controller_server-4] [ERROR] [1783067646.706111617] [local_costmap.local_costmap]: StaticLayer: "map" passed to lookupTransform argument target_frame does not exist. 
[planner_server-6] [INFO] [1783067646.914852218] [global_costmap.global_costmap]: Timed out waiting for transform from base_link to map to become available, tf error: Invalid frame ID "map" passed to canTransform argument target_frame - frame does not exist
[controller_server-4] [ERROR] [1783067647.007656147] [local_costmap.local_costmap]: StaticLayer: "map" passed to lookupTransform argument target_frame does not exist. 
[controller_server-4] [ERROR] [1783067647.412195979] [local_costmap.local_costmap]: StaticLayer: "map" passed to lookupTransform argument target_frame does not exist. 
[planner_server-6] [INFO] [1783067647.414839437] [global_costmap.global_costmap]: Timed out waiting for transform from base_link to map to become available, tf error: Invalid frame ID "map" passed to canTransform argument target_frame - frame does not exist
[controller_server-4] [ERROR] [1783067647.722143799] [local_costmap.local_costmap]: StaticLayer: "map" passed to lookupTransform argument target_frame does not exist. 
[planner_server-6] [INFO] [1783067647.914839197] [global_costmap.global_costmap]: Timed out waiting for transform from base_link to map to become available, tf error: Invalid frame ID "map" passed to canTransform argument target_frame - frame does not exist
[controller_server-4] [ERROR] [1783067648.028238578] [local_costmap.local_costmap]: StaticLayer: "map" passed to lookupTransform argument target_frame does not exist. 
[amcl-2] [WARN] [1783067648.083833185] [amcl]: AMCL cannot publish a pose or update the transform. Please set the initial pose...
[planner_server-6] [INFO] [1783067648.414842249] [global_costmap.global_costmap]: Timed out waiting for transform from base_link to map to become available, tf error: Invalid frame ID "map" passed to canTransform argument target_frame - frame does not exist
[controller_server-4] [ERROR] [1783067648.428105119] [local_costmap.local_costmap]: StaticLayer: "map" passed to lookupTransform argument target_frame does not exist. 
[controller_server-4] [ERROR] [1783067648.734142357] [local_costmap.local_costmap]: StaticLayer: "map" passed to lookupTransform argument target_frame does not exist. 
[planner_server-6] [INFO] [1783067648.914842759] [global_costmap.global_costmap]: Timed out waiting for transform from base_link to map to become available, tf error: Invalid frame ID "map" passed to canTransform argument target_frame - frame does not exist
[controller_server-4] [ERROR] [1783067649.040800761] [local_costmap.local_costmap]: StaticLayer: "map" passed to lookupTransform argument target_frame does not exist. 
[planner_server-6] [INFO] [1783067649.414835685] [global_costmap.global_costmap]: Timed out waiting for transform from base_link to map to become available, tf error: Invalid frame ID "map" passed to canTransform argument target_frame - frame does not exist
[controller_server-4] [ERROR] [1783067649.440176303] [local_costmap.local_costmap]: StaticLayer: "map" passed to lookupTransform argument target_frame does not exist. 
[controller_server-4] [ERROR] [1783067649.748140331] [local_costmap.local_costmap]: StaticLayer: "map" passed to lookupTransform argument target_frame does not exist. 
[planner_server-6] [INFO] [1783067649.914847321] [global_costmap.global_costmap]: Timed out waiting for transform from base_link to map to become available, tf error: Invalid frame ID "map" passed to canTransform argument target_frame - frame does not exist
[controller_server-4] [ERROR] [1783067650.058832151] [local_costmap.local_costmap]: StaticLayer: "map" passed to lookupTransform argument target_frame does not exist. 
[amcl-2] [WARN] [1783067650.194318733] [amcl]: AMCL cannot publish a pose or update the transform. Please set the initial pose...
[planner_server-6] [INFO] [1783067650.414818497] [global_costmap.global_costmap]: Timed out waiting for transform from base_link to map to become available, tf error: Invalid frame ID "map" passed to canTransform argument target_frame - frame does not exist
[controller_server-4] [ERROR] [1783067650.455696026] [local_costmap.local_costmap]: StaticLayer: "map" passed to lookupTransform argument target_frame does not exist. 
[controller_server-4] [ERROR] [1783067650.759738973] [local_costmap.local_costmap]: StaticLayer: "map" passed to lookupTransform argument target_frame does not exist. 
[planner_server-6] [INFO] [1783067650.914893008] [global_costmap.global_costmap]: Timed out waiting for transform from base_link to map to become available, tf error: Invalid frame ID "map" passed to canTransform argument target_frame - frame does not exist
[controller_server-4] [ERROR] [1783067651.062753336] [local_costmap.local_costmap]: StaticLayer: "map" passed to lookupTransform argument target_frame does not exist. 
[planner_server-6] [INFO] [1783067651.414918226] [global_costmap.global_costmap]: Timed out waiting for transform from base_link to map to become available, tf error: Invalid frame ID "map" passed to canTransform argument target_frame - frame does not exist
[controller_server-4] [ERROR] [1783067651.461065295] [local_costmap.local_costmap]: StaticLayer: "map" passed to lookupTransform argument target_frame does not exist. 
[controller_server-4] [ERROR] [1783067651.771743156] [local_costmap.local_costmap]: StaticLayer: "map" passed to lookupTransform argument target_frame does not exist. 
[planner_server-6] [INFO] [1783067651.914844028] [global_costmap.global_costmap]: Timed out waiting for transform from base_link to map to become available, tf error: Invalid frame ID "map" passed to canTransform argument target_frame - frame does not exist
[controller_server-4] [ERROR] [1783067652.083089975] [local_costmap.local_costmap]: StaticLayer: "map" passed to lookupTransform argument target_frame does not exist. 
[amcl-2] [WARN] [1783067652.281425955] [amcl]: AMCL cannot publish a pose or update the transform. Please set the initial pose...
[planner_server-6] [INFO] [1783067652.414835038] [global_costmap.global_costmap]: Timed out waiting for transform from base_link to map to become available, tf error: Invalid frame ID "map" passed to canTransform argument target_frame - frame does not exist
[controller_server-4] [ERROR] [1783067652.481543434] [local_costmap.local_costmap]: StaticLayer: "map" passed to lookupTransform argument target_frame does not exist. 
[controller_server-4] [ERROR] [1783067652.787784213] [local_costmap.local_costmap]: StaticLayer: "map" passed to lookupTransform argument target_frame does not exist. 
[planner_server-6] [INFO] [1783067652.914852257] [global_costmap.global_costmap]: Timed out waiting for transform from base_link to map to become available, tf error: Invalid frame ID "map" passed to canTransform argument target_frame - frame does not exist
[controller_server-4] [ERROR] [1783067653.094129492] [local_costmap.local_costmap]: StaticLayer: "map" passed to lookupTransform argument target_frame does not exist. 
[planner_server-6] [INFO] [1783067653.422400973] [global_costmap.global_costmap]: Timed out waiting for transform from base_link to map to become available, tf error: Invalid frame ID "map" passed to canTransform argument target_frame - frame does not exist
[controller_server-4] [ERROR] [1783067653.496977616] [local_costmap.local_costmap]: StaticLayer: "map" passed to lookupTransform argument target_frame does not exist. 
[controller_server-4] [ERROR] [1783067653.807118727] [local_costmap.local_costmap]: StaticLayer: "map" passed to lookupTransform argument target_frame does not exist. 
[planner_server-6] [INFO] [1783067653.914845944] [global_costmap.global_costmap]: Timed out waiting for transform from base_link to map to become available, tf error: Invalid frame ID "map" passed to canTransform argument target_frame - frame does not exist
[controller_server-4] [ERROR] [1783067654.113708173] [local_costmap.local_costmap]: StaticLayer: "map" passed to lookupTransform argument target_frame does not exist. 
[amcl-2] [WARN] [1783067654.390289878] [amcl]: AMCL cannot publish a pose or update the transform. Please set the initial pose...
[planner_server-6] [INFO] [1783067654.414854662] [global_costmap.global_costmap]: Timed out waiting for transform from base_link to map to become available, tf error: Invalid frame ID "map" passed to canTransform argument target_frame - frame does not exist
[controller_server-4] [ERROR] [1783067654.513224173] [local_costmap.local_costmap]: StaticLayer: "map" passed to lookupTransform argument target_frame does not exist. 
[controller_server-4] [ERROR] [1783067654.820345160] [local_costmap.local_costmap]: StaticLayer: "map" passed to lookupTransform argument target_frame does not exist. 
[planner_server-6] [INFO] [1783067654.914837964] [global_costmap.global_costmap]: Timed out waiting for transform from base_link to map to become available, tf error: Invalid frame ID "map" passed to canTransform argument target_frame - frame does not exist
[controller_server-4] [ERROR] [1783067655.129148939] [local_costmap.local_costmap]: StaticLayer: "map" passed to lookupTransform argument target_frame does not exist. 
[planner_server-6] [INFO] [1783067655.415072849] [global_costmap.global_costmap]: Timed out waiting for transform from base_link to map to become available, tf error: Invalid frame ID "map" passed to canTransform argument target_frame - frame does not exist
[controller_server-4] [ERROR] [1783067655.527841481] [local_costmap.local_costmap]: StaticLayer: "map" passed to lookupTransform argument target_frame does not exist. 
[controller_server-4] [ERROR] [1783067655.834756051] [local_costmap.local_costmap]: StaticLayer: "map" passed to lookupTransform argument target_frame does not exist. 
[planner_server-6] [INFO] [1783067655.914899359] [global_costmap.global_costmap]: Timed out waiting for transform from base_link to map to become available, tf error: Invalid frame ID "map" passed to canTransform argument target_frame - frame does not exist
[controller_server-4] [ERROR] [1783067656.142288913] [local_costmap.local_costmap]: StaticLayer: "map" passed to lookupTransform argument target_frame does not exist. 
[planner_server-6] [INFO] [1783067656.414828161] [global_costmap.global_costmap]: Timed out waiting for transform from base_link to map to become available, tf error: Invalid frame ID "map" passed to canTransform argument target_frame - frame does not exist
[amcl-2] [WARN] [1783067656.478841225] [amcl]: AMCL cannot publish a pose or update the transform. Please set the initial pose...
[controller_server-4] [ERROR] [1783067656.542199580] [local_costmap.local_costmap]: StaticLayer: "map" passed to lookupTransform argument target_frame does not exist. 
[controller_server-4] [ERROR] [1783067656.849243109] [local_costmap.local_costmap]: StaticLayer: "map" passed to lookupTransform argument target_frame does not exist. 
[planner_server-6] [INFO] [1783067656.914848797] [global_costmap.global_costmap]: Timed out waiting for transform from base_link to map to become available, tf error: Invalid frame ID "map" passed to canTransform argument target_frame - frame does not exist
[controller_server-4] [ERROR] [1783067657.155539805] [local_costmap.local_costmap]: StaticLayer: "map" passed to lookupTransform argument target_frame does not exist. 
[planner_server-6] [INFO] [1783067657.414830473] [global_costmap.global_costmap]: Timed out waiting for transform from base_link to map to become available, tf error: Invalid frame ID "map" passed to canTransform argument target_frame - frame does not exist
[controller_server-4] [ERROR] [1783067657.555965346] [local_costmap.local_costmap]: StaticLayer: "map" passed to lookupTransform argument target_frame does not exist. 
[controller_server-4] [ERROR] [1783067657.862816333] [local_costmap.local_costmap]: StaticLayer: "map" passed to lookupTransform argument target_frame does not exist. 
[planner_server-6] [INFO] [1783067657.914838192] [global_costmap.global_costmap]: Timed out waiting for transform from base_link to map to become available, tf error: Invalid frame ID "map" passed to canTransform argument target_frame - frame does not exist
[controller_server-4] [ERROR] [1783067658.168806071] [local_costmap.local_costmap]: StaticLayer: "map" passed to lookupTransform argument target_frame does not exist. 
[planner_server-6] [INFO] [1783067658.414830411] [global_costmap.global_costmap]: Timed out waiting for transform from base_link to map to become available, tf error: Invalid frame ID "map" passed to canTransform argument target_frame - frame does not exist
[controller_server-4] [ERROR] [1783067658.568843946] [local_costmap.local_costmap]: StaticLayer: "map" passed to lookupTransform argument target_frame does not exist. 
[amcl-2] [WARN] [1783067658.575873860] [amcl]: AMCL cannot publish a pose or update the transform. Please set the initial pose...
[controller_server-4] [ERROR] [1783067658.877990599] [local_costmap.local_costmap]: StaticLayer: "map" passed to lookupTransform argument target_frame does not exist. 
[planner_server-6] [INFO] [1783067658.914840046] [global_costmap.global_costmap]: Timed out waiting for transform from base_link to map to become available, tf error: Invalid frame ID "map" passed to canTransform argument target_frame - frame does not exist
[controller_server-4] [ERROR] [1783067659.184391212] [local_costmap.local_costmap]: StaticLayer: "map" passed to lookupTransform argument target_frame does not exist. 
[planner_server-6] [INFO] [1783067659.414836223] [global_costmap.global_costmap]: Timed out waiting for transform from base_link to map to become available, tf error: Invalid frame ID "map" passed to canTransform argument target_frame - frame does not exist
[controller_server-4] [ERROR] [1783067659.579012588] [local_costmap.local_costmap]: StaticLayer: "map" passed to lookupTransform argument target_frame does not exist. 
[controller_server-4] [ERROR] [1783067659.890822116] [local_costmap.local_costmap]: StaticLayer: "map" passed to lookupTransform argument target_frame does not exist. 
[planner_server-6] [INFO] [1783067659.914835400] [global_costmap.global_costmap]: Timed out waiting for transform from base_link to map to become available, tf error: Invalid frame ID "map" passed to canTransform argument target_frame - frame does not exist
[controller_server-4] [ERROR] [1783067660.197390770] [local_costmap.local_costmap]: StaticLayer: "map" passed to lookupTransform argument target_frame does not exist. 
[planner_server-6] [INFO] [1783067660.414861285] [global_costmap.global_costmap]: Timed out waiting for transform from base_link to map to become available, tf error: Invalid frame ID "map" passed to canTransform argument target_frame - frame does not exist
[amcl-2] [WARN] [1783067660.589825605] [amcl]: AMCL cannot publish a pose or update the transform. Please set the initial pose...
[controller_server-4] [ERROR] [1783067660.602663559] [local_costmap.local_costmap]: StaticLayer: "map" passed to lookupTransform argument target_frame does not exist. 
[controller_server-4] [ERROR] [1783067660.908856880] [local_costmap.local_costmap]: StaticLayer: "map" passed to lookupTransform argument target_frame does not exist. 
[planner_server-6] [INFO] [1783067660.914853170] [global_costmap.global_costmap]: Timed out waiting for transform from base_link to map to become available, tf error: Invalid frame ID "map" passed to canTransform argument target_frame - frame does not exist
[controller_server-4] [ERROR] [1783067661.211762702] [local_costmap.local_costmap]: StaticLayer: "map" passed to lookupTransform argument target_frame does not exist. 
[planner_server-6] [INFO] [1783067661.414840764] [global_costmap.global_costmap]: Timed out waiting for transform from base_link to map to become available, tf error: Invalid frame ID "map" passed to canTransform argument target_frame - frame does not exist
[controller_server-4] [ERROR] [1783067661.615166201] [local_costmap.local_costmap]: StaticLayer: "map" passed to lookupTransform argument target_frame does not exist. 
[planner_server-6] [INFO] [1783067661.914843482] [global_costmap.global_costmap]: Timed out waiting for transform from base_link to map to become available, tf error: Invalid frame ID "map" passed to canTransform argument target_frame - frame does not exist
[controller_server-4] [ERROR] [1783067661.921130772] [local_costmap.local_costmap]: StaticLayer: "map" passed to lookupTransform argument target_frame does not exist. 
[controller_server-4] [ERROR] [1783067662.227179718] [local_costmap.local_costmap]: StaticLayer: "map" passed to lookupTransform argument target_frame does not exist. 
[planner_server-6] [INFO] [1783067662.414841493] [global_costmap.global_costmap]: Timed out waiting for transform from base_link to map to become available, tf error: Invalid frame ID "map" passed to canTransform argument target_frame - frame does not exist
[controller_server-4] [ERROR] [1783067662.627767843] [local_costmap.local_costmap]: StaticLayer: "map" passed to lookupTransform argument target_frame does not exist. 
[amcl-2] [WARN] [1783067662.676939994] [amcl]: AMCL cannot publish a pose or update the transform. Please set the initial pose...
[planner_server-6] [INFO] [1783067662.914838003] [global_costmap.global_costmap]: Timed out waiting for transform from base_link to map to become available, tf error: Invalid frame ID "map" passed to canTransform argument target_frame - frame does not exist
[controller_server-4] [ERROR] [1783067662.931818998] [local_costmap.local_costmap]: StaticLayer: "map" passed to lookupTransform argument target_frame does not exist. 
[controller_server-4] [ERROR] [1783067663.238347985] [local_costmap.local_costmap]: StaticLayer: "map" passed to lookupTransform argument target_frame does not exist. 
[planner_server-6] [INFO] [1783067663.414856305] [global_costmap.global_costmap]: Timed out waiting for transform from base_link to map to become available, tf error: Invalid frame ID "map" passed to canTransform argument target_frame - frame does not exist
[controller_server-4] [ERROR] [1783067663.641940901] [local_costmap.local_costmap]: StaticLayer: "map" passed to lookupTransform argument target_frame does not exist. 
[planner_server-6] [INFO] [1783067663.914874190] [global_costmap.global_costmap]: Timed out waiting for transform from base_link to map to become available, tf error: Invalid frame ID "map" passed to canTransform argument target_frame - frame does not exist
[controller_server-4] [ERROR] [1783067663.944261848] [local_costmap.local_costmap]: StaticLayer: "map" passed to lookupTransform argument target_frame does not exist. 
[controller_server-4] [ERROR] [1783067664.255480875] [local_costmap.local_costmap]: StaticLayer: "map" passed to lookupTransform argument target_frame does not exist. 
[planner_server-6] [INFO] [1783067664.414854325] [global_costmap.global_costmap]: Timed out waiting for transform from base_link to map to become available, tf error: Invalid frame ID "map" passed to canTransform argument target_frame - frame does not exist
[controller_server-4] [ERROR] [1783067664.652807293] [local_costmap.local_costmap]: StaticLayer: "map" passed to lookupTransform argument target_frame does not exist. 
[amcl-2] [WARN] [1783067664.682131784] [amcl]: AMCL cannot publish a pose or update the transform. Please set the initial pose...
[planner_server-6] [INFO] [1783067664.914831544] [global_costmap.global_costmap]: Timed out waiting for transform from base_link to map to become available, tf error: Invalid frame ID "map" passed to canTransform argument target_frame - frame does not exist
[controller_server-4] [ERROR] [1783067664.960403572] [local_costmap.local_costmap]: StaticLayer: "map" passed to lookupTransform argument target_frame does not exist. 
[controller_server-4] [ERROR] [1783067665.266155059] [local_costmap.local_costmap]: StaticLayer: "map" passed to lookupTransform argument target_frame does not exist. 
[planner_server-6] [INFO] [1783067665.414835929] [global_costmap.global_costmap]: Timed out waiting for transform from base_link to map to become available, tf error: Invalid frame ID "map" passed to canTransform argument target_frame - frame does not exist
[controller_server-4] [ERROR] [1783067665.666373809] [local_costmap.local_costmap]: StaticLayer: "map" passed to lookupTransform argument target_frame does not exist. 
[planner_server-6] [INFO] [1783067665.914833023] [global_costmap.global_costmap]: Timed out waiting for transform from base_link to map to become available, tf error: Invalid frame ID "map" passed to canTransform argument target_frame - frame does not exist
[controller_server-4] [ERROR] [1783067665.972240255] [local_costmap.local_costmap]: StaticLayer: "map" passed to lookupTransform argument target_frame does not exist. 
[controller_server-4] [ERROR] [1783067666.278092659] [local_costmap.local_costmap]: StaticLayer: "map" passed to lookupTransform argument target_frame does not exist. 
[planner_server-6] [INFO] [1783067666.414829200] [global_costmap.global_costmap]: Timed out waiting for transform from base_link to map to become available, tf error: Invalid frame ID "map" passed to canTransform argument target_frame - frame does not exist
[controller_server-4] [ERROR] [1783067666.678566868] [local_costmap.local_costmap]: StaticLayer: "map" passed to lookupTransform argument target_frame does not exist. 
[amcl-2] [WARN] [1783067666.774927962] [amcl]: AMCL cannot publish a pose or update the transform. Please set the initial pose...
[planner_server-6] [INFO] [1783067666.914839002] [global_costmap.global_costmap]: Timed out waiting for transform from base_link to map to become available, tf error: Invalid frame ID "map" passed to canTransform argument target_frame - frame does not exist
[controller_server-4] [ERROR] [1783067666.984602980] [local_costmap.local_costmap]: StaticLayer: "map" passed to lookupTransform argument target_frame does not exist. 
[controller_server-4] [ERROR] [1783067667.286901052] [local_costmap.local_costmap]: StaticLayer: "map" passed to lookupTransform argument target_frame does not exist. 
[planner_server-6] [INFO] [1783067667.418215261] [global_costmap.global_costmap]: Timed out waiting for transform from base_link to map to become available, tf error: Invalid frame ID "map" passed to canTransform argument target_frame - frame does not exist
[controller_server-4] [ERROR] [1783067667.695383341] [local_costmap.local_costmap]: StaticLayer: "map" passed to lookupTransform argument target_frame does not exist. 
[planner_server-6] [INFO] [1783067667.914953398] [global_costmap.global_costmap]: Timed out waiting for transform from base_link to map to become available, tf error: Invalid frame ID "map" passed to canTransform argument target_frame - frame does not exist
[controller_server-4] [ERROR] [1783067667.997808247] [local_costmap.local_costmap]: StaticLayer: "map" passed to lookupTransform argument target_frame does not exist. 
[controller_server-4] [ERROR] [1783067668.308371316] [local_costmap.local_costmap]: StaticLayer: "map" passed to lookupTransform argument target_frame does not exist. 
[planner_server-6] [INFO] [1783067668.414874741] [global_costmap.global_costmap]: Timed out waiting for transform from base_link to map to become available, tf error: Invalid frame ID "map" passed to canTransform argument target_frame - frame does not exist
[controller_server-4] [ERROR] [1783067668.705578442] [local_costmap.local_costmap]: StaticLayer: "map" passed to lookupTransform argument target_frame does not exist. 
[amcl-2] [WARN] [1783067668.873010515] [amcl]: AMCL cannot publish a pose or update the transform. Please set the initial pose...
[planner_server-6] [INFO] [1783067668.914838377] [global_costmap.global_costmap]: Timed out waiting for transform from base_link to map to become available, tf error: Invalid frame ID "map" passed to canTransform argument target_frame - frame does not exist
