[INFO] [1782983869.535509881] [planner_server]: 
	planner_server lifecycle node launched. 
	Waiting on external lifecycle transitions to activate
	See https://design.ros2.org/articles/node_lifecycle.html for more information.
[INFO] [1782983869.542591836] [planner_server]: Creating
[INFO] [1782983869.588616356] [global_costmap.global_costmap]: 
	global_costmap lifecycle node launched. 
	Waiting on external lifecycle transitions to activate
	See https://design.ros2.org/articles/node_lifecycle.html for more information.
[INFO] [1782983869.590695563] [global_costmap.global_costmap]: Creating Costmap
[INFO] [1782983876.873631163] [planner_server]: Configuring
[INFO] [1782983876.873959412] [global_costmap.global_costmap]: Configuring
[INFO] [1782983876.904342148] [global_costmap.global_costmap]: Using plugin "static_layer"
[INFO] [1782983876.920326973] [global_costmap.global_costmap]: Subscribing to the map topic (/nav2_plan_preview/map) with transient local durability
[INFO] [1782983876.929335177] [global_costmap.global_costmap]: Initialized plugin "static_layer"
[INFO] [1782983876.929598636] [global_costmap.global_costmap]: Using plugin "inflation_layer"
[INFO] [1782983876.931441260] [global_costmap.global_costmap]: Initialized plugin "inflation_layer"
[INFO] [1782983876.992133772] [global_costmap.global_costmap]: StaticLayer: Resizing costmap to 146 X 167 at 0.050000 m/pix
[INFO] [1782983876.993438521] [planner_server]: Created global planner plugin GridBased of type nav2_navfn_planner/NavfnPlanner
[INFO] [1782983876.993708396] [planner_server]: Configuring plugin GridBased of type NavfnPlanner
[INFO] [1782983876.996096937] [planner_server]: Planner Server has GridBased  planners available.
[INFO] [1782983888.866647100] [planner_server]: Activating
[INFO] [1782983888.867043308] [global_costmap.global_costmap]: Activating
[INFO] [1782983888.867228975] [global_costmap.global_costmap]: Checking transform
[INFO] [1782983888.867639224] [global_costmap.global_costmap]: start
[INFO] [1782983889.918061882] [planner_server]: Activating plugin GridBased of type NavfnPlanner
[INFO] [1782983889.923732004] [planner_server]: Creating bond (planner_server) to lifecycle manager.
[ERROR] [1782984150.172728196] [transformPoseInTargetFrame]: Connectivity Error looking up target frame: Could not find a connection between 'map' and 'base_link' because they are not part of the same tree.Tf has two or more unconnected trees.

[ERROR] [1782984151.173339528] [transformPoseInTargetFrame]: Connectivity Error looking up target frame: Could not find a connection between 'map' and 'base_link' because they are not part of the same tree.Tf has two or more unconnected trees.

[ERROR] [1782984152.173126944] [transformPoseInTargetFrame]: Connectivity Error looking up target frame: Could not find a connection between 'map' and 'base_link' because they are not part of the same tree.Tf has two or more unconnected trees.

[ERROR] [1782984153.172882401] [transformPoseInTargetFrame]: Connectivity Error looking up target frame: Could not find a connection between 'map' and 'base_link' because they are not part of the same tree.Tf has two or more unconnected trees.

[ERROR] [1782984154.173415942] [transformPoseInTargetFrame]: Connectivity Error looking up target frame: Could not find a connection between 'map' and 'base_link' because they are not part of the same tree.Tf has two or more unconnected trees.

[ERROR] [1782984155.172851941] [transformPoseInTargetFrame]: Connectivity Error looking up target frame: Could not find a connection between 'map' and 'base_link' because they are not part of the same tree.Tf has two or more unconnected trees.

[ERROR] [1782984156.173857356] [transformPoseInTargetFrame]: Extrapolation Error looking up target frame: Lookup would require extrapolation into the past.  Requested time 1782984156.150357 but the earliest data is at time 1782984156.435306, when looking up transform from frame [base_link] to frame [map]

[ERROR] [1782984260.174215117] [transformPoseInTargetFrame]: Extrapolation Error looking up target frame: Lookup would require extrapolation into the past.  Requested time 1782984249.057701 but the earliest data is at time 1782984250.116982, when looking up transform from frame [base_link] to frame [map]

[ERROR] [1782984261.174947771] [transformPoseInTargetFrame]: Extrapolation Error looking up target frame: Lookup would require extrapolation into the past.  Requested time 1782984249.057701 but the earliest data is at time 1782984251.150540, when looking up transform from frame [base_link] to frame [map]

[ERROR] [1782984262.175171299] [transformPoseInTargetFrame]: Extrapolation Error looking up target frame: Lookup would require extrapolation into the past.  Requested time 1782984249.057701 but the earliest data is at time 1782984252.116888, when looking up transform from frame [base_link] to frame [map]

[ERROR] [1782984263.175196493] [transformPoseInTargetFrame]: Extrapolation Error looking up target frame: Lookup would require extrapolation into the past.  Requested time 1782984249.057701 but the earliest data is at time 1782984253.150596, when looking up transform from frame [base_link] to frame [map]

[ERROR] [1782984264.175621438] [transformPoseInTargetFrame]: Extrapolation Error looking up target frame: Lookup would require extrapolation into the past.  Requested time 1782984249.057701 but the earliest data is at time 1782984254.116885, when looking up transform from frame [base_link] to frame [map]

[ERROR] [1782984265.174107506] [transformPoseInTargetFrame]: Extrapolation Error looking up target frame: Lookup would require extrapolation into the past.  Requested time 1782984249.057701 but the earliest data is at time 1782984255.116969, when looking up transform from frame [base_link] to frame [map]

[ERROR] [1782984266.174010533] [transformPoseInTargetFrame]: Extrapolation Error looking up target frame: Lookup would require extrapolation into the past.  Requested time 1782984249.057701 but the earliest data is at time 1782984256.154546, when looking up transform from frame [base_link] to frame [map]

[ERROR] [1782984267.174526477] [transformPoseInTargetFrame]: Extrapolation Error looking up target frame: Lookup would require extrapolation into the past.  Requested time 1782984249.057701 but the earliest data is at time 1782984257.117068, when looking up transform from frame [base_link] to frame [map]

[ERROR] [1782984268.174535295] [transformPoseInTargetFrame]: Extrapolation Error looking up target frame: Lookup would require extrapolation into the past.  Requested time 1782984249.057701 but the earliest data is at time 1782984258.117034, when looking up transform from frame [base_link] to frame [map]

[ERROR] [1782984269.174323196] [transformPoseInTargetFrame]: Extrapolation Error looking up target frame: Lookup would require extrapolation into the past.  Requested time 1782984249.057701 but the earliest data is at time 1782984259.150225, when looking up transform from frame [base_link] to frame [map]

[ERROR] [1782984270.174291556] [transformPoseInTargetFrame]: Extrapolation Error looking up target frame: Lookup would require extrapolation into the past.  Requested time 1782984249.057701 but the earliest data is at time 1782984260.149801, when looking up transform from frame [base_link] to frame [map]

[ERROR] [1782984271.174838499] [transformPoseInTargetFrame]: Extrapolation Error looking up target frame: Lookup would require extrapolation into the past.  Requested time 1782984249.057701 but the earliest data is at time 1782984261.117609, when looking up transform from frame [base_link] to frame [map]

[ERROR] [1782984272.174835608] [transformPoseInTargetFrame]: Extrapolation Error looking up target frame: Lookup would require extrapolation into the past.  Requested time 1782984249.057701 but the earliest data is at time 1782984262.151547, when looking up transform from frame [base_link] to frame [map]

[ERROR] [1782984273.174374966] [transformPoseInTargetFrame]: Extrapolation Error looking up target frame: Lookup would require extrapolation into the past.  Requested time 1782984249.057701 but the earliest data is at time 1782984263.117246, when looking up transform from frame [base_link] to frame [map]

[ERROR] [1782984274.174365241] [transformPoseInTargetFrame]: Extrapolation Error looking up target frame: Lookup would require extrapolation into the past.  Requested time 1782984249.057701 but the earliest data is at time 1782984264.116839, when looking up transform from frame [base_link] to frame [map]

[ERROR] [1782984275.174524308] [transformPoseInTargetFrame]: Extrapolation Error looking up target frame: Lookup would require extrapolation into the past.  Requested time 1782984249.057701 but the earliest data is at time 1782984265.149981, when looking up transform from frame [base_link] to frame [map]

[ERROR] [1782984276.174505000] [transformPoseInTargetFrame]: Extrapolation Error looking up target frame: Lookup would require extrapolation into the past.  Requested time 1782984249.057701 but the earliest data is at time 1782984266.117084, when looking up transform from frame [base_link] to frame [map]

[ERROR] [1782984277.174343524] [transformPoseInTargetFrame]: Extrapolation Error looking up target frame: Lookup would require extrapolation into the past.  Requested time 1782984249.057701 but the earliest data is at time 1782984267.150141, when looking up transform from frame [base_link] to frame [map]

[ERROR] [1782984278.174347090] [transformPoseInTargetFrame]: Extrapolation Error looking up target frame: Lookup would require extrapolation into the past.  Requested time 1782984249.057701 but the earliest data is at time 1782984268.116941, when looking up transform from frame [base_link] to frame [map]

[ERROR] [1782984279.174445822] [transformPoseInTargetFrame]: Extrapolation Error looking up target frame: Lookup would require extrapolation into the past.  Requested time 1782984249.057701 but the earliest data is at time 1782984269.116915, when looking up transform from frame [base_link] to frame [map]

[ERROR] [1782984280.173665012] [transformPoseInTargetFrame]: Extrapolation Error looking up target frame: Lookup would require extrapolation into the past.  Requested time 1782984249.057701 but the earliest data is at time 1782984270.116845, when looking up transform from frame [base_link] to frame [map]

[ERROR] [1782984281.174848995] [transformPoseInTargetFrame]: Extrapolation Error looking up target frame: Lookup would require extrapolation into the past.  Requested time 1782984249.057701 but the earliest data is at time 1782984271.116901, when looking up transform from frame [base_link] to frame [map]

[ERROR] [1782984282.175321894] [transformPoseInTargetFrame]: Extrapolation Error looking up target frame: Lookup would require extrapolation into the past.  Requested time 1782984249.057701 but the earliest data is at time 1782984272.116881, when looking up transform from frame [base_link] to frame [map]

[ERROR] [1782984283.174157916] [transformPoseInTargetFrame]: Extrapolation Error looking up target frame: Lookup would require extrapolation into the past.  Requested time 1782984249.057701 but the earliest data is at time 1782984273.116873, when looking up transform from frame [base_link] to frame [map]

[ERROR] [1782984284.175042731] [transformPoseInTargetFrame]: Extrapolation Error looking up target frame: Lookup would require extrapolation into the past.  Requested time 1782984249.057701 but the earliest data is at time 1782984274.116812, when looking up transform from frame [base_link] to frame [map]

[ERROR] [1782984285.174381087] [transformPoseInTargetFrame]: Extrapolation Error looking up target frame: Lookup would require extrapolation into the past.  Requested time 1782984249.057701 but the earliest data is at time 1782984275.116888, when looking up transform from frame [base_link] to frame [map]

[ERROR] [1782984286.174798401] [transformPoseInTargetFrame]: Extrapolation Error looking up target frame: Lookup would require extrapolation into the past.  Requested time 1782984249.057701 but the earliest data is at time 1782984276.116846, when looking up transform from frame [base_link] to frame [map]

[ERROR] [1782984287.175093632] [transformPoseInTargetFrame]: Extrapolation Error looking up target frame: Lookup would require extrapolation into the past.  Requested time 1782984249.057701 but the earliest data is at time 1782984277.116898, when looking up transform from frame [base_link] to frame [map]

[ERROR] [1782984288.174977445] [transformPoseInTargetFrame]: Extrapolation Error looking up target frame: Lookup would require extrapolation into the past.  Requested time 1782984249.057701 but the earliest data is at time 1782984278.116833, when looking up transform from frame [base_link] to frame [map]

[ERROR] [1782984289.174286716] [transformPoseInTargetFrame]: Extrapolation Error looking up target frame: Lookup would require extrapolation into the past.  Requested time 1782984249.057701 but the earliest data is at time 1782984279.116867, when looking up transform from frame [base_link] to frame [map]

[ERROR] [1782984290.177801116] [transformPoseInTargetFrame]: Extrapolation Error looking up target frame: Lookup would require extrapolation into the past.  Requested time 1782984249.057701 but the earliest data is at time 1782984280.150502, when looking up transform from frame [base_link] to frame [map]

[ERROR] [1782984291.174295843] [transformPoseInTargetFrame]: Extrapolation Error looking up target frame: Lookup would require extrapolation into the past.  Requested time 1782984249.057701 but the earliest data is at time 1782984281.116849, when looking up transform from frame [base_link] to frame [map]

[ERROR] [1782984292.174316530] [transformPoseInTargetFrame]: Extrapolation Error looking up target frame: Lookup would require extrapolation into the past.  Requested time 1782984249.057701 but the earliest data is at time 1782984282.149781, when looking up transform from frame [base_link] to frame [map]

[ERROR] [1782984293.177529845] [transformPoseInTargetFrame]: Extrapolation Error looking up target frame: Lookup would require extrapolation into the past.  Requested time 1782984249.057701 but the earliest data is at time 1782984283.116829, when looking up transform from frame [base_link] to frame [map]

[ERROR] [1782984294.170497110] [transformPoseInTargetFrame]: Extrapolation Error looking up target frame: Lookup would require extrapolation into the past.  Requested time 1782984249.057701 but the earliest data is at time 1782984284.149913, when looking up transform from frame [base_link] to frame [map]

[ERROR] [1782984295.174803926] [transformPoseInTargetFrame]: Extrapolation Error looking up target frame: Lookup would require extrapolation into the past.  Requested time 1782984249.057701 but the earliest data is at time 1782984285.116863, when looking up transform from frame [base_link] to frame [map]

[ERROR] [1782984296.174442904] [transformPoseInTargetFrame]: Extrapolation Error looking up target frame: Lookup would require extrapolation into the past.  Requested time 1782984249.057701 but the earliest data is at time 1782984286.116773, when looking up transform from frame [base_link] to frame [map]

[ERROR] [1782984297.174471299] [transformPoseInTargetFrame]: Extrapolation Error looking up target frame: Lookup would require extrapolation into the past.  Requested time 1782984249.057701 but the earliest data is at time 1782984287.149841, when looking up transform from frame [base_link] to frame [map]

[ERROR] [1782984298.174245485] [transformPoseInTargetFrame]: Extrapolation Error looking up target frame: Lookup would require extrapolation into the past.  Requested time 1782984249.057701 but the earliest data is at time 1782984288.152390, when looking up transform from frame [base_link] to frame [map]

[ERROR] [1782984299.174376629] [transformPoseInTargetFrame]: Extrapolation Error looking up target frame: Lookup would require extrapolation into the past.  Requested time 1782984249.057701 but the earliest data is at time 1782984289.149882, when looking up transform from frame [base_link] to frame [map]

[ERROR] [1782984300.174334982] [transformPoseInTargetFrame]: Extrapolation Error looking up target frame: Lookup would require extrapolation into the past.  Requested time 1782984249.057701 but the earliest data is at time 1782984290.119736, when looking up transform from frame [base_link] to frame [map]

[ERROR] [1782984301.174692417] [transformPoseInTargetFrame]: Extrapolation Error looking up target frame: Lookup would require extrapolation into the past.  Requested time 1782984249.057701 but the earliest data is at time 1782984291.149851, when looking up transform from frame [base_link] to frame [map]

[ERROR] [1782984302.174661269] [transformPoseInTargetFrame]: Extrapolation Error looking up target frame: Lookup would require extrapolation into the past.  Requested time 1782984249.057701 but the earliest data is at time 1782984292.150097, when looking up transform from frame [base_link] to frame [map]

[ERROR] [1782984303.175195788] [transformPoseInTargetFrame]: Extrapolation Error looking up target frame: Lookup would require extrapolation into the past.  Requested time 1782984249.057701 but the earliest data is at time 1782984293.127036, when looking up transform from frame [base_link] to frame [map]

[ERROR] [1782984304.175429182] [transformPoseInTargetFrame]: Extrapolation Error looking up target frame: Lookup would require extrapolation into the past.  Requested time 1782984249.057701 but the earliest data is at time 1782984294.119634, when looking up transform from frame [base_link] to frame [map]

[ERROR] [1782984305.174888699] [transformPoseInTargetFrame]: Extrapolation Error looking up target frame: Lookup would require extrapolation into the past.  Requested time 1782984249.057701 but the earliest data is at time 1782984295.150148, when looking up transform from frame [base_link] to frame [map]

[ERROR] [1782984306.174401342] [transformPoseInTargetFrame]: Extrapolation Error looking up target frame: Lookup would require extrapolation into the past.  Requested time 1782984249.057701 but the earliest data is at time 1782984296.150047, when looking up transform from frame [base_link] to frame [map]

[ERROR] [1782984307.174579818] [transformPoseInTargetFrame]: Extrapolation Error looking up target frame: Lookup would require extrapolation into the past.  Requested time 1782984249.057701 but the earliest data is at time 1782984297.116843, when looking up transform from frame [base_link] to frame [map]

[ERROR] [1782984308.174533960] [transformPoseInTargetFrame]: Extrapolation Error looking up target frame: Lookup would require extrapolation into the past.  Requested time 1782984249.057701 but the earliest data is at time 1782984298.150062, when looking up transform from frame [base_link] to frame [map]

[ERROR] [1782984309.175614103] [transformPoseInTargetFrame]: Extrapolation Error looking up target frame: Lookup would require extrapolation into the past.  Requested time 1782984249.057701 but the earliest data is at time 1782984299.150212, when looking up transform from frame [base_link] to frame [map]

[ERROR] [1782984310.175622369] [transformPoseInTargetFrame]: Extrapolation Error looking up target frame: Lookup would require extrapolation into the past.  Requested time 1782984249.057701 but the earliest data is at time 1782984300.150836, when looking up transform from frame [base_link] to frame [map]

[ERROR] [1782984311.175175344] [transformPoseInTargetFrame]: Extrapolation Error looking up target frame: Lookup would require extrapolation into the past.  Requested time 1782984249.057701 but the earliest data is at time 1782984301.116957, when looking up transform from frame [base_link] to frame [map]

[ERROR] [1782984312.174328193] [transformPoseInTargetFrame]: Extrapolation Error looking up target frame: Lookup would require extrapolation into the past.  Requested time 1782984249.057701 but the earliest data is at time 1782984302.117287, when looking up transform from frame [base_link] to frame [map]

[ERROR] [1782984313.175442960] [transformPoseInTargetFrame]: Extrapolation Error looking up target frame: Lookup would require extrapolation into the past.  Requested time 1782984249.057701 but the earliest data is at time 1782984303.152289, when looking up transform from frame [base_link] to frame [map]

[ERROR] [1782984314.174754559] [transformPoseInTargetFrame]: Extrapolation Error looking up target frame: Lookup would require extrapolation into the past.  Requested time 1782984249.057701 but the earliest data is at time 1782984304.149817, when looking up transform from frame [base_link] to frame [map]

[ERROR] [1782984315.175411533] [transformPoseInTargetFrame]: Extrapolation Error looking up target frame: Lookup would require extrapolation into the past.  Requested time 1782984249.057701 but the earliest data is at time 1782984305.117130, when looking up transform from frame [base_link] to frame [map]

[ERROR] [1782984316.175290007] [transformPoseInTargetFrame]: Extrapolation Error looking up target frame: Lookup would require extrapolation into the past.  Requested time 1782984249.057701 but the earliest data is at time 1782984306.150432, when looking up transform from frame [base_link] to frame [map]

[ERROR] [1782984317.174767230] [transformPoseInTargetFrame]: Extrapolation Error looking up target frame: Lookup would require extrapolation into the past.  Requested time 1782984249.057701 but the earliest data is at time 1782984307.150334, when looking up transform from frame [base_link] to frame [map]

[ERROR] [1782984318.175201745] [transformPoseInTargetFrame]: Extrapolation Error looking up target frame: Lookup would require extrapolation into the past.  Requested time 1782984249.057701 but the earliest data is at time 1782984308.149840, when looking up transform from frame [base_link] to frame [map]

[ERROR] [1782984319.175546844] [transformPoseInTargetFrame]: Extrapolation Error looking up target frame: Lookup would require extrapolation into the past.  Requested time 1782984249.057701 but the earliest data is at time 1782984309.116906, when looking up transform from frame [base_link] to frame [map]

[ERROR] [1782984320.175915483] [transformPoseInTargetFrame]: Extrapolation Error looking up target frame: Lookup would require extrapolation into the past.  Requested time 1782984249.057701 but the earliest data is at time 1782984310.117343, when looking up transform from frame [base_link] to frame [map]

[ERROR] [1782984321.175461039] [transformPoseInTargetFrame]: Extrapolation Error looking up target frame: Lookup would require extrapolation into the past.  Requested time 1782984249.057701 but the earliest data is at time 1782984311.150500, when looking up transform from frame [base_link] to frame [map]

[ERROR] [1782984322.175528511] [transformPoseInTargetFrame]: Extrapolation Error looking up target frame: Lookup would require extrapolation into the past.  Requested time 1782984249.057701 but the earliest data is at time 1782984312.116925, when looking up transform from frame [base_link] to frame [map]

[ERROR] [1782984323.174996650] [transformPoseInTargetFrame]: Extrapolation Error looking up target frame: Lookup would require extrapolation into the past.  Requested time 1782984249.057701 but the earliest data is at time 1782984313.117303, when looking up transform from frame [base_link] to frame [map]

[ERROR] [1782984324.175521289] [transformPoseInTargetFrame]: Extrapolation Error looking up target frame: Lookup would require extrapolation into the past.  Requested time 1782984249.057701 but the earliest data is at time 1782984314.150424, when looking up transform from frame [base_link] to frame [map]

[ERROR] [1782984325.175285802] [transformPoseInTargetFrame]: Extrapolation Error looking up target frame: Lookup would require extrapolation into the past.  Requested time 1782984249.057701 but the earliest data is at time 1782984315.116839, when looking up transform from frame [base_link] to frame [map]

[ERROR] [1782984326.175389732] [transformPoseInTargetFrame]: Extrapolation Error looking up target frame: Lookup would require extrapolation into the past.  Requested time 1782984249.057701 but the earliest data is at time 1782984316.150275, when looking up transform from frame [base_link] to frame [map]

[ERROR] [1782984327.175626703] [transformPoseInTargetFrame]: Extrapolation Error looking up target frame: Lookup would require extrapolation into the past.  Requested time 1782984249.057701 but the earliest data is at time 1782984317.150831, when looking up transform from frame [base_link] to frame [map]

[ERROR] [1782984328.175343965] [transformPoseInTargetFrame]: Extrapolation Error looking up target frame: Lookup would require extrapolation into the past.  Requested time 1782984249.057701 but the earliest data is at time 1782984318.118617, when looking up transform from frame [base_link] to frame [map]

[ERROR] [1782984329.175554811] [transformPoseInTargetFrame]: Extrapolation Error looking up target frame: Lookup would require extrapolation into the past.  Requested time 1782984249.057701 but the earliest data is at time 1782984319.150782, when looking up transform from frame [base_link] to frame [map]

[ERROR] [1782984330.175827699] [transformPoseInTargetFrame]: Extrapolation Error looking up target frame: Lookup would require extrapolation into the past.  Requested time 1782984249.057701 but the earliest data is at time 1782984320.149880, when looking up transform from frame [base_link] to frame [map]

[ERROR] [1782984331.174554501] [transformPoseInTargetFrame]: Extrapolation Error looking up target frame: Lookup would require extrapolation into the past.  Requested time 1782984249.057701 but the earliest data is at time 1782984321.117294, when looking up transform from frame [base_link] to frame [map]

[ERROR] [1782984332.175547347] [transformPoseInTargetFrame]: Extrapolation Error looking up target frame: Lookup would require extrapolation into the past.  Requested time 1782984249.057701 but the earliest data is at time 1782984322.150661, when looking up transform from frame [base_link] to frame [map]

[ERROR] [1782984333.175009608] [transformPoseInTargetFrame]: Extrapolation Error looking up target frame: Lookup would require extrapolation into the past.  Requested time 1782984249.057701 but the earliest data is at time 1782984323.149944, when looking up transform from frame [base_link] to frame [map]

[ERROR] [1782984334.175359786] [transformPoseInTargetFrame]: Extrapolation Error looking up target frame: Lookup would require extrapolation into the past.  Requested time 1782984249.057701 but the earliest data is at time 1782984324.152571, when looking up transform from frame [base_link] to frame [map]

[ERROR] [1782984335.175178131] [transformPoseInTargetFrame]: Extrapolation Error looking up target frame: Lookup would require extrapolation into the past.  Requested time 1782984249.057701 but the earliest data is at time 1782984325.150070, when looking up transform from frame [base_link] to frame [map]

[ERROR] [1782984336.174874933] [transformPoseInTargetFrame]: Extrapolation Error looking up target frame: Lookup would require extrapolation into the past.  Requested time 1782984249.057701 but the earliest data is at time 1782984326.117328, when looking up transform from frame [base_link] to frame [map]

[ERROR] [1782984337.175416485] [transformPoseInTargetFrame]: Extrapolation Error looking up target frame: Lookup would require extrapolation into the past.  Requested time 1782984249.057701 but the earliest data is at time 1782984327.120179, when looking up transform from frame [base_link] to frame [map]

[ERROR] [1782984338.174428912] [transformPoseInTargetFrame]: Extrapolation Error looking up target frame: Lookup would require extrapolation into the past.  Requested time 1782984249.057701 but the earliest data is at time 1782984328.116925, when looking up transform from frame [base_link] to frame [map]

[ERROR] [1782984339.174376588] [transformPoseInTargetFrame]: Extrapolation Error looking up target frame: Lookup would require extrapolation into the past.  Requested time 1782984249.057701 but the earliest data is at time 1782984329.117378, when looking up transform from frame [base_link] to frame [map]

[ERROR] [1782984340.174857390] [transformPoseInTargetFrame]: Extrapolation Error looking up target frame: Lookup would require extrapolation into the past.  Requested time 1782984249.057701 but the earliest data is at time 1782984330.117279, when looking up transform from frame [base_link] to frame [map]

[ERROR] [1782984341.175228525] [transformPoseInTargetFrame]: Extrapolation Error looking up target frame: Lookup would require extrapolation into the past.  Requested time 1782984249.057701 but the earliest data is at time 1782984331.150209, when looking up transform from frame [base_link] to frame [map]

[ERROR] [1782984342.175435743] [transformPoseInTargetFrame]: Extrapolation Error looking up target frame: Lookup would require extrapolation into the past.  Requested time 1782984249.057701 but the earliest data is at time 1782984332.117221, when looking up transform from frame [base_link] to frame [map]

[ERROR] [1782984343.175047669] [transformPoseInTargetFrame]: Extrapolation Error looking up target frame: Lookup would require extrapolation into the past.  Requested time 1782984249.057701 but the earliest data is at time 1782984333.117284, when looking up transform from frame [base_link] to frame [map]

[ERROR] [1782984344.174738761] [transformPoseInTargetFrame]: Extrapolation Error looking up target frame: Lookup would require extrapolation into the past.  Requested time 1782984249.057701 but the earliest data is at time 1782984334.117257, when looking up transform from frame [base_link] to frame [map]

[ERROR] [1782984345.174980520] [transformPoseInTargetFrame]: Extrapolation Error looking up target frame: Lookup would require extrapolation into the past.  Requested time 1782984249.057701 but the earliest data is at time 1782984335.117258, when looking up transform from frame [base_link] to frame [map]

[ERROR] [1782984346.175309737] [transformPoseInTargetFrame]: Extrapolation Error looking up target frame: Lookup would require extrapolation into the past.  Requested time 1782984249.057701 but the earliest data is at time 1782984336.153065, when looking up transform from frame [base_link] to frame [map]

[ERROR] [1782984347.174508119] [transformPoseInTargetFrame]: Extrapolation Error looking up target frame: Lookup would require extrapolation into the past.  Requested time 1782984249.057701 but the earliest data is at time 1782984337.152383, when looking up transform from frame [base_link] to frame [map]

[ERROR] [1782984348.175290378] [transformPoseInTargetFrame]: Extrapolation Error looking up target frame: Lookup would require extrapolation into the past.  Requested time 1782984249.057701 but the earliest data is at time 1782984338.116858, when looking up transform from frame [base_link] to frame [map]

[ERROR] [1782984349.175319427] [transformPoseInTargetFrame]: Extrapolation Error looking up target frame: Lookup would require extrapolation into the past.  Requested time 1782984249.057701 but the earliest data is at time 1782984339.150232, when looking up transform from frame [base_link] to frame [map]

[ERROR] [1782984350.175545435] [transformPoseInTargetFrame]: Extrapolation Error looking up target frame: Lookup would require extrapolation into the past.  Requested time 1782984249.057701 but the earliest data is at time 1782984340.149864, when looking up transform from frame [base_link] to frame [map]

[ERROR] [1782984351.175481484] [transformPoseInTargetFrame]: Extrapolation Error looking up target frame: Lookup would require extrapolation into the past.  Requested time 1782984249.057701 but the earliest data is at time 1782984341.117239, when looking up transform from frame [base_link] to frame [map]

[ERROR] [1782984352.175078991] [transformPoseInTargetFrame]: Extrapolation Error looking up target frame: Lookup would require extrapolation into the past.  Requested time 1782984249.057701 but the earliest data is at time 1782984342.116840, when looking up transform from frame [base_link] to frame [map]

[ERROR] [1782984353.175211039] [transformPoseInTargetFrame]: Extrapolation Error looking up target frame: Lookup would require extrapolation into the past.  Requested time 1782984249.057701 but the earliest data is at time 1782984343.116915, when looking up transform from frame [base_link] to frame [map]

[ERROR] [1782984354.174614087] [transformPoseInTargetFrame]: Extrapolation Error looking up target frame: Lookup would require extrapolation into the past.  Requested time 1782984249.057701 but the earliest data is at time 1782984344.116982, when looking up transform from frame [base_link] to frame [map]

[ERROR] [1782984355.175086302] [transformPoseInTargetFrame]: Extrapolation Error looking up target frame: Lookup would require extrapolation into the past.  Requested time 1782984249.057701 but the earliest data is at time 1782984345.150120, when looking up transform from frame [base_link] to frame [map]

[ERROR] [1782984356.174960100] [transformPoseInTargetFrame]: Extrapolation Error looking up target frame: Lookup would require extrapolation into the past.  Requested time 1782984249.057701 but the earliest data is at time 1782984346.150993, when looking up transform from frame [base_link] to frame [map]

[ERROR] [1782984357.175768023] [transformPoseInTargetFrame]: Extrapolation Error looking up target frame: Lookup would require extrapolation into the past.  Requested time 1782984249.057701 but the earliest data is at time 1782984347.152108, when looking up transform from frame [base_link] to frame [map]

[ERROR] [1782984358.175238237] [transformPoseInTargetFrame]: Extrapolation Error looking up target frame: Lookup would require extrapolation into the past.  Requested time 1782984249.057701 but the earliest data is at time 1782984348.151584, when looking up transform from frame [base_link] to frame [map]

[ERROR] [1782984359.175437076] [transformPoseInTargetFrame]: Extrapolation Error looking up target frame: Lookup would require extrapolation into the past.  Requested time 1782984249.057701 but the earliest data is at time 1782984349.152057, when looking up transform from frame [base_link] to frame [map]

[ERROR] [1782984360.175734456] [transformPoseInTargetFrame]: Extrapolation Error looking up target frame: Lookup would require extrapolation into the past.  Requested time 1782984249.057701 but the earliest data is at time 1782984350.150558, when looking up transform from frame [base_link] to frame [map]

[ERROR] [1782984361.175262669] [transformPoseInTargetFrame]: Extrapolation Error looking up target frame: Lookup would require extrapolation into the past.  Requested time 1782984249.057701 but the earliest data is at time 1782984351.150154, when looking up transform from frame [base_link] to frame [map]

[ERROR] [1782984362.175088257] [transformPoseInTargetFrame]: Extrapolation Error looking up target frame: Lookup would require extrapolation into the past.  Requested time 1782984249.057701 but the earliest data is at time 1782984352.150196, when looking up transform from frame [base_link] to frame [map]

[ERROR] [1782984363.174972845] [transformPoseInTargetFrame]: Extrapolation Error looking up target frame: Lookup would require extrapolation into the past.  Requested time 1782984249.057701 but the earliest data is at time 1782984353.150548, when looking up transform from frame [base_link] to frame [map]

[ERROR] [1782984364.174739099] [transformPoseInTargetFrame]: Extrapolation Error looking up target frame: Lookup would require extrapolation into the past.  Requested time 1782984249.057701 but the earliest data is at time 1782984354.152329, when looking up transform from frame [base_link] to frame [map]

[ERROR] [1782984365.175825313] [transformPoseInTargetFrame]: Extrapolation Error looking up target frame: Lookup would require extrapolation into the past.  Requested time 1782984249.057701 but the earliest data is at time 1782984355.117268, when looking up transform from frame [base_link] to frame [map]

[ERROR] [1782984366.175123024] [transformPoseInTargetFrame]: Extrapolation Error looking up target frame: Lookup would require extrapolation into the past.  Requested time 1782984249.057701 but the earliest data is at time 1782984356.116870, when looking up transform from frame [base_link] to frame [map]

[ERROR] [1782984367.175584153] [transformPoseInTargetFrame]: Extrapolation Error looking up target frame: Lookup would require extrapolation into the past.  Requested time 1782984249.057701 but the earliest data is at time 1782984357.119005, when looking up transform from frame [base_link] to frame [map]

[ERROR] [1782984368.174651239] [transformPoseInTargetFrame]: Extrapolation Error looking up target frame: Lookup would require extrapolation into the past.  Requested time 1782984249.057701 but the earliest data is at time 1782984358.117388, when looking up transform from frame [base_link] to frame [map]

[ERROR] [1782984369.174979868] [transformPoseInTargetFrame]: Extrapolation Error looking up target frame: Lookup would require extrapolation into the past.  Requested time 1782984249.057701 but the earliest data is at time 1782984359.117265, when looking up transform from frame [base_link] to frame [map]

[ERROR] [1782984370.175642996] [transformPoseInTargetFrame]: Extrapolation Error looking up target frame: Lookup would require extrapolation into the past.  Requested time 1782984249.057701 but the earliest data is at time 1782984360.117280, when looking up transform from frame [base_link] to frame [map]

[ERROR] [1782984371.175184749] [transformPoseInTargetFrame]: Extrapolation Error looking up target frame: Lookup would require extrapolation into the past.  Requested time 1782984249.057701 but the earliest data is at time 1782984361.117211, when looking up transform from frame [base_link] to frame [map]

[ERROR] [1782984372.175808877] [transformPoseInTargetFrame]: Extrapolation Error looking up target frame: Lookup would require extrapolation into the past.  Requested time 1782984249.057701 but the earliest data is at time 1782984362.117252, when looking up transform from frame [base_link] to frame [map]

[ERROR] [1782984373.174971670] [transformPoseInTargetFrame]: Extrapolation Error looking up target frame: Lookup would require extrapolation into the past.  Requested time 1782984249.057701 but the earliest data is at time 1782984363.117214, when looking up transform from frame [base_link] to frame [map]

[ERROR] [1782984374.175008047] [transformPoseInTargetFrame]: Extrapolation Error looking up target frame: Lookup would require extrapolation into the past.  Requested time 1782984249.057701 but the earliest data is at time 1782984364.152431, when looking up transform from frame [base_link] to frame [map]

[ERROR] [1782984375.175476591] [transformPoseInTargetFrame]: Extrapolation Error looking up target frame: Lookup would require extrapolation into the past.  Requested time 1782984249.057701 but the earliest data is at time 1782984365.117194, when looking up transform from frame [base_link] to frame [map]

[ERROR] [1782984376.175632093] [transformPoseInTargetFrame]: Extrapolation Error looking up target frame: Lookup would require extrapolation into the past.  Requested time 1782984249.057701 but the earliest data is at time 1782984366.116738, when looking up transform from frame [base_link] to frame [map]

[ERROR] [1782984377.176045761] [transformPoseInTargetFrame]: Extrapolation Error looking up target frame: Lookup would require extrapolation into the past.  Requested time 1782984249.057701 but the earliest data is at time 1782984367.151267, when looking up transform from frame [base_link] to frame [map]

[ERROR] [1782984378.175672845] [transformPoseInTargetFrame]: Extrapolation Error looking up target frame: Lookup would require extrapolation into the past.  Requested time 1782984249.057701 but the earliest data is at time 1782984368.150401, when looking up transform from frame [base_link] to frame [map]

[ERROR] [1782984379.175252679] [transformPoseInTargetFrame]: Extrapolation Error looking up target frame: Lookup would require extrapolation into the past.  Requested time 1782984249.057701 but the earliest data is at time 1782984369.151327, when looking up transform from frame [base_link] to frame [map]

[ERROR] [1782984380.175487013] [transformPoseInTargetFrame]: Extrapolation Error looking up target frame: Lookup would require extrapolation into the past.  Requested time 1782984249.057701 but the earliest data is at time 1782984370.117224, when looking up transform from frame [base_link] to frame [map]

[ERROR] [1782984381.175741514] [transformPoseInTargetFrame]: Extrapolation Error looking up target frame: Lookup would require extrapolation into the past.  Requested time 1782984249.057701 but the earliest data is at time 1782984371.117207, when looking up transform from frame [base_link] to frame [map]

[ERROR] [1782984382.175360847] [transformPoseInTargetFrame]: Extrapolation Error looking up target frame: Lookup would require extrapolation into the past.  Requested time 1782984249.057701 but the earliest data is at time 1782984372.153137, when looking up transform from frame [base_link] to frame [map]

[ERROR] [1782984383.174861847] [transformPoseInTargetFrame]: Extrapolation Error looking up target frame: Lookup would require extrapolation into the past.  Requested time 1782984249.057701 but the earliest data is at time 1782984373.150373, when looking up transform from frame [base_link] to frame [map]

[ERROR] [1782984384.174352638] [transformPoseInTargetFrame]: Extrapolation Error looking up target frame: Lookup would require extrapolation into the past.  Requested time 1782984249.057701 but the earliest data is at time 1782984374.116961, when looking up transform from frame [base_link] to frame [map]

[ERROR] [1782984385.174830138] [transformPoseInTargetFrame]: Extrapolation Error looking up target frame: Lookup would require extrapolation into the past.  Requested time 1782984249.057701 but the earliest data is at time 1782984375.152385, when looking up transform from frame [base_link] to frame [map]

[ERROR] [1782984386.175371262] [transformPoseInTargetFrame]: Extrapolation Error looking up target frame: Lookup would require extrapolation into the past.  Requested time 1782984249.057701 but the earliest data is at time 1782984376.149851, when looking up transform from frame [base_link] to frame [map]

[ERROR] [1782984387.175524512] [transformPoseInTargetFrame]: Extrapolation Error looking up target frame: Lookup would require extrapolation into the past.  Requested time 1782984249.057701 but the earliest data is at time 1782984377.152151, when looking up transform from frame [base_link] to frame [map]

[ERROR] [1782984388.175079843] [transformPoseInTargetFrame]: Extrapolation Error looking up target frame: Lookup would require extrapolation into the past.  Requested time 1782984249.057701 but the earliest data is at time 1782984378.117665, when looking up transform from frame [base_link] to frame [map]

[ERROR] [1782984389.174324675] [transformPoseInTargetFrame]: Extrapolation Error looking up target frame: Lookup would require extrapolation into the past.  Requested time 1782984249.057701 but the earliest data is at time 1782984379.117239, when looking up transform from frame [base_link] to frame [map]

[ERROR] [1782984390.174115131] [transformPoseInTargetFrame]: Extrapolation Error looking up target frame: Lookup would require extrapolation into the past.  Requested time 1782984249.057701 but the earliest data is at time 1782984380.117183, when looking up transform from frame [base_link] to frame [map]

[ERROR] [1782984391.174126005] [transformPoseInTargetFrame]: Extrapolation Error looking up target frame: Lookup would require extrapolation into the past.  Requested time 1782984249.057701 but the earliest data is at time 1782984381.117169, when looking up transform from frame [base_link] to frame [map]

[ERROR] [1782984392.174228544] [transformPoseInTargetFrame]: Extrapolation Error looking up target frame: Lookup would require extrapolation into the past.  Requested time 1782984249.057701 but the earliest data is at time 1782984382.117234, when looking up transform from frame [base_link] to frame [map]

[ERROR] [1782984393.174604667] [transformPoseInTargetFrame]: Extrapolation Error looking up target frame: Lookup would require extrapolation into the past.  Requested time 1782984249.057701 but the earliest data is at time 1782984383.117081, when looking up transform from frame [base_link] to frame [map]

[ERROR] [1782984394.174364248] [transformPoseInTargetFrame]: Extrapolation Error looking up target frame: Lookup would require extrapolation into the past.  Requested time 1782984249.057701 but the earliest data is at time 1782984384.150008, when looking up transform from frame [base_link] to frame [map]

[ERROR] [1782984395.174455787] [transformPoseInTargetFrame]: Extrapolation Error looking up target frame: Lookup would require extrapolation into the past.  Requested time 1782984249.057701 but the earliest data is at time 1782984385.117336, when looking up transform from frame [base_link] to frame [map]

[ERROR] [1782984396.175110909] [transformPoseInTargetFrame]: Extrapolation Error looking up target frame: Lookup would require extrapolation into the past.  Requested time 1782984249.057701 but the earliest data is at time 1782984386.151910, when looking up transform from frame [base_link] to frame [map]

[ERROR] [1782984397.174508947] [transformPoseInTargetFrame]: Extrapolation Error looking up target frame: Lookup would require extrapolation into the past.  Requested time 1782984249.057701 but the earliest data is at time 1782984387.117230, when looking up transform from frame [base_link] to frame [map]

[ERROR] [1782984398.174129194] [transformPoseInTargetFrame]: Extrapolation Error looking up target frame: Lookup would require extrapolation into the past.  Requested time 1782984249.057701 but the earliest data is at time 1782984388.116911, when looking up transform from frame [base_link] to frame [map]

[ERROR] [1782984399.174418398] [transformPoseInTargetFrame]: Extrapolation Error looking up target frame: Lookup would require extrapolation into the past.  Requested time 1782984249.057701 but the earliest data is at time 1782984389.149851, when looking up transform from frame [base_link] to frame [map]

[ERROR] [1782984400.175898646] [transformPoseInTargetFrame]: Extrapolation Error looking up target frame: Lookup would require extrapolation into the past.  Requested time 1782984249.057701 but the earliest data is at time 1782984390.149829, when looking up transform from frame [base_link] to frame [map]

[ERROR] [1782984401.175721266] [transformPoseInTargetFrame]: Extrapolation Error looking up target frame: Lookup would require extrapolation into the past.  Requested time 1782984249.057701 but the earliest data is at time 1782984391.150819, when looking up transform from frame [base_link] to frame [map]

[ERROR] [1782984402.175337762] [transformPoseInTargetFrame]: Extrapolation Error looking up target frame: Lookup would require extrapolation into the past.  Requested time 1782984249.057701 but the earliest data is at time 1782984392.149795, when looking up transform from frame [base_link] to frame [map]

[ERROR] [1782984403.175658674] [transformPoseInTargetFrame]: Extrapolation Error looking up target frame: Lookup would require extrapolation into the past.  Requested time 1782984249.057701 but the earliest data is at time 1782984393.150153, when looking up transform from frame [base_link] to frame [map]

[ERROR] [1782984404.175333002] [transformPoseInTargetFrame]: Extrapolation Error looking up target frame: Lookup would require extrapolation into the past.  Requested time 1782984249.057701 but the earliest data is at time 1782984394.150964, when looking up transform from frame [base_link] to frame [map]

[ERROR] [1782984405.175653831] [transformPoseInTargetFrame]: Extrapolation Error looking up target frame: Lookup would require extrapolation into the past.  Requested time 1782984249.057701 but the earliest data is at time 1782984395.150068, when looking up transform from frame [base_link] to frame [map]

[ERROR] [1782984406.175581826] [transformPoseInTargetFrame]: Extrapolation Error looking up target frame: Lookup would require extrapolation into the past.  Requested time 1782984249.057701 but the earliest data is at time 1782984396.117153, when looking up transform from frame [base_link] to frame [map]

[ERROR] [1782984407.175728237] [transformPoseInTargetFrame]: Extrapolation Error looking up target frame: Lookup would require extrapolation into the past.  Requested time 1782984249.057701 but the earliest data is at time 1782984397.150003, when looking up transform from frame [base_link] to frame [map]

[ERROR] [1782984408.175583356] [transformPoseInTargetFrame]: Extrapolation Error looking up target frame: Lookup would require extrapolation into the past.  Requested time 1782984249.057701 but the earliest data is at time 1782984398.149926, when looking up transform from frame [base_link] to frame [map]

[ERROR] [1782984409.175336017] [transformPoseInTargetFrame]: Extrapolation Error looking up target frame: Lookup would require extrapolation into the past.  Requested time 1782984249.057701 but the earliest data is at time 1782984399.150046, when looking up transform from frame [base_link] to frame [map]

[ERROR] [1782984410.177020262] [transformPoseInTargetFrame]: Extrapolation Error looking up target frame: Lookup would require extrapolation into the past.  Requested time 1782984249.057701 but the earliest data is at time 1782984400.150595, when looking up transform from frame [base_link] to frame [map]

[ERROR] [1782984411.175815963] [transformPoseInTargetFrame]: Extrapolation Error looking up target frame: Lookup would require extrapolation into the past.  Requested time 1782984249.057701 but the earliest data is at time 1782984401.154619, when looking up transform from frame [base_link] to frame [map]

[ERROR] [1782984412.174741955] [transformPoseInTargetFrame]: Extrapolation Error looking up target frame: Lookup would require extrapolation into the past.  Requested time 1782984249.057701 but the earliest data is at time 1782984402.117859, when looking up transform from frame [base_link] to frame [map]

[ERROR] [1782984413.174660657] [transformPoseInTargetFrame]: Extrapolation Error looking up target frame: Lookup would require extrapolation into the past.  Requested time 1782984249.057701 but the earliest data is at time 1782984403.117106, when looking up transform from frame [base_link] to frame [map]

[ERROR] [1782984414.174335983] [transformPoseInTargetFrame]: Extrapolation Error looking up target frame: Lookup would require extrapolation into the past.  Requested time 1782984249.057701 but the earliest data is at time 1782984404.117073, when looking up transform from frame [base_link] to frame [map]

[ERROR] [1782984415.175203810] [transformPoseInTargetFrame]: Extrapolation Error looking up target frame: Lookup would require extrapolation into the past.  Requested time 1782984249.057701 but the earliest data is at time 1782984405.117275, when looking up transform from frame [base_link] to frame [map]

[ERROR] [1782984416.174854052] [transformPoseInTargetFrame]: Extrapolation Error looking up target frame: Lookup would require extrapolation into the past.  Requested time 1782984249.057701 but the earliest data is at time 1782984406.149892, when looking up transform from frame [base_link] to frame [map]

[ERROR] [1782984417.175704545] [transformPoseInTargetFrame]: Extrapolation Error looking up target frame: Lookup would require extrapolation into the past.  Requested time 1782984249.057701 but the earliest data is at time 1782984407.117203, when looking up transform from frame [base_link] to frame [map]

[ERROR] [1782984418.176314829] [transformPoseInTargetFrame]: Extrapolation Error looking up target frame: Lookup would require extrapolation into the past.  Requested time 1782984249.057701 but the earliest data is at time 1782984408.149837, when looking up transform from frame [base_link] to frame [map]

[ERROR] [1782984419.174641194] [transformPoseInTargetFrame]: Extrapolation Error looking up target frame: Lookup would require extrapolation into the past.  Requested time 1782984249.057701 but the earliest data is at time 1782984409.117859, when looking up transform from frame [base_link] to frame [map]

[ERROR] [1782984420.175958187] [transformPoseInTargetFrame]: Extrapolation Error looking up target frame: Lookup would require extrapolation into the past.  Requested time 1782984249.057701 but the earliest data is at time 1782984410.117892, when looking up transform from frame [base_link] to frame [map]

[ERROR] [1782984421.174362802] [transformPoseInTargetFrame]: Extrapolation Error looking up target frame: Lookup would require extrapolation into the past.  Requested time 1782984249.057701 but the earliest data is at time 1782984411.117869, when looking up transform from frame [base_link] to frame [map]

[ERROR] [1782984422.175063002] [transformPoseInTargetFrame]: Extrapolation Error looking up target frame: Lookup would require extrapolation into the past.  Requested time 1782984249.057701 but the earliest data is at time 1782984412.150028, when looking up transform from frame [base_link] to frame [map]

[ERROR] [1782984423.176329869] [transformPoseInTargetFrame]: Extrapolation Error looking up target frame: Lookup would require extrapolation into the past.  Requested time 1782984249.057701 but the earliest data is at time 1782984413.150056, when looking up transform from frame [base_link] to frame [map]

[ERROR] [1782984424.176264318] [transformPoseInTargetFrame]: Extrapolation Error looking up target frame: Lookup would require extrapolation into the past.  Requested time 1782984249.057701 but the earliest data is at time 1782984414.116904, when looking up transform from frame [base_link] to frame [map]

[ERROR] [1782984425.175141641] [transformPoseInTargetFrame]: Extrapolation Error looking up target frame: Lookup would require extrapolation into the past.  Requested time 1782984249.057701 but the earliest data is at time 1782984415.149884, when looking up transform from frame [base_link] to frame [map]

[ERROR] [1782984426.174610214] [transformPoseInTargetFrame]: Extrapolation Error looking up target frame: Lookup would require extrapolation into the past.  Requested time 1782984249.057701 but the earliest data is at time 1782984416.117090, when looking up transform from frame [base_link] to frame [map]

[ERROR] [1782984427.175656580] [transformPoseInTargetFrame]: Extrapolation Error looking up target frame: Lookup would require extrapolation into the past.  Requested time 1782984249.057701 but the earliest data is at time 1782984417.151564, when looking up transform from frame [base_link] to frame [map]

[ERROR] [1782984428.176878029] [transformPoseInTargetFrame]: Extrapolation Error looking up target frame: Lookup would require extrapolation into the past.  Requested time 1782984249.057701 but the earliest data is at time 1782984418.117169, when looking up transform from frame [base_link] to frame [map]

[ERROR] [1782984429.174969767] [transformPoseInTargetFrame]: Extrapolation Error looking up target frame: Lookup would require extrapolation into the past.  Requested time 1782984249.057701 but the earliest data is at time 1782984419.116957, when looking up transform from frame [base_link] to frame [map]

[ERROR] [1782984430.176288132] [transformPoseInTargetFrame]: Extrapolation Error looking up target frame: Lookup would require extrapolation into the past.  Requested time 1782984249.057701 but the earliest data is at time 1782984420.149725, when looking up transform from frame [base_link] to frame [map]

[ERROR] [1782984431.175168787] [transformPoseInTargetFrame]: Extrapolation Error looking up target frame: Lookup would require extrapolation into the past.  Requested time 1782984249.057701 but the earliest data is at time 1782984421.150487, when looking up transform from frame [base_link] to frame [map]

[ERROR] [1782984432.174967067] [transformPoseInTargetFrame]: Extrapolation Error looking up target frame: Lookup would require extrapolation into the past.  Requested time 1782984249.057701 but the earliest data is at time 1782984422.117147, when looking up transform from frame [base_link] to frame [map]

[ERROR] [1782984433.175579556] [transformPoseInTargetFrame]: Extrapolation Error looking up target frame: Lookup would require extrapolation into the past.  Requested time 1782984249.057701 but the earliest data is at time 1782984423.117176, when looking up transform from frame [base_link] to frame [map]

[ERROR] [1782984434.175879212] [transformPoseInTargetFrame]: Extrapolation Error looking up target frame: Lookup would require extrapolation into the past.  Requested time 1782984249.057701 but the earliest data is at time 1782984424.152956, when looking up transform from frame [base_link] to frame [map]

[ERROR] [1782984435.174793282] [transformPoseInTargetFrame]: Extrapolation Error looking up target frame: Lookup would require extrapolation into the past.  Requested time 1782984249.057701 but the earliest data is at time 1782984425.154876, when looking up transform from frame [base_link] to frame [map]

[ERROR] [1782984436.175825646] [transformPoseInTargetFrame]: Extrapolation Error looking up target frame: Lookup would require extrapolation into the past.  Requested time 1782984249.057701 but the earliest data is at time 1782984426.150086, when looking up transform from frame [base_link] to frame [map]

[ERROR] [1782984437.175517550] [transformPoseInTargetFrame]: Extrapolation Error looking up target frame: Lookup would require extrapolation into the past.  Requested time 1782984249.057701 but the earliest data is at time 1782984427.152034, when looking up transform from frame [base_link] to frame [map]

[ERROR] [1782984438.175470538] [transformPoseInTargetFrame]: Extrapolation Error looking up target frame: Lookup would require extrapolation into the past.  Requested time 1782984249.057701 but the earliest data is at time 1782984428.117162, when looking up transform from frame [base_link] to frame [map]

[ERROR] [1782984439.175407733] [transformPoseInTargetFrame]: Extrapolation Error looking up target frame: Lookup would require extrapolation into the past.  Requested time 1782984249.057701 but the earliest data is at time 1782984429.150021, when looking up transform from frame [base_link] to frame [map]

[ERROR] [1782984440.174807262] [transformPoseInTargetFrame]: Extrapolation Error looking up target frame: Lookup would require extrapolation into the past.  Requested time 1782984249.057701 but the earliest data is at time 1782984430.117204, when looking up transform from frame [base_link] to frame [map]

[ERROR] [1782984441.175562332] [transformPoseInTargetFrame]: Extrapolation Error looking up target frame: Lookup would require extrapolation into the past.  Requested time 1782984249.057701 but the earliest data is at time 1782984431.150743, when looking up transform from frame [base_link] to frame [map]

[ERROR] [1782984442.175298652] [transformPoseInTargetFrame]: Extrapolation Error looking up target frame: Lookup would require extrapolation into the past.  Requested time 1782984249.057701 but the earliest data is at time 1782984432.150286, when looking up transform from frame [base_link] to frame [map]

[ERROR] [1782984443.175605764] [transformPoseInTargetFrame]: Extrapolation Error looking up target frame: Lookup would require extrapolation into the past.  Requested time 1782984249.057701 but the earliest data is at time 1782984433.117141, when looking up transform from frame [base_link] to frame [map]

[ERROR] [1782984444.174514416] [transformPoseInTargetFrame]: Extrapolation Error looking up target frame: Lookup would require extrapolation into the past.  Requested time 1782984249.057701 but the earliest data is at time 1782984434.118094, when looking up transform from frame [base_link] to frame [map]

[ERROR] [1782984445.175081610] [transformPoseInTargetFrame]: Extrapolation Error looking up target frame: Lookup would require extrapolation into the past.  Requested time 1782984249.057701 but the earliest data is at time 1782984435.117163, when looking up transform from frame [base_link] to frame [map]

[ERROR] [1782984446.175644013] [transformPoseInTargetFrame]: Extrapolation Error looking up target frame: Lookup would require extrapolation into the past.  Requested time 1782984249.057701 but the earliest data is at time 1782984436.117958, when looking up transform from frame [base_link] to frame [map]

[ERROR] [1782984447.174571206] [transformPoseInTargetFrame]: Extrapolation Error looking up target frame: Lookup would require extrapolation into the past.  Requested time 1782984249.057701 but the earliest data is at time 1782984437.117498, when looking up transform from frame [base_link] to frame [map]

[ERROR] [1782984448.175795567] [transformPoseInTargetFrame]: Extrapolation Error looking up target frame: Lookup would require extrapolation into the past.  Requested time 1782984249.057701 but the earliest data is at time 1782984438.117147, when looking up transform from frame [base_link] to frame [map]

[ERROR] [1782984449.175991969] [transformPoseInTargetFrame]: Extrapolation Error looking up target frame: Lookup would require extrapolation into the past.  Requested time 1782984249.057701 but the earliest data is at time 1782984439.117109, when looking up transform from frame [base_link] to frame [map]

[ERROR] [1782984450.174980578] [transformPoseInTargetFrame]: Extrapolation Error looking up target frame: Lookup would require extrapolation into the past.  Requested time 1782984249.057701 but the earliest data is at time 1782984440.116782, when looking up transform from frame [base_link] to frame [map]

[ERROR] [1782984451.175549563] [transformPoseInTargetFrame]: Extrapolation Error looking up target frame: Lookup would require extrapolation into the past.  Requested time 1782984249.057701 but the earliest data is at time 1782984441.117108, when looking up transform from frame [base_link] to frame [map]

[ERROR] [1782984452.174389755] [transformPoseInTargetFrame]: Extrapolation Error looking up target frame: Lookup would require extrapolation into the past.  Requested time 1782984249.057701 but the earliest data is at time 1782984442.117230, when looking up transform from frame [base_link] to frame [map]

[ERROR] [1782984453.176165157] [transformPoseInTargetFrame]: Extrapolation Error looking up target frame: Lookup would require extrapolation into the past.  Requested time 1782984249.057701 but the earliest data is at time 1782984443.117090, when looking up transform from frame [base_link] to frame [map]

[ERROR] [1782984454.175549599] [transformPoseInTargetFrame]: Extrapolation Error looking up target frame: Lookup would require extrapolation into the past.  Requested time 1782984249.057701 but the earliest data is at time 1782984444.150961, when looking up transform from frame [base_link] to frame [map]

[ERROR] [1782984455.175113749] [transformPoseInTargetFrame]: Extrapolation Error looking up target frame: Lookup would require extrapolation into the past.  Requested time 1782984249.057701 but the earliest data is at time 1782984445.116916, when looking up transform from frame [base_link] to frame [map]

[ERROR] [1782984456.174748982] [transformPoseInTargetFrame]: Extrapolation Error looking up target frame: Lookup would require extrapolation into the past.  Requested time 1782984249.057701 but the earliest data is at time 1782984446.149890, when looking up transform from frame [base_link] to frame [map]

[ERROR] [1782984457.174523840] [transformPoseInTargetFrame]: Extrapolation Error looking up target frame: Lookup would require extrapolation into the past.  Requested time 1782984249.057701 but the earliest data is at time 1782984447.117109, when looking up transform from frame [base_link] to frame [map]

[ERROR] [1782984458.175625491] [transformPoseInTargetFrame]: Extrapolation Error looking up target frame: Lookup would require extrapolation into the past.  Requested time 1782984249.057701 but the earliest data is at time 1782984448.117086, when looking up transform from frame [base_link] to frame [map]

[ERROR] [1782984459.175158015] [transformPoseInTargetFrame]: Extrapolation Error looking up target frame: Lookup would require extrapolation into the past.  Requested time 1782984249.057701 but the earliest data is at time 1782984449.152086, when looking up transform from frame [base_link] to frame [map]

[ERROR] [1782984460.175825748] [transformPoseInTargetFrame]: Extrapolation Error looking up target frame: Lookup would require extrapolation into the past.  Requested time 1782984249.057701 but the earliest data is at time 1782984450.150151, when looking up transform from frame [base_link] to frame [map]

[ERROR] [1782984461.175383188] [transformPoseInTargetFrame]: Extrapolation Error looking up target frame: Lookup would require extrapolation into the past.  Requested time 1782984249.057701 but the earliest data is at time 1782984451.150040, when looking up transform from frame [base_link] to frame [map]

[ERROR] [1782984462.174744462] [transformPoseInTargetFrame]: Extrapolation Error looking up target frame: Lookup would require extrapolation into the past.  Requested time 1782984249.057701 but the earliest data is at time 1782984452.116916, when looking up transform from frame [base_link] to frame [map]

[ERROR] [1782984463.176481861] [transformPoseInTargetFrame]: Extrapolation Error looking up target frame: Lookup would require extrapolation into the past.  Requested time 1782984249.057701 but the earliest data is at time 1782984453.155137, when looking up transform from frame [base_link] to frame [map]

[ERROR] [1782984464.175384926] [transformPoseInTargetFrame]: Extrapolation Error looking up target frame: Lookup would require extrapolation into the past.  Requested time 1782984249.057701 but the earliest data is at time 1782984454.153092, when looking up transform from frame [base_link] to frame [map]

[ERROR] [1782984465.175533740] [transformPoseInTargetFrame]: Extrapolation Error looking up target frame: Lookup would require extrapolation into the past.  Requested time 1782984249.057701 but the earliest data is at time 1782984455.152340, when looking up transform from frame [base_link] to frame [map]

[ERROR] [1782984466.175875055] [transformPoseInTargetFrame]: Extrapolation Error looking up target frame: Lookup would require extrapolation into the past.  Requested time 1782984249.057701 but the earliest data is at time 1782984456.150816, when looking up transform from frame [base_link] to frame [map]

[ERROR] [1782984467.174895619] [transformPoseInTargetFrame]: Extrapolation Error looking up target frame: Lookup would require extrapolation into the past.  Requested time 1782984249.057701 but the earliest data is at time 1782984457.117000, when looking up transform from frame [base_link] to frame [map]

[ERROR] [1782984468.175704350] [transformPoseInTargetFrame]: Extrapolation Error looking up target frame: Lookup would require extrapolation into the past.  Requested time 1782984249.057701 but the earliest data is at time 1782984458.152298, when looking up transform from frame [base_link] to frame [map]

[ERROR] [1782984469.174628913] [transformPoseInTargetFrame]: Extrapolation Error looking up target frame: Lookup would require extrapolation into the past.  Requested time 1782984249.057701 but the earliest data is at time 1782984459.149948, when looking up transform from frame [base_link] to frame [map]

[ERROR] [1782984470.175834811] [transformPoseInTargetFrame]: Extrapolation Error looking up target frame: Lookup would require extrapolation into the past.  Requested time 1782984249.057701 but the earliest data is at time 1782984460.155237, when looking up transform from frame [base_link] to frame [map]

[ERROR] [1782984471.176084625] [transformPoseInTargetFrame]: Extrapolation Error looking up target frame: Lookup would require extrapolation into the past.  Requested time 1782984249.057701 but the earliest data is at time 1782984461.117255, when looking up transform from frame [base_link] to frame [map]

[ERROR] [1782984472.175337687] [transformPoseInTargetFrame]: Extrapolation Error looking up target frame: Lookup would require extrapolation into the past.  Requested time 1782984249.057701 but the earliest data is at time 1782984462.151100, when looking up transform from frame [base_link] to frame [map]

[ERROR] [1782984473.174989417] [transformPoseInTargetFrame]: Extrapolation Error looking up target frame: Lookup would require extrapolation into the past.  Requested time 1782984249.057701 but the earliest data is at time 1782984463.118098, when looking up transform from frame [base_link] to frame [map]

[ERROR] [1782984474.175061896] [transformPoseInTargetFrame]: Extrapolation Error looking up target frame: Lookup would require extrapolation into the past.  Requested time 1782984249.057701 but the earliest data is at time 1782984464.117328, when looking up transform from frame [base_link] to frame [map]

[ERROR] [1782984475.176065710] [transformPoseInTargetFrame]: Extrapolation Error looking up target frame: Lookup would require extrapolation into the past.  Requested time 1782984249.057701 but the earliest data is at time 1782984465.117302, when looking up transform from frame [base_link] to frame [map]

[ERROR] [1782984476.176111522] [transformPoseInTargetFrame]: Extrapolation Error looking up target frame: Lookup would require extrapolation into the past.  Requested time 1782984249.057701 but the earliest data is at time 1782984466.117069, when looking up transform from frame [base_link] to frame [map]

[ERROR] [1782984477.175725375] [transformPoseInTargetFrame]: Extrapolation Error looking up target frame: Lookup would require extrapolation into the past.  Requested time 1782984249.057701 but the earliest data is at time 1782984467.116913, when looking up transform from frame [base_link] to frame [map]

[ERROR] [1782984478.174217728] [transformPoseInTargetFrame]: Extrapolation Error looking up target frame: Lookup would require extrapolation into the past.  Requested time 1782984249.057701 but the earliest data is at time 1782984468.117270, when looking up transform from frame [base_link] to frame [map]

[ERROR] [1782984479.175740332] [transformPoseInTargetFrame]: Extrapolation Error looking up target frame: Lookup would require extrapolation into the past.  Requested time 1782984249.057701 but the earliest data is at time 1782984469.150381, when looking up transform from frame [base_link] to frame [map]

[ERROR] [1782984480.176102061] [transformPoseInTargetFrame]: Extrapolation Error looking up target frame: Lookup would require extrapolation into the past.  Requested time 1782984249.057701 but the earliest data is at time 1782984470.117420, when looking up transform from frame [base_link] to frame [map]

[ERROR] [1782984481.176760664] [transformPoseInTargetFrame]: Extrapolation Error looking up target frame: Lookup would require extrapolation into the past.  Requested time 1782984249.057701 but the earliest data is at time 1782984471.117200, when looking up transform from frame [base_link] to frame [map]

[ERROR] [1782984482.175245599] [transformPoseInTargetFrame]: Extrapolation Error looking up target frame: Lookup would require extrapolation into the past.  Requested time 1782984249.057701 but the earliest data is at time 1782984472.150429, when looking up transform from frame [base_link] to frame [map]

[ERROR] [1782984483.174705451] [transformPoseInTargetFrame]: Extrapolation Error looking up target frame: Lookup would require extrapolation into the past.  Requested time 1782984249.057701 but the earliest data is at time 1782984473.117276, when looking up transform from frame [base_link] to frame [map]

[ERROR] [1782984484.175731429] [transformPoseInTargetFrame]: Extrapolation Error looking up target frame: Lookup would require extrapolation into the past.  Requested time 1782984249.057701 but the earliest data is at time 1782984474.150055, when looking up transform from frame [base_link] to frame [map]

[ERROR] [1782984485.175093155] [transformPoseInTargetFrame]: Extrapolation Error looking up target frame: Lookup would require extrapolation into the past.  Requested time 1782984249.057701 but the earliest data is at time 1782984475.153138, when looking up transform from frame [base_link] to frame [map]

[ERROR] [1782984486.175162215] [transformPoseInTargetFrame]: Extrapolation Error looking up target frame: Lookup would require extrapolation into the past.  Requested time 1782984249.057701 but the earliest data is at time 1782984476.116839, when looking up transform from frame [base_link] to frame [map]

[ERROR] [1782984487.175706276] [transformPoseInTargetFrame]: Extrapolation Error looking up target frame: Lookup would require extrapolation into the past.  Requested time 1782984249.057701 but the earliest data is at time 1782984477.150704, when looking up transform from frame [base_link] to frame [map]

[ERROR] [1782984488.174800251] [transformPoseInTargetFrame]: Extrapolation Error looking up target frame: Lookup would require extrapolation into the past.  Requested time 1782984249.057701 but the earliest data is at time 1782984478.116981, when looking up transform from frame [base_link] to frame [map]

[ERROR] [1782984489.175597853] [transformPoseInTargetFrame]: Extrapolation Error looking up target frame: Lookup would require extrapolation into the past.  Requested time 1782984249.057701 but the earliest data is at time 1782984479.117209, when looking up transform from frame [base_link] to frame [map]

[ERROR] [1782984490.175396870] [transformPoseInTargetFrame]: Extrapolation Error looking up target frame: Lookup would require extrapolation into the past.  Requested time 1782984249.057701 but the earliest data is at time 1782984480.155806, when looking up transform from frame [base_link] to frame [map]

[ERROR] [1782984491.175287388] [transformPoseInTargetFrame]: Extrapolation Error looking up target frame: Lookup would require extrapolation into the past.  Requested time 1782984249.057701 but the earliest data is at time 1782984481.150191, when looking up transform from frame [base_link] to frame [map]

[ERROR] [1782984492.175689072] [transformPoseInTargetFrame]: Extrapolation Error looking up target frame: Lookup would require extrapolation into the past.  Requested time 1782984249.057701 but the earliest data is at time 1782984482.117167, when looking up transform from frame [base_link] to frame [map]

[ERROR] [1782984493.174637421] [transformPoseInTargetFrame]: Extrapolation Error looking up target frame: Lookup would require extrapolation into the past.  Requested time 1782984249.057701 but the earliest data is at time 1782984483.150160, when looking up transform from frame [base_link] to frame [map]

[ERROR] [1782984494.174957146] [transformPoseInTargetFrame]: Extrapolation Error looking up target frame: Lookup would require extrapolation into the past.  Requested time 1782984249.057701 but the earliest data is at time 1782984484.117119, when looking up transform from frame [base_link] to frame [map]

[ERROR] [1782984495.175595330] [transformPoseInTargetFrame]: Extrapolation Error looking up target frame: Lookup would require extrapolation into the past.  Requested time 1782984249.057701 but the earliest data is at time 1782984485.117353, when looking up transform from frame [base_link] to frame [map]

[ERROR] [1782984496.175333387] [transformPoseInTargetFrame]: Extrapolation Error looking up target frame: Lookup would require extrapolation into the past.  Requested time 1782984249.057701 but the earliest data is at time 1782984486.149883, when looking up transform from frame [base_link] to frame [map]

[ERROR] [1782984497.175391445] [transformPoseInTargetFrame]: Extrapolation Error looking up target frame: Lookup would require extrapolation into the past.  Requested time 1782984249.057701 but the earliest data is at time 1782984487.117181, when looking up transform from frame [base_link] to frame [map]

[ERROR] [1782984498.175092127] [transformPoseInTargetFrame]: Extrapolation Error looking up target frame: Lookup would require extrapolation into the past.  Requested time 1782984249.057701 but the earliest data is at time 1782984488.155504, when looking up transform from frame [base_link] to frame [map]

[ERROR] [1782984499.175190060] [transformPoseInTargetFrame]: Extrapolation Error looking up target frame: Lookup would require extrapolation into the past.  Requested time 1782984249.057701 but the earliest data is at time 1782984489.150074, when looking up transform from frame [base_link] to frame [map]

[ERROR] [1782984500.174543699] [transformPoseInTargetFrame]: Extrapolation Error looking up target frame: Lookup would require extrapolation into the past.  Requested time 1782984249.057701 but the earliest data is at time 1782984490.117342, when looking up transform from frame [base_link] to frame [map]

[ERROR] [1782984501.175733632] [transformPoseInTargetFrame]: Extrapolation Error looking up target frame: Lookup would require extrapolation into the past.  Requested time 1782984249.057701 but the earliest data is at time 1782984491.117318, when looking up transform from frame [base_link] to frame [map]

[ERROR] [1782984502.175189605] [transformPoseInTargetFrame]: Extrapolation Error looking up target frame: Lookup would require extrapolation into the past.  Requested time 1782984249.057701 but the earliest data is at time 1782984492.150435, when looking up transform from frame [base_link] to frame [map]

[ERROR] [1782984503.175779620] [transformPoseInTargetFrame]: Extrapolation Error looking up target frame: Lookup would require extrapolation into the past.  Requested time 1782984249.057701 but the earliest data is at time 1782984493.116916, when looking up transform from frame [base_link] to frame [map]

[ERROR] [1782984504.174520175] [transformPoseInTargetFrame]: Extrapolation Error looking up target frame: Lookup would require extrapolation into the past.  Requested time 1782984249.057701 but the earliest data is at time 1782984494.151224, when looking up transform from frame [base_link] to frame [map]

[ERROR] [1782984505.175313398] [transformPoseInTargetFrame]: Extrapolation Error looking up target frame: Lookup would require extrapolation into the past.  Requested time 1782984249.057701 but the earliest data is at time 1782984495.152062, when looking up transform from frame [base_link] to frame [map]

[ERROR] [1782984506.175531829] [transformPoseInTargetFrame]: Extrapolation Error looking up target frame: Lookup would require extrapolation into the past.  Requested time 1782984249.057701 but the earliest data is at time 1782984496.117306, when looking up transform from frame [base_link] to frame [map]

[ERROR] [1782984507.174719009] [transformPoseInTargetFrame]: Extrapolation Error looking up target frame: Lookup would require extrapolation into the past.  Requested time 1782984249.057701 but the earliest data is at time 1782984497.149723, when looking up transform from frame [base_link] to frame [map]

[ERROR] [1782984508.175795773] [transformPoseInTargetFrame]: Extrapolation Error looking up target frame: Lookup would require extrapolation into the past.  Requested time 1782984249.057701 but the earliest data is at time 1782984498.149999, when looking up transform from frame [base_link] to frame [map]

[ERROR] [1782984509.174484744] [transformPoseInTargetFrame]: Extrapolation Error looking up target frame: Lookup would require extrapolation into the past.  Requested time 1782984249.057701 but the earliest data is at time 1782984499.117276, when looking up transform from frame [base_link] to frame [map]

[ERROR] [1782984510.176740758] [transformPoseInTargetFrame]: Extrapolation Error looking up target frame: Lookup would require extrapolation into the past.  Requested time 1782984249.057701 but the earliest data is at time 1782984500.150308, when looking up transform from frame [base_link] to frame [map]

[ERROR] [1782984511.175231854] [transformPoseInTargetFrame]: Extrapolation Error looking up target frame: Lookup would require extrapolation into the past.  Requested time 1782984249.057701 but the earliest data is at time 1782984501.156009, when looking up transform from frame [base_link] to frame [map]

[ERROR] [1782984512.175360408] [transformPoseInTargetFrame]: Extrapolation Error looking up target frame: Lookup would require extrapolation into the past.  Requested time 1782984249.057701 but the earliest data is at time 1782984502.152190, when looking up transform from frame [base_link] to frame [map]

[ERROR] [1782984513.174939379] [transformPoseInTargetFrame]: Extrapolation Error looking up target frame: Lookup would require extrapolation into the past.  Requested time 1782984249.057701 but the earliest data is at time 1782984503.154966, when looking up transform from frame [base_link] to frame [map]

[ERROR] [1782984514.174707557] [transformPoseInTargetFrame]: Extrapolation Error looking up target frame: Lookup would require extrapolation into the past.  Requested time 1782984249.057701 but the earliest data is at time 1782984504.150090, when looking up transform from frame [base_link] to frame [map]

[ERROR] [1782984515.175452986] [transformPoseInTargetFrame]: Extrapolation Error looking up target frame: Lookup would require extrapolation into the past.  Requested time 1782984249.057701 but the earliest data is at time 1782984505.117323, when looking up transform from frame [base_link] to frame [map]

[ERROR] [1782984516.175613290] [transformPoseInTargetFrame]: Extrapolation Error looking up target frame: Lookup would require extrapolation into the past.  Requested time 1782984249.057701 but the earliest data is at time 1782984506.152059, when looking up transform from frame [base_link] to frame [map]

[ERROR] [1782984517.175240885] [transformPoseInTargetFrame]: Extrapolation Error looking up target frame: Lookup would require extrapolation into the past.  Requested time 1782984249.057701 but the earliest data is at time 1782984507.117147, when looking up transform from frame [base_link] to frame [map]

[ERROR] [1782984518.175488438] [transformPoseInTargetFrame]: Extrapolation Error looking up target frame: Lookup would require extrapolation into the past.  Requested time 1782984249.057701 but the earliest data is at time 1782984508.150203, when looking up transform from frame [base_link] to frame [map]

[ERROR] [1782984519.174580531] [transformPoseInTargetFrame]: Extrapolation Error looking up target frame: Lookup would require extrapolation into the past.  Requested time 1782984249.057701 but the earliest data is at time 1782984509.117005, when looking up transform from frame [base_link] to frame [map]

[ERROR] [1782984520.175057834] [transformPoseInTargetFrame]: Extrapolation Error looking up target frame: Lookup would require extrapolation into the past.  Requested time 1782984249.057701 but the earliest data is at time 1782984510.150269, when looking up transform from frame [base_link] to frame [map]

[ERROR] [1782984521.175303887] [transformPoseInTargetFrame]: Extrapolation Error looking up target frame: Lookup would require extrapolation into the past.  Requested time 1782984249.057701 but the earliest data is at time 1782984511.116985, when looking up transform from frame [base_link] to frame [map]

[ERROR] [1782984522.175474522] [transformPoseInTargetFrame]: Extrapolation Error looking up target frame: Lookup would require extrapolation into the past.  Requested time 1782984249.057701 but the earliest data is at time 1782984512.117347, when looking up transform from frame [base_link] to frame [map]

[ERROR] [1782984523.174833074] [transformPoseInTargetFrame]: Extrapolation Error looking up target frame: Lookup would require extrapolation into the past.  Requested time 1782984249.057701 but the earliest data is at time 1782984513.150832, when looking up transform from frame [base_link] to frame [map]

[ERROR] [1782984524.174617375] [transformPoseInTargetFrame]: Extrapolation Error looking up target frame: Lookup would require extrapolation into the past.  Requested time 1782984249.057701 but the earliest data is at time 1782984514.117307, when looking up transform from frame [base_link] to frame [map]

[ERROR] [1782984525.175085302] [transformPoseInTargetFrame]: Extrapolation Error looking up target frame: Lookup would require extrapolation into the past.  Requested time 1782984249.057701 but the earliest data is at time 1782984515.152182, when looking up transform from frame [base_link] to frame [map]

[ERROR] [1782984526.176266604] [transformPoseInTargetFrame]: Extrapolation Error looking up target frame: Lookup would require extrapolation into the past.  Requested time 1782984249.057701 but the earliest data is at time 1782984516.117393, when looking up transform from frame [base_link] to frame [map]

[ERROR] [1782984527.175152946] [transformPoseInTargetFrame]: Extrapolation Error looking up target frame: Lookup would require extrapolation into the past.  Requested time 1782984249.057701 but the earliest data is at time 1782984517.150072, when looking up transform from frame [base_link] to frame [map]

[ERROR] [1782984528.175649122] [transformPoseInTargetFrame]: Extrapolation Error looking up target frame: Lookup would require extrapolation into the past.  Requested time 1782984249.057701 but the earliest data is at time 1782984518.152143, when looking up transform from frame [base_link] to frame [map]

[ERROR] [1782984529.175706964] [transformPoseInTargetFrame]: Extrapolation Error looking up target frame: Lookup would require extrapolation into the past.  Requested time 1782984249.057701 but the earliest data is at time 1782984519.150430, when looking up transform from frame [base_link] to frame [map]

[ERROR] [1782984530.174897597] [transformPoseInTargetFrame]: Extrapolation Error looking up target frame: Lookup would require extrapolation into the past.  Requested time 1782984249.057701 but the earliest data is at time 1782984520.117350, when looking up transform from frame [base_link] to frame [map]

[ERROR] [1782984531.175890440] [transformPoseInTargetFrame]: Extrapolation Error looking up target frame: Lookup would require extrapolation into the past.  Requested time 1782984249.057701 but the earliest data is at time 1782984521.152042, when looking up transform from frame [base_link] to frame [map]

[ERROR] [1782984532.177489783] [transformPoseInTargetFrame]: Extrapolation Error looking up target frame: Lookup would require extrapolation into the past.  Requested time 1782984249.057701 but the earliest data is at time 1782984522.155063, when looking up transform from frame [base_link] to frame [map]

[ERROR] [1782984533.175865664] [transformPoseInTargetFrame]: Extrapolation Error looking up target frame: Lookup would require extrapolation into the past.  Requested time 1782984249.057701 but the earliest data is at time 1782984523.152040, when looking up transform from frame [base_link] to frame [map]

[ERROR] [1782984534.175235505] [transformPoseInTargetFrame]: Extrapolation Error looking up target frame: Lookup would require extrapolation into the past.  Requested time 1782984249.057701 but the earliest data is at time 1782984524.150410, when looking up transform from frame [base_link] to frame [map]

[ERROR] [1782984535.174361304] [transformPoseInTargetFrame]: Extrapolation Error looking up target frame: Lookup would require extrapolation into the past.  Requested time 1782984249.057701 but the earliest data is at time 1782984525.150388, when looking up transform from frame [base_link] to frame [map]

[ERROR] [1782984536.175777145] [transformPoseInTargetFrame]: Extrapolation Error looking up target frame: Lookup would require extrapolation into the past.  Requested time 1782984249.057701 but the earliest data is at time 1782984526.149850, when looking up transform from frame [base_link] to frame [map]

[ERROR] [1782984537.175560361] [transformPoseInTargetFrame]: Extrapolation Error looking up target frame: Lookup would require extrapolation into the past.  Requested time 1782984249.057701 but the earliest data is at time 1782984527.117366, when looking up transform from frame [base_link] to frame [map]

[ERROR] [1782984538.175703618] [transformPoseInTargetFrame]: Extrapolation Error looking up target frame: Lookup would require extrapolation into the past.  Requested time 1782984249.057701 but the earliest data is at time 1782984528.118102, when looking up transform from frame [base_link] to frame [map]

[ERROR] [1782984539.175715374] [transformPoseInTargetFrame]: Extrapolation Error looking up target frame: Lookup would require extrapolation into the past.  Requested time 1782984249.057701 but the earliest data is at time 1782984529.150170, when looking up transform from frame [base_link] to frame [map]

[ERROR] [1782984540.174821755] [transformPoseInTargetFrame]: Extrapolation Error looking up target frame: Lookup would require extrapolation into the past.  Requested time 1782984249.057701 but the earliest data is at time 1782984530.152080, when looking up transform from frame [base_link] to frame [map]

[ERROR] [1782984541.176586804] [transformPoseInTargetFrame]: Extrapolation Error looking up target frame: Lookup would require extrapolation into the past.  Requested time 1782984249.057701 but the earliest data is at time 1782984531.117231, when looking up transform from frame [base_link] to frame [map]

[ERROR] [1782984542.174898851] [transformPoseInTargetFrame]: Extrapolation Error looking up target frame: Lookup would require extrapolation into the past.  Requested time 1782984249.057701 but the earliest data is at time 1782984532.117448, when looking up transform from frame [base_link] to frame [map]

[ERROR] [1782984543.175541607] [transformPoseInTargetFrame]: Extrapolation Error looking up target frame: Lookup would require extrapolation into the past.  Requested time 1782984249.057701 but the earliest data is at time 1782984533.118015, when looking up transform from frame [base_link] to frame [map]

[ERROR] [1782984544.175003071] [transformPoseInTargetFrame]: Extrapolation Error looking up target frame: Lookup would require extrapolation into the past.  Requested time 1782984249.057701 but the earliest data is at time 1782984534.116874, when looking up transform from frame [base_link] to frame [map]

[ERROR] [1782984545.174830201] [transformPoseInTargetFrame]: Extrapolation Error looking up target frame: Lookup would require extrapolation into the past.  Requested time 1782984249.057701 but the earliest data is at time 1782984535.116881, when looking up transform from frame [base_link] to frame [map]

[ERROR] [1782984546.175079248] [transformPoseInTargetFrame]: Extrapolation Error looking up target frame: Lookup would require extrapolation into the past.  Requested time 1782984249.057701 but the earliest data is at time 1782984536.118466, when looking up transform from frame [base_link] to frame [map]

[ERROR] [1782984547.175550003] [transformPoseInTargetFrame]: Extrapolation Error looking up target frame: Lookup would require extrapolation into the past.  Requested time 1782984249.057701 but the earliest data is at time 1782984537.117231, when looking up transform from frame [base_link] to frame [map]

[ERROR] [1782984548.176727884] [transformPoseInTargetFrame]: Extrapolation Error looking up target frame: Lookup would require extrapolation into the past.  Requested time 1782984249.057701 but the earliest data is at time 1782984538.152424, when looking up transform from frame [base_link] to frame [map]

[ERROR] [1782984549.175567179] [transformPoseInTargetFrame]: Extrapolation Error looking up target frame: Lookup would require extrapolation into the past.  Requested time 1782984249.057701 but the earliest data is at time 1782984539.117891, when looking up transform from frame [base_link] to frame [map]

[ERROR] [1782984550.174482474] [transformPoseInTargetFrame]: Extrapolation Error looking up target frame: Lookup would require extrapolation into the past.  Requested time 1782984249.057701 but the earliest data is at time 1782984540.116897, when looking up transform from frame [base_link] to frame [map]

[ERROR] [1782984551.175365521] [transformPoseInTargetFrame]: Extrapolation Error looking up target frame: Lookup would require extrapolation into the past.  Requested time 1782984249.057701 but the earliest data is at time 1782984541.152138, when looking up transform from frame [base_link] to frame [map]

[ERROR] [1782984552.175454066] [transformPoseInTargetFrame]: Extrapolation Error looking up target frame: Lookup would require extrapolation into the past.  Requested time 1782984249.057701 but the earliest data is at time 1782984542.117136, when looking up transform from frame [base_link] to frame [map]

[ERROR] [1782984553.175396736] [transformPoseInTargetFrame]: Extrapolation Error looking up target frame: Lookup would require extrapolation into the past.  Requested time 1782984249.057701 but the earliest data is at time 1782984543.152052, when looking up transform from frame [base_link] to frame [map]

[ERROR] [1782984554.175924740] [transformPoseInTargetFrame]: Extrapolation Error looking up target frame: Lookup would require extrapolation into the past.  Requested time 1782984249.057701 but the earliest data is at time 1782984544.151235, when looking up transform from frame [base_link] to frame [map]

[ERROR] [1782984555.174786201] [transformPoseInTargetFrame]: Extrapolation Error looking up target frame: Lookup would require extrapolation into the past.  Requested time 1782984249.057701 but the earliest data is at time 1782984545.152266, when looking up transform from frame [base_link] to frame [map]

[ERROR] [1782984556.174766662] [transformPoseInTargetFrame]: Extrapolation Error looking up target frame: Lookup would require extrapolation into the past.  Requested time 1782984249.057701 but the earliest data is at time 1782984546.152199, when looking up transform from frame [base_link] to frame [map]

[ERROR] [1782984557.174599290] [transformPoseInTargetFrame]: Extrapolation Error looking up target frame: Lookup would require extrapolation into the past.  Requested time 1782984249.057701 but the earliest data is at time 1782984547.117206, when looking up transform from frame [base_link] to frame [map]

[ERROR] [1782984558.175680626] [transformPoseInTargetFrame]: Extrapolation Error looking up target frame: Lookup would require extrapolation into the past.  Requested time 1782984249.057701 but the earliest data is at time 1782984548.117846, when looking up transform from frame [base_link] to frame [map]

[ERROR] [1782984559.175551295] [transformPoseInTargetFrame]: Extrapolation Error looking up target frame: Lookup would require extrapolation into the past.  Requested time 1782984249.057701 but the earliest data is at time 1782984549.150052, when looking up transform from frame [base_link] to frame [map]

[ERROR] [1782984560.174655922] [transformPoseInTargetFrame]: Extrapolation Error looking up target frame: Lookup would require extrapolation into the past.  Requested time 1782984249.057701 but the earliest data is at time 1782984550.150283, when looking up transform from frame [base_link] to frame [map]

[ERROR] [1782984561.174485840] [transformPoseInTargetFrame]: Extrapolation Error looking up target frame: Lookup would require extrapolation into the past.  Requested time 1782984249.057701 but the earliest data is at time 1782984551.155166, when looking up transform from frame [base_link] to frame [map]

[ERROR] [1782984562.174497883] [transformPoseInTargetFrame]: Extrapolation Error looking up target frame: Lookup would require extrapolation into the past.  Requested time 1782984249.057701 but the earliest data is at time 1782984552.153217, when looking up transform from frame [base_link] to frame [map]

[ERROR] [1782984563.174304301] [transformPoseInTargetFrame]: Extrapolation Error looking up target frame: Lookup would require extrapolation into the past.  Requested time 1782984249.057701 but the earliest data is at time 1782984553.117134, when looking up transform from frame [base_link] to frame [map]

[ERROR] [1782984564.174417094] [transformPoseInTargetFrame]: Extrapolation Error looking up target frame: Lookup would require extrapolation into the past.  Requested time 1782984249.057701 but the earliest data is at time 1782984554.117101, when looking up transform from frame [base_link] to frame [map]

[ERROR] [1782984565.176698555] [transformPoseInTargetFrame]: Extrapolation Error looking up target frame: Lookup would require extrapolation into the past.  Requested time 1782984249.057701 but the earliest data is at time 1782984555.149965, when looking up transform from frame [base_link] to frame [map]

[ERROR] [1782984566.174730471] [transformPoseInTargetFrame]: Extrapolation Error looking up target frame: Lookup would require extrapolation into the past.  Requested time 1782984249.057701 but the earliest data is at time 1782984556.117304, when looking up transform from frame [base_link] to frame [map]

[ERROR] [1782984567.174146472] [transformPoseInTargetFrame]: Extrapolation Error looking up target frame: Lookup would require extrapolation into the past.  Requested time 1782984249.057701 but the earliest data is at time 1782984557.151257, when looking up transform from frame [base_link] to frame [map]

[ERROR] [1782984568.174567639] [transformPoseInTargetFrame]: Extrapolation Error looking up target frame: Lookup would require extrapolation into the past.  Requested time 1782984249.057701 but the earliest data is at time 1782984558.153854, when looking up transform from frame [base_link] to frame [map]

[ERROR] [1782984569.174600514] [transformPoseInTargetFrame]: Extrapolation Error looking up target frame: Lookup would require extrapolation into the past.  Requested time 1782984249.057701 but the earliest data is at time 1782984559.117227, when looking up transform from frame [base_link] to frame [map]

[ERROR] [1782984570.174463430] [transformPoseInTargetFrame]: Extrapolation Error looking up target frame: Lookup would require extrapolation into the past.  Requested time 1782984249.057701 but the earliest data is at time 1782984560.116991, when looking up transform from frame [base_link] to frame [map]

[ERROR] [1782984571.174624347] [transformPoseInTargetFrame]: Extrapolation Error looking up target frame: Lookup would require extrapolation into the past.  Requested time 1782984249.057701 but the earliest data is at time 1782984561.150686, when looking up transform from frame [base_link] to frame [map]

[ERROR] [1782984572.174619055] [transformPoseInTargetFrame]: Extrapolation Error looking up target frame: Lookup would require extrapolation into the past.  Requested time 1782984249.057701 but the earliest data is at time 1782984562.150007, when looking up transform from frame [base_link] to frame [map]

[ERROR] [1782984573.174618554] [transformPoseInTargetFrame]: Extrapolation Error looking up target frame: Lookup would require extrapolation into the past.  Requested time 1782984249.057701 but the earliest data is at time 1782984563.116851, when looking up transform from frame [base_link] to frame [map]

[ERROR] [1782984574.168658799] [transformPoseInTargetFrame]: Extrapolation Error looking up target frame: Lookup would require extrapolation into the past.  Requested time 1782984249.057701 but the earliest data is at time 1782984564.150077, when looking up transform from frame [base_link] to frame [map]

[ERROR] [1782984575.176962053] [transformPoseInTargetFrame]: Extrapolation Error looking up target frame: Lookup would require extrapolation into the past.  Requested time 1782984249.057701 but the earliest data is at time 1782984565.117012, when looking up transform from frame [base_link] to frame [map]

[ERROR] [1782984576.173621175] [transformPoseInTargetFrame]: Extrapolation Error looking up target frame: Lookup would require extrapolation into the past.  Requested time 1782984249.057701 but the earliest data is at time 1782984566.150353, when looking up transform from frame [base_link] to frame [map]

[ERROR] [1782984577.174107757] [transformPoseInTargetFrame]: Extrapolation Error looking up target frame: Lookup would require extrapolation into the past.  Requested time 1782984249.057701 but the earliest data is at time 1782984566.616864, when looking up transform from frame [base_link] to frame [map]

[ERROR] [1782984578.174306213] [transformPoseInTargetFrame]: Extrapolation Error looking up target frame: Lookup would require extrapolation into the past.  Requested time 1782984249.057701 but the earliest data is at time 1782984566.616864, when looking up transform from frame [base_link] to frame [map]

[ERROR] [1782984579.173210627] [transformPoseInTargetFrame]: Extrapolation Error looking up target frame: Lookup would require extrapolation into the past.  Requested time 1782984249.057701 but the earliest data is at time 1782984566.616864, when looking up transform from frame [base_link] to frame [map]

[ERROR] [1782984580.173848209] [transformPoseInTargetFrame]: Extrapolation Error looking up target frame: Lookup would require extrapolation into the past.  Requested time 1782984249.057701 but the earliest data is at time 1782984566.616864, when looking up transform from frame [base_link] to frame [map]

[ERROR] [1782984581.173916498] [transformPoseInTargetFrame]: Extrapolation Error looking up target frame: Lookup would require extrapolation into the past.  Requested time 1782984249.057701 but the earliest data is at time 1782984566.616864, when looking up transform from frame [base_link] to frame [map]

[ERROR] [1782984582.173891078] [transformPoseInTargetFrame]: Extrapolation Error looking up target frame: Lookup would require extrapolation into the past.  Requested time 1782984249.057701 but the earliest data is at time 1782984566.616864, when looking up transform from frame [base_link] to frame [map]

[ERROR] [1782984583.176517286] [transformPoseInTargetFrame]: Extrapolation Error looking up target frame: Lookup would require extrapolation into the past.  Requested time 1782984249.057701 but the earliest data is at time 1782984566.616864, when looking up transform from frame [base_link] to frame [map]

[ERROR] [1782984584.174736406] [transformPoseInTargetFrame]: Extrapolation Error looking up target frame: Lookup would require extrapolation into the past.  Requested time 1782984249.057701 but the earliest data is at time 1782984566.616864, when looking up transform from frame [base_link] to frame [map]

[ERROR] [1782984585.173047818] [transformPoseInTargetFrame]: Extrapolation Error looking up target frame: Lookup would require extrapolation into the past.  Requested time 1782984249.057701 but the earliest data is at time 1782984566.616864, when looking up transform from frame [base_link] to frame [map]

[ERROR] [1782984586.173782815] [transformPoseInTargetFrame]: Extrapolation Error looking up target frame: Lookup would require extrapolation into the past.  Requested time 1782984249.057701 but the earliest data is at time 1782984566.616864, when looking up transform from frame [base_link] to frame [map]

[ERROR] [1782984587.176961522] [transformPoseInTargetFrame]: Extrapolation Error looking up target frame: Lookup would require extrapolation into the past.  Requested time 1782984249.057701 but the earliest data is at time 1782984566.616864, when looking up transform from frame [base_link] to frame [map]

[ERROR] [1782984588.177391810] [transformPoseInTargetFrame]: Extrapolation Error looking up target frame: Lookup would require extrapolation into the past.  Requested time 1782984249.057701 but the earliest data is at time 1782984566.616864, when looking up transform from frame [base_link] to frame [map]

[ERROR] [1782984589.172864053] [transformPoseInTargetFrame]: Extrapolation Error looking up target frame: Lookup would require extrapolation into the past.  Requested time 1782984249.057701 but the earliest data is at time 1782984566.616864, when looking up transform from frame [base_link] to frame [map]

[ERROR] [1782984590.173082173] [transformPoseInTargetFrame]: Extrapolation Error looking up target frame: Lookup would require extrapolation into the past.  Requested time 1782984249.057701 but the earliest data is at time 1782984566.616864, when looking up transform from frame [base_link] to frame [map]

[ERROR] [1782984591.174852836] [transformPoseInTargetFrame]: Extrapolation Error looking up target frame: Lookup would require extrapolation into the past.  Requested time 1782984249.057701 but the earliest data is at time 1782984566.616864, when looking up transform from frame [base_link] to frame [map]

[ERROR] [1782984592.173936789] [transformPoseInTargetFrame]: Extrapolation Error looking up target frame: Lookup would require extrapolation into the past.  Requested time 1782984249.057701 but the earliest data is at time 1782984566.616864, when looking up transform from frame [base_link] to frame [map]

[ERROR] [1782984593.173469576] [transformPoseInTargetFrame]: Extrapolation Error looking up target frame: Lookup would require extrapolation into the past.  Requested time 1782984249.057701 but the earliest data is at time 1782984566.616864, when looking up transform from frame [base_link] to frame [map]

[ERROR] [1782984594.173646779] [transformPoseInTargetFrame]: Extrapolation Error looking up target frame: Lookup would require extrapolation into the past.  Requested time 1782984249.057701 but the earliest data is at time 1782984566.616864, when looking up transform from frame [base_link] to frame [map]

[ERROR] [1782984595.176575650] [transformPoseInTargetFrame]: Extrapolation Error looking up target frame: Lookup would require extrapolation into the past.  Requested time 1782984249.057701 but the earliest data is at time 1782984566.616864, when looking up transform from frame [base_link] to frame [map]

[ERROR] [1782984596.175811977] [transformPoseInTargetFrame]: Extrapolation Error looking up target frame: Lookup would require extrapolation into the past.  Requested time 1782984249.057701 but the earliest data is at time 1782984595.272835, when looking up transform from frame [base_link] to frame [map]

[ERROR] [1782984597.175779763] [transformPoseInTargetFrame]: Extrapolation Error looking up target frame: Lookup would require extrapolation into the past.  Requested time 1782984249.057701 but the earliest data is at time 1782984595.272835, when looking up transform from frame [base_link] to frame [map]

[ERROR] [1782984598.177757925] [transformPoseInTargetFrame]: Extrapolation Error looking up target frame: Lookup would require extrapolation into the past.  Requested time 1782984249.057701 but the earliest data is at time 1782984595.272835, when looking up transform from frame [base_link] to frame [map]

[ERROR] [1782984599.171059872] [transformPoseInTargetFrame]: Extrapolation Error looking up target frame: Lookup would require extrapolation into the past.  Requested time 1782984249.057701 but the earliest data is at time 1782984595.272835, when looking up transform from frame [base_link] to frame [map]

[ERROR] [1782984600.174165617] [transformPoseInTargetFrame]: Extrapolation Error looking up target frame: Lookup would require extrapolation into the past.  Requested time 1782984249.057701 but the earliest data is at time 1782984595.272835, when looking up transform from frame [base_link] to frame [map]

[ERROR] [1782984601.173925985] [transformPoseInTargetFrame]: Extrapolation Error looking up target frame: Lookup would require extrapolation into the past.  Requested time 1782984249.057701 but the earliest data is at time 1782984595.272835, when looking up transform from frame [base_link] to frame [map]

[ERROR] [1782984602.174323895] [transformPoseInTargetFrame]: Extrapolation Error looking up target frame: Lookup would require extrapolation into the past.  Requested time 1782984249.057701 but the earliest data is at time 1782984595.272835, when looking up transform from frame [base_link] to frame [map]

[ERROR] [1782984603.174641597] [transformPoseInTargetFrame]: Extrapolation Error looking up target frame: Lookup would require extrapolation into the past.  Requested time 1782984603.172531 but the earliest data is at time 1782984603.439950, when looking up transform from frame [base_link] to frame [map]

[ERROR] [1782984668.174322203] [transformPoseInTargetFrame]: Extrapolation Error looking up target frame: Lookup would require extrapolation into the past.  Requested time 1782984657.605897 but the earliest data is at time 1782984658.106133, when looking up transform from frame [base_link] to frame [map]

[ERROR] [1782984669.175204640] [transformPoseInTargetFrame]: Extrapolation Error looking up target frame: Lookup would require extrapolation into the past.  Requested time 1782984657.605897 but the earliest data is at time 1782984659.139485, when looking up transform from frame [base_link] to frame [map]

[ERROR] [1782984670.174888410] [transformPoseInTargetFrame]: Extrapolation Error looking up target frame: Lookup would require extrapolation into the past.  Requested time 1782984657.605897 but the earliest data is at time 1782984660.139462, when looking up transform from frame [base_link] to frame [map]

[ERROR] [1782984671.174868930] [transformPoseInTargetFrame]: Extrapolation Error looking up target frame: Lookup would require extrapolation into the past.  Requested time 1782984657.605897 but the earliest data is at time 1782984661.139452, when looking up transform from frame [base_link] to frame [map]

[ERROR] [1782984672.174728158] [transformPoseInTargetFrame]: Extrapolation Error looking up target frame: Lookup would require extrapolation into the past.  Requested time 1782984657.605897 but the earliest data is at time 1782984662.106136, when looking up transform from frame [base_link] to frame [map]

[ERROR] [1782984673.175373636] [transformPoseInTargetFrame]: Extrapolation Error looking up target frame: Lookup would require extrapolation into the past.  Requested time 1782984657.605897 but the earliest data is at time 1782984663.139478, when looking up transform from frame [base_link] to frame [map]

[ERROR] [1782984674.175481822] [transformPoseInTargetFrame]: Extrapolation Error looking up target frame: Lookup would require extrapolation into the past.  Requested time 1782984657.605897 but the earliest data is at time 1782984664.110680, when looking up transform from frame [base_link] to frame [map]

[ERROR] [1782984675.175980549] [transformPoseInTargetFrame]: Extrapolation Error looking up target frame: Lookup would require extrapolation into the past.  Requested time 1782984657.605897 but the earliest data is at time 1782984665.172487, when looking up transform from frame [base_link] to frame [map]

[ERROR] [1782984676.174598234] [transformPoseInTargetFrame]: Extrapolation Error looking up target frame: Lookup would require extrapolation into the past.  Requested time 1782984657.605897 but the earliest data is at time 1782984666.139483, when looking up transform from frame [base_link] to frame [map]

[ERROR] [1782984677.174595794] [transformPoseInTargetFrame]: Extrapolation Error looking up target frame: Lookup would require extrapolation into the past.  Requested time 1782984657.605897 but the earliest data is at time 1782984667.172789, when looking up transform from frame [base_link] to frame [map]

[ERROR] [1782984678.176067688] [transformPoseInTargetFrame]: Extrapolation Error looking up target frame: Lookup would require extrapolation into the past.  Requested time 1782984657.605897 but the earliest data is at time 1782984668.139384, when looking up transform from frame [base_link] to frame [map]

[ERROR] [1782984679.175336831] [transformPoseInTargetFrame]: Extrapolation Error looking up target frame: Lookup would require extrapolation into the past.  Requested time 1782984657.605897 but the earliest data is at time 1782984669.140014, when looking up transform from frame [base_link] to frame [map]

[ERROR] [1782984680.175448724] [transformPoseInTargetFrame]: Extrapolation Error looking up target frame: Lookup would require extrapolation into the past.  Requested time 1782984657.605897 but the earliest data is at time 1782984670.140024, when looking up transform from frame [base_link] to frame [map]

[ERROR] [1782984681.174021324] [transformPoseInTargetFrame]: Extrapolation Error looking up target frame: Lookup would require extrapolation into the past.  Requested time 1782984657.605897 but the earliest data is at time 1782984671.106276, when looking up transform from frame [base_link] to frame [map]

[ERROR] [1782984682.174889259] [transformPoseInTargetFrame]: Extrapolation Error looking up target frame: Lookup would require extrapolation into the past.  Requested time 1782984657.605897 but the earliest data is at time 1782984672.139520, when looking up transform from frame [base_link] to frame [map]

[ERROR] [1782984683.174383859] [transformPoseInTargetFrame]: Extrapolation Error looking up target frame: Lookup would require extrapolation into the past.  Requested time 1782984657.605897 but the earliest data is at time 1782984673.106305, when looking up transform from frame [base_link] to frame [map]

[ERROR] [1782984684.174550918] [transformPoseInTargetFrame]: Extrapolation Error looking up target frame: Lookup would require extrapolation into the past.  Requested time 1782984657.605897 but the earliest data is at time 1782984674.106667, when looking up transform from frame [base_link] to frame [map]

[ERROR] [1782984685.174478559] [transformPoseInTargetFrame]: Extrapolation Error looking up target frame: Lookup would require extrapolation into the past.  Requested time 1782984657.605897 but the earliest data is at time 1782984675.106305, when looking up transform from frame [base_link] to frame [map]

[ERROR] [1782984686.174309368] [transformPoseInTargetFrame]: Extrapolation Error looking up target frame: Lookup would require extrapolation into the past.  Requested time 1782984657.605897 but the earliest data is at time 1782984676.106294, when looking up transform from frame [base_link] to frame [map]

[ERROR] [1782984687.174609342] [transformPoseInTargetFrame]: Extrapolation Error looking up target frame: Lookup would require extrapolation into the past.  Requested time 1782984657.605897 but the earliest data is at time 1782984677.139603, when looking up transform from frame [base_link] to frame [map]

[ERROR] [1782984688.175389234] [transformPoseInTargetFrame]: Extrapolation Error looking up target frame: Lookup would require extrapolation into the past.  Requested time 1782984657.605897 but the earliest data is at time 1782984678.140017, when looking up transform from frame [base_link] to frame [map]

[ERROR] [1782984689.174299458] [transformPoseInTargetFrame]: Extrapolation Error looking up target frame: Lookup would require extrapolation into the past.  Requested time 1782984657.605897 but the earliest data is at time 1782984679.106680, when looking up transform from frame [base_link] to frame [map]

[ERROR] [1782984690.174335557] [transformPoseInTargetFrame]: Extrapolation Error looking up target frame: Lookup would require extrapolation into the past.  Requested time 1782984657.605897 but the earliest data is at time 1782984680.106669, when looking up transform from frame [base_link] to frame [map]

[ERROR] [1782984691.174317906] [transformPoseInTargetFrame]: Extrapolation Error looking up target frame: Lookup would require extrapolation into the past.  Requested time 1782984657.605897 but the earliest data is at time 1782984681.139453, when looking up transform from frame [base_link] to frame [map]

[ERROR] [1782984692.174339629] [transformPoseInTargetFrame]: Extrapolation Error looking up target frame: Lookup would require extrapolation into the past.  Requested time 1782984657.605897 but the earliest data is at time 1782984682.106225, when looking up transform from frame [base_link] to frame [map]

[ERROR] [1782984693.174583103] [transformPoseInTargetFrame]: Extrapolation Error looking up target frame: Lookup would require extrapolation into the past.  Requested time 1782984657.605897 but the earliest data is at time 1782984683.106183, when looking up transform from frame [base_link] to frame [map]

[ERROR] [1782984694.174418576] [transformPoseInTargetFrame]: Extrapolation Error looking up target frame: Lookup would require extrapolation into the past.  Requested time 1782984657.605897 but the earliest data is at time 1782984684.106660, when looking up transform from frame [base_link] to frame [map]

[ERROR] [1782984695.174484841] [transformPoseInTargetFrame]: Extrapolation Error looking up target frame: Lookup would require extrapolation into the past.  Requested time 1782984657.605897 but the earliest data is at time 1782984685.139450, when looking up transform from frame [base_link] to frame [map]

[ERROR] [1782984696.174497022] [transformPoseInTargetFrame]: Extrapolation Error looking up target frame: Lookup would require extrapolation into the past.  Requested time 1782984657.605897 but the earliest data is at time 1782984686.106151, when looking up transform from frame [base_link] to frame [map]

[ERROR] [1782984697.174692536] [transformPoseInTargetFrame]: Extrapolation Error looking up target frame: Lookup would require extrapolation into the past.  Requested time 1782984657.605897 but the earliest data is at time 1782984687.106663, when looking up transform from frame [base_link] to frame [map]

[ERROR] [1782984698.174502759] [transformPoseInTargetFrame]: Extrapolation Error looking up target frame: Lookup would require extrapolation into the past.  Requested time 1782984657.605897 but the earliest data is at time 1782984688.106689, when looking up transform from frame [base_link] to frame [map]

[ERROR] [1782984699.174078064] [transformPoseInTargetFrame]: Extrapolation Error looking up target frame: Lookup would require extrapolation into the past.  Requested time 1782984657.605897 but the earliest data is at time 1782984688.672488, when looking up transform from frame [base_link] to frame [map]

[ERROR] [1782984700.174143536] [transformPoseInTargetFrame]: Extrapolation Error looking up target frame: Lookup would require extrapolation into the past.  Requested time 1782984657.605897 but the earliest data is at time 1782984688.672488, when looking up transform from frame [base_link] to frame [map]

[ERROR] [1782984701.173602632] [transformPoseInTargetFrame]: Extrapolation Error looking up target frame: Lookup would require extrapolation into the past.  Requested time 1782984657.605897 but the earliest data is at time 1782984688.672488, when looking up transform from frame [base_link] to frame [map]

[ERROR] [1782984702.173970979] [transformPoseInTargetFrame]: Extrapolation Error looking up target frame: Lookup would require extrapolation into the past.  Requested time 1782984657.605897 but the earliest data is at time 1782984688.672488, when looking up transform from frame [base_link] to frame [map]

[ERROR] [1782984703.176386452] [transformPoseInTargetFrame]: Extrapolation Error looking up target frame: Lookup would require extrapolation into the past.  Requested time 1782984657.605897 but the earliest data is at time 1782984688.672488, when looking up transform from frame [base_link] to frame [map]

[ERROR] [1782984704.173800130] [transformPoseInTargetFrame]: Extrapolation Error looking up target frame: Lookup would require extrapolation into the past.  Requested time 1782984657.605897 but the earliest data is at time 1782984688.672488, when looking up transform from frame [base_link] to frame [map]

[ERROR] [1782984705.175769144] [transformPoseInTargetFrame]: Extrapolation Error looking up target frame: Lookup would require extrapolation into the past.  Requested time 1782984657.605897 but the earliest data is at time 1782984688.672488, when looking up transform from frame [base_link] to frame [map]

[ERROR] [1782984706.173299488] [transformPoseInTargetFrame]: Extrapolation Error looking up target frame: Lookup would require extrapolation into the past.  Requested time 1782984657.605897 but the earliest data is at time 1782984688.672488, when looking up transform from frame [base_link] to frame [map]

[ERROR] [1782984707.173364000] [transformPoseInTargetFrame]: Extrapolation Error looking up target frame: Lookup would require extrapolation into the past.  Requested time 1782984657.605897 but the earliest data is at time 1782984688.672488, when looking up transform from frame [base_link] to frame [map]

[ERROR] [1782984708.173892429] [transformPoseInTargetFrame]: Extrapolation Error looking up target frame: Lookup would require extrapolation into the past.  Requested time 1782984657.605897 but the earliest data is at time 1782984688.672488, when looking up transform from frame [base_link] to frame [map]

[ERROR] [1782984709.174268524] [transformPoseInTargetFrame]: Extrapolation Error looking up target frame: Lookup would require extrapolation into the past.  Requested time 1782984657.605897 but the earliest data is at time 1782984688.672488, when looking up transform from frame [base_link] to frame [map]

[ERROR] [1782984710.177297413] [transformPoseInTargetFrame]: Extrapolation Error looking up target frame: Lookup would require extrapolation into the past.  Requested time 1782984657.605897 but the earliest data is at time 1782984688.672488, when looking up transform from frame [base_link] to frame [map]

[ERROR] [1782984711.173530338] [transformPoseInTargetFrame]: Extrapolation Error looking up target frame: Lookup would require extrapolation into the past.  Requested time 1782984657.605897 but the earliest data is at time 1782984688.672488, when looking up transform from frame [base_link] to frame [map]

[ERROR] [1782984712.173612641] [transformPoseInTargetFrame]: Extrapolation Error looking up target frame: Lookup would require extrapolation into the past.  Requested time 1782984657.605897 but the earliest data is at time 1782984688.672488, when looking up transform from frame [base_link] to frame [map]

[ERROR] [1782984713.173991402] [transformPoseInTargetFrame]: Extrapolation Error looking up target frame: Lookup would require extrapolation into the past.  Requested time 1782984657.605897 but the earliest data is at time 1782984688.672488, when looking up transform from frame [base_link] to frame [map]

[ERROR] [1782984714.173951704] [transformPoseInTargetFrame]: Extrapolation Error looking up target frame: Lookup would require extrapolation into the past.  Requested time 1782984657.605897 but the earliest data is at time 1782984688.672488, when looking up transform from frame [base_link] to frame [map]

[ERROR] [1782984715.173404298] [transformPoseInTargetFrame]: Extrapolation Error looking up target frame: Lookup would require extrapolation into the past.  Requested time 1782984657.605897 but the earliest data is at time 1782984688.672488, when looking up transform from frame [base_link] to frame [map]

[ERROR] [1782984716.173670975] [transformPoseInTargetFrame]: Extrapolation Error looking up target frame: Lookup would require extrapolation into the past.  Requested time 1782984657.605897 but the earliest data is at time 1782984688.672488, when looking up transform from frame [base_link] to frame [map]

[ERROR] [1782984717.174412361] [transformPoseInTargetFrame]: Extrapolation Error looking up target frame: Lookup would require extrapolation into the past.  Requested time 1782984657.605897 but the earliest data is at time 1782984688.672488, when looking up transform from frame [base_link] to frame [map]

[ERROR] [1782984718.174776204] [transformPoseInTargetFrame]: Extrapolation Error looking up target frame: Lookup would require extrapolation into the past.  Requested time 1782984657.605897 but the earliest data is at time 1782984717.616509, when looking up transform from frame [base_link] to frame [map]

[ERROR] [1782984719.175644839] [transformPoseInTargetFrame]: Extrapolation Error looking up target frame: Lookup would require extrapolation into the past.  Requested time 1782984657.605897 but the earliest data is at time 1782984717.616509, when looking up transform from frame [base_link] to frame [map]

[ERROR] [1782984720.174078514] [transformPoseInTargetFrame]: Extrapolation Error looking up target frame: Lookup would require extrapolation into the past.  Requested time 1782984657.605897 but the earliest data is at time 1782984717.616509, when looking up transform from frame [base_link] to frame [map]

[ERROR] [1782984721.173814107] [transformPoseInTargetFrame]: Extrapolation Error looking up target frame: Lookup would require extrapolation into the past.  Requested time 1782984657.605897 but the earliest data is at time 1782984717.616509, when looking up transform from frame [base_link] to frame [map]

[ERROR] [1782984722.174806033] [transformPoseInTargetFrame]: Extrapolation Error looking up target frame: Lookup would require extrapolation into the past.  Requested time 1782984657.605897 but the earliest data is at time 1782984717.616509, when looking up transform from frame [base_link] to frame [map]

[ERROR] [1782984723.174257708] [transformPoseInTargetFrame]: Extrapolation Error looking up target frame: Lookup would require extrapolation into the past.  Requested time 1782984657.605897 but the earliest data is at time 1782984717.616509, when looking up transform from frame [base_link] to frame [map]

[ERROR] [1782984724.180085179] [transformPoseInTargetFrame]: Extrapolation Error looking up target frame: Lookup would require extrapolation into the past.  Requested time 1782984657.605897 but the earliest data is at time 1782984717.616509, when looking up transform from frame [base_link] to frame [map]

[ERROR] [1782984725.174798892] [transformPoseInTargetFrame]: Extrapolation Error looking up target frame: Lookup would require extrapolation into the past.  Requested time 1782984657.605897 but the earliest data is at time 1782984717.616509, when looking up transform from frame [base_link] to frame [map]

[ERROR] [1782984866.175415075] [transformPoseInTargetFrame]: Extrapolation Error looking up target frame: Lookup would require extrapolation into the past.  Requested time 1782984855.388023 but the earliest data is at time 1782984856.148188, when looking up transform from frame [base_link] to frame [map]

[ERROR] [1782984867.175056179] [transformPoseInTargetFrame]: Extrapolation Error looking up target frame: Lookup would require extrapolation into the past.  Requested time 1782984855.388023 but the earliest data is at time 1782984857.148287, when looking up transform from frame [base_link] to frame [map]

[ERROR] [1782984868.174425366] [transformPoseInTargetFrame]: Extrapolation Error looking up target frame: Lookup would require extrapolation into the past.  Requested time 1782984855.388023 but the earliest data is at time 1782984858.114761, when looking up transform from frame [base_link] to frame [map]

[ERROR] [1782984869.174384761] [transformPoseInTargetFrame]: Extrapolation Error looking up target frame: Lookup would require extrapolation into the past.  Requested time 1782984855.388023 but the earliest data is at time 1782984859.148241, when looking up transform from frame [base_link] to frame [map]

[ERROR] [1782984870.174367615] [transformPoseInTargetFrame]: Extrapolation Error looking up target frame: Lookup would require extrapolation into the past.  Requested time 1782984855.388023 but the earliest data is at time 1782984860.115615, when looking up transform from frame [base_link] to frame [map]

[ERROR] [1782984871.174460301] [transformPoseInTargetFrame]: Extrapolation Error looking up target frame: Lookup would require extrapolation into the past.  Requested time 1782984855.388023 but the earliest data is at time 1782984861.148282, when looking up transform from frame [base_link] to frame [map]

[ERROR] [1782984872.174567613] [transformPoseInTargetFrame]: Extrapolation Error looking up target frame: Lookup would require extrapolation into the past.  Requested time 1782984855.388023 but the earliest data is at time 1782984862.116072, when looking up transform from frame [base_link] to frame [map]

[ERROR] [1782984873.175985716] [transformPoseInTargetFrame]: Extrapolation Error looking up target frame: Lookup would require extrapolation into the past.  Requested time 1782984855.388023 but the earliest data is at time 1782984863.148561, when looking up transform from frame [base_link] to frame [map]

[ERROR] [1782984874.174464568] [transformPoseInTargetFrame]: Extrapolation Error looking up target frame: Lookup would require extrapolation into the past.  Requested time 1782984855.388023 but the earliest data is at time 1782984864.115234, when looking up transform from frame [base_link] to frame [map]

[ERROR] [1782984875.174294962] [transformPoseInTargetFrame]: Extrapolation Error looking up target frame: Lookup would require extrapolation into the past.  Requested time 1782984855.388023 but the earliest data is at time 1782984865.115485, when looking up transform from frame [base_link] to frame [map]

[ERROR] [1782984876.174571064] [transformPoseInTargetFrame]: Extrapolation Error looking up target frame: Lookup would require extrapolation into the past.  Requested time 1782984855.388023 but the earliest data is at time 1782984866.116151, when looking up transform from frame [base_link] to frame [map]

[ERROR] [1782984877.174320333] [transformPoseInTargetFrame]: Extrapolation Error looking up target frame: Lookup would require extrapolation into the past.  Requested time 1782984855.388023 but the earliest data is at time 1782984867.116273, when looking up transform from frame [base_link] to frame [map]

[ERROR] [1782984878.174627477] [transformPoseInTargetFrame]: Extrapolation Error looking up target frame: Lookup would require extrapolation into the past.  Requested time 1782984855.388023 but the earliest data is at time 1782984868.148286, when looking up transform from frame [base_link] to frame [map]

[ERROR] [1782984879.175292829] [transformPoseInTargetFrame]: Extrapolation Error looking up target frame: Lookup would require extrapolation into the past.  Requested time 1782984855.388023 but the earliest data is at time 1782984869.115222, when looking up transform from frame [base_link] to frame [map]

[ERROR] [1782984880.173674846] [transformPoseInTargetFrame]: Extrapolation Error looking up target frame: Lookup would require extrapolation into the past.  Requested time 1782984855.388023 but the earliest data is at time 1782984869.115222, when looking up transform from frame [base_link] to frame [map]

[ERROR] [1782984881.173922739] [transformPoseInTargetFrame]: Extrapolation Error looking up target frame: Lookup would require extrapolation into the past.  Requested time 1782984855.388023 but the earliest data is at time 1782984869.115222, when looking up transform from frame [base_link] to frame [map]

[ERROR] [1782984882.174105465] [transformPoseInTargetFrame]: Extrapolation Error looking up target frame: Lookup would require extrapolation into the past.  Requested time 1782984855.388023 but the earliest data is at time 1782984869.115222, when looking up transform from frame [base_link] to frame [map]

[ERROR] [1782984883.172858606] [transformPoseInTargetFrame]: Extrapolation Error looking up target frame: Lookup would require extrapolation into the past.  Requested time 1782984855.388023 but the earliest data is at time 1782984869.115222, when looking up transform from frame [base_link] to frame [map]

[ERROR] [1782984884.173544082] [transformPoseInTargetFrame]: Extrapolation Error looking up target frame: Lookup would require extrapolation into the past.  Requested time 1782984855.388023 but the earliest data is at time 1782984869.115222, when looking up transform from frame [base_link] to frame [map]

[ERROR] [1782984885.173940850] [transformPoseInTargetFrame]: Extrapolation Error looking up target frame: Lookup would require extrapolation into the past.  Requested time 1782984855.388023 but the earliest data is at time 1782984869.115222, when looking up transform from frame [base_link] to frame [map]

[ERROR] [1782984886.173594575] [transformPoseInTargetFrame]: Extrapolation Error looking up target frame: Lookup would require extrapolation into the past.  Requested time 1782984855.388023 but the earliest data is at time 1782984869.115222, when looking up transform from frame [base_link] to frame [map]

[ERROR] [1782984887.168733338] [transformPoseInTargetFrame]: Extrapolation Error looking up target frame: Lookup would require extrapolation into the past.  Requested time 1782984855.388023 but the earliest data is at time 1782984869.115222, when looking up transform from frame [base_link] to frame [map]

[ERROR] [1782984888.171986024] [transformPoseInTargetFrame]: Extrapolation Error looking up target frame: Lookup would require extrapolation into the past.  Requested time 1782984855.388023 but the earliest data is at time 1782984869.115222, when looking up transform from frame [base_link] to frame [map]

[ERROR] [1782984889.173836499] [transformPoseInTargetFrame]: Extrapolation Error looking up target frame: Lookup would require extrapolation into the past.  Requested time 1782984855.388023 but the earliest data is at time 1782984869.115222, when looking up transform from frame [base_link] to frame [map]

[ERROR] [1782984890.168556429] [transformPoseInTargetFrame]: Extrapolation Error looking up target frame: Lookup would require extrapolation into the past.  Requested time 1782984855.388023 but the earliest data is at time 1782984869.115222, when looking up transform from frame [base_link] to frame [map]

[ERROR] [1782984891.174825615] [transformPoseInTargetFrame]: Extrapolation Error looking up target frame: Lookup would require extrapolation into the past.  Requested time 1782984855.388023 but the earliest data is at time 1782984869.115222, when looking up transform from frame [base_link] to frame [map]

[ERROR] [1782984892.174667006] [transformPoseInTargetFrame]: Extrapolation Error looking up target frame: Lookup would require extrapolation into the past.  Requested time 1782984855.388023 but the earliest data is at time 1782984869.115222, when looking up transform from frame [base_link] to frame [map]

[ERROR] [1782984893.174941771] [transformPoseInTargetFrame]: Extrapolation Error looking up target frame: Lookup would require extrapolation into the past.  Requested time 1782984855.388023 but the earliest data is at time 1782984869.115222, when looking up transform from frame [base_link] to frame [map]

[ERROR] [1782984894.176542454] [transformPoseInTargetFrame]: Extrapolation Error looking up target frame: Lookup would require extrapolation into the past.  Requested time 1782984855.388023 but the earliest data is at time 1782984869.115222, when looking up transform from frame [base_link] to frame [map]

[ERROR] [1782984895.174793260] [transformPoseInTargetFrame]: Extrapolation Error looking up target frame: Lookup would require extrapolation into the past.  Requested time 1782984855.388023 but the earliest data is at time 1782984869.115222, when looking up transform from frame [base_link] to frame [map]

[ERROR] [1782984896.174699941] [transformPoseInTargetFrame]: Extrapolation Error looking up target frame: Lookup would require extrapolation into the past.  Requested time 1782984855.388023 but the earliest data is at time 1782984869.115222, when looking up transform from frame [base_link] to frame [map]

[ERROR] [1782984897.174471581] [transformPoseInTargetFrame]: Extrapolation Error looking up target frame: Lookup would require extrapolation into the past.  Requested time 1782984855.388023 but the earliest data is at time 1782984869.115222, when looking up transform from frame [base_link] to frame [map]

[ERROR] [1782984898.174555762] [transformPoseInTargetFrame]: Extrapolation Error looking up target frame: Lookup would require extrapolation into the past.  Requested time 1782984855.388023 but the earliest data is at time 1782984869.115222, when looking up transform from frame [base_link] to frame [map]

[ERROR] [1782984899.176824277] [transformPoseInTargetFrame]: Extrapolation Error looking up target frame: Lookup would require extrapolation into the past.  Requested time 1782984855.388023 but the earliest data is at time 1782984869.115222, when looking up transform from frame [base_link] to frame [map]

[ERROR] [1782984900.174181457] [transformPoseInTargetFrame]: Extrapolation Error looking up target frame: Lookup would require extrapolation into the past.  Requested time 1782984855.388023 but the earliest data is at time 1782984899.545892, when looking up transform from frame [base_link] to frame [map]

[ERROR] [1782984901.169330134] [transformPoseInTargetFrame]: Extrapolation Error looking up target frame: Lookup would require extrapolation into the past.  Requested time 1782984855.388023 but the earliest data is at time 1782984899.545892, when looking up transform from frame [base_link] to frame [map]

[ERROR] [1782984902.170062731] [transformPoseInTargetFrame]: Extrapolation Error looking up target frame: Lookup would require extrapolation into the past.  Requested time 1782984855.388023 but the earliest data is at time 1782984899.545892, when looking up transform from frame [base_link] to frame [map]

[ERROR] [1782984903.178202958] [transformPoseInTargetFrame]: Extrapolation Error looking up target frame: Lookup would require extrapolation into the past.  Requested time 1782984855.388023 but the earliest data is at time 1782984899.545892, when looking up transform from frame [base_link] to frame [map]

[ERROR] [1782984904.174403844] [transformPoseInTargetFrame]: Extrapolation Error looking up target frame: Lookup would require extrapolation into the past.  Requested time 1782984855.388023 but the earliest data is at time 1782984899.545892, when looking up transform from frame [base_link] to frame [map]

[ERROR] [1782984905.174842816] [transformPoseInTargetFrame]: Extrapolation Error looking up target frame: Lookup would require extrapolation into the past.  Requested time 1782984855.388023 but the earliest data is at time 1782984899.545892, when looking up transform from frame [base_link] to frame [map]

[ERROR] [1782984906.174203036] [transformPoseInTargetFrame]: Extrapolation Error looking up target frame: Lookup would require extrapolation into the past.  Requested time 1782984855.388023 but the earliest data is at time 1782984899.545892, when looking up transform from frame [base_link] to frame [map]

[ERROR] [1782984907.177481843] [transformPoseInTargetFrame]: Extrapolation Error looking up target frame: Lookup would require extrapolation into the past.  Requested time 1782984855.388023 but the earliest data is at time 1782984899.545892, when looking up transform from frame [base_link] to frame [map]

[ERROR] [1782984908.174476187] [transformPoseInTargetFrame]: Extrapolation Error looking up target frame: Lookup would require extrapolation into the past.  Requested time 1782984908.146069 but the earliest data is at time 1782984908.625533, when looking up transform from frame [base_link] to frame [map]

[ERROR] [1782985115.177833474] [transformPoseInTargetFrame]: Extrapolation Error looking up target frame: Lookup would require extrapolation into the past.  Requested time 1782985053.726955 but the earliest data is at time 1782985114.770370, when looking up transform from frame [base_link] to frame [map]

[ERROR] [1782985116.173851205] [transformPoseInTargetFrame]: Extrapolation Error looking up target frame: Lookup would require extrapolation into the past.  Requested time 1782985053.726955 but the earliest data is at time 1782985114.770370, when looking up transform from frame [base_link] to frame [map]

[ERROR] [1782985117.173727392] [transformPoseInTargetFrame]: Extrapolation Error looking up target frame: Lookup would require extrapolation into the past.  Requested time 1782985053.726955 but the earliest data is at time 1782985114.770370, when looking up transform from frame [base_link] to frame [map]

[ERROR] [1782985118.174136704] [transformPoseInTargetFrame]: Extrapolation Error looking up target frame: Lookup would require extrapolation into the past.  Requested time 1782985053.726955 but the earliest data is at time 1782985114.770370, when looking up transform from frame [base_link] to frame [map]

[ERROR] [1782985119.175623598] [transformPoseInTargetFrame]: Extrapolation Error looking up target frame: Lookup would require extrapolation into the past.  Requested time 1782985053.726955 but the earliest data is at time 1782985114.770370, when looking up transform from frame [base_link] to frame [map]

[ERROR] [1782985120.174049536] [transformPoseInTargetFrame]: Extrapolation Error looking up target frame: Lookup would require extrapolation into the past.  Requested time 1782985053.726955 but the earliest data is at time 1782985114.770370, when looking up transform from frame [base_link] to frame [map]

[ERROR] [1782985121.174672765] [transformPoseInTargetFrame]: Extrapolation Error looking up target frame: Lookup would require extrapolation into the past.  Requested time 1782985053.726955 but the earliest data is at time 1782985114.770370, when looking up transform from frame [base_link] to frame [map]

[ERROR] [1782985413.174334030] [transformPoseInTargetFrame]: Extrapolation Error looking up target frame: Lookup would require extrapolation into the past.  Requested time 1782985402.774213 but the earliest data is at time 1782985403.136202, when looking up transform from frame [base_link] to frame [map]

[ERROR] [1782985414.175107569] [transformPoseInTargetFrame]: Extrapolation Error looking up target frame: Lookup would require extrapolation into the past.  Requested time 1782985402.774213 but the earliest data is at time 1782985404.136331, when looking up transform from frame [base_link] to frame [map]

[ERROR] [1782985415.175351317] [transformPoseInTargetFrame]: Extrapolation Error looking up target frame: Lookup would require extrapolation into the past.  Requested time 1782985402.774213 but the earliest data is at time 1782985405.170404, when looking up transform from frame [base_link] to frame [map]

[ERROR] [1782985416.174698857] [transformPoseInTargetFrame]: Extrapolation Error looking up target frame: Lookup would require extrapolation into the past.  Requested time 1782985402.774213 but the earliest data is at time 1782985406.136260, when looking up transform from frame [base_link] to frame [map]

[ERROR] [1782985417.175779772] [transformPoseInTargetFrame]: Extrapolation Error looking up target frame: Lookup would require extrapolation into the past.  Requested time 1782985402.774213 but the earliest data is at time 1782985407.170240, when looking up transform from frame [base_link] to frame [map]

[ERROR] [1782985418.174671105] [transformPoseInTargetFrame]: Extrapolation Error looking up target frame: Lookup would require extrapolation into the past.  Requested time 1782985402.774213 but the earliest data is at time 1782985408.136203, when looking up transform from frame [base_link] to frame [map]

[ERROR] [1782985419.174985103] [transformPoseInTargetFrame]: Extrapolation Error looking up target frame: Lookup would require extrapolation into the past.  Requested time 1782985402.774213 but the earliest data is at time 1782985409.159507, when looking up transform from frame [base_link] to frame [map]

[ERROR] [1782985420.174954352] [transformPoseInTargetFrame]: Extrapolation Error looking up target frame: Lookup would require extrapolation into the past.  Requested time 1782985402.774213 but the earliest data is at time 1782985410.103015, when looking up transform from frame [base_link] to frame [map]

[ERROR] [1782985421.174657977] [transformPoseInTargetFrame]: Extrapolation Error looking up target frame: Lookup would require extrapolation into the past.  Requested time 1782985402.774213 but the earliest data is at time 1782985411.103037, when looking up transform from frame [base_link] to frame [map]

[ERROR] [1782985422.175505267] [transformPoseInTargetFrame]: Extrapolation Error looking up target frame: Lookup would require extrapolation into the past.  Requested time 1782985402.774213 but the earliest data is at time 1782985412.170967, when looking up transform from frame [base_link] to frame [map]

[ERROR] [1782985423.175329558] [transformPoseInTargetFrame]: Extrapolation Error looking up target frame: Lookup would require extrapolation into the past.  Requested time 1782985402.774213 but the earliest data is at time 1782985413.170724, when looking up transform from frame [base_link] to frame [map]

[ERROR] [1782985424.175837349] [transformPoseInTargetFrame]: Extrapolation Error looking up target frame: Lookup would require extrapolation into the past.  Requested time 1782985402.774213 but the earliest data is at time 1782985414.170758, when looking up transform from frame [base_link] to frame [map]

[ERROR] [1782985425.174455184] [transformPoseInTargetFrame]: Extrapolation Error looking up target frame: Lookup would require extrapolation into the past.  Requested time 1782985402.774213 but the earliest data is at time 1782985415.136718, when looking up transform from frame [base_link] to frame [map]

[ERROR] [1782985426.174427309] [transformPoseInTargetFrame]: Extrapolation Error looking up target frame: Lookup would require extrapolation into the past.  Requested time 1782985402.774213 but the earliest data is at time 1782985416.172355, when looking up transform from frame [base_link] to frame [map]

[ERROR] [1782985427.175621891] [transformPoseInTargetFrame]: Extrapolation Error looking up target frame: Lookup would require extrapolation into the past.  Requested time 1782985402.774213 but the earliest data is at time 1782985417.170429, when looking up transform from frame [base_link] to frame [map]

[ERROR] [1782985428.175980016] [transformPoseInTargetFrame]: Extrapolation Error looking up target frame: Lookup would require extrapolation into the past.  Requested time 1782985402.774213 but the earliest data is at time 1782985418.172055, when looking up transform from frame [base_link] to frame [map]

[ERROR] [1782985429.176193933] [transformPoseInTargetFrame]: Extrapolation Error looking up target frame: Lookup would require extrapolation into the past.  Requested time 1782985402.774213 but the earliest data is at time 1782985419.172978, when looking up transform from frame [base_link] to frame [map]

[ERROR] [1782985430.175309643] [transformPoseInTargetFrame]: Extrapolation Error looking up target frame: Lookup would require extrapolation into the past.  Requested time 1782985402.774213 but the earliest data is at time 1782985420.136196, when looking up transform from frame [base_link] to frame [map]

[ERROR] [1782985431.175275685] [transformPoseInTargetFrame]: Extrapolation Error looking up target frame: Lookup would require extrapolation into the past.  Requested time 1782985402.774213 but the earliest data is at time 1782985421.136282, when looking up transform from frame [base_link] to frame [map]

[ERROR] [1782985432.175634061] [transformPoseInTargetFrame]: Extrapolation Error looking up target frame: Lookup would require extrapolation into the past.  Requested time 1782985402.774213 but the earliest data is at time 1782985422.173108, when looking up transform from frame [base_link] to frame [map]

[ERROR] [1782985433.175631562] [transformPoseInTargetFrame]: Extrapolation Error looking up target frame: Lookup would require extrapolation into the past.  Requested time 1782985402.774213 but the earliest data is at time 1782985423.103381, when looking up transform from frame [base_link] to frame [map]

[ERROR] [1782985434.176141187] [transformPoseInTargetFrame]: Extrapolation Error looking up target frame: Lookup would require extrapolation into the past.  Requested time 1782985402.774213 but the earliest data is at time 1782985424.172066, when looking up transform from frame [base_link] to frame [map]

[ERROR] [1782985435.174320274] [transformPoseInTargetFrame]: Extrapolation Error looking up target frame: Lookup would require extrapolation into the past.  Requested time 1782985402.774213 but the earliest data is at time 1782985425.170637, when looking up transform from frame [base_link] to frame [map]

[ERROR] [1782985436.175800524] [transformPoseInTargetFrame]: Extrapolation Error looking up target frame: Lookup would require extrapolation into the past.  Requested time 1782985402.774213 but the earliest data is at time 1782985426.170696, when looking up transform from frame [base_link] to frame [map]

[ERROR] [1782985437.175358484] [transformPoseInTargetFrame]: Extrapolation Error looking up target frame: Lookup would require extrapolation into the past.  Requested time 1782985402.774213 but the earliest data is at time 1782985427.104338, when looking up transform from frame [base_link] to frame [map]

[ERROR] [1782985438.174415737] [transformPoseInTargetFrame]: Extrapolation Error looking up target frame: Lookup would require extrapolation into the past.  Requested time 1782985402.774213 but the earliest data is at time 1782985428.103418, when looking up transform from frame [base_link] to frame [map]

[ERROR] [1782985439.174616322] [transformPoseInTargetFrame]: Extrapolation Error looking up target frame: Lookup would require extrapolation into the past.  Requested time 1782985402.774213 but the earliest data is at time 1782985429.136695, when looking up transform from frame [base_link] to frame [map]

[ERROR] [1782985440.175452282] [transformPoseInTargetFrame]: Extrapolation Error looking up target frame: Lookup would require extrapolation into the past.  Requested time 1782985402.774213 but the earliest data is at time 1782985430.172622, when looking up transform from frame [base_link] to frame [map]

[ERROR] [1782985441.175572118] [transformPoseInTargetFrame]: Extrapolation Error looking up target frame: Lookup would require extrapolation into the past.  Requested time 1782985402.774213 but the earliest data is at time 1782985431.173820, when looking up transform from frame [base_link] to frame [map]

[ERROR] [1782985442.174687704] [transformPoseInTargetFrame]: Extrapolation Error looking up target frame: Lookup would require extrapolation into the past.  Requested time 1782985402.774213 but the earliest data is at time 1782985432.172244, when looking up transform from frame [base_link] to frame [map]

[ERROR] [1782985443.176797705] [transformPoseInTargetFrame]: Extrapolation Error looking up target frame: Lookup would require extrapolation into the past.  Requested time 1782985402.774213 but the earliest data is at time 1782985433.136720, when looking up transform from frame [base_link] to frame [map]

[ERROR] [1782985444.175679125] [transformPoseInTargetFrame]: Extrapolation Error looking up target frame: Lookup would require extrapolation into the past.  Requested time 1782985402.774213 but the earliest data is at time 1782985434.136689, when looking up transform from frame [base_link] to frame [map]

[ERROR] [1782985445.175942086] [transformPoseInTargetFrame]: Extrapolation Error looking up target frame: Lookup would require extrapolation into the past.  Requested time 1782985402.774213 but the earliest data is at time 1782985435.170705, when looking up transform from frame [base_link] to frame [map]

[ERROR] [1782985446.176365047] [transformPoseInTargetFrame]: Extrapolation Error looking up target frame: Lookup would require extrapolation into the past.  Requested time 1782985402.774213 but the earliest data is at time 1782985436.136654, when looking up transform from frame [base_link] to frame [map]

[ERROR] [1782985447.174565636] [transformPoseInTargetFrame]: Extrapolation Error looking up target frame: Lookup would require extrapolation into the past.  Requested time 1782985402.774213 but the earliest data is at time 1782985437.173320, when looking up transform from frame [base_link] to frame [map]

[ERROR] [1782985448.176162346] [transformPoseInTargetFrame]: Extrapolation Error looking up target frame: Lookup would require extrapolation into the past.  Requested time 1782985402.774213 but the earliest data is at time 1782985438.172157, when looking up transform from frame [base_link] to frame [map]

[ERROR] [1782985449.175538892] [transformPoseInTargetFrame]: Extrapolation Error looking up target frame: Lookup would require extrapolation into the past.  Requested time 1782985402.774213 but the earliest data is at time 1782985439.170352, when looking up transform from frame [base_link] to frame [map]

[ERROR] [1782985450.174435855] [transformPoseInTargetFrame]: Extrapolation Error looking up target frame: Lookup would require extrapolation into the past.  Requested time 1782985402.774213 but the earliest data is at time 1782985440.136690, when looking up transform from frame [base_link] to frame [map]

[ERROR] [1782985451.175047858] [transformPoseInTargetFrame]: Extrapolation Error looking up target frame: Lookup would require extrapolation into the past.  Requested time 1782985402.774213 but the earliest data is at time 1782985441.136628, when looking up transform from frame [base_link] to frame [map]

[ERROR] [1782985452.175499528] [transformPoseInTargetFrame]: Extrapolation Error looking up target frame: Lookup would require extrapolation into the past.  Requested time 1782985402.774213 but the earliest data is at time 1782985442.136807, when looking up transform from frame [base_link] to frame [map]

[ERROR] [1782985453.175122825] [transformPoseInTargetFrame]: Extrapolation Error looking up target frame: Lookup would require extrapolation into the past.  Requested time 1782985402.774213 but the earliest data is at time 1782985443.137426, when looking up transform from frame [base_link] to frame [map]

[ERROR] [1782985454.175424245] [transformPoseInTargetFrame]: Extrapolation Error looking up target frame: Lookup would require extrapolation into the past.  Requested time 1782985402.774213 but the earliest data is at time 1782985444.136629, when looking up transform from frame [base_link] to frame [map]

[ERROR] [1782985455.175613125] [transformPoseInTargetFrame]: Extrapolation Error looking up target frame: Lookup would require extrapolation into the past.  Requested time 1782985402.774213 but the earliest data is at time 1782985445.136647, when looking up transform from frame [base_link] to frame [map]

[ERROR] [1782985456.176966461] [transformPoseInTargetFrame]: Extrapolation Error looking up target frame: Lookup would require extrapolation into the past.  Requested time 1782985402.774213 but the earliest data is at time 1782985446.104496, when looking up transform from frame [base_link] to frame [map]

[ERROR] [1782985457.175262593] [transformPoseInTargetFrame]: Extrapolation Error looking up target frame: Lookup would require extrapolation into the past.  Requested time 1782985402.774213 but the earliest data is at time 1782985447.136348, when looking up transform from frame [base_link] to frame [map]

[ERROR] [1782985458.175239014] [transformPoseInTargetFrame]: Extrapolation Error looking up target frame: Lookup would require extrapolation into the past.  Requested time 1782985402.774213 but the earliest data is at time 1782985448.136726, when looking up transform from frame [base_link] to frame [map]

[ERROR] [1782985459.175610644] [transformPoseInTargetFrame]: Extrapolation Error looking up target frame: Lookup would require extrapolation into the past.  Requested time 1782985402.774213 but the earliest data is at time 1782985449.136672, when looking up transform from frame [base_link] to frame [map]

[ERROR] [1782985460.175029275] [transformPoseInTargetFrame]: Extrapolation Error looking up target frame: Lookup would require extrapolation into the past.  Requested time 1782985402.774213 but the earliest data is at time 1782985450.170558, when looking up transform from frame [base_link] to frame [map]

[ERROR] [1782985461.175337114] [transformPoseInTargetFrame]: Extrapolation Error looking up target frame: Lookup would require extrapolation into the past.  Requested time 1782985402.774213 but the earliest data is at time 1782985451.103016, when looking up transform from frame [base_link] to frame [map]

[ERROR] [1782985462.176335368] [transformPoseInTargetFrame]: Extrapolation Error looking up target frame: Lookup would require extrapolation into the past.  Requested time 1782985402.774213 but the earliest data is at time 1782985452.136317, when looking up transform from frame [base_link] to frame [map]

[ERROR] [1782985463.174711542] [transformPoseInTargetFrame]: Extrapolation Error looking up target frame: Lookup would require extrapolation into the past.  Requested time 1782985402.774213 but the earliest data is at time 1782985453.136702, when looking up transform from frame [base_link] to frame [map]

[ERROR] [1782985464.175340797] [transformPoseInTargetFrame]: Extrapolation Error looking up target frame: Lookup would require extrapolation into the past.  Requested time 1782985402.774213 but the earliest data is at time 1782985454.172876, when looking up transform from frame [base_link] to frame [map]

[ERROR] [1782985465.174156138] [transformPoseInTargetFrame]: Extrapolation Error looking up target frame: Lookup would require extrapolation into the past.  Requested time 1782985402.774213 but the earliest data is at time 1782985455.136675, when looking up transform from frame [base_link] to frame [map]

[ERROR] [1782985466.175140227] [transformPoseInTargetFrame]: Extrapolation Error looking up target frame: Lookup would require extrapolation into the past.  Requested time 1782985402.774213 but the earliest data is at time 1782985456.137568, when looking up transform from frame [base_link] to frame [map]

[ERROR] [1782985467.175499358] [transformPoseInTargetFrame]: Extrapolation Error looking up target frame: Lookup would require extrapolation into the past.  Requested time 1782985402.774213 but the earliest data is at time 1782985457.137501, when looking up transform from frame [base_link] to frame [map]

[ERROR] [1782985468.175305781] [transformPoseInTargetFrame]: Extrapolation Error looking up target frame: Lookup would require extrapolation into the past.  Requested time 1782985402.774213 but the earliest data is at time 1782985458.136718, when looking up transform from frame [base_link] to frame [map]

[ERROR] [1782985469.175282829] [transformPoseInTargetFrame]: Extrapolation Error looking up target frame: Lookup would require extrapolation into the past.  Requested time 1782985402.774213 but the earliest data is at time 1782985459.176895, when looking up transform from frame [base_link] to frame [map]

[ERROR] [1782985470.176210002] [transformPoseInTargetFrame]: Extrapolation Error looking up target frame: Lookup would require extrapolation into the past.  Requested time 1782985402.774213 but the earliest data is at time 1782985460.170516, when looking up transform from frame [base_link] to frame [map]

[ERROR] [1782985471.175887593] [transformPoseInTargetFrame]: Extrapolation Error looking up target frame: Lookup would require extrapolation into the past.  Requested time 1782985402.774213 but the earliest data is at time 1782985461.136711, when looking up transform from frame [base_link] to frame [map]

[ERROR] [1782985472.174335851] [transformPoseInTargetFrame]: Extrapolation Error looking up target frame: Lookup would require extrapolation into the past.  Requested time 1782985402.774213 but the earliest data is at time 1782985462.136644, when looking up transform from frame [base_link] to frame [map]

[ERROR] [1782985473.174375858] [transformPoseInTargetFrame]: Extrapolation Error looking up target frame: Lookup would require extrapolation into the past.  Requested time 1782985402.774213 but the earliest data is at time 1782985463.136366, when looking up transform from frame [base_link] to frame [map]

[ERROR] [1782985474.175048074] [transformPoseInTargetFrame]: Extrapolation Error looking up target frame: Lookup would require extrapolation into the past.  Requested time 1782985402.774213 but the earliest data is at time 1782985464.136718, when looking up transform from frame [base_link] to frame [map]

[ERROR] [1782985475.174603915] [transformPoseInTargetFrame]: Extrapolation Error looking up target frame: Lookup would require extrapolation into the past.  Requested time 1782985402.774213 but the earliest data is at time 1782985465.170285, when looking up transform from frame [base_link] to frame [map]

[ERROR] [1782985476.175948130] [transformPoseInTargetFrame]: Extrapolation Error looking up target frame: Lookup would require extrapolation into the past.  Requested time 1782985402.774213 but the earliest data is at time 1782985466.170256, when looking up transform from frame [base_link] to frame [map]

[ERROR] [1782985477.176405137] [transformPoseInTargetFrame]: Extrapolation Error looking up target frame: Lookup would require extrapolation into the past.  Requested time 1782985402.774213 but the earliest data is at time 1782985467.172061, when looking up transform from frame [base_link] to frame [map]

[ERROR] [1782985478.175394646] [transformPoseInTargetFrame]: Extrapolation Error looking up target frame: Lookup would require extrapolation into the past.  Requested time 1782985402.774213 but the earliest data is at time 1782985468.136651, when looking up transform from frame [base_link] to frame [map]

[ERROR] [1782985479.175421029] [transformPoseInTargetFrame]: Extrapolation Error looking up target frame: Lookup would require extrapolation into the past.  Requested time 1782985402.774213 but the earliest data is at time 1782985469.136847, when looking up transform from frame [base_link] to frame [map]

[ERROR] [1782985480.174176372] [transformPoseInTargetFrame]: Extrapolation Error looking up target frame: Lookup would require extrapolation into the past.  Requested time 1782985402.774213 but the earliest data is at time 1782985470.137472, when looking up transform from frame [base_link] to frame [map]

[ERROR] [1782985481.175820921] [transformPoseInTargetFrame]: Extrapolation Error looking up target frame: Lookup would require extrapolation into the past.  Requested time 1782985402.774213 but the earliest data is at time 1782985471.172674, when looking up transform from frame [base_link] to frame [map]

[ERROR] [1782985482.175363430] [transformPoseInTargetFrame]: Extrapolation Error looking up target frame: Lookup would require extrapolation into the past.  Requested time 1782985402.774213 but the earliest data is at time 1782985472.136262, when looking up transform from frame [base_link] to frame [map]

[ERROR] [1782985483.175658064] [transformPoseInTargetFrame]: Extrapolation Error looking up target frame: Lookup would require extrapolation into the past.  Requested time 1782985402.774213 but the earliest data is at time 1782985473.136312, when looking up transform from frame [base_link] to frame [map]

[ERROR] [1782985484.175545031] [transformPoseInTargetFrame]: Extrapolation Error looking up target frame: Lookup would require extrapolation into the past.  Requested time 1782985402.774213 but the earliest data is at time 1782985474.172703, when looking up transform from frame [base_link] to frame [map]

[ERROR] [1782985485.175331332] [transformPoseInTargetFrame]: Extrapolation Error looking up target frame: Lookup would require extrapolation into the past.  Requested time 1782985402.774213 but the earliest data is at time 1782985475.136275, when looking up transform from frame [base_link] to frame [map]

[ERROR] [1782985486.175236467] [transformPoseInTargetFrame]: Extrapolation Error looking up target frame: Lookup would require extrapolation into the past.  Requested time 1782985402.774213 but the earliest data is at time 1782985476.170552, when looking up transform from frame [base_link] to frame [map]

[ERROR] [1782985487.174857768] [transformPoseInTargetFrame]: Extrapolation Error looking up target frame: Lookup would require extrapolation into the past.  Requested time 1782985402.774213 but the earliest data is at time 1782985477.136286, when looking up transform from frame [base_link] to frame [map]

[ERROR] [1782985488.176097277] [transformPoseInTargetFrame]: Extrapolation Error looking up target frame: Lookup would require extrapolation into the past.  Requested time 1782985402.774213 but the earliest data is at time 1782985478.136256, when looking up transform from frame [base_link] to frame [map]

[ERROR] [1782985489.175253704] [transformPoseInTargetFrame]: Extrapolation Error looking up target frame: Lookup would require extrapolation into the past.  Requested time 1782985402.774213 but the earliest data is at time 1782985479.136291, when looking up transform from frame [base_link] to frame [map]

[ERROR] [1782985490.174941089] [transformPoseInTargetFrame]: Extrapolation Error looking up target frame: Lookup would require extrapolation into the past.  Requested time 1782985402.774213 but the earliest data is at time 1782985480.170663, when looking up transform from frame [base_link] to frame [map]

[ERROR] [1782985491.177054431] [transformPoseInTargetFrame]: Extrapolation Error looking up target frame: Lookup would require extrapolation into the past.  Requested time 1782985402.774213 but the earliest data is at time 1782985481.136736, when looking up transform from frame [base_link] to frame [map]

[ERROR] [1782985492.175969108] [transformPoseInTargetFrame]: Extrapolation Error looking up target frame: Lookup would require extrapolation into the past.  Requested time 1782985402.774213 but the earliest data is at time 1782985482.174518, when looking up transform from frame [base_link] to frame [map]

[ERROR] [1782985493.174524328] [transformPoseInTargetFrame]: Extrapolation Error looking up target frame: Lookup would require extrapolation into the past.  Requested time 1782985402.774213 but the earliest data is at time 1782985483.136269, when looking up transform from frame [base_link] to frame [map]

[ERROR] [1782985494.174581047] [transformPoseInTargetFrame]: Extrapolation Error looking up target frame: Lookup would require extrapolation into the past.  Requested time 1782985402.774213 but the earliest data is at time 1782985484.102853, when looking up transform from frame [base_link] to frame [map]

[ERROR] [1782985495.174415975] [transformPoseInTargetFrame]: Extrapolation Error looking up target frame: Lookup would require extrapolation into the past.  Requested time 1782985402.774213 but the earliest data is at time 1782985485.175446, when looking up transform from frame [base_link] to frame [map]

[ERROR] [1782985496.175119277] [transformPoseInTargetFrame]: Extrapolation Error looking up target frame: Lookup would require extrapolation into the past.  Requested time 1782985402.774213 but the earliest data is at time 1782985486.103470, when looking up transform from frame [base_link] to frame [map]

[ERROR] [1782985497.175877995] [transformPoseInTargetFrame]: Extrapolation Error looking up target frame: Lookup would require extrapolation into the past.  Requested time 1782985402.774213 but the earliest data is at time 1782985487.171909, when looking up transform from frame [base_link] to frame [map]

[ERROR] [1782985498.175430465] [transformPoseInTargetFrame]: Extrapolation Error looking up target frame: Lookup would require extrapolation into the past.  Requested time 1782985402.774213 but the earliest data is at time 1782985488.175386, when looking up transform from frame [base_link] to frame [map]

[ERROR] [1782985499.176004601] [transformPoseInTargetFrame]: Extrapolation Error looking up target frame: Lookup would require extrapolation into the past.  Requested time 1782985402.774213 but the earliest data is at time 1782985489.136287, when looking up transform from frame [base_link] to frame [map]

[ERROR] [1782985500.174107072] [transformPoseInTargetFrame]: Extrapolation Error looking up target frame: Lookup would require extrapolation into the past.  Requested time 1782985402.774213 but the earliest data is at time 1782985490.136634, when looking up transform from frame [base_link] to frame [map]

[ERROR] [1782985501.175937041] [transformPoseInTargetFrame]: Extrapolation Error looking up target frame: Lookup would require extrapolation into the past.  Requested time 1782985402.774213 but the earliest data is at time 1782985491.136358, when looking up transform from frame [base_link] to frame [map]

[ERROR] [1782985502.175139178] [transformPoseInTargetFrame]: Extrapolation Error looking up target frame: Lookup would require extrapolation into the past.  Requested time 1782985402.774213 but the earliest data is at time 1782985492.103482, when looking up transform from frame [base_link] to frame [map]

[ERROR] [1782985503.175475315] [transformPoseInTargetFrame]: Extrapolation Error looking up target frame: Lookup would require extrapolation into the past.  Requested time 1782985402.774213 but the earliest data is at time 1782985493.170450, when looking up transform from frame [base_link] to frame [map]

[ERROR] [1782985504.175784077] [transformPoseInTargetFrame]: Extrapolation Error looking up target frame: Lookup would require extrapolation into the past.  Requested time 1782985402.774213 but the earliest data is at time 1782985494.136234, when looking up transform from frame [base_link] to frame [map]

[ERROR] [1782985505.174567840] [transformPoseInTargetFrame]: Extrapolation Error looking up target frame: Lookup would require extrapolation into the past.  Requested time 1782985402.774213 but the earliest data is at time 1782985495.170687, when looking up transform from frame [base_link] to frame [map]

[ERROR] [1782985506.175681060] [transformPoseInTargetFrame]: Extrapolation Error looking up target frame: Lookup would require extrapolation into the past.  Requested time 1782985402.774213 but the earliest data is at time 1782985496.172632, when looking up transform from frame [base_link] to frame [map]

[ERROR] [1782985507.175296906] [transformPoseInTargetFrame]: Extrapolation Error looking up target frame: Lookup would require extrapolation into the past.  Requested time 1782985402.774213 but the earliest data is at time 1782985497.136666, when looking up transform from frame [base_link] to frame [map]

[ERROR] [1782985508.175457377] [transformPoseInTargetFrame]: Extrapolation Error looking up target frame: Lookup would require extrapolation into the past.  Requested time 1782985402.774213 but the earliest data is at time 1782985498.136209, when looking up transform from frame [base_link] to frame [map]

[ERROR] [1782985509.176419097] [transformPoseInTargetFrame]: Extrapolation Error looking up target frame: Lookup would require extrapolation into the past.  Requested time 1782985402.774213 but the earliest data is at time 1782985499.171518, when looking up transform from frame [base_link] to frame [map]

[ERROR] [1782985510.175390653] [transformPoseInTargetFrame]: Extrapolation Error looking up target frame: Lookup would require extrapolation into the past.  Requested time 1782985402.774213 but the earliest data is at time 1782985500.170316, when looking up transform from frame [base_link] to frame [map]

[ERROR] [1782985511.174854458] [transformPoseInTargetFrame]: Extrapolation Error looking up target frame: Lookup would require extrapolation into the past.  Requested time 1782985402.774213 but the earliest data is at time 1782985501.170240, when looking up transform from frame [base_link] to frame [map]

[ERROR] [1782985512.175366596] [transformPoseInTargetFrame]: Extrapolation Error looking up target frame: Lookup would require extrapolation into the past.  Requested time 1782985402.774213 but the earliest data is at time 1782985502.172806, when looking up transform from frame [base_link] to frame [map]

[ERROR] [1782985513.176681567] [transformPoseInTargetFrame]: Extrapolation Error looking up target frame: Lookup would require extrapolation into the past.  Requested time 1782985402.774213 but the earliest data is at time 1782985503.172001, when looking up transform from frame [base_link] to frame [map]

[ERROR] [1782985514.175133207] [transformPoseInTargetFrame]: Extrapolation Error looking up target frame: Lookup would require extrapolation into the past.  Requested time 1782985402.774213 but the earliest data is at time 1782985504.136713, when looking up transform from frame [base_link] to frame [map]

[ERROR] [1782985515.175647720] [transformPoseInTargetFrame]: Extrapolation Error looking up target frame: Lookup would require extrapolation into the past.  Requested time 1782985402.774213 but the earliest data is at time 1782985505.136559, when looking up transform from frame [base_link] to frame [map]

[ERROR] [1782985516.176313900] [transformPoseInTargetFrame]: Extrapolation Error looking up target frame: Lookup would require extrapolation into the past.  Requested time 1782985402.774213 but the earliest data is at time 1782985506.104271, when looking up transform from frame [base_link] to frame [map]

[ERROR] [1782985517.175639748] [transformPoseInTargetFrame]: Extrapolation Error looking up target frame: Lookup would require extrapolation into the past.  Requested time 1782985402.774213 but the earliest data is at time 1782985507.104221, when looking up transform from frame [base_link] to frame [map]

[ERROR] [1782985518.174990429] [transformPoseInTargetFrame]: Extrapolation Error looking up target frame: Lookup would require extrapolation into the past.  Requested time 1782985402.774213 but the earliest data is at time 1782985508.103623, when looking up transform from frame [base_link] to frame [map]

[ERROR] [1782985519.175325152] [transformPoseInTargetFrame]: Extrapolation Error looking up target frame: Lookup would require extrapolation into the past.  Requested time 1782985402.774213 but the earliest data is at time 1782985509.103956, when looking up transform from frame [base_link] to frame [map]

[ERROR] [1782985520.175511499] [transformPoseInTargetFrame]: Extrapolation Error looking up target frame: Lookup would require extrapolation into the past.  Requested time 1782985402.774213 but the earliest data is at time 1782985510.136225, when looking up transform from frame [base_link] to frame [map]

[ERROR] [1782985521.175246931] [transformPoseInTargetFrame]: Extrapolation Error looking up target frame: Lookup would require extrapolation into the past.  Requested time 1782985402.774213 but the earliest data is at time 1782985511.102909, when looking up transform from frame [base_link] to frame [map]

[ERROR] [1782985522.175133821] [transformPoseInTargetFrame]: Extrapolation Error looking up target frame: Lookup would require extrapolation into the past.  Requested time 1782985402.774213 but the earliest data is at time 1782985512.136317, when looking up transform from frame [base_link] to frame [map]

[ERROR] [1782985523.174978503] [transformPoseInTargetFrame]: Extrapolation Error looking up target frame: Lookup would require extrapolation into the past.  Requested time 1782985402.774213 but the earliest data is at time 1782985513.137394, when looking up transform from frame [base_link] to frame [map]

[ERROR] [1782985524.175593642] [transformPoseInTargetFrame]: Extrapolation Error looking up target frame: Lookup would require extrapolation into the past.  Requested time 1782985402.774213 but the earliest data is at time 1782985514.136156, when looking up transform from frame [base_link] to frame [map]

[ERROR] [1782985525.174342034] [transformPoseInTargetFrame]: Extrapolation Error looking up target frame: Lookup would require extrapolation into the past.  Requested time 1782985402.774213 but the earliest data is at time 1782985515.136276, when looking up transform from frame [base_link] to frame [map]

[ERROR] [1782985526.175287257] [transformPoseInTargetFrame]: Extrapolation Error looking up target frame: Lookup would require extrapolation into the past.  Requested time 1782985402.774213 but the earliest data is at time 1782985516.136724, when looking up transform from frame [base_link] to frame [map]

[ERROR] [1782985527.176045397] [transformPoseInTargetFrame]: Extrapolation Error looking up target frame: Lookup would require extrapolation into the past.  Requested time 1782985402.774213 but the earliest data is at time 1782985517.136661, when looking up transform from frame [base_link] to frame [map]

[ERROR] [1782985528.175535205] [transformPoseInTargetFrame]: Extrapolation Error looking up target frame: Lookup would require extrapolation into the past.  Requested time 1782985402.774213 but the earliest data is at time 1782985518.136246, when looking up transform from frame [base_link] to frame [map]

[ERROR] [1782985529.175583012] [transformPoseInTargetFrame]: Extrapolation Error looking up target frame: Lookup would require extrapolation into the past.  Requested time 1782985402.774213 but the earliest data is at time 1782985519.136597, when looking up transform from frame [base_link] to frame [map]

[ERROR] [1782985530.176638152] [transformPoseInTargetFrame]: Extrapolation Error looking up target frame: Lookup would require extrapolation into the past.  Requested time 1782985402.774213 but the earliest data is at time 1782985520.136753, when looking up transform from frame [base_link] to frame [map]

[ERROR] [1782985531.175058462] [transformPoseInTargetFrame]: Extrapolation Error looking up target frame: Lookup would require extrapolation into the past.  Requested time 1782985402.774213 but the earliest data is at time 1782985521.136732, when looking up transform from frame [base_link] to frame [map]

[ERROR] [1782985532.175560269] [transformPoseInTargetFrame]: Extrapolation Error looking up target frame: Lookup would require extrapolation into the past.  Requested time 1782985402.774213 but the earliest data is at time 1782985522.136225, when looking up transform from frame [base_link] to frame [map]

[ERROR] [1782985533.175613036] [transformPoseInTargetFrame]: Extrapolation Error looking up target frame: Lookup would require extrapolation into the past.  Requested time 1782985402.774213 but the earliest data is at time 1782985523.136228, when looking up transform from frame [base_link] to frame [map]

[ERROR] [1782985534.175149678] [transformPoseInTargetFrame]: Extrapolation Error looking up target frame: Lookup would require extrapolation into the past.  Requested time 1782985402.774213 but the earliest data is at time 1782985524.172756, when looking up transform from frame [base_link] to frame [map]

[ERROR] [1782985535.175001695] [transformPoseInTargetFrame]: Extrapolation Error looking up target frame: Lookup would require extrapolation into the past.  Requested time 1782985402.774213 but the earliest data is at time 1782985525.170667, when looking up transform from frame [base_link] to frame [map]

[ERROR] [1782985536.174530920] [transformPoseInTargetFrame]: Extrapolation Error looking up target frame: Lookup would require extrapolation into the past.  Requested time 1782985402.774213 but the earliest data is at time 1782985526.136670, when looking up transform from frame [base_link] to frame [map]

[ERROR] [1782985537.174943437] [transformPoseInTargetFrame]: Extrapolation Error looking up target frame: Lookup would require extrapolation into the past.  Requested time 1782985402.774213 but the earliest data is at time 1782985527.103054, when looking up transform from frame [base_link] to frame [map]

[ERROR] [1782985538.176520078] [transformPoseInTargetFrame]: Extrapolation Error looking up target frame: Lookup would require extrapolation into the past.  Requested time 1782985402.774213 but the earliest data is at time 1782985528.136843, when looking up transform from frame [base_link] to frame [map]

[ERROR] [1782985539.175719596] [transformPoseInTargetFrame]: Extrapolation Error looking up target frame: Lookup would require extrapolation into the past.  Requested time 1782985402.774213 but the earliest data is at time 1782985529.170237, when looking up transform from frame [base_link] to frame [map]

[ERROR] [1782985540.174742115] [transformPoseInTargetFrame]: Extrapolation Error looking up target frame: Lookup would require extrapolation into the past.  Requested time 1782985402.774213 but the earliest data is at time 1782985530.136618, when looking up transform from frame [base_link] to frame [map]

[ERROR] [1782985541.175073382] [transformPoseInTargetFrame]: Extrapolation Error looking up target frame: Lookup would require extrapolation into the past.  Requested time 1782985402.774213 but the earliest data is at time 1782985531.136560, when looking up transform from frame [base_link] to frame [map]

[ERROR] [1782985542.176180982] [transformPoseInTargetFrame]: Extrapolation Error looking up target frame: Lookup would require extrapolation into the past.  Requested time 1782985402.774213 but the earliest data is at time 1782985532.103426, when looking up transform from frame [base_link] to frame [map]

[ERROR] [1782985543.175393626] [transformPoseInTargetFrame]: Extrapolation Error looking up target frame: Lookup would require extrapolation into the past.  Requested time 1782985402.774213 but the earliest data is at time 1782985533.136702, when looking up transform from frame [base_link] to frame [map]

[ERROR] [1782985544.175594228] [transformPoseInTargetFrame]: Extrapolation Error looking up target frame: Lookup would require extrapolation into the past.  Requested time 1782985402.774213 but the earliest data is at time 1782985534.136722, when looking up transform from frame [base_link] to frame [map]

[ERROR] [1782985545.175886537] [transformPoseInTargetFrame]: Extrapolation Error looking up target frame: Lookup would require extrapolation into the past.  Requested time 1782985402.774213 but the earliest data is at time 1782985535.136710, when looking up transform from frame [base_link] to frame [map]

[ERROR] [1782985546.175359390] [transformPoseInTargetFrame]: Extrapolation Error looking up target frame: Lookup would require extrapolation into the past.  Requested time 1782985402.774213 but the earliest data is at time 1782985536.136402, when looking up transform from frame [base_link] to frame [map]

[ERROR] [1782985547.174827659] [transformPoseInTargetFrame]: Extrapolation Error looking up target frame: Lookup would require extrapolation into the past.  Requested time 1782985402.774213 but the earliest data is at time 1782985537.172741, when looking up transform from frame [base_link] to frame [map]

[ERROR] [1782985548.175761135] [transformPoseInTargetFrame]: Extrapolation Error looking up target frame: Lookup would require extrapolation into the past.  Requested time 1782985402.774213 but the earliest data is at time 1782985538.103487, when looking up transform from frame [base_link] to frame [map]

[ERROR] [1782985549.176041112] [transformPoseInTargetFrame]: Extrapolation Error looking up target frame: Lookup would require extrapolation into the past.  Requested time 1782985402.774213 but the earliest data is at time 1782985539.136581, when looking up transform from frame [base_link] to frame [map]

[ERROR] [1782985550.174918174] [transformPoseInTargetFrame]: Extrapolation Error looking up target frame: Lookup would require extrapolation into the past.  Requested time 1782985402.774213 but the earliest data is at time 1782985540.136188, when looking up transform from frame [base_link] to frame [map]

[ERROR] [1782985551.175271860] [transformPoseInTargetFrame]: Extrapolation Error looking up target frame: Lookup would require extrapolation into the past.  Requested time 1782985402.774213 but the earliest data is at time 1782985541.136286, when looking up transform from frame [base_link] to frame [map]

[ERROR] [1782985552.175385087] [transformPoseInTargetFrame]: Extrapolation Error looking up target frame: Lookup would require extrapolation into the past.  Requested time 1782985402.774213 but the earliest data is at time 1782985542.136706, when looking up transform from frame [base_link] to frame [map]

[ERROR] [1782985553.175680065] [transformPoseInTargetFrame]: Extrapolation Error looking up target frame: Lookup would require extrapolation into the past.  Requested time 1782985402.774213 but the earliest data is at time 1782985543.136201, when looking up transform from frame [base_link] to frame [map]

[ERROR] [1782985554.174968585] [transformPoseInTargetFrame]: Extrapolation Error looking up target frame: Lookup would require extrapolation into the past.  Requested time 1782985402.774213 but the earliest data is at time 1782985544.171868, when looking up transform from frame [base_link] to frame [map]

[ERROR] [1782985555.175239146] [transformPoseInTargetFrame]: Extrapolation Error looking up target frame: Lookup would require extrapolation into the past.  Requested time 1782985402.774213 but the earliest data is at time 1782985545.136757, when looking up transform from frame [base_link] to frame [map]

[ERROR] [1782985556.175093667] [transformPoseInTargetFrame]: Extrapolation Error looking up target frame: Lookup would require extrapolation into the past.  Requested time 1782985402.774213 but the earliest data is at time 1782985546.172651, when looking up transform from frame [base_link] to frame [map]

[ERROR] [1782985557.176337102] [transformPoseInTargetFrame]: Extrapolation Error looking up target frame: Lookup would require extrapolation into the past.  Requested time 1782985402.774213 but the earliest data is at time 1782985547.136270, when looking up transform from frame [base_link] to frame [map]

[ERROR] [1782985558.175700207] [transformPoseInTargetFrame]: Extrapolation Error looking up target frame: Lookup would require extrapolation into the past.  Requested time 1782985402.774213 but the earliest data is at time 1782985548.175693, when looking up transform from frame [base_link] to frame [map]

[ERROR] [1782985559.174416187] [transformPoseInTargetFrame]: Extrapolation Error looking up target frame: Lookup would require extrapolation into the past.  Requested time 1782985402.774213 but the earliest data is at time 1782985549.136652, when looking up transform from frame [base_link] to frame [map]

[ERROR] [1782985560.175459956] [transformPoseInTargetFrame]: Extrapolation Error looking up target frame: Lookup would require extrapolation into the past.  Requested time 1782985402.774213 but the earliest data is at time 1782985550.136749, when looking up transform from frame [base_link] to frame [map]

[ERROR] [1782985561.175726685] [transformPoseInTargetFrame]: Extrapolation Error looking up target frame: Lookup would require extrapolation into the past.  Requested time 1782985402.774213 but the earliest data is at time 1782985551.136208, when looking up transform from frame [base_link] to frame [map]

[ERROR] [1782985562.174503374] [transformPoseInTargetFrame]: Extrapolation Error looking up target frame: Lookup would require extrapolation into the past.  Requested time 1782985402.774213 but the earliest data is at time 1782985552.136669, when looking up transform from frame [base_link] to frame [map]

[ERROR] [1782985563.176330768] [transformPoseInTargetFrame]: Extrapolation Error looking up target frame: Lookup would require extrapolation into the past.  Requested time 1782985402.774213 but the earliest data is at time 1782985553.136195, when looking up transform from frame [base_link] to frame [map]

[ERROR] [1782985564.175626415] [transformPoseInTargetFrame]: Extrapolation Error looking up target frame: Lookup would require extrapolation into the past.  Requested time 1782985402.774213 but the earliest data is at time 1782985554.170994, when looking up transform from frame [base_link] to frame [map]

[ERROR] [1782985565.175222562] [transformPoseInTargetFrame]: Extrapolation Error looking up target frame: Lookup would require extrapolation into the past.  Requested time 1782985402.774213 but the earliest data is at time 1782985555.171315, when looking up transform from frame [base_link] to frame [map]

[ERROR] [1782985566.175904125] [transformPoseInTargetFrame]: Extrapolation Error looking up target frame: Lookup would require extrapolation into the past.  Requested time 1782985402.774213 but the earliest data is at time 1782985556.103518, when looking up transform from frame [base_link] to frame [map]

[ERROR] [1782985567.174790522] [transformPoseInTargetFrame]: Extrapolation Error looking up target frame: Lookup would require extrapolation into the past.  Requested time 1782985402.774213 but the earliest data is at time 1782985557.136701, when looking up transform from frame [base_link] to frame [map]

[ERROR] [1782985568.176131126] [transformPoseInTargetFrame]: Extrapolation Error looking up target frame: Lookup would require extrapolation into the past.  Requested time 1782985402.774213 but the earliest data is at time 1782985558.171164, when looking up transform from frame [base_link] to frame [map]

[ERROR] [1782985569.175522274] [transformPoseInTargetFrame]: Extrapolation Error looking up target frame: Lookup would require extrapolation into the past.  Requested time 1782985402.774213 but the earliest data is at time 1782985559.170964, when looking up transform from frame [base_link] to frame [map]

[ERROR] [1782985570.174752630] [transformPoseInTargetFrame]: Extrapolation Error looking up target frame: Lookup would require extrapolation into the past.  Requested time 1782985402.774213 but the earliest data is at time 1782985560.172786, when looking up transform from frame [base_link] to frame [map]

[ERROR] [1782985571.174305028] [transformPoseInTargetFrame]: Extrapolation Error looking up target frame: Lookup would require extrapolation into the past.  Requested time 1782985402.774213 but the earliest data is at time 1782985561.172088, when looking up transform from frame [base_link] to frame [map]

[ERROR] [1782985572.175837965] [transformPoseInTargetFrame]: Extrapolation Error looking up target frame: Lookup would require extrapolation into the past.  Requested time 1782985402.774213 but the earliest data is at time 1782985562.170843, when looking up transform from frame [base_link] to frame [map]

[ERROR] [1782985573.175675863] [transformPoseInTargetFrame]: Extrapolation Error looking up target frame: Lookup would require extrapolation into the past.  Requested time 1782985402.774213 but the earliest data is at time 1782985563.103486, when looking up transform from frame [base_link] to frame [map]

[ERROR] [1782985574.176135177] [transformPoseInTargetFrame]: Extrapolation Error looking up target frame: Lookup would require extrapolation into the past.  Requested time 1782985402.774213 but the earliest data is at time 1782985564.136697, when looking up transform from frame [base_link] to frame [map]

[ERROR] [1782985575.175229076] [transformPoseInTargetFrame]: Extrapolation Error looking up target frame: Lookup would require extrapolation into the past.  Requested time 1782985402.774213 but the earliest data is at time 1782985565.136696, when looking up transform from frame [base_link] to frame [map]

[ERROR] [1782985576.175347016] [transformPoseInTargetFrame]: Extrapolation Error looking up target frame: Lookup would require extrapolation into the past.  Requested time 1782985402.774213 but the earliest data is at time 1782985566.136742, when looking up transform from frame [base_link] to frame [map]

[ERROR] [1782985577.175605122] [transformPoseInTargetFrame]: Extrapolation Error looking up target frame: Lookup would require extrapolation into the past.  Requested time 1782985402.774213 but the earliest data is at time 1782985567.102912, when looking up transform from frame [base_link] to frame [map]

[ERROR] [1782985578.175228687] [transformPoseInTargetFrame]: Extrapolation Error looking up target frame: Lookup would require extrapolation into the past.  Requested time 1782985402.774213 but the earliest data is at time 1782985568.136783, when looking up transform from frame [base_link] to frame [map]

[ERROR] [1782985579.175247836] [transformPoseInTargetFrame]: Extrapolation Error looking up target frame: Lookup would require extrapolation into the past.  Requested time 1782985402.774213 but the earliest data is at time 1782985569.136344, when looking up transform from frame [base_link] to frame [map]

[ERROR] [1782985580.176066984] [transformPoseInTargetFrame]: Extrapolation Error looking up target frame: Lookup would require extrapolation into the past.  Requested time 1782985402.774213 but the earliest data is at time 1782985570.136780, when looking up transform from frame [base_link] to frame [map]

[ERROR] [1782985581.176001133] [transformPoseInTargetFrame]: Extrapolation Error looking up target frame: Lookup would require extrapolation into the past.  Requested time 1782985402.774213 but the earliest data is at time 1782985571.170547, when looking up transform from frame [base_link] to frame [map]

[ERROR] [1782985582.175560199] [transformPoseInTargetFrame]: Extrapolation Error looking up target frame: Lookup would require extrapolation into the past.  Requested time 1782985402.774213 but the earliest data is at time 1782985572.136638, when looking up transform from frame [base_link] to frame [map]

[ERROR] [1782985583.174396557] [transformPoseInTargetFrame]: Extrapolation Error looking up target frame: Lookup would require extrapolation into the past.  Requested time 1782985402.774213 but the earliest data is at time 1782985573.174015, when looking up transform from frame [base_link] to frame [map]

[ERROR] [1782985584.175189497] [transformPoseInTargetFrame]: Extrapolation Error looking up target frame: Lookup would require extrapolation into the past.  Requested time 1782985402.774213 but the earliest data is at time 1782985574.136617, when looking up transform from frame [base_link] to frame [map]

[ERROR] [1782985585.175278938] [transformPoseInTargetFrame]: Extrapolation Error looking up target frame: Lookup would require extrapolation into the past.  Requested time 1782985402.774213 but the earliest data is at time 1782985575.136561, when looking up transform from frame [base_link] to frame [map]

[ERROR] [1782985586.174862380] [transformPoseInTargetFrame]: Extrapolation Error looking up target frame: Lookup would require extrapolation into the past.  Requested time 1782985402.774213 but the earliest data is at time 1782985576.170195, when looking up transform from frame [base_link] to frame [map]

[ERROR] [1782985587.174463197] [transformPoseInTargetFrame]: Extrapolation Error looking up target frame: Lookup would require extrapolation into the past.  Requested time 1782985402.774213 but the earliest data is at time 1782985577.136730, when looking up transform from frame [base_link] to frame [map]

[ERROR] [1782985588.174491846] [transformPoseInTargetFrame]: Extrapolation Error looking up target frame: Lookup would require extrapolation into the past.  Requested time 1782985402.774213 but the earliest data is at time 1782985578.136589, when looking up transform from frame [base_link] to frame [map]

[ERROR] [1782985589.175712162] [transformPoseInTargetFrame]: Extrapolation Error looking up target frame: Lookup would require extrapolation into the past.  Requested time 1782985402.774213 but the earliest data is at time 1782985579.174113, when looking up transform from frame [base_link] to frame [map]

[ERROR] [1782985590.175611687] [transformPoseInTargetFrame]: Extrapolation Error looking up target frame: Lookup would require extrapolation into the past.  Requested time 1782985402.774213 but the earliest data is at time 1782985580.170349, when looking up transform from frame [base_link] to frame [map]

[ERROR] [1782985591.175530379] [transformPoseInTargetFrame]: Extrapolation Error looking up target frame: Lookup would require extrapolation into the past.  Requested time 1782985402.774213 but the earliest data is at time 1782985581.136682, when looking up transform from frame [base_link] to frame [map]

[ERROR] [1782985592.175340030] [transformPoseInTargetFrame]: Extrapolation Error looking up target frame: Lookup would require extrapolation into the past.  Requested time 1782985402.774213 but the earliest data is at time 1782985582.136293, when looking up transform from frame [base_link] to frame [map]

[ERROR] [1782985593.175809055] [transformPoseInTargetFrame]: Extrapolation Error looking up target frame: Lookup would require extrapolation into the past.  Requested time 1782985402.774213 but the earliest data is at time 1782985583.170880, when looking up transform from frame [base_link] to frame [map]

[ERROR] [1782985594.174506790] [transformPoseInTargetFrame]: Extrapolation Error looking up target frame: Lookup would require extrapolation into the past.  Requested time 1782985402.774213 but the earliest data is at time 1782985584.136719, when looking up transform from frame [base_link] to frame [map]

[ERROR] [1782985595.174170525] [transformPoseInTargetFrame]: Extrapolation Error looking up target frame: Lookup would require extrapolation into the past.  Requested time 1782985402.774213 but the earliest data is at time 1782985585.137102, when looking up transform from frame [base_link] to frame [map]

[ERROR] [1782985596.174630259] [transformPoseInTargetFrame]: Extrapolation Error looking up target frame: Lookup would require extrapolation into the past.  Requested time 1782985402.774213 but the earliest data is at time 1782985586.136761, when looking up transform from frame [base_link] to frame [map]

[ERROR] [1782985597.175536118] [transformPoseInTargetFrame]: Extrapolation Error looking up target frame: Lookup would require extrapolation into the past.  Requested time 1782985402.774213 but the earliest data is at time 1782985587.170611, when looking up transform from frame [base_link] to frame [map]

[ERROR] [1782985598.175968602] [transformPoseInTargetFrame]: Extrapolation Error looking up target frame: Lookup would require extrapolation into the past.  Requested time 1782985402.774213 but the earliest data is at time 1782985588.136253, when looking up transform from frame [base_link] to frame [map]

[ERROR] [1782985599.175491087] [transformPoseInTargetFrame]: Extrapolation Error looking up target frame: Lookup would require extrapolation into the past.  Requested time 1782985402.774213 but the earliest data is at time 1782985589.170250, when looking up transform from frame [base_link] to frame [map]

[ERROR] [1782985600.175335073] [transformPoseInTargetFrame]: Extrapolation Error looking up target frame: Lookup would require extrapolation into the past.  Requested time 1782985402.774213 but the earliest data is at time 1782985590.136645, when looking up transform from frame [base_link] to frame [map]

[ERROR] [1782985601.174765017] [transformPoseInTargetFrame]: Extrapolation Error looking up target frame: Lookup would require extrapolation into the past.  Requested time 1782985402.774213 but the earliest data is at time 1782985591.136612, when looking up transform from frame [base_link] to frame [map]

[ERROR] [1782985602.175913001] [transformPoseInTargetFrame]: Extrapolation Error looking up target frame: Lookup would require extrapolation into the past.  Requested time 1782985402.774213 but the earliest data is at time 1782985592.103477, when looking up transform from frame [base_link] to frame [map]

[ERROR] [1782985603.175461373] [transformPoseInTargetFrame]: Extrapolation Error looking up target frame: Lookup would require extrapolation into the past.  Requested time 1782985402.774213 but the earliest data is at time 1782985593.172971, when looking up transform from frame [base_link] to frame [map]

[ERROR] [1782985604.175148058] [transformPoseInTargetFrame]: Extrapolation Error looking up target frame: Lookup would require extrapolation into the past.  Requested time 1782985402.774213 but the earliest data is at time 1782985594.136255, when looking up transform from frame [base_link] to frame [map]

[ERROR] [1782985605.175018367] [transformPoseInTargetFrame]: Extrapolation Error looking up target frame: Lookup would require extrapolation into the past.  Requested time 1782985402.774213 but the earliest data is at time 1782985595.102936, when looking up transform from frame [base_link] to frame [map]

[ERROR] [1782985606.175833551] [transformPoseInTargetFrame]: Extrapolation Error looking up target frame: Lookup would require extrapolation into the past.  Requested time 1782985402.774213 but the earliest data is at time 1782985596.136275, when looking up transform from frame [base_link] to frame [map]

[ERROR] [1782985607.175298486] [transformPoseInTargetFrame]: Extrapolation Error looking up target frame: Lookup would require extrapolation into the past.  Requested time 1782985402.774213 but the earliest data is at time 1782985597.136630, when looking up transform from frame [base_link] to frame [map]

[ERROR] [1782985608.174765171] [transformPoseInTargetFrame]: Extrapolation Error looking up target frame: Lookup would require extrapolation into the past.  Requested time 1782985402.774213 but the earliest data is at time 1782985598.172599, when looking up transform from frame [base_link] to frame [map]

[ERROR] [1782985609.175827313] [transformPoseInTargetFrame]: Extrapolation Error looking up target frame: Lookup would require extrapolation into the past.  Requested time 1782985402.774213 but the earliest data is at time 1782985599.136663, when looking up transform from frame [base_link] to frame [map]

[ERROR] [1782985610.175670956] [transformPoseInTargetFrame]: Extrapolation Error looking up target frame: Lookup would require extrapolation into the past.  Requested time 1782985402.774213 but the earliest data is at time 1782985600.136362, when looking up transform from frame [base_link] to frame [map]

[ERROR] [1782985611.175500558] [transformPoseInTargetFrame]: Extrapolation Error looking up target frame: Lookup would require extrapolation into the past.  Requested time 1782985402.774213 but the earliest data is at time 1782985601.136269, when looking up transform from frame [base_link] to frame [map]

[ERROR] [1782985612.174280036] [transformPoseInTargetFrame]: Extrapolation Error looking up target frame: Lookup would require extrapolation into the past.  Requested time 1782985402.774213 but the earliest data is at time 1782985602.136205, when looking up transform from frame [base_link] to frame [map]

[ERROR] [1782985613.176257553] [transformPoseInTargetFrame]: Extrapolation Error looking up target frame: Lookup would require extrapolation into the past.  Requested time 1782985402.774213 but the earliest data is at time 1782985603.136736, when looking up transform from frame [base_link] to frame [map]

[ERROR] [1782985614.175089489] [transformPoseInTargetFrame]: Extrapolation Error looking up target frame: Lookup would require extrapolation into the past.  Requested time 1782985402.774213 but the earliest data is at time 1782985604.173024, when looking up transform from frame [base_link] to frame [map]

[ERROR] [1782985615.175450966] [transformPoseInTargetFrame]: Extrapolation Error looking up target frame: Lookup would require extrapolation into the past.  Requested time 1782985402.774213 but the earliest data is at time 1782985605.136326, when looking up transform from frame [base_link] to frame [map]

[ERROR] [1782985616.174603236] [transformPoseInTargetFrame]: Extrapolation Error looking up target frame: Lookup would require extrapolation into the past.  Requested time 1782985402.774213 but the earliest data is at time 1782985606.175714, when looking up transform from frame [base_link] to frame [map]

[ERROR] [1782985617.175979837] [transformPoseInTargetFrame]: Extrapolation Error looking up target frame: Lookup would require extrapolation into the past.  Requested time 1782985402.774213 but the earliest data is at time 1782985607.172163, when looking up transform from frame [base_link] to frame [map]

[ERROR] [1782985618.175497649] [transformPoseInTargetFrame]: Extrapolation Error looking up target frame: Lookup would require extrapolation into the past.  Requested time 1782985402.774213 but the earliest data is at time 1782985608.136432, when looking up transform from frame [base_link] to frame [map]

[ERROR] [1782985619.175844668] [transformPoseInTargetFrame]: Extrapolation Error looking up target frame: Lookup would require extrapolation into the past.  Requested time 1782985402.774213 but the earliest data is at time 1782985609.170216, when looking up transform from frame [base_link] to frame [map]

[ERROR] [1782985620.174503688] [transformPoseInTargetFrame]: Extrapolation Error looking up target frame: Lookup would require extrapolation into the past.  Requested time 1782985402.774213 but the earliest data is at time 1782985610.136517, when looking up transform from frame [base_link] to frame [map]

[ERROR] [1782985621.175283666] [transformPoseInTargetFrame]: Extrapolation Error looking up target frame: Lookup would require extrapolation into the past.  Requested time 1782985402.774213 but the earliest data is at time 1782985611.172500, when looking up transform from frame [base_link] to frame [map]

[ERROR] [1782985622.174584311] [transformPoseInTargetFrame]: Extrapolation Error looking up target frame: Lookup would require extrapolation into the past.  Requested time 1782985402.774213 but the earliest data is at time 1782985612.136226, when looking up transform from frame [base_link] to frame [map]

[ERROR] [1782985623.174273331] [transformPoseInTargetFrame]: Extrapolation Error looking up target frame: Lookup would require extrapolation into the past.  Requested time 1782985402.774213 but the earliest data is at time 1782985613.136696, when looking up transform from frame [base_link] to frame [map]

[ERROR] [1782985624.174359976] [transformPoseInTargetFrame]: Extrapolation Error looking up target frame: Lookup would require extrapolation into the past.  Requested time 1782985402.774213 but the earliest data is at time 1782985614.136279, when looking up transform from frame [base_link] to frame [map]

[ERROR] [1782985625.174549621] [transformPoseInTargetFrame]: Extrapolation Error looking up target frame: Lookup would require extrapolation into the past.  Requested time 1782985402.774213 but the earliest data is at time 1782985615.136230, when looking up transform from frame [base_link] to frame [map]

[INFO] [1782985625.480242385] [rclcpp]: signal_handler(signum=15)
[INFO] [1782985625.480556468] [planner_server]: Running Nav2 LifecycleNode rcl preshutdown (planner_server)
[INFO] [1782985625.480860260] [planner_server]: Deactivating
[INFO] [1782985625.481008385] [global_costmap.global_costmap]: Deactivating
[INFO] [1782985625.868007503] [planner_server]: Deactivating plugin GridBased of type NavfnPlanner
[INFO] [1782985625.868276878] [planner_server]: Destroying bond (planner_server) to lifecycle manager.
[INFO] [1782985625.878784953] [planner_server]: Cleaning up
[INFO] [1782985625.913320885] [global_costmap.global_costmap]: Cleaning up
[INFO] [1782985625.925036209] [planner_server]: Cleaning up plugin GridBased of type NavfnPlanner
[INFO] [1782985625.925814917] [planner_server]: Destroying plugin GridBased of type NavfnPlanner
[INFO] [1782985625.952875312] [planner_server]: Destroying bond (planner_server) to lifecycle manager.
[INFO] [1782985625.972105298] [global_costmap.global_costmap]: Destroying
[INFO] [1782985626.007877853] [planner_server]: Destroying
