[INFO] [launch]: All log files can be found below /root/.ros/log/2026-07-03-15-15-42-755297-ubuntu-79290
[INFO] [launch]: Default logging verbosity is set to INFO
[INFO] [map_server-1]: process started with pid [79309]
[INFO] [amcl-2]: process started with pid [79311]
[INFO] [lifecycle_manager-3]: process started with pid [79313]
[INFO] [controller_server-4]: process started with pid [79315]
[INFO] [smoother_server-5]: process started with pid [79317]
[INFO] [planner_server-6]: process started with pid [79319]
[INFO] [behavior_server-7]: process started with pid [79321]
[INFO] [bt_navigator-8]: process started with pid [79324]
[INFO] [waypoint_follower-9]: process started with pid [79326]
[INFO] [velocity_smoother-10]: process started with pid [79337]
[INFO] [lifecycle_manager-11]: process started with pid [79342]
[lifecycle_manager-3] [INFO] [1783062945.389728363] [lifecycle_manager_localization]: Creating
[lifecycle_manager-3] [INFO] [1783062945.465659532] [lifecycle_manager_localization]: [34m[1mCreating and initializing lifecycle service clients[0m[0m
[amcl-2] [INFO] [1783062945.575411618] [amcl]: 
[amcl-2] 	amcl lifecycle node launched. 
[amcl-2] 	Waiting on external lifecycle transitions to activate
[amcl-2] 	See https://design.ros2.org/articles/node_lifecycle.html for more information.
[amcl-2] [INFO] [1783062945.577240201] [amcl]: Creating
[bt_navigator-8] [INFO] [1783062945.703778288] [bt_navigator]: 
[bt_navigator-8] 	bt_navigator lifecycle node launched. 
[bt_navigator-8] 	Waiting on external lifecycle transitions to activate
[bt_navigator-8] 	See https://design.ros2.org/articles/node_lifecycle.html for more information.
[bt_navigator-8] [INFO] [1783062945.711333163] [bt_navigator]: Creating
[smoother_server-5] [INFO] [1783062945.730829580] [smoother_server]: 
[smoother_server-5] 	smoother_server lifecycle node launched. 
[smoother_server-5] 	Waiting on external lifecycle transitions to activate
[smoother_server-5] 	See https://design.ros2.org/articles/node_lifecycle.html for more information.
[velocity_smoother-10] [INFO] [1783062945.740234622] [velocity_smoother]: 
[velocity_smoother-10] 	velocity_smoother lifecycle node launched. 
[velocity_smoother-10] 	Waiting on external lifecycle transitions to activate
[velocity_smoother-10] 	See https://design.ros2.org/articles/node_lifecycle.html for more information.
[smoother_server-5] [INFO] [1783062945.784614706] [smoother_server]: Creating smoother server
[planner_server-6] [INFO] [1783062945.791252915] [planner_server]: 
[planner_server-6] 	planner_server lifecycle node launched. 
[planner_server-6] 	Waiting on external lifecycle transitions to activate
[planner_server-6] 	See https://design.ros2.org/articles/node_lifecycle.html for more information.
[planner_server-6] [INFO] [1783062945.797860706] [planner_server]: Creating
[lifecycle_manager-11] [INFO] [1783062945.812016582] [lifecycle_manager_navigation]: Creating
[controller_server-4] [INFO] [1783062945.881177833] [controller_server]: 
[controller_server-4] 	controller_server lifecycle node launched. 
[controller_server-4] 	Waiting on external lifecycle transitions to activate
[controller_server-4] 	See https://design.ros2.org/articles/node_lifecycle.html for more information.
[lifecycle_manager-11] [INFO] [1783062945.885993375] [lifecycle_manager_navigation]: [34m[1mCreating and initializing lifecycle service clients[0m[0m
[map_server-1] [INFO] [1783062945.891319417] [map_server]: 
[map_server-1] 	map_server lifecycle node launched. 
[map_server-1] 	Waiting on external lifecycle transitions to activate
[map_server-1] 	See https://design.ros2.org/articles/node_lifecycle.html for more information.
[map_server-1] [INFO] [1783062945.897947917] [map_server]: Creating
[controller_server-4] [INFO] [1783062945.952728502] [controller_server]: Creating controller server
[behavior_server-7] [INFO] [1783062946.155036798] [behavior_server]: 
[behavior_server-7] 	behavior_server lifecycle node launched. 
[behavior_server-7] 	Waiting on external lifecycle transitions to activate
[behavior_server-7] 	See https://design.ros2.org/articles/node_lifecycle.html for more information.
[waypoint_follower-9] [INFO] [1783062946.226081592] [waypoint_follower]: 
[waypoint_follower-9] 	waypoint_follower lifecycle node launched. 
[waypoint_follower-9] 	Waiting on external lifecycle transitions to activate
[waypoint_follower-9] 	See https://design.ros2.org/articles/node_lifecycle.html for more information.
[waypoint_follower-9] [INFO] [1783062946.234817467] [waypoint_follower]: Creating
[controller_server-4] [INFO] [1783062946.455567639] [local_costmap.local_costmap]: 
[controller_server-4] 	local_costmap lifecycle node launched. 
[controller_server-4] 	Waiting on external lifecycle transitions to activate
[controller_server-4] 	See https://design.ros2.org/articles/node_lifecycle.html for more information.
[controller_server-4] [INFO] [1783062946.473723764] [local_costmap.local_costmap]: Creating Costmap
[lifecycle_manager-3] [INFO] [1783062946.665478352] [lifecycle_manager_localization]: [34m[1mStarting managed nodes bringup...[0m[0m
[lifecycle_manager-3] [INFO] [1783062946.665705019] [lifecycle_manager_localization]: [34m[1mConfiguring map_server[0m[0m
[map_server-1] [INFO] [1783062946.668228644] [map_server]: Configuring
[map_server-1] [INFO] [1783062946.668490310] [map_io]: Loading yaml file: /root/rdk_x5_vln_robot/maps/joy_calibrated_corridor_map.yaml
[map_server-1] [INFO] [1783062946.669500144] [map_io]: resolution: 0.05
[map_server-1] [INFO] [1783062946.669570394] [map_io]: origin[0]: -4.84
[map_server-1] [INFO] [1783062946.669599227] [map_io]: origin[1]: -5.2
[map_server-1] [INFO] [1783062946.669626644] [map_io]: origin[2]: 0
[map_server-1] [INFO] [1783062946.669655810] [map_io]: free_thresh: 0.25
[map_server-1] [INFO] [1783062946.669683852] [map_io]: occupied_thresh: 0.65
[map_server-1] [INFO] [1783062946.669716977] [map_io]: mode: trinary
[map_server-1] [INFO] [1783062946.669746977] [map_io]: negate: 0
[map_server-1] [INFO] [1783062946.670482685] [map_io]: Loading image_file: /root/rdk_x5_vln_robot/maps/joy_calibrated_corridor_map.pgm
[map_server-1] [INFO] [1783062946.700617103] [map_io]: Read map /root/rdk_x5_vln_robot/maps/joy_calibrated_corridor_map.pgm: 163 X 168 map @ 0.05 m/cell
[lifecycle_manager-3] [INFO] [1783062946.900796816] [lifecycle_manager_localization]: [34m[1mConfiguring amcl[0m[0m
[amcl-2] [INFO] [1783062946.907034066] [amcl]: Configuring
[amcl-2] [INFO] [1783062946.907649441] [amcl]: initTransforms
[amcl-2] [INFO] [1783062947.173485114] [amcl]: initPubSub
[amcl-2] [INFO] [1783062947.325283618] [amcl]: Subscribed to map topic.
[planner_server-6] [INFO] [1783062947.338785993] [global_costmap.global_costmap]: 
[planner_server-6] 	global_costmap lifecycle node launched. 
[planner_server-6] 	Waiting on external lifecycle transitions to activate
[planner_server-6] 	See https://design.ros2.org/articles/node_lifecycle.html for more information.
[planner_server-6] [INFO] [1783062947.340871785] [global_costmap.global_costmap]: Creating Costmap
[lifecycle_manager-3] [INFO] [1783062947.421777662] [lifecycle_manager_localization]: [34m[1mActivating map_server[0m[0m
[map_server-1] [INFO] [1783062947.422887703] [map_server]: Activating
[map_server-1] [INFO] [1783062947.423544745] [map_server]: Creating bond (map_server) to lifecycle manager.
[lifecycle_manager-3] [INFO] [1783062947.558214831] [lifecycle_manager_localization]: Server map_server connected with bond.
[lifecycle_manager-3] [INFO] [1783062947.558439831] [lifecycle_manager_localization]: [34m[1mActivating amcl[0m[0m
[amcl-2] [INFO] [1783062947.561657373] [amcl]: Activating
[amcl-2] [INFO] [1783062947.561851082] [amcl]: Creating bond (amcl) to lifecycle manager.
[lifecycle_manager-11] [INFO] [1783062947.802141421] [lifecycle_manager_navigation]: [34m[1mStarting managed nodes bringup...[0m[0m
[lifecycle_manager-11] [INFO] [1783062947.808582962] [lifecycle_manager_navigation]: [34m[1mConfiguring controller_server[0m[0m
[controller_server-4] [INFO] [1783062947.817529171] [controller_server]: Configuring controller interface
[controller_server-4] [INFO] [1783062947.818855046] [controller_server]: getting goal checker plugins..
[controller_server-4] [INFO] [1783062947.819324921] [controller_server]: Controller frequency set to 20.0000Hz
[controller_server-4] [INFO] [1783062947.819579463] [local_costmap.local_costmap]: Configuring
[controller_server-4] [INFO] [1783062947.922117132] [local_costmap.local_costmap]: Using plugin "voxel_layer"
[amcl-2] [INFO] [1783062947.969400300] [amcl]: Received a 163 X 168 map @ 0.050 m/pix
[controller_server-4] [INFO] [1783062947.977850675] [local_costmap.local_costmap]: Subscribed to Topics: scan
[lifecycle_manager-3] [INFO] [1783062948.021078384] [lifecycle_manager_localization]: Server amcl connected with bond.
[lifecycle_manager-3] [INFO] [1783062948.021264426] [lifecycle_manager_localization]: [34m[1mManaged nodes are active[0m[0m
[lifecycle_manager-3] [INFO] [1783062948.021357426] [lifecycle_manager_localization]: [34m[1mCreating bond timer...[0m[0m
[amcl-2] [INFO] [1783062948.040699593] [amcl]: createLaserObject
[controller_server-4] [INFO] [1783062948.116860553] [local_costmap.local_costmap]: Initialized plugin "voxel_layer"
[controller_server-4] [INFO] [1783062948.118140886] [local_costmap.local_costmap]: Using plugin "inflation_layer"
[controller_server-4] [INFO] [1783062948.144261387] [local_costmap.local_costmap]: Initialized plugin "inflation_layer"
[controller_server-4] [INFO] [1783062948.225220764] [controller_server]: Created progress_checker : progress_checker of type nav2_controller::SimpleProgressChecker
[controller_server-4] [INFO] [1783062948.234709014] [controller_server]: Created goal checker : general_goal_checker of type nav2_controller::SimpleGoalChecker
[controller_server-4] [INFO] [1783062948.241713556] [controller_server]: Controller Server has general_goal_checker  goal checkers available.
[controller_server-4] [INFO] [1783062948.244419806] [controller_server]: Created controller : FollowPath of type nav2_regulated_pure_pursuit_controller::RegulatedPurePursuitController
[controller_server-4] [INFO] [1783062948.305382224] [controller_server]: Controller Server has FollowPath  controllers available.
[lifecycle_manager-11] [INFO] [1783062948.387906101] [lifecycle_manager_navigation]: [34m[1mConfiguring smoother_server[0m[0m
[smoother_server-5] [INFO] [1783062948.390684518] [smoother_server]: Configuring smoother server
[smoother_server-5] [INFO] [1783062948.458101728] [smoother_server]: Created smoother : simple_smoother of type nav2_smoother::SimpleSmoother
[smoother_server-5] [INFO] [1783062948.467966228] [smoother_server]: Smoother Server has simple_smoother  smoothers available.
[lifecycle_manager-11] [INFO] [1783062948.521666646] [lifecycle_manager_navigation]: [34m[1mConfiguring planner_server[0m[0m
[planner_server-6] [INFO] [1783062948.522884813] [planner_server]: Configuring
[planner_server-6] [INFO] [1783062948.523065354] [global_costmap.global_costmap]: Configuring
[planner_server-6] [INFO] [1783062948.568063564] [global_costmap.global_costmap]: Using plugin "static_layer"
[planner_server-6] [INFO] [1783062948.599547939] [global_costmap.global_costmap]: Subscribing to the map topic (/map) with transient local durability
[planner_server-6] [INFO] [1783062948.614510231] [global_costmap.global_costmap]: Initialized plugin "static_layer"
[planner_server-6] [INFO] [1783062948.614674815] [global_costmap.global_costmap]: Using plugin "inflation_layer"
[planner_server-6] [INFO] [1783062948.623350857] [global_costmap.global_costmap]: Initialized plugin "inflation_layer"
[planner_server-6] [INFO] [1783062948.684793233] [global_costmap.global_costmap]: StaticLayer: Resizing costmap to 163 X 168 at 0.050000 m/pix
[planner_server-6] [INFO] [1783062948.686418816] [planner_server]: Created global planner plugin GridBased of type nav2_navfn_planner/NavfnPlanner
[planner_server-6] [INFO] [1783062948.686565900] [planner_server]: Configuring plugin GridBased of type NavfnPlanner
[planner_server-6] [INFO] [1783062948.693126733] [planner_server]: Planner Server has GridBased  planners available.
[lifecycle_manager-11] [INFO] [1783062948.762196527] [lifecycle_manager_navigation]: [34m[1mConfiguring behavior_server[0m[0m
[behavior_server-7] [INFO] [1783062948.763385485] [behavior_server]: Configuring
[behavior_server-7] [INFO] [1783062948.811807569] [behavior_server]: Creating behavior plugin spin of type nav2_behaviors/Spin
[behavior_server-7] [INFO] [1783062948.815719361] [behavior_server]: Configuring spin
[behavior_server-7] [INFO] [1783062948.861905154] [behavior_server]: Creating behavior plugin backup of type nav2_behaviors/BackUp
[behavior_server-7] [INFO] [1783062948.865513779] [behavior_server]: Configuring backup
[behavior_server-7] [INFO] [1783062948.909286197] [behavior_server]: Creating behavior plugin drive_on_heading of type nav2_behaviors/DriveOnHeading
[behavior_server-7] [INFO] [1783062948.912940197] [behavior_server]: Configuring drive_on_heading
[amcl-2] [WARN] [1783062948.937643697] [amcl]: AMCL cannot publish a pose or update the transform. Please set the initial pose...
[behavior_server-7] [INFO] [1783062948.954121989] [behavior_server]: Creating behavior plugin assisted_teleop of type nav2_behaviors/AssistedTeleop
[behavior_server-7] [INFO] [1783062948.962757448] [behavior_server]: Configuring assisted_teleop
[behavior_server-7] [INFO] [1783062949.006943074] [behavior_server]: Creating behavior plugin wait of type nav2_behaviors/Wait
[behavior_server-7] [INFO] [1783062949.010438574] [behavior_server]: Configuring wait
[lifecycle_manager-11] [INFO] [1783062949.042646908] [lifecycle_manager_navigation]: [34m[1mConfiguring bt_navigator[0m[0m
[bt_navigator-8] [INFO] [1783062949.043884533] [bt_navigator]: Configuring
[lifecycle_manager-11] [INFO] [1783062949.674561048] [lifecycle_manager_navigation]: [34m[1mConfiguring waypoint_follower[0m[0m
[waypoint_follower-9] [INFO] [1783062949.677961215] [waypoint_follower]: Configuring
[waypoint_follower-9] [INFO] [1783062949.793228592] [waypoint_follower]: Created waypoint_task_executor : wait_at_waypoint of type nav2_waypoint_follower::WaitAtWaypoint
[lifecycle_manager-11] [INFO] [1783062949.798836426] [lifecycle_manager_navigation]: [34m[1mConfiguring velocity_smoother[0m[0m
[velocity_smoother-10] [INFO] [1783062949.800412426] [velocity_smoother]: Configuring velocity smoother
[lifecycle_manager-11] [INFO] [1783062949.835918302] [lifecycle_manager_navigation]: [34m[1mActivating controller_server[0m[0m
[controller_server-4] [INFO] [1783062949.837652052] [controller_server]: Activating
[controller_server-4] [INFO] [1783062949.837880468] [local_costmap.local_costmap]: Activating
[controller_server-4] [INFO] [1783062949.837951052] [local_costmap.local_costmap]: Checking transform
[controller_server-4] [INFO] [1783062949.838332635] [local_costmap.local_costmap]: start
[controller_server-4] [INFO] [1783062950.041625640] [controller_server]: Activating controller: FollowPath of type regulated_pure_pursuit_controller::RegulatedPurePursuitController
[controller_server-4] [INFO] [1783062950.041828473] [controller_server]: Creating bond (controller_server) to lifecycle manager.
[lifecycle_manager-11] [INFO] [1783062950.168973643] [lifecycle_manager_navigation]: Server controller_server connected with bond.
[lifecycle_manager-11] [INFO] [1783062950.169164435] [lifecycle_manager_navigation]: [34m[1mActivating smoother_server[0m[0m
[smoother_server-5] [INFO] [1783062950.173450810] [smoother_server]: Activating
[smoother_server-5] [INFO] [1783062950.173632476] [smoother_server]: Creating bond (smoother_server) to lifecycle manager.
[lifecycle_manager-11] [INFO] [1783062950.299135521] [lifecycle_manager_navigation]: Server smoother_server connected with bond.
[lifecycle_manager-11] [INFO] [1783062950.299287854] [lifecycle_manager_navigation]: [34m[1mActivating planner_server[0m[0m
[planner_server-6] [INFO] [1783062950.300379146] [planner_server]: Activating
[planner_server-6] [INFO] [1783062950.300555229] [global_costmap.global_costmap]: Activating
[planner_server-6] [INFO] [1783062950.300614354] [global_costmap.global_costmap]: Checking transform
[planner_server-6] [INFO] [1783062950.300732771] [global_costmap.global_costmap]: Timed out waiting for transform from base_link to map to become available, tf error: Invalid frame ID "map" passed to canTransform argument target_frame - frame does not exist
[planner_server-6] [INFO] [1783062950.800779408] [global_costmap.global_costmap]: Timed out waiting for transform from base_link to map to become available, tf error: Invalid frame ID "map" passed to canTransform argument target_frame - frame does not exist
[amcl-2] [WARN] [1783062951.035787080] [amcl]: AMCL cannot publish a pose or update the transform. Please set the initial pose...
[planner_server-6] [INFO] [1783062951.300919044] [global_costmap.global_costmap]: Timed out waiting for transform from base_link to map to become available, tf error: Invalid frame ID "map" passed to canTransform argument target_frame - frame does not exist
[planner_server-6] [INFO] [1783062951.800772389] [global_costmap.global_costmap]: Timed out waiting for transform from base_link to map to become available, tf error: Invalid frame ID "map" passed to canTransform argument target_frame - frame does not exist
[planner_server-6] [INFO] [1783062952.300786443] [global_costmap.global_costmap]: Timed out waiting for transform from base_link to map to become available, tf error: Invalid frame ID "map" passed to canTransform argument target_frame - frame does not exist
[planner_server-6] [INFO] [1783062952.800772246] [global_costmap.global_costmap]: Timed out waiting for transform from base_link to map to become available, tf error: Invalid frame ID "map" passed to canTransform argument target_frame - frame does not exist
[amcl-2] [WARN] [1783062953.133406337] [amcl]: AMCL cannot publish a pose or update the transform. Please set the initial pose...
[planner_server-6] [INFO] [1783062953.300794549] [global_costmap.global_costmap]: Timed out waiting for transform from base_link to map to become available, tf error: Invalid frame ID "map" passed to canTransform argument target_frame - frame does not exist
[planner_server-6] [INFO] [1783062953.800778686] [global_costmap.global_costmap]: Timed out waiting for transform from base_link to map to become available, tf error: Invalid frame ID "map" passed to canTransform argument target_frame - frame does not exist
[planner_server-6] [INFO] [1783062954.300771614] [global_costmap.global_costmap]: Timed out waiting for transform from base_link to map to become available, tf error: Invalid frame ID "map" passed to canTransform argument target_frame - frame does not exist
[planner_server-6] [INFO] [1783062954.800772459] [global_costmap.global_costmap]: Timed out waiting for transform from base_link to map to become available, tf error: Invalid frame ID "map" passed to canTransform argument target_frame - frame does not exist
[amcl-2] [WARN] [1783062955.142447509] [amcl]: AMCL cannot publish a pose or update the transform. Please set the initial pose...
[planner_server-6] [INFO] [1783062955.302393221] [global_costmap.global_costmap]: Timed out waiting for transform from base_link to map to become available, tf error: Invalid frame ID "map" passed to canTransform argument target_frame - frame does not exist
[planner_server-6] [INFO] [1783062955.800810732] [global_costmap.global_costmap]: Timed out waiting for transform from base_link to map to become available, tf error: Invalid frame ID "map" passed to canTransform argument target_frame - frame does not exist
[planner_server-6] [INFO] [1783062956.300770452] [global_costmap.global_costmap]: Timed out waiting for transform from base_link to map to become available, tf error: Invalid frame ID "map" passed to canTransform argument target_frame - frame does not exist
[planner_server-6] [INFO] [1783062956.800768339] [global_costmap.global_costmap]: Timed out waiting for transform from base_link to map to become available, tf error: Invalid frame ID "map" passed to canTransform argument target_frame - frame does not exist
[amcl-2] [WARN] [1783062957.231074099] [amcl]: AMCL cannot publish a pose or update the transform. Please set the initial pose...
[planner_server-6] [INFO] [1783062957.300775808] [global_costmap.global_costmap]: Timed out waiting for transform from base_link to map to become available, tf error: Invalid frame ID "map" passed to canTransform argument target_frame - frame does not exist
[planner_server-6] [INFO] [1783062957.800782903] [global_costmap.global_costmap]: Timed out waiting for transform from base_link to map to become available, tf error: Invalid frame ID "map" passed to canTransform argument target_frame - frame does not exist
[planner_server-6] [INFO] [1783062958.300771831] [global_costmap.global_costmap]: Timed out waiting for transform from base_link to map to become available, tf error: Invalid frame ID "map" passed to canTransform argument target_frame - frame does not exist
[planner_server-6] [INFO] [1783062958.800773051] [global_costmap.global_costmap]: Timed out waiting for transform from base_link to map to become available, tf error: Invalid frame ID "map" passed to canTransform argument target_frame - frame does not exist
[planner_server-6] [INFO] [1783062959.300783146] [global_costmap.global_costmap]: Timed out waiting for transform from base_link to map to become available, tf error: Invalid frame ID "map" passed to canTransform argument target_frame - frame does not exist
[amcl-2] [WARN] [1783062959.329907230] [amcl]: AMCL cannot publish a pose or update the transform. Please set the initial pose...
[planner_server-6] [INFO] [1783062959.800772491] [global_costmap.global_costmap]: Timed out waiting for transform from base_link to map to become available, tf error: Invalid frame ID "map" passed to canTransform argument target_frame - frame does not exist
[planner_server-6] [INFO] [1783062960.300738710] [global_costmap.global_costmap]: Timed out waiting for transform from base_link to map to become available, tf error: Invalid frame ID "map" passed to canTransform argument target_frame - frame does not exist
[planner_server-6] [INFO] [1783062960.800803055] [global_costmap.global_costmap]: Timed out waiting for transform from base_link to map to become available, tf error: Invalid frame ID "map" passed to canTransform argument target_frame - frame does not exist
[planner_server-6] [INFO] [1783062961.300769025] [global_costmap.global_costmap]: Timed out waiting for transform from base_link to map to become available, tf error: Invalid frame ID "map" passed to canTransform argument target_frame - frame does not exist
[amcl-2] [WARN] [1783062961.428119903] [amcl]: AMCL cannot publish a pose or update the transform. Please set the initial pose...
[planner_server-6] [INFO] [1783062961.800753328] [global_costmap.global_costmap]: Timed out waiting for transform from base_link to map to become available, tf error: Invalid frame ID "map" passed to canTransform argument target_frame - frame does not exist
[planner_server-6] [INFO] [1783062962.300772256] [global_costmap.global_costmap]: Timed out waiting for transform from base_link to map to become available, tf error: Invalid frame ID "map" passed to canTransform argument target_frame - frame does not exist
[planner_server-6] [INFO] [1783062962.800771726] [global_costmap.global_costmap]: Timed out waiting for transform from base_link to map to become available, tf error: Invalid frame ID "map" passed to canTransform argument target_frame - frame does not exist
[planner_server-6] [INFO] [1783062963.300784945] [global_costmap.global_costmap]: Timed out waiting for transform from base_link to map to become available, tf error: Invalid frame ID "map" passed to canTransform argument target_frame - frame does not exist
[amcl-2] [WARN] [1783062963.526685159] [amcl]: AMCL cannot publish a pose or update the transform. Please set the initial pose...
[planner_server-6] [INFO] [1783062963.800797290] [global_costmap.global_costmap]: Timed out waiting for transform from base_link to map to become available, tf error: Invalid frame ID "map" passed to canTransform argument target_frame - frame does not exist
[planner_server-6] [INFO] [1783062964.300769134] [global_costmap.global_costmap]: Timed out waiting for transform from base_link to map to become available, tf error: Invalid frame ID "map" passed to canTransform argument target_frame - frame does not exist
[planner_server-6] [INFO] [1783062964.800766396] [global_costmap.global_costmap]: Timed out waiting for transform from base_link to map to become available, tf error: Invalid frame ID "map" passed to canTransform argument target_frame - frame does not exist
[planner_server-6] [INFO] [1783062965.300776657] [global_costmap.global_costmap]: Timed out waiting for transform from base_link to map to become available, tf error: Invalid frame ID "map" passed to canTransform argument target_frame - frame does not exist
[amcl-2] [WARN] [1783062965.625110831] [amcl]: AMCL cannot publish a pose or update the transform. Please set the initial pose...
[planner_server-6] [INFO] [1783062965.800771210] [global_costmap.global_costmap]: Timed out waiting for transform from base_link to map to become available, tf error: Invalid frame ID "map" passed to canTransform argument target_frame - frame does not exist
[planner_server-6] [INFO] [1783062966.300770388] [global_costmap.global_costmap]: Timed out waiting for transform from base_link to map to become available, tf error: Invalid frame ID "map" passed to canTransform argument target_frame - frame does not exist
[planner_server-6] [INFO] [1783062966.800759232] [global_costmap.global_costmap]: Timed out waiting for transform from base_link to map to become available, tf error: Invalid frame ID "map" passed to canTransform argument target_frame - frame does not exist
[planner_server-6] [INFO] [1783062967.300776077] [global_costmap.global_costmap]: Timed out waiting for transform from base_link to map to become available, tf error: Invalid frame ID "map" passed to canTransform argument target_frame - frame does not exist
[amcl-2] [WARN] [1783062967.626031751] [amcl]: AMCL cannot publish a pose or update the transform. Please set the initial pose...
[planner_server-6] [INFO] [1783062967.800801338] [global_costmap.global_costmap]: Timed out waiting for transform from base_link to map to become available, tf error: Invalid frame ID "map" passed to canTransform argument target_frame - frame does not exist
[planner_server-6] [INFO] [1783062968.300769057] [global_costmap.global_costmap]: Timed out waiting for transform from base_link to map to become available, tf error: Invalid frame ID "map" passed to canTransform argument target_frame - frame does not exist
[planner_server-6] [INFO] [1783062968.800768360] [global_costmap.global_costmap]: Timed out waiting for transform from base_link to map to become available, tf error: Invalid frame ID "map" passed to canTransform argument target_frame - frame does not exist
[planner_server-6] [INFO] [1783062969.300767080] [global_costmap.global_costmap]: Timed out waiting for transform from base_link to map to become available, tf error: Invalid frame ID "map" passed to canTransform argument target_frame - frame does not exist
[amcl-2] [WARN] [1783062969.723064631] [amcl]: AMCL cannot publish a pose or update the transform. Please set the initial pose...
[planner_server-6] [INFO] [1783062969.800769299] [global_costmap.global_costmap]: Timed out waiting for transform from base_link to map to become available, tf error: Invalid frame ID "map" passed to canTransform argument target_frame - frame does not exist
[planner_server-6] [INFO] [1783062970.300769144] [global_costmap.global_costmap]: Timed out waiting for transform from base_link to map to become available, tf error: Invalid frame ID "map" passed to canTransform argument target_frame - frame does not exist
[planner_server-6] [INFO] [1783062970.800772071] [global_costmap.global_costmap]: Timed out waiting for transform from base_link to map to become available, tf error: Invalid frame ID "map" passed to canTransform argument target_frame - frame does not exist
[planner_server-6] [INFO] [1783062971.300780082] [global_costmap.global_costmap]: Timed out waiting for transform from base_link to map to become available, tf error: Invalid frame ID "map" passed to canTransform argument target_frame - frame does not exist
[amcl-2] [WARN] [1783062971.723487967] [amcl]: AMCL cannot publish a pose or update the transform. Please set the initial pose...
[planner_server-6] [INFO] [1783062971.800792593] [global_costmap.global_costmap]: Timed out waiting for transform from base_link to map to become available, tf error: Invalid frame ID "map" passed to canTransform argument target_frame - frame does not exist
[planner_server-6] [INFO] [1783062972.300794438] [global_costmap.global_costmap]: Timed out waiting for transform from base_link to map to become available, tf error: Invalid frame ID "map" passed to canTransform argument target_frame - frame does not exist
[planner_server-6] [INFO] [1783062972.800799032] [global_costmap.global_costmap]: Timed out waiting for transform from base_link to map to become available, tf error: Invalid frame ID "map" passed to canTransform argument target_frame - frame does not exist
[planner_server-6] [INFO] [1783062973.300778043] [global_costmap.global_costmap]: Timed out waiting for transform from base_link to map to become available, tf error: Invalid frame ID "map" passed to canTransform argument target_frame - frame does not exist
[planner_server-6] [INFO] [1783062973.800782387] [global_costmap.global_costmap]: Timed out waiting for transform from base_link to map to become available, tf error: Invalid frame ID "map" passed to canTransform argument target_frame - frame does not exist
[amcl-2] [WARN] [1783062973.820871929] [amcl]: AMCL cannot publish a pose or update the transform. Please set the initial pose...
[planner_server-6] [INFO] [1783062974.300768398] [global_costmap.global_costmap]: Timed out waiting for transform from base_link to map to become available, tf error: Invalid frame ID "map" passed to canTransform argument target_frame - frame does not exist
[planner_server-6] [INFO] [1783062974.800771451] [global_costmap.global_costmap]: Timed out waiting for transform from base_link to map to become available, tf error: Invalid frame ID "map" passed to canTransform argument target_frame - frame does not exist
[planner_server-6] [INFO] [1783062975.300772878] [global_costmap.global_costmap]: Timed out waiting for transform from base_link to map to become available, tf error: Invalid frame ID "map" passed to canTransform argument target_frame - frame does not exist
[planner_server-6] [INFO] [1783062975.800771014] [global_costmap.global_costmap]: Timed out waiting for transform from base_link to map to become available, tf error: Invalid frame ID "map" passed to canTransform argument target_frame - frame does not exist
[amcl-2] [WARN] [1783062975.920677309] [amcl]: AMCL cannot publish a pose or update the transform. Please set the initial pose...
[planner_server-6] [INFO] [1783062976.300788650] [global_costmap.global_costmap]: Timed out waiting for transform from base_link to map to become available, tf error: Invalid frame ID "map" passed to canTransform argument target_frame - frame does not exist
[planner_server-6] [INFO] [1783062976.800792869] [global_costmap.global_costmap]: Timed out waiting for transform from base_link to map to become available, tf error: Invalid frame ID "map" passed to canTransform argument target_frame - frame does not exist
[planner_server-6] [INFO] [1783062977.300770297] [global_costmap.global_costmap]: Timed out waiting for transform from base_link to map to become available, tf error: Invalid frame ID "map" passed to canTransform argument target_frame - frame does not exist
[planner_server-6] [INFO] [1783062977.800798058] [global_costmap.global_costmap]: Timed out waiting for transform from base_link to map to become available, tf error: Invalid frame ID "map" passed to canTransform argument target_frame - frame does not exist
[amcl-2] [WARN] [1783062978.018539271] [amcl]: AMCL cannot publish a pose or update the transform. Please set the initial pose...
[planner_server-6] [INFO] [1783062978.300772360] [global_costmap.global_costmap]: Timed out waiting for transform from base_link to map to become available, tf error: Invalid frame ID "map" passed to canTransform argument target_frame - frame does not exist
[planner_server-6] [INFO] [1783062978.800768996] [global_costmap.global_costmap]: Timed out waiting for transform from base_link to map to become available, tf error: Invalid frame ID "map" passed to canTransform argument target_frame - frame does not exist
[planner_server-6] [INFO] [1783062979.300780007] [global_costmap.global_costmap]: Timed out waiting for transform from base_link to map to become available, tf error: Invalid frame ID "map" passed to canTransform argument target_frame - frame does not exist
[planner_server-6] [INFO] [1783062979.800767559] [global_costmap.global_costmap]: Timed out waiting for transform from base_link to map to become available, tf error: Invalid frame ID "map" passed to canTransform argument target_frame - frame does not exist
[amcl-2] [WARN] [1783062980.118864149] [amcl]: AMCL cannot publish a pose or update the transform. Please set the initial pose...
[planner_server-6] [INFO] [1783062980.300793112] [global_costmap.global_costmap]: Timed out waiting for transform from base_link to map to become available, tf error: Invalid frame ID "map" passed to canTransform argument target_frame - frame does not exist
[planner_server-6] [INFO] [1783062980.800772331] [global_costmap.global_costmap]: Timed out waiting for transform from base_link to map to become available, tf error: Invalid frame ID "map" passed to canTransform argument target_frame - frame does not exist
[planner_server-6] [INFO] [1783062981.300791508] [global_costmap.global_costmap]: Timed out waiting for transform from base_link to map to become available, tf error: Invalid frame ID "map" passed to canTransform argument target_frame - frame does not exist
[planner_server-6] [INFO] [1783062981.800773686] [global_costmap.global_costmap]: Timed out waiting for transform from base_link to map to become available, tf error: Invalid frame ID "map" passed to canTransform argument target_frame - frame does not exist
[amcl-2] [WARN] [1783062982.217377403] [amcl]: AMCL cannot publish a pose or update the transform. Please set the initial pose...
[planner_server-6] [INFO] [1783062982.300782238] [global_costmap.global_costmap]: Timed out waiting for transform from base_link to map to become available, tf error: Invalid frame ID "map" passed to canTransform argument target_frame - frame does not exist
[planner_server-6] [INFO] [1783062982.800768874] [global_costmap.global_costmap]: Timed out waiting for transform from base_link to map to become available, tf error: Invalid frame ID "map" passed to canTransform argument target_frame - frame does not exist
[planner_server-6] [INFO] [1783062983.300769009] [global_costmap.global_costmap]: Timed out waiting for transform from base_link to map to become available, tf error: Invalid frame ID "map" passed to canTransform argument target_frame - frame does not exist
[planner_server-6] [INFO] [1783062983.800767478] [global_costmap.global_costmap]: Timed out waiting for transform from base_link to map to become available, tf error: Invalid frame ID "map" passed to canTransform argument target_frame - frame does not exist
[planner_server-6] [INFO] [1783062984.300776531] [global_costmap.global_costmap]: Timed out waiting for transform from base_link to map to become available, tf error: Invalid frame ID "map" passed to canTransform argument target_frame - frame does not exist
[amcl-2] [WARN] [1783062984.317292948] [amcl]: AMCL cannot publish a pose or update the transform. Please set the initial pose...
[planner_server-6] [INFO] [1783062984.800793416] [global_costmap.global_costmap]: Timed out waiting for transform from base_link to map to become available, tf error: Invalid frame ID "map" passed to canTransform argument target_frame - frame does not exist
[planner_server-6] [INFO] [1783062985.300790135] [global_costmap.global_costmap]: Timed out waiting for transform from base_link to map to become available, tf error: Invalid frame ID "map" passed to canTransform argument target_frame - frame does not exist
[planner_server-6] [INFO] [1783062985.800778479] [global_costmap.global_costmap]: Timed out waiting for transform from base_link to map to become available, tf error: Invalid frame ID "map" passed to canTransform argument target_frame - frame does not exist
[planner_server-6] [INFO] [1783062986.300766281] [global_costmap.global_costmap]: Timed out waiting for transform from base_link to map to become available, tf error: Invalid frame ID "map" passed to canTransform argument target_frame - frame does not exist
[amcl-2] [WARN] [1783062986.414382450] [amcl]: AMCL cannot publish a pose or update the transform. Please set the initial pose...
[planner_server-6] [INFO] [1783062986.800771500] [global_costmap.global_costmap]: Timed out waiting for transform from base_link to map to become available, tf error: Invalid frame ID "map" passed to canTransform argument target_frame - frame does not exist
[planner_server-6] [INFO] [1783062987.300789844] [global_costmap.global_costmap]: Timed out waiting for transform from base_link to map to become available, tf error: Invalid frame ID "map" passed to canTransform argument target_frame - frame does not exist
[planner_server-6] [INFO] [1783062987.800791271] [global_costmap.global_costmap]: Timed out waiting for transform from base_link to map to become available, tf error: Invalid frame ID "map" passed to canTransform argument target_frame - frame does not exist
[planner_server-6] [INFO] [1783062988.300797657] [global_costmap.global_costmap]: Timed out waiting for transform from base_link to map to become available, tf error: Invalid frame ID "map" passed to canTransform argument target_frame - frame does not exist
[amcl-2] [WARN] [1783062988.513372328] [amcl]: AMCL cannot publish a pose or update the transform. Please set the initial pose...
[planner_server-6] [INFO] [1783062988.800801375] [global_costmap.global_costmap]: Timed out waiting for transform from base_link to map to become available, tf error: Invalid frame ID "map" passed to canTransform argument target_frame - frame does not exist
[planner_server-6] [INFO] [1783062989.300795386] [global_costmap.global_costmap]: Timed out waiting for transform from base_link to map to become available, tf error: Invalid frame ID "map" passed to canTransform argument target_frame - frame does not exist
[planner_server-6] [INFO] [1783062989.800773688] [global_costmap.global_costmap]: Timed out waiting for transform from base_link to map to become available, tf error: Invalid frame ID "map" passed to canTransform argument target_frame - frame does not exist
[planner_server-6] [INFO] [1783062990.300766365] [global_costmap.global_costmap]: Timed out waiting for transform from base_link to map to become available, tf error: Invalid frame ID "map" passed to canTransform argument target_frame - frame does not exist
[amcl-2] [WARN] [1783062990.612178372] [amcl]: AMCL cannot publish a pose or update the transform. Please set the initial pose...
[planner_server-6] [INFO] [1783062990.801824917] [global_costmap.global_costmap]: Timed out waiting for transform from base_link to map to become available, tf error: Invalid frame ID "map" passed to canTransform argument target_frame - frame does not exist
[planner_server-6] [INFO] [1783062991.300769969] [global_costmap.global_costmap]: Timed out waiting for transform from base_link to map to become available, tf error: Invalid frame ID "map" passed to canTransform argument target_frame - frame does not exist
[planner_server-6] [INFO] [1783062991.800778521] [global_costmap.global_costmap]: Timed out waiting for transform from base_link to map to become available, tf error: Invalid frame ID "map" passed to canTransform argument target_frame - frame does not exist
[planner_server-6] [INFO] [1783062992.300766532] [global_costmap.global_costmap]: Timed out waiting for transform from base_link to map to become available, tf error: Invalid frame ID "map" passed to canTransform argument target_frame - frame does not exist
[amcl-2] [WARN] [1783062992.710341957] [amcl]: AMCL cannot publish a pose or update the transform. Please set the initial pose...
[planner_server-6] [INFO] [1783062992.800794792] [global_costmap.global_costmap]: Timed out waiting for transform from base_link to map to become available, tf error: Invalid frame ID "map" passed to canTransform argument target_frame - frame does not exist
[planner_server-6] [INFO] [1783062993.300796636] [global_costmap.global_costmap]: Timed out waiting for transform from base_link to map to become available, tf error: Invalid frame ID "map" passed to canTransform argument target_frame - frame does not exist
[planner_server-6] [INFO] [1783062993.800728771] [global_costmap.global_costmap]: Timed out waiting for transform from base_link to map to become available, tf error: Invalid frame ID "map" passed to canTransform argument target_frame - frame does not exist
[planner_server-6] [INFO] [1783062994.300768365] [global_costmap.global_costmap]: Timed out waiting for transform from base_link to map to become available, tf error: Invalid frame ID "map" passed to canTransform argument target_frame - frame does not exist
[planner_server-6] [INFO] [1783062994.800778625] [global_costmap.global_costmap]: Timed out waiting for transform from base_link to map to become available, tf error: Invalid frame ID "map" passed to canTransform argument target_frame - frame does not exist
[amcl-2] [WARN] [1783062994.810554834] [amcl]: AMCL cannot publish a pose or update the transform. Please set the initial pose...
[planner_server-6] [INFO] [1783062995.300768677] [global_costmap.global_costmap]: Timed out waiting for transform from base_link to map to become available, tf error: Invalid frame ID "map" passed to canTransform argument target_frame - frame does not exist
[planner_server-6] [INFO] [1783062995.800765604] [global_costmap.global_costmap]: Timed out waiting for transform from base_link to map to become available, tf error: Invalid frame ID "map" passed to canTransform argument target_frame - frame does not exist
[planner_server-6] [INFO] [1783062996.300758572] [global_costmap.global_costmap]: Timed out waiting for transform from base_link to map to become available, tf error: Invalid frame ID "map" passed to canTransform argument target_frame - frame does not exist
[planner_server-6] [INFO] [1783062996.800763708] [global_costmap.global_costmap]: Timed out waiting for transform from base_link to map to become available, tf error: Invalid frame ID "map" passed to canTransform argument target_frame - frame does not exist
[amcl-2] [WARN] [1783062996.909436460] [amcl]: AMCL cannot publish a pose or update the transform. Please set the initial pose...
[planner_server-6] [INFO] [1783062997.300777593] [global_costmap.global_costmap]: Timed out waiting for transform from base_link to map to become available, tf error: Invalid frame ID "map" passed to canTransform argument target_frame - frame does not exist
[planner_server-6] [INFO] [1783062997.800777353] [global_costmap.global_costmap]: Timed out waiting for transform from base_link to map to become available, tf error: Invalid frame ID "map" passed to canTransform argument target_frame - frame does not exist
[planner_server-6] [INFO] [1783062998.300778322] [global_costmap.global_costmap]: Timed out waiting for transform from base_link to map to become available, tf error: Invalid frame ID "map" passed to canTransform argument target_frame - frame does not exist
[planner_server-6] [INFO] [1783062998.800771915] [global_costmap.global_costmap]: Timed out waiting for transform from base_link to map to become available, tf error: Invalid frame ID "map" passed to canTransform argument target_frame - frame does not exist
[amcl-2] [WARN] [1783062999.008286586] [amcl]: AMCL cannot publish a pose or update the transform. Please set the initial pose...
[planner_server-6] [INFO] [1783062999.300772759] [global_costmap.global_costmap]: Timed out waiting for transform from base_link to map to become available, tf error: Invalid frame ID "map" passed to canTransform argument target_frame - frame does not exist
[planner_server-6] [INFO] [1783062999.800772685] [global_costmap.global_costmap]: Timed out waiting for transform from base_link to map to become available, tf error: Invalid frame ID "map" passed to canTransform argument target_frame - frame does not exist
[planner_server-6] [INFO] [1783063000.300842529] [global_costmap.global_costmap]: Timed out waiting for transform from base_link to map to become available, tf error: Invalid frame ID "map" passed to canTransform argument target_frame - frame does not exist
[planner_server-6] [INFO] [1783063000.800789164] [global_costmap.global_costmap]: Timed out waiting for transform from base_link to map to become available, tf error: Invalid frame ID "map" passed to canTransform argument target_frame - frame does not exist
[amcl-2] [WARN] [1783063001.107487545] [amcl]: AMCL cannot publish a pose or update the transform. Please set the initial pose...
[planner_server-6] [INFO] [1783063001.300765966] [global_costmap.global_costmap]: Timed out waiting for transform from base_link to map to become available, tf error: Invalid frame ID "map" passed to canTransform argument target_frame - frame does not exist
[planner_server-6] [INFO] [1783063001.800782809] [global_costmap.global_costmap]: Timed out waiting for transform from base_link to map to become available, tf error: Invalid frame ID "map" passed to canTransform argument target_frame - frame does not exist
[planner_server-6] [INFO] [1783063002.300769528] [global_costmap.global_costmap]: Timed out waiting for transform from base_link to map to become available, tf error: Invalid frame ID "map" passed to canTransform argument target_frame - frame does not exist
[planner_server-6] [INFO] [1783063002.800776746] [global_costmap.global_costmap]: Timed out waiting for transform from base_link to map to become available, tf error: Invalid frame ID "map" passed to canTransform argument target_frame - frame does not exist
[amcl-2] [WARN] [1783063003.205414879] [amcl]: AMCL cannot publish a pose or update the transform. Please set the initial pose...
[planner_server-6] [INFO] [1783063003.300768131] [global_costmap.global_costmap]: Timed out waiting for transform from base_link to map to become available, tf error: Invalid frame ID "map" passed to canTransform argument target_frame - frame does not exist
[planner_server-6] [INFO] [1783063003.800778849] [global_costmap.global_costmap]: Timed out waiting for transform from base_link to map to become available, tf error: Invalid frame ID "map" passed to canTransform argument target_frame - frame does not exist
[planner_server-6] [INFO] [1783063004.300800151] [global_costmap.global_costmap]: Timed out waiting for transform from base_link to map to become available, tf error: Invalid frame ID "map" passed to canTransform argument target_frame - frame does not exist
[planner_server-6] [INFO] [1783063004.800795036] [global_costmap.global_costmap]: Timed out waiting for transform from base_link to map to become available, tf error: Invalid frame ID "map" passed to canTransform argument target_frame - frame does not exist
[planner_server-6] [INFO] [1783063005.300765379] [global_costmap.global_costmap]: Timed out waiting for transform from base_link to map to become available, tf error: Invalid frame ID "map" passed to canTransform argument target_frame - frame does not exist
[amcl-2] [WARN] [1783063005.303545171] [amcl]: AMCL cannot publish a pose or update the transform. Please set the initial pose...
[planner_server-6] [INFO] [1783063005.800766347] [global_costmap.global_costmap]: Timed out waiting for transform from base_link to map to become available, tf error: Invalid frame ID "map" passed to canTransform argument target_frame - frame does not exist
[planner_server-6] [INFO] [1783063006.300834899] [global_costmap.global_costmap]: Timed out waiting for transform from base_link to map to become available, tf error: Invalid frame ID "map" passed to canTransform argument target_frame - frame does not exist
[planner_server-6] [INFO] [1783063006.800783117] [global_costmap.global_costmap]: Timed out waiting for transform from base_link to map to become available, tf error: Invalid frame ID "map" passed to canTransform argument target_frame - frame does not exist
[planner_server-6] [INFO] [1783063007.300770419] [global_costmap.global_costmap]: Timed out waiting for transform from base_link to map to become available, tf error: Invalid frame ID "map" passed to canTransform argument target_frame - frame does not exist
[amcl-2] [WARN] [1783063007.403004129] [amcl]: AMCL cannot publish a pose or update the transform. Please set the initial pose...
[planner_server-6] [INFO] [1783063007.800770554] [global_costmap.global_costmap]: Timed out waiting for transform from base_link to map to become available, tf error: Invalid frame ID "map" passed to canTransform argument target_frame - frame does not exist
[planner_server-6] [INFO] [1783063008.300825064] [global_costmap.global_costmap]: Timed out waiting for transform from base_link to map to become available, tf error: Invalid frame ID "map" passed to canTransform argument target_frame - frame does not exist
[planner_server-6] [INFO] [1783063008.800802865] [global_costmap.global_costmap]: Timed out waiting for transform from base_link to map to become available, tf error: Invalid frame ID "map" passed to canTransform argument target_frame - frame does not exist
[planner_server-6] [INFO] [1783063009.300722208] [global_costmap.global_costmap]: Timed out waiting for transform from base_link to map to become available, tf error: Invalid frame ID "map" passed to canTransform argument target_frame - frame does not exist
[amcl-2] [WARN] [1783063009.501931837] [amcl]: AMCL cannot publish a pose or update the transform. Please set the initial pose...
[planner_server-6] [INFO] [1783063009.800794426] [global_costmap.global_costmap]: Timed out waiting for transform from base_link to map to become available, tf error: Invalid frame ID "map" passed to canTransform argument target_frame - frame does not exist
[planner_server-6] [INFO] [1783063010.300774978] [global_costmap.global_costmap]: Timed out waiting for transform from base_link to map to become available, tf error: Invalid frame ID "map" passed to canTransform argument target_frame - frame does not exist
[planner_server-6] [INFO] [1783063010.800778279] [global_costmap.global_costmap]: Timed out waiting for transform from base_link to map to become available, tf error: Invalid frame ID "map" passed to canTransform argument target_frame - frame does not exist
[planner_server-6] [INFO] [1783063011.300776206] [global_costmap.global_costmap]: Timed out waiting for transform from base_link to map to become available, tf error: Invalid frame ID "map" passed to canTransform argument target_frame - frame does not exist
[amcl-2] [WARN] [1783063011.601137670] [amcl]: AMCL cannot publish a pose or update the transform. Please set the initial pose...
[planner_server-6] [INFO] [1783063011.800775549] [global_costmap.global_costmap]: Timed out waiting for transform from base_link to map to become available, tf error: Invalid frame ID "map" passed to canTransform argument target_frame - frame does not exist
[planner_server-6] [INFO] [1783063012.300750267] [global_costmap.global_costmap]: Timed out waiting for transform from base_link to map to become available, tf error: Invalid frame ID "map" passed to canTransform argument target_frame - frame does not exist
[planner_server-6] [INFO] [1783063012.800783318] [global_costmap.global_costmap]: Timed out waiting for transform from base_link to map to become available, tf error: Invalid frame ID "map" passed to canTransform argument target_frame - frame does not exist
[planner_server-6] [INFO] [1783063013.300800203] [global_costmap.global_costmap]: Timed out waiting for transform from base_link to map to become available, tf error: Invalid frame ID "map" passed to canTransform argument target_frame - frame does not exist
[amcl-2] [WARN] [1783063013.698495294] [amcl]: AMCL cannot publish a pose or update the transform. Please set the initial pose...
[planner_server-6] [INFO] [1783063013.800803546] [global_costmap.global_costmap]: Timed out waiting for transform from base_link to map to become available, tf error: Invalid frame ID "map" passed to canTransform argument target_frame - frame does not exist
[planner_server-6] [INFO] [1783063014.300771931] [global_costmap.global_costmap]: Timed out waiting for transform from base_link to map to become available, tf error: Invalid frame ID "map" passed to canTransform argument target_frame - frame does not exist
[planner_server-6] [INFO] [1783063014.800778732] [global_costmap.global_costmap]: Timed out waiting for transform from base_link to map to become available, tf error: Invalid frame ID "map" passed to canTransform argument target_frame - frame does not exist
[planner_server-6] [INFO] [1783063015.300770408] [global_costmap.global_costmap]: Timed out waiting for transform from base_link to map to become available, tf error: Invalid frame ID "map" passed to canTransform argument target_frame - frame does not exist
[amcl-2] [WARN] [1783063015.699051541] [amcl]: AMCL cannot publish a pose or update the transform. Please set the initial pose...
[planner_server-6] [INFO] [1783063015.800777126] [global_costmap.global_costmap]: Timed out waiting for transform from base_link to map to become available, tf error: Invalid frame ID "map" passed to canTransform argument target_frame - frame does not exist
[planner_server-6] [INFO] [1783063016.300772928] [global_costmap.global_costmap]: Timed out waiting for transform from base_link to map to become available, tf error: Invalid frame ID "map" passed to canTransform argument target_frame - frame does not exist
[planner_server-6] [INFO] [1783063016.800767562] [global_costmap.global_costmap]: Timed out waiting for transform from base_link to map to become available, tf error: Invalid frame ID "map" passed to canTransform argument target_frame - frame does not exist
[planner_server-6] [INFO] [1783063017.300763405] [global_costmap.global_costmap]: Timed out waiting for transform from base_link to map to become available, tf error: Invalid frame ID "map" passed to canTransform argument target_frame - frame does not exist
[amcl-2] [WARN] [1783063017.796974956] [amcl]: AMCL cannot publish a pose or update the transform. Please set the initial pose...
[planner_server-6] [INFO] [1783063017.800765498] [global_costmap.global_costmap]: Timed out waiting for transform from base_link to map to become available, tf error: Invalid frame ID "map" passed to canTransform argument target_frame - frame does not exist
[planner_server-6] [INFO] [1783063018.300784258] [global_costmap.global_costmap]: Timed out waiting for transform from base_link to map to become available, tf error: Invalid frame ID "map" passed to canTransform argument target_frame - frame does not exist
[planner_server-6] [INFO] [1783063018.800767809] [global_costmap.global_costmap]: Timed out waiting for transform from base_link to map to become available, tf error: Invalid frame ID "map" passed to canTransform argument target_frame - frame does not exist
[planner_server-6] [INFO] [1783063019.300770652] [global_costmap.global_costmap]: Timed out waiting for transform from base_link to map to become available, tf error: Invalid frame ID "map" passed to canTransform argument target_frame - frame does not exist
[planner_server-6] [INFO] [1783063019.800780661] [global_costmap.global_costmap]: Timed out waiting for transform from base_link to map to become available, tf error: Invalid frame ID "map" passed to canTransform argument target_frame - frame does not exist
[amcl-2] [WARN] [1783063019.896613496] [amcl]: AMCL cannot publish a pose or update the transform. Please set the initial pose...
[planner_server-6] [INFO] [1783063020.300787587] [global_costmap.global_costmap]: Timed out waiting for transform from base_link to map to become available, tf error: Invalid frame ID "map" passed to canTransform argument target_frame - frame does not exist
[planner_server-6] [INFO] [1783063020.800767388] [global_costmap.global_costmap]: Timed out waiting for transform from base_link to map to become available, tf error: Invalid frame ID "map" passed to canTransform argument target_frame - frame does not exist
[planner_server-6] [INFO] [1783063021.300772190] [global_costmap.global_costmap]: Timed out waiting for transform from base_link to map to become available, tf error: Invalid frame ID "map" passed to canTransform argument target_frame - frame does not exist
[planner_server-6] [INFO] [1783063021.800769657] [global_costmap.global_costmap]: Timed out waiting for transform from base_link to map to become available, tf error: Invalid frame ID "map" passed to canTransform argument target_frame - frame does not exist
[amcl-2] [WARN] [1783063021.994928786] [amcl]: AMCL cannot publish a pose or update the transform. Please set the initial pose...
[planner_server-6] [INFO] [1783063022.300766208] [global_costmap.global_costmap]: Timed out waiting for transform from base_link to map to become available, tf error: Invalid frame ID "map" passed to canTransform argument target_frame - frame does not exist
[planner_server-6] [INFO] [1783063022.800772551] [global_costmap.global_costmap]: Timed out waiting for transform from base_link to map to become available, tf error: Invalid frame ID "map" passed to canTransform argument target_frame - frame does not exist
[planner_server-6] [INFO] [1783063023.300774102] [global_costmap.global_costmap]: Timed out waiting for transform from base_link to map to become available, tf error: Invalid frame ID "map" passed to canTransform argument target_frame - frame does not exist
[planner_server-6] [INFO] [1783063023.800780362] [global_costmap.global_costmap]: Timed out waiting for transform from base_link to map to become available, tf error: Invalid frame ID "map" passed to canTransform argument target_frame - frame does not exist
[amcl-2] [WARN] [1783063024.094229742] [amcl]: AMCL cannot publish a pose or update the transform. Please set the initial pose...
[planner_server-6] [INFO] [1783063024.300773996] [global_costmap.global_costmap]: Timed out waiting for transform from base_link to map to become available, tf error: Invalid frame ID "map" passed to canTransform argument target_frame - frame does not exist
[planner_server-6] [INFO] [1783063024.800776839] [global_costmap.global_costmap]: Timed out waiting for transform from base_link to map to become available, tf error: Invalid frame ID "map" passed to canTransform argument target_frame - frame does not exist
[planner_server-6] [INFO] [1783063025.300770931] [global_costmap.global_costmap]: Timed out waiting for transform from base_link to map to become available, tf error: Invalid frame ID "map" passed to canTransform argument target_frame - frame does not exist
[planner_server-6] [INFO] [1783063025.800775649] [global_costmap.global_costmap]: Timed out waiting for transform from base_link to map to become available, tf error: Invalid frame ID "map" passed to canTransform argument target_frame - frame does not exist
[amcl-2] [WARN] [1783063026.193027031] [amcl]: AMCL cannot publish a pose or update the transform. Please set the initial pose...
[planner_server-6] [INFO] [1783063026.300766200] [global_costmap.global_costmap]: Timed out waiting for transform from base_link to map to become available, tf error: Invalid frame ID "map" passed to canTransform argument target_frame - frame does not exist
[planner_server-6] [INFO] [1783063026.800780584] [global_costmap.global_costmap]: Timed out waiting for transform from base_link to map to become available, tf error: Invalid frame ID "map" passed to canTransform argument target_frame - frame does not exist
[planner_server-6] [INFO] [1783063027.305131968] [global_costmap.global_costmap]: Timed out waiting for transform from base_link to map to become available, tf error: Invalid frame ID "map" passed to canTransform argument target_frame - frame does not exist
[planner_server-6] [INFO] [1783063027.800783728] [global_costmap.global_costmap]: Timed out waiting for transform from base_link to map to become available, tf error: Invalid frame ID "map" passed to canTransform argument target_frame - frame does not exist
[amcl-2] [WARN] [1783063028.292092570] [amcl]: AMCL cannot publish a pose or update the transform. Please set the initial pose...
[planner_server-6] [INFO] [1783063028.300769987] [global_costmap.global_costmap]: Timed out waiting for transform from base_link to map to become available, tf error: Invalid frame ID "map" passed to canTransform argument target_frame - frame does not exist
[planner_server-6] [INFO] [1783063028.800776413] [global_costmap.global_costmap]: Timed out waiting for transform from base_link to map to become available, tf error: Invalid frame ID "map" passed to canTransform argument target_frame - frame does not exist
[planner_server-6] [INFO] [1783063029.300736214] [global_costmap.global_costmap]: Timed out waiting for transform from base_link to map to become available, tf error: Invalid frame ID "map" passed to canTransform argument target_frame - frame does not exist
[planner_server-6] [INFO] [1783063029.800770098] [global_costmap.global_costmap]: Timed out waiting for transform from base_link to map to become available, tf error: Invalid frame ID "map" passed to canTransform argument target_frame - frame does not exist
[planner_server-6] [INFO] [1783063030.300766607] [global_costmap.global_costmap]: Timed out waiting for transform from base_link to map to become available, tf error: Invalid frame ID "map" passed to canTransform argument target_frame - frame does not exist
[amcl-2] [WARN] [1783063030.390949109] [amcl]: AMCL cannot publish a pose or update the transform. Please set the initial pose...
[planner_server-6] [INFO] [1783063030.800734658] [global_costmap.global_costmap]: Timed out waiting for transform from base_link to map to become available, tf error: Invalid frame ID "map" passed to canTransform argument target_frame - frame does not exist
[planner_server-6] [INFO] [1783063031.300768875] [global_costmap.global_costmap]: Timed out waiting for transform from base_link to map to become available, tf error: Invalid frame ID "map" passed to canTransform argument target_frame - frame does not exist
[planner_server-6] [INFO] [1783063031.800783593] [global_costmap.global_costmap]: Timed out waiting for transform from base_link to map to become available, tf error: Invalid frame ID "map" passed to canTransform argument target_frame - frame does not exist
[planner_server-6] [INFO] [1783063032.300776019] [global_costmap.global_costmap]: Timed out waiting for transform from base_link to map to become available, tf error: Invalid frame ID "map" passed to canTransform argument target_frame - frame does not exist
[amcl-2] [WARN] [1783063032.488820855] [amcl]: AMCL cannot publish a pose or update the transform. Please set the initial pose...
[planner_server-6] [INFO] [1783063032.800779653] [global_costmap.global_costmap]: Timed out waiting for transform from base_link to map to become available, tf error: Invalid frame ID "map" passed to canTransform argument target_frame - frame does not exist
[planner_server-6] [INFO] [1783063033.300776120] [global_costmap.global_costmap]: Timed out waiting for transform from base_link to map to become available, tf error: Invalid frame ID "map" passed to canTransform argument target_frame - frame does not exist
[planner_server-6] [INFO] [1783063033.800769046] [global_costmap.global_costmap]: Timed out waiting for transform from base_link to map to become available, tf error: Invalid frame ID "map" passed to canTransform argument target_frame - frame does not exist
[planner_server-6] [INFO] [1783063034.300767846] [global_costmap.global_costmap]: Timed out waiting for transform from base_link to map to become available, tf error: Invalid frame ID "map" passed to canTransform argument target_frame - frame does not exist
[amcl-2] [WARN] [1783063034.586763477] [amcl]: AMCL cannot publish a pose or update the transform. Please set the initial pose...
[planner_server-6] [INFO] [1783063034.800783855] [global_costmap.global_costmap]: Timed out waiting for transform from base_link to map to become available, tf error: Invalid frame ID "map" passed to canTransform argument target_frame - frame does not exist
[planner_server-6] [INFO] [1783063035.300774114] [global_costmap.global_costmap]: Timed out waiting for transform from base_link to map to become available, tf error: Invalid frame ID "map" passed to canTransform argument target_frame - frame does not exist
[planner_server-6] [INFO] [1783063035.800768373] [global_costmap.global_costmap]: Timed out waiting for transform from base_link to map to become available, tf error: Invalid frame ID "map" passed to canTransform argument target_frame - frame does not exist
[planner_server-6] [INFO] [1783063036.300773507] [global_costmap.global_costmap]: Timed out waiting for transform from base_link to map to become available, tf error: Invalid frame ID "map" passed to canTransform argument target_frame - frame does not exist
[amcl-2] [WARN] [1783063036.598856929] [amcl]: AMCL cannot publish a pose or update the transform. Please set the initial pose...
[planner_server-6] [INFO] [1783063036.800724600] [global_costmap.global_costmap]: Timed out waiting for transform from base_link to map to become available, tf error: Invalid frame ID "map" passed to canTransform argument target_frame - frame does not exist
[planner_server-6] [INFO] [1783063037.300788942] [global_costmap.global_costmap]: Timed out waiting for transform from base_link to map to become available, tf error: Invalid frame ID "map" passed to canTransform argument target_frame - frame does not exist
[planner_server-6] [INFO] [1783063037.800766576] [global_costmap.global_costmap]: Timed out waiting for transform from base_link to map to become available, tf error: Invalid frame ID "map" passed to canTransform argument target_frame - frame does not exist
[planner_server-6] [INFO] [1783063038.300774127] [global_costmap.global_costmap]: Timed out waiting for transform from base_link to map to become available, tf error: Invalid frame ID "map" passed to canTransform argument target_frame - frame does not exist
[amcl-2] [WARN] [1783063038.684257217] [amcl]: AMCL cannot publish a pose or update the transform. Please set the initial pose...
[planner_server-6] [INFO] [1783063038.800769469] [global_costmap.global_costmap]: Timed out waiting for transform from base_link to map to become available, tf error: Invalid frame ID "map" passed to canTransform argument target_frame - frame does not exist
[planner_server-6] [INFO] [1783063039.300776436] [global_costmap.global_costmap]: Timed out waiting for transform from base_link to map to become available, tf error: Invalid frame ID "map" passed to canTransform argument target_frame - frame does not exist
[planner_server-6] [INFO] [1783063039.800765403] [global_costmap.global_costmap]: Timed out waiting for transform from base_link to map to become available, tf error: Invalid frame ID "map" passed to canTransform argument target_frame - frame does not exist
[planner_server-6] [INFO] [1783063040.300768829] [global_costmap.global_costmap]: Timed out waiting for transform from base_link to map to become available, tf error: Invalid frame ID "map" passed to canTransform argument target_frame - frame does not exist
[amcl-2] [WARN] [1783063040.784313587] [amcl]: AMCL cannot publish a pose or update the transform. Please set the initial pose...
[planner_server-6] [INFO] [1783063040.800775504] [global_costmap.global_costmap]: Timed out waiting for transform from base_link to map to become available, tf error: Invalid frame ID "map" passed to canTransform argument target_frame - frame does not exist
[planner_server-6] [INFO] [1783063041.300795221] [global_costmap.global_costmap]: Timed out waiting for transform from base_link to map to become available, tf error: Invalid frame ID "map" passed to canTransform argument target_frame - frame does not exist
[planner_server-6] [INFO] [1783063041.800790272] [global_costmap.global_costmap]: Timed out waiting for transform from base_link to map to become available, tf error: Invalid frame ID "map" passed to canTransform argument target_frame - frame does not exist
[planner_server-6] [INFO] [1783063042.300769864] [global_costmap.global_costmap]: Timed out waiting for transform from base_link to map to become available, tf error: Invalid frame ID "map" passed to canTransform argument target_frame - frame does not exist
[planner_server-6] [INFO] [1783063042.800774664] [global_costmap.global_costmap]: Timed out waiting for transform from base_link to map to become available, tf error: Invalid frame ID "map" passed to canTransform argument target_frame - frame does not exist
[amcl-2] [WARN] [1783063042.881922708] [amcl]: AMCL cannot publish a pose or update the transform. Please set the initial pose...
[planner_server-6] [INFO] [1783063043.300774798] [global_costmap.global_costmap]: Timed out waiting for transform from base_link to map to become available, tf error: Invalid frame ID "map" passed to canTransform argument target_frame - frame does not exist
[planner_server-6] [INFO] [1783063043.800771140] [global_costmap.global_costmap]: Timed out waiting for transform from base_link to map to become available, tf error: Invalid frame ID "map" passed to canTransform argument target_frame - frame does not exist
[planner_server-6] [INFO] [1783063044.300771191] [global_costmap.global_costmap]: Timed out waiting for transform from base_link to map to become available, tf error: Invalid frame ID "map" passed to canTransform argument target_frame - frame does not exist
[planner_server-6] [INFO] [1783063044.800737366] [global_costmap.global_costmap]: Timed out waiting for transform from base_link to map to become available, tf error: Invalid frame ID "map" passed to canTransform argument target_frame - frame does not exist
[amcl-2] [WARN] [1783063044.882751826] [amcl]: AMCL cannot publish a pose or update the transform. Please set the initial pose...
[planner_server-6] [INFO] [1783063045.300777458] [global_costmap.global_costmap]: Timed out waiting for transform from base_link to map to become available, tf error: Invalid frame ID "map" passed to canTransform argument target_frame - frame does not exist
[planner_server-6] [INFO] [1783063045.801071258] [global_costmap.global_costmap]: Timed out waiting for transform from base_link to map to become available, tf error: Invalid frame ID "map" passed to canTransform argument target_frame - frame does not exist
[planner_server-6] [INFO] [1783063046.300744142] [global_costmap.global_costmap]: Timed out waiting for transform from base_link to map to become available, tf error: Invalid frame ID "map" passed to canTransform argument target_frame - frame does not exist
[planner_server-6] [INFO] [1783063046.800783609] [global_costmap.global_costmap]: Timed out waiting for transform from base_link to map to become available, tf error: Invalid frame ID "map" passed to canTransform argument target_frame - frame does not exist
[amcl-2] [WARN] [1783063046.883215236] [amcl]: AMCL cannot publish a pose or update the transform. Please set the initial pose...
[planner_server-6] [INFO] [1783063047.312401826] [global_costmap.global_costmap]: Timed out waiting for transform from base_link to map to become available, tf error: Invalid frame ID "map" passed to canTransform argument target_frame - frame does not exist
[planner_server-6] [INFO] [1783063047.800770793] [global_costmap.global_costmap]: Timed out waiting for transform from base_link to map to become available, tf error: Invalid frame ID "map" passed to canTransform argument target_frame - frame does not exist
[planner_server-6] [INFO] [1783063048.300771843] [global_costmap.global_costmap]: Timed out waiting for transform from base_link to map to become available, tf error: Invalid frame ID "map" passed to canTransform argument target_frame - frame does not exist
[planner_server-6] [INFO] [1783063048.800769435] [global_costmap.global_costmap]: Timed out waiting for transform from base_link to map to become available, tf error: Invalid frame ID "map" passed to canTransform argument target_frame - frame does not exist
[amcl-2] [WARN] [1783063048.980594605] [amcl]: AMCL cannot publish a pose or update the transform. Please set the initial pose...
[planner_server-6] [INFO] [1783063049.300775069] [global_costmap.global_costmap]: Timed out waiting for transform from base_link to map to become available, tf error: Invalid frame ID "map" passed to canTransform argument target_frame - frame does not exist
[planner_server-6] [INFO] [1783063049.800792869] [global_costmap.global_costmap]: Timed out waiting for transform from base_link to map to become available, tf error: Invalid frame ID "map" passed to canTransform argument target_frame - frame does not exist
[planner_server-6] [INFO] [1783063050.300770128] [global_costmap.global_costmap]: Timed out waiting for transform from base_link to map to become available, tf error: Invalid frame ID "map" passed to canTransform argument target_frame - frame does not exist
[planner_server-6] [INFO] [1783063050.800797219] [global_costmap.global_costmap]: Timed out waiting for transform from base_link to map to become available, tf error: Invalid frame ID "map" passed to canTransform argument target_frame - frame does not exist
[amcl-2] [WARN] [1783063051.077654266] [amcl]: AMCL cannot publish a pose or update the transform. Please set the initial pose...
[planner_server-6] [INFO] [1783063051.300770353] [global_costmap.global_costmap]: Timed out waiting for transform from base_link to map to become available, tf error: Invalid frame ID "map" passed to canTransform argument target_frame - frame does not exist
[planner_server-6] [INFO] [1783063051.800786486] [global_costmap.global_costmap]: Timed out waiting for transform from base_link to map to become available, tf error: Invalid frame ID "map" passed to canTransform argument target_frame - frame does not exist
[planner_server-6] [INFO] [1783063052.302398578] [global_costmap.global_costmap]: Timed out waiting for transform from base_link to map to become available, tf error: Invalid frame ID "map" passed to canTransform argument target_frame - frame does not exist
[planner_server-6] [INFO] [1783063052.800780753] [global_costmap.global_costmap]: Timed out waiting for transform from base_link to map to become available, tf error: Invalid frame ID "map" passed to canTransform argument target_frame - frame does not exist
[amcl-2] [WARN] [1783063053.078778716] [amcl]: AMCL cannot publish a pose or update the transform. Please set the initial pose...
[planner_server-6] [INFO] [1783063053.300792804] [global_costmap.global_costmap]: Timed out waiting for transform from base_link to map to become available, tf error: Invalid frame ID "map" passed to canTransform argument target_frame - frame does not exist
[planner_server-6] [INFO] [1783063053.800794812] [global_costmap.global_costmap]: Timed out waiting for transform from base_link to map to become available, tf error: Invalid frame ID "map" passed to canTransform argument target_frame - frame does not exist
[planner_server-6] [INFO] [1783063054.300795695] [global_costmap.global_costmap]: Timed out waiting for transform from base_link to map to become available, tf error: Invalid frame ID "map" passed to canTransform argument target_frame - frame does not exist
[planner_server-6] [INFO] [1783063054.800797329] [global_costmap.global_costmap]: Timed out waiting for transform from base_link to map to become available, tf error: Invalid frame ID "map" passed to canTransform argument target_frame - frame does not exist
[amcl-2] [WARN] [1783063055.175277335] [amcl]: AMCL cannot publish a pose or update the transform. Please set the initial pose...
[planner_server-6] [INFO] [1783063055.300769504] [global_costmap.global_costmap]: Timed out waiting for transform from base_link to map to become available, tf error: Invalid frame ID "map" passed to canTransform argument target_frame - frame does not exist
[planner_server-6] [INFO] [1783063055.800775262] [global_costmap.global_costmap]: Timed out waiting for transform from base_link to map to become available, tf error: Invalid frame ID "map" passed to canTransform argument target_frame - frame does not exist
[planner_server-6] [INFO] [1783063056.300780271] [global_costmap.global_costmap]: Timed out waiting for transform from base_link to map to become available, tf error: Invalid frame ID "map" passed to canTransform argument target_frame - frame does not exist
[planner_server-6] [INFO] [1783063056.800766904] [global_costmap.global_costmap]: Timed out waiting for transform from base_link to map to become available, tf error: Invalid frame ID "map" passed to canTransform argument target_frame - frame does not exist
[amcl-2] [WARN] [1783063057.175650119] [amcl]: AMCL cannot publish a pose or update the transform. Please set the initial pose...
[planner_server-6] [INFO] [1783063057.300768246] [global_costmap.global_costmap]: Timed out waiting for transform from base_link to map to become available, tf error: Invalid frame ID "map" passed to canTransform argument target_frame - frame does not exist
[planner_server-6] [INFO] [1783063057.800873296] [global_costmap.global_costmap]: Timed out waiting for transform from base_link to map to become available, tf error: Invalid frame ID "map" passed to canTransform argument target_frame - frame does not exist
[planner_server-6] [INFO] [1783063058.300793721] [global_costmap.global_costmap]: Timed out waiting for transform from base_link to map to become available, tf error: Invalid frame ID "map" passed to canTransform argument target_frame - frame does not exist
[planner_server-6] [INFO] [1783063058.800770896] [global_costmap.global_costmap]: Timed out waiting for transform from base_link to map to become available, tf error: Invalid frame ID "map" passed to canTransform argument target_frame - frame does not exist
[amcl-2] [WARN] [1783063059.273196778] [amcl]: AMCL cannot publish a pose or update the transform. Please set the initial pose...
[planner_server-6] [INFO] [1783063059.300779320] [global_costmap.global_costmap]: Timed out waiting for transform from base_link to map to become available, tf error: Invalid frame ID "map" passed to canTransform argument target_frame - frame does not exist
[planner_server-6] [INFO] [1783063059.800772245] [global_costmap.global_costmap]: Timed out waiting for transform from base_link to map to become available, tf error: Invalid frame ID "map" passed to canTransform argument target_frame - frame does not exist
[planner_server-6] [INFO] [1783063060.300769629] [global_costmap.global_costmap]: Timed out waiting for transform from base_link to map to become available, tf error: Invalid frame ID "map" passed to canTransform argument target_frame - frame does not exist
[planner_server-6] [INFO] [1783063060.800779303] [global_costmap.global_costmap]: Timed out waiting for transform from base_link to map to become available, tf error: Invalid frame ID "map" passed to canTransform argument target_frame - frame does not exist
[amcl-2] [WARN] [1783063061.273506645] [amcl]: AMCL cannot publish a pose or update the transform. Please set the initial pose...
[planner_server-6] [INFO] [1783063061.300793728] [global_costmap.global_costmap]: Timed out waiting for transform from base_link to map to become available, tf error: Invalid frame ID "map" passed to canTransform argument target_frame - frame does not exist
[planner_server-6] [INFO] [1783063061.800769070] [global_costmap.global_costmap]: Timed out waiting for transform from base_link to map to become available, tf error: Invalid frame ID "map" passed to canTransform argument target_frame - frame does not exist
[planner_server-6] [INFO] [1783063062.300776661] [global_costmap.global_costmap]: Timed out waiting for transform from base_link to map to become available, tf error: Invalid frame ID "map" passed to canTransform argument target_frame - frame does not exist
[planner_server-6] [INFO] [1783063062.800778961] [global_costmap.global_costmap]: Timed out waiting for transform from base_link to map to become available, tf error: Invalid frame ID "map" passed to canTransform argument target_frame - frame does not exist
[planner_server-6] [INFO] [1783063063.300768261] [global_costmap.global_costmap]: Timed out waiting for transform from base_link to map to become available, tf error: Invalid frame ID "map" passed to canTransform argument target_frame - frame does not exist
[amcl-2] [WARN] [1783063063.370392095] [amcl]: AMCL cannot publish a pose or update the transform. Please set the initial pose...
[planner_server-6] [INFO] [1783063063.800769769] [global_costmap.global_costmap]: Timed out waiting for transform from base_link to map to become available, tf error: Invalid frame ID "map" passed to canTransform argument target_frame - frame does not exist
[planner_server-6] [INFO] [1783063064.300776986] [global_costmap.global_costmap]: Timed out waiting for transform from base_link to map to become available, tf error: Invalid frame ID "map" passed to canTransform argument target_frame - frame does not exist
[planner_server-6] [INFO] [1783063064.800777952] [global_costmap.global_costmap]: Timed out waiting for transform from base_link to map to become available, tf error: Invalid frame ID "map" passed to canTransform argument target_frame - frame does not exist
[planner_server-6] [INFO] [1783063065.300793002] [global_costmap.global_costmap]: Timed out waiting for transform from base_link to map to become available, tf error: Invalid frame ID "map" passed to canTransform argument target_frame - frame does not exist
[amcl-2] [WARN] [1783063065.370907170] [amcl]: AMCL cannot publish a pose or update the transform. Please set the initial pose...
[planner_server-6] [INFO] [1783063065.800816552] [global_costmap.global_costmap]: Timed out waiting for transform from base_link to map to become available, tf error: Invalid frame ID "map" passed to canTransform argument target_frame - frame does not exist
[planner_server-6] [INFO] [1783063066.300771393] [global_costmap.global_costmap]: Timed out waiting for transform from base_link to map to become available, tf error: Invalid frame ID "map" passed to canTransform argument target_frame - frame does not exist
[planner_server-6] [INFO] [1783063066.800782984] [global_costmap.global_costmap]: Timed out waiting for transform from base_link to map to become available, tf error: Invalid frame ID "map" passed to canTransform argument target_frame - frame does not exist
[planner_server-6] [INFO] [1783063067.300770992] [global_costmap.global_costmap]: Timed out waiting for transform from base_link to map to become available, tf error: Invalid frame ID "map" passed to canTransform argument target_frame - frame does not exist
[amcl-2] [WARN] [1783063067.468934620] [amcl]: AMCL cannot publish a pose or update the transform. Please set the initial pose...
[planner_server-6] [INFO] [1783063067.800779584] [global_costmap.global_costmap]: Timed out waiting for transform from base_link to map to become available, tf error: Invalid frame ID "map" passed to canTransform argument target_frame - frame does not exist
[planner_server-6] [INFO] [1783063068.300769092] [global_costmap.global_costmap]: Timed out waiting for transform from base_link to map to become available, tf error: Invalid frame ID "map" passed to canTransform argument target_frame - frame does not exist
[planner_server-6] [INFO] [1783063068.800773641] [global_costmap.global_costmap]: Timed out waiting for transform from base_link to map to become available, tf error: Invalid frame ID "map" passed to canTransform argument target_frame - frame does not exist
[planner_server-6] [INFO] [1783063069.300771358] [global_costmap.global_costmap]: Timed out waiting for transform from base_link to map to become available, tf error: Invalid frame ID "map" passed to canTransform argument target_frame - frame does not exist
[amcl-2] [WARN] [1783063069.567886820] [amcl]: AMCL cannot publish a pose or update the transform. Please set the initial pose...
[planner_server-6] [INFO] [1783063069.800777699] [global_costmap.global_costmap]: Timed out waiting for transform from base_link to map to become available, tf error: Invalid frame ID "map" passed to canTransform argument target_frame - frame does not exist
[planner_server-6] [INFO] [1783063070.300794207] [global_costmap.global_costmap]: Timed out waiting for transform from base_link to map to become available, tf error: Invalid frame ID "map" passed to canTransform argument target_frame - frame does not exist
[planner_server-6] [INFO] [1783063070.800795881] [global_costmap.global_costmap]: Timed out waiting for transform from base_link to map to become available, tf error: Invalid frame ID "map" passed to canTransform argument target_frame - frame does not exist
[planner_server-6] [INFO] [1783063071.300772848] [global_costmap.global_costmap]: Timed out waiting for transform from base_link to map to become available, tf error: Invalid frame ID "map" passed to canTransform argument target_frame - frame does not exist
[amcl-2] [WARN] [1783063071.666751312] [amcl]: AMCL cannot publish a pose or update the transform. Please set the initial pose...
[planner_server-6] [INFO] [1783063071.800770647] [global_costmap.global_costmap]: Timed out waiting for transform from base_link to map to become available, tf error: Invalid frame ID "map" passed to canTransform argument target_frame - frame does not exist
[planner_server-6] [INFO] [1783063072.300764947] [global_costmap.global_costmap]: Timed out waiting for transform from base_link to map to become available, tf error: Invalid frame ID "map" passed to canTransform argument target_frame - frame does not exist
[planner_server-6] [INFO] [1783063072.800768246] [global_costmap.global_costmap]: Timed out waiting for transform from base_link to map to become available, tf error: Invalid frame ID "map" passed to canTransform argument target_frame - frame does not exist
[planner_server-6] [INFO] [1783063073.300849004] [global_costmap.global_costmap]: Timed out waiting for transform from base_link to map to become available, tf error: Invalid frame ID "map" passed to canTransform argument target_frame - frame does not exist
[amcl-2] [WARN] [1783063073.765939845] [amcl]: AMCL cannot publish a pose or update the transform. Please set the initial pose...
[planner_server-6] [INFO] [1783063073.800774553] [global_costmap.global_costmap]: Timed out waiting for transform from base_link to map to become available, tf error: Invalid frame ID "map" passed to canTransform argument target_frame - frame does not exist
[planner_server-6] [INFO] [1783063074.300799186] [global_costmap.global_costmap]: Timed out waiting for transform from base_link to map to become available, tf error: Invalid frame ID "map" passed to canTransform argument target_frame - frame does not exist
[planner_server-6] [INFO] [1783063074.800768152] [global_costmap.global_costmap]: Timed out waiting for transform from base_link to map to become available, tf error: Invalid frame ID "map" passed to canTransform argument target_frame - frame does not exist
[planner_server-6] [INFO] [1783063075.300787369] [global_costmap.global_costmap]: Timed out waiting for transform from base_link to map to become available, tf error: Invalid frame ID "map" passed to canTransform argument target_frame - frame does not exist
[planner_server-6] [INFO] [1783063075.800761001] [global_costmap.global_costmap]: Timed out waiting for transform from base_link to map to become available, tf error: Invalid frame ID "map" passed to canTransform argument target_frame - frame does not exist
[amcl-2] [WARN] [1783063075.863622461] [amcl]: AMCL cannot publish a pose or update the transform. Please set the initial pose...
[planner_server-6] [INFO] [1783063076.300772426] [global_costmap.global_costmap]: Timed out waiting for transform from base_link to map to become available, tf error: Invalid frame ID "map" passed to canTransform argument target_frame - frame does not exist
[planner_server-6] [INFO] [1783063076.800773600] [global_costmap.global_costmap]: Timed out waiting for transform from base_link to map to become available, tf error: Invalid frame ID "map" passed to canTransform argument target_frame - frame does not exist
[planner_server-6] [INFO] [1783063077.300764483] [global_costmap.global_costmap]: Timed out waiting for transform from base_link to map to become available, tf error: Invalid frame ID "map" passed to canTransform argument target_frame - frame does not exist
[planner_server-6] [INFO] [1783063077.800773032] [global_costmap.global_costmap]: Timed out waiting for transform from base_link to map to become available, tf error: Invalid frame ID "map" passed to canTransform argument target_frame - frame does not exist
[amcl-2] [WARN] [1783063077.963607785] [amcl]: AMCL cannot publish a pose or update the transform. Please set the initial pose...
[planner_server-6] [INFO] [1783063078.300793331] [global_costmap.global_costmap]: Timed out waiting for transform from base_link to map to become available, tf error: Invalid frame ID "map" passed to canTransform argument target_frame - frame does not exist
[planner_server-6] [INFO] [1783063078.800796964] [global_costmap.global_costmap]: Timed out waiting for transform from base_link to map to become available, tf error: Invalid frame ID "map" passed to canTransform argument target_frame - frame does not exist
[planner_server-6] [INFO] [1783063079.300803305] [global_costmap.global_costmap]: Timed out waiting for transform from base_link to map to become available, tf error: Invalid frame ID "map" passed to canTransform argument target_frame - frame does not exist
[planner_server-6] [INFO] [1783063079.800764604] [global_costmap.global_costmap]: Timed out waiting for transform from base_link to map to become available, tf error: Invalid frame ID "map" passed to canTransform argument target_frame - frame does not exist
[amcl-2] [WARN] [1783063080.061754817] [amcl]: AMCL cannot publish a pose or update the transform. Please set the initial pose...
[planner_server-6] [INFO] [1783063080.300769529] [global_costmap.global_costmap]: Timed out waiting for transform from base_link to map to become available, tf error: Invalid frame ID "map" passed to canTransform argument target_frame - frame does not exist
[planner_server-6] [INFO] [1783063080.800766078] [global_costmap.global_costmap]: Timed out waiting for transform from base_link to map to become available, tf error: Invalid frame ID "map" passed to canTransform argument target_frame - frame does not exist
[planner_server-6] [INFO] [1783063081.300771502] [global_costmap.global_costmap]: Timed out waiting for transform from base_link to map to become available, tf error: Invalid frame ID "map" passed to canTransform argument target_frame - frame does not exist
[planner_server-6] [INFO] [1783063081.800792176] [global_costmap.global_costmap]: Timed out waiting for transform from base_link to map to become available, tf error: Invalid frame ID "map" passed to canTransform argument target_frame - frame does not exist
[amcl-2] [WARN] [1783063082.160915682] [amcl]: AMCL cannot publish a pose or update the transform. Please set the initial pose...
[planner_server-6] [INFO] [1783063082.300777892] [global_costmap.global_costmap]: Timed out waiting for transform from base_link to map to become available, tf error: Invalid frame ID "map" passed to canTransform argument target_frame - frame does not exist
[planner_server-6] [INFO] [1783063082.800812650] [global_costmap.global_costmap]: Timed out waiting for transform from base_link to map to become available, tf error: Invalid frame ID "map" passed to canTransform argument target_frame - frame does not exist
[planner_server-6] [INFO] [1783063083.300769907] [global_costmap.global_costmap]: Timed out waiting for transform from base_link to map to become available, tf error: Invalid frame ID "map" passed to canTransform argument target_frame - frame does not exist
[planner_server-6] [INFO] [1783063083.800770498] [global_costmap.global_costmap]: Timed out waiting for transform from base_link to map to become available, tf error: Invalid frame ID "map" passed to canTransform argument target_frame - frame does not exist
[amcl-2] [WARN] [1783063084.259014714] [amcl]: AMCL cannot publish a pose or update the transform. Please set the initial pose...
[planner_server-6] [INFO] [1783063084.300772256] [global_costmap.global_costmap]: Timed out waiting for transform from base_link to map to become available, tf error: Invalid frame ID "map" passed to canTransform argument target_frame - frame does not exist
[planner_server-6] [INFO] [1783063084.800780805] [global_costmap.global_costmap]: Timed out waiting for transform from base_link to map to become available, tf error: Invalid frame ID "map" passed to canTransform argument target_frame - frame does not exist
[planner_server-6] [INFO] [1783063085.300775937] [global_costmap.global_costmap]: Timed out waiting for transform from base_link to map to become available, tf error: Invalid frame ID "map" passed to canTransform argument target_frame - frame does not exist
[planner_server-6] [INFO] [1783063085.800767737] [global_costmap.global_costmap]: Timed out waiting for transform from base_link to map to become available, tf error: Invalid frame ID "map" passed to canTransform argument target_frame - frame does not exist
[planner_server-6] [INFO] [1783063086.300793411] [global_costmap.global_costmap]: Timed out waiting for transform from base_link to map to become available, tf error: Invalid frame ID "map" passed to canTransform argument target_frame - frame does not exist
[amcl-2] [WARN] [1783063086.358083953] [amcl]: AMCL cannot publish a pose or update the transform. Please set the initial pose...
[planner_server-6] [INFO] [1783063086.800776876] [global_costmap.global_costmap]: Timed out waiting for transform from base_link to map to become available, tf error: Invalid frame ID "map" passed to canTransform argument target_frame - frame does not exist
[planner_server-6] [INFO] [1783063087.300765175] [global_costmap.global_costmap]: Timed out waiting for transform from base_link to map to become available, tf error: Invalid frame ID "map" passed to canTransform argument target_frame - frame does not exist
[planner_server-6] [INFO] [1783063087.800773016] [global_costmap.global_costmap]: Timed out waiting for transform from base_link to map to become available, tf error: Invalid frame ID "map" passed to canTransform argument target_frame - frame does not exist
[planner_server-6] [INFO] [1783063088.300769690] [global_costmap.global_costmap]: Timed out waiting for transform from base_link to map to become available, tf error: Invalid frame ID "map" passed to canTransform argument target_frame - frame does not exist
[amcl-2] [WARN] [1783063088.459430651] [amcl]: AMCL cannot publish a pose or update the transform. Please set the initial pose...
[planner_server-6] [INFO] [1783063088.800769531] [global_costmap.global_costmap]: Timed out waiting for transform from base_link to map to become available, tf error: Invalid frame ID "map" passed to canTransform argument target_frame - frame does not exist
[planner_server-6] [INFO] [1783063089.300749372] [global_costmap.global_costmap]: Timed out waiting for transform from base_link to map to become available, tf error: Invalid frame ID "map" passed to canTransform argument target_frame - frame does not exist
[planner_server-6] [INFO] [1783063089.800772254] [global_costmap.global_costmap]: Timed out waiting for transform from base_link to map to become available, tf error: Invalid frame ID "map" passed to canTransform argument target_frame - frame does not exist
[planner_server-6] [INFO] [1783063090.300792886] [global_costmap.global_costmap]: Timed out waiting for transform from base_link to map to become available, tf error: Invalid frame ID "map" passed to canTransform argument target_frame - frame does not exist
[amcl-2] [WARN] [1783063090.556783390] [amcl]: AMCL cannot publish a pose or update the transform. Please set the initial pose...
[planner_server-6] [INFO] [1783063090.800801435] [global_costmap.global_costmap]: Timed out waiting for transform from base_link to map to become available, tf error: Invalid frame ID "map" passed to canTransform argument target_frame - frame does not exist
[planner_server-6] [INFO] [1783063091.300789151] [global_costmap.global_costmap]: Timed out waiting for transform from base_link to map to become available, tf error: Invalid frame ID "map" passed to canTransform argument target_frame - frame does not exist
[planner_server-6] [INFO] [1783063091.801031366] [global_costmap.global_costmap]: Timed out waiting for transform from base_link to map to become available, tf error: Invalid frame ID "map" passed to canTransform argument target_frame - frame does not exist
[planner_server-6] [INFO] [1783063092.300769874] [global_costmap.global_costmap]: Timed out waiting for transform from base_link to map to become available, tf error: Invalid frame ID "map" passed to canTransform argument target_frame - frame does not exist
[amcl-2] [WARN] [1783063092.655263129] [amcl]: AMCL cannot publish a pose or update the transform. Please set the initial pose...
[planner_server-6] [INFO] [1783063092.800788464] [global_costmap.global_costmap]: Timed out waiting for transform from base_link to map to become available, tf error: Invalid frame ID "map" passed to canTransform argument target_frame - frame does not exist
[planner_server-6] [INFO] [1783063093.300772513] [global_costmap.global_costmap]: Timed out waiting for transform from base_link to map to become available, tf error: Invalid frame ID "map" passed to canTransform argument target_frame - frame does not exist
[planner_server-6] [INFO] [1783063093.800764187] [global_costmap.global_costmap]: Timed out waiting for transform from base_link to map to become available, tf error: Invalid frame ID "map" passed to canTransform argument target_frame - frame does not exist
[planner_server-6] [INFO] [1783063094.300790986] [global_costmap.global_costmap]: Timed out waiting for transform from base_link to map to become available, tf error: Invalid frame ID "map" passed to canTransform argument target_frame - frame does not exist
[amcl-2] [WARN] [1783063094.655454199] [amcl]: AMCL cannot publish a pose or update the transform. Please set the initial pose...
[planner_server-6] [INFO] [1783063094.800786618] [global_costmap.global_costmap]: Timed out waiting for transform from base_link to map to become available, tf error: Invalid frame ID "map" passed to canTransform argument target_frame - frame does not exist
[planner_server-6] [INFO] [1783063095.300770042] [global_costmap.global_costmap]: Timed out waiting for transform from base_link to map to become available, tf error: Invalid frame ID "map" passed to canTransform argument target_frame - frame does not exist
[planner_server-6] [INFO] [1783063095.800777216] [global_costmap.global_costmap]: Timed out waiting for transform from base_link to map to become available, tf error: Invalid frame ID "map" passed to canTransform argument target_frame - frame does not exist
[planner_server-6] [INFO] [1783063096.300772806] [global_costmap.global_costmap]: Timed out waiting for transform from base_link to map to become available, tf error: Invalid frame ID "map" passed to canTransform argument target_frame - frame does not exist
[amcl-2] [WARN] [1783063096.753882354] [amcl]: AMCL cannot publish a pose or update the transform. Please set the initial pose...
[planner_server-6] [INFO] [1783063096.800770022] [global_costmap.global_costmap]: Timed out waiting for transform from base_link to map to become available, tf error: Invalid frame ID "map" passed to canTransform argument target_frame - frame does not exist
[planner_server-6] [INFO] [1783063097.300791945] [global_costmap.global_costmap]: Timed out waiting for transform from base_link to map to become available, tf error: Invalid frame ID "map" passed to canTransform argument target_frame - frame does not exist
[planner_server-6] [INFO] [1783063097.800757911] [global_costmap.global_costmap]: Timed out waiting for transform from base_link to map to become available, tf error: Invalid frame ID "map" passed to canTransform argument target_frame - frame does not exist
[planner_server-6] [INFO] [1783063098.300773335] [global_costmap.global_costmap]: Timed out waiting for transform from base_link to map to become available, tf error: Invalid frame ID "map" passed to canTransform argument target_frame - frame does not exist
[planner_server-6] [INFO] [1783063098.800766800] [global_costmap.global_costmap]: Timed out waiting for transform from base_link to map to become available, tf error: Invalid frame ID "map" passed to canTransform argument target_frame - frame does not exist
[amcl-2] [WARN] [1783063098.853011634] [amcl]: AMCL cannot publish a pose or update the transform. Please set the initial pose...
[planner_server-6] [INFO] [1783063099.300765599] [global_costmap.global_costmap]: Timed out waiting for transform from base_link to map to become available, tf error: Invalid frame ID "map" passed to canTransform argument target_frame - frame does not exist
[planner_server-6] [INFO] [1783063099.800774939] [global_costmap.global_costmap]: Timed out waiting for transform from base_link to map to become available, tf error: Invalid frame ID "map" passed to canTransform argument target_frame - frame does not exist
[planner_server-6] [INFO] [1783063100.300749238] [global_costmap.global_costmap]: Timed out waiting for transform from base_link to map to become available, tf error: Invalid frame ID "map" passed to canTransform argument target_frame - frame does not exist
[planner_server-6] [INFO] [1783063100.800768661] [global_costmap.global_costmap]: Timed out waiting for transform from base_link to map to become available, tf error: Invalid frame ID "map" passed to canTransform argument target_frame - frame does not exist
[amcl-2] [WARN] [1783063100.951523330] [amcl]: AMCL cannot publish a pose or update the transform. Please set the initial pose...
[planner_server-6] [INFO] [1783063101.300766293] [global_costmap.global_costmap]: Timed out waiting for transform from base_link to map to become available, tf error: Invalid frame ID "map" passed to canTransform argument target_frame - frame does not exist
[planner_server-6] [INFO] [1783063101.800789884] [global_costmap.global_costmap]: Timed out waiting for transform from base_link to map to become available, tf error: Invalid frame ID "map" passed to canTransform argument target_frame - frame does not exist
[planner_server-6] [INFO] [1783063102.300790641] [global_costmap.global_costmap]: Timed out waiting for transform from base_link to map to become available, tf error: Invalid frame ID "map" passed to canTransform argument target_frame - frame does not exist
[planner_server-6] [INFO] [1783063102.800792106] [global_costmap.global_costmap]: Timed out waiting for transform from base_link to map to become available, tf error: Invalid frame ID "map" passed to canTransform argument target_frame - frame does not exist
[amcl-2] [WARN] [1783063103.050832734] [amcl]: AMCL cannot publish a pose or update the transform. Please set the initial pose...
[planner_server-6] [INFO] [1783063103.300748571] [global_costmap.global_costmap]: Timed out waiting for transform from base_link to map to become available, tf error: Invalid frame ID "map" passed to canTransform argument target_frame - frame does not exist
[planner_server-6] [INFO] [1783063103.800771995] [global_costmap.global_costmap]: Timed out waiting for transform from base_link to map to become available, tf error: Invalid frame ID "map" passed to canTransform argument target_frame - frame does not exist
[planner_server-6] [INFO] [1783063104.300811335] [global_costmap.global_costmap]: Timed out waiting for transform from base_link to map to become available, tf error: Invalid frame ID "map" passed to canTransform argument target_frame - frame does not exist
[planner_server-6] [INFO] [1783063104.800771675] [global_costmap.global_costmap]: Timed out waiting for transform from base_link to map to become available, tf error: Invalid frame ID "map" passed to canTransform argument target_frame - frame does not exist
[amcl-2] [WARN] [1783063105.148789305] [amcl]: AMCL cannot publish a pose or update the transform. Please set the initial pose...
[planner_server-6] [INFO] [1783063105.300770640] [global_costmap.global_costmap]: Timed out waiting for transform from base_link to map to become available, tf error: Invalid frame ID "map" passed to canTransform argument target_frame - frame does not exist
[planner_server-6] [INFO] [1783063105.800791105] [global_costmap.global_costmap]: Timed out waiting for transform from base_link to map to become available, tf error: Invalid frame ID "map" passed to canTransform argument target_frame - frame does not exist
[planner_server-6] [INFO] [1783063106.300795821] [global_costmap.global_costmap]: Timed out waiting for transform from base_link to map to become available, tf error: Invalid frame ID "map" passed to canTransform argument target_frame - frame does not exist
[planner_server-6] [INFO] [1783063106.800791744] [global_costmap.global_costmap]: Timed out waiting for transform from base_link to map to become available, tf error: Invalid frame ID "map" passed to canTransform argument target_frame - frame does not exist
[amcl-2] [WARN] [1783063107.247939834] [amcl]: AMCL cannot publish a pose or update the transform. Please set the initial pose...
[planner_server-6] [INFO] [1783063107.300792209] [global_costmap.global_costmap]: Timed out waiting for transform from base_link to map to become available, tf error: Invalid frame ID "map" passed to canTransform argument target_frame - frame does not exist
[planner_server-6] [INFO] [1783063107.800772633] [global_costmap.global_costmap]: Timed out waiting for transform from base_link to map to become available, tf error: Invalid frame ID "map" passed to canTransform argument target_frame - frame does not exist
[planner_server-6] [INFO] [1783063108.300770931] [global_costmap.global_costmap]: Timed out waiting for transform from base_link to map to become available, tf error: Invalid frame ID "map" passed to canTransform argument target_frame - frame does not exist
[planner_server-6] [INFO] [1783063108.800778730] [global_costmap.global_costmap]: Timed out waiting for transform from base_link to map to become available, tf error: Invalid frame ID "map" passed to canTransform argument target_frame - frame does not exist
[amcl-2] [WARN] [1783063109.248440069] [amcl]: AMCL cannot publish a pose or update the transform. Please set the initial pose...
[planner_server-6] [INFO] [1783063109.300775986] [global_costmap.global_costmap]: Timed out waiting for transform from base_link to map to become available, tf error: Invalid frame ID "map" passed to canTransform argument target_frame - frame does not exist
[planner_server-6] [INFO] [1783063109.800773868] [global_costmap.global_costmap]: Timed out waiting for transform from base_link to map to become available, tf error: Invalid frame ID "map" passed to canTransform argument target_frame - frame does not exist
[planner_server-6] [INFO] [1783063110.300766583] [global_costmap.global_costmap]: Timed out waiting for transform from base_link to map to become available, tf error: Invalid frame ID "map" passed to canTransform argument target_frame - frame does not exist
[planner_server-6] [INFO] [1783063110.800771715] [global_costmap.global_costmap]: Timed out waiting for transform from base_link to map to become available, tf error: Invalid frame ID "map" passed to canTransform argument target_frame - frame does not exist
[planner_server-6] [INFO] [1783063111.300796180] [global_costmap.global_costmap]: Timed out waiting for transform from base_link to map to become available, tf error: Invalid frame ID "map" passed to canTransform argument target_frame - frame does not exist
[amcl-2] [WARN] [1783063111.346721389] [amcl]: AMCL cannot publish a pose or update the transform. Please set the initial pose...
[planner_server-6] [INFO] [1783063111.800791645] [global_costmap.global_costmap]: Timed out waiting for transform from base_link to map to become available, tf error: Invalid frame ID "map" passed to canTransform argument target_frame - frame does not exist
[planner_server-6] [INFO] [1783063112.300770110] [global_costmap.global_costmap]: Timed out waiting for transform from base_link to map to become available, tf error: Invalid frame ID "map" passed to canTransform argument target_frame - frame does not exist
[planner_server-6] [INFO] [1783063112.800766783] [global_costmap.global_costmap]: Timed out waiting for transform from base_link to map to become available, tf error: Invalid frame ID "map" passed to canTransform argument target_frame - frame does not exist
[planner_server-6] [INFO] [1783063113.300773248] [global_costmap.global_costmap]: Timed out waiting for transform from base_link to map to become available, tf error: Invalid frame ID "map" passed to canTransform argument target_frame - frame does not exist
[amcl-2] [WARN] [1783063113.446374333] [amcl]: AMCL cannot publish a pose or update the transform. Please set the initial pose...
[planner_server-6] [INFO] [1783063113.800789671] [global_costmap.global_costmap]: Timed out waiting for transform from base_link to map to become available, tf error: Invalid frame ID "map" passed to canTransform argument target_frame - frame does not exist
[planner_server-6] [INFO] [1783063114.300796428] [global_costmap.global_costmap]: Timed out waiting for transform from base_link to map to become available, tf error: Invalid frame ID "map" passed to canTransform argument target_frame - frame does not exist
[planner_server-6] [INFO] [1783063114.800792393] [global_costmap.global_costmap]: Timed out waiting for transform from base_link to map to become available, tf error: Invalid frame ID "map" passed to canTransform argument target_frame - frame does not exist
[planner_server-6] [INFO] [1783063115.300769483] [global_costmap.global_costmap]: Timed out waiting for transform from base_link to map to become available, tf error: Invalid frame ID "map" passed to canTransform argument target_frame - frame does not exist
[amcl-2] [WARN] [1783063115.543433194] [amcl]: AMCL cannot publish a pose or update the transform. Please set the initial pose...
[planner_server-6] [INFO] [1783063115.800799323] [global_costmap.global_costmap]: Timed out waiting for transform from base_link to map to become available, tf error: Invalid frame ID "map" passed to canTransform argument target_frame - frame does not exist
[planner_server-6] [INFO] [1783063116.300771912] [global_costmap.global_costmap]: Timed out waiting for transform from base_link to map to become available, tf error: Invalid frame ID "map" passed to canTransform argument target_frame - frame does not exist
[planner_server-6] [INFO] [1783063116.800766794] [global_costmap.global_costmap]: Timed out waiting for transform from base_link to map to become available, tf error: Invalid frame ID "map" passed to canTransform argument target_frame - frame does not exist
[planner_server-6] [INFO] [1783063117.300756300] [global_costmap.global_costmap]: Timed out waiting for transform from base_link to map to become available, tf error: Invalid frame ID "map" passed to canTransform argument target_frame - frame does not exist
[amcl-2] [WARN] [1783063117.544763179] [amcl]: AMCL cannot publish a pose or update the transform. Please set the initial pose...
[planner_server-6] [INFO] [1783063117.800773724] [global_costmap.global_costmap]: Timed out waiting for transform from base_link to map to become available, tf error: Invalid frame ID "map" passed to canTransform argument target_frame - frame does not exist
[planner_server-6] [INFO] [1783063118.300770688] [global_costmap.global_costmap]: Timed out waiting for transform from base_link to map to become available, tf error: Invalid frame ID "map" passed to canTransform argument target_frame - frame does not exist
[planner_server-6] [INFO] [1783063118.800785778] [global_costmap.global_costmap]: Timed out waiting for transform from base_link to map to become available, tf error: Invalid frame ID "map" passed to canTransform argument target_frame - frame does not exist
[planner_server-6] [INFO] [1783063119.301091576] [global_costmap.global_costmap]: Timed out waiting for transform from base_link to map to become available, tf error: Invalid frame ID "map" passed to canTransform argument target_frame - frame does not exist
[amcl-2] [WARN] [1783063119.644686914] [amcl]: AMCL cannot publish a pose or update the transform. Please set the initial pose...
[planner_server-6] [INFO] [1783063119.800784583] [global_costmap.global_costmap]: Timed out waiting for transform from base_link to map to become available, tf error: Invalid frame ID "map" passed to canTransform argument target_frame - frame does not exist
[planner_server-6] [INFO] [1783063120.300767839] [global_costmap.global_costmap]: Timed out waiting for transform from base_link to map to become available, tf error: Invalid frame ID "map" passed to canTransform argument target_frame - frame does not exist
[planner_server-6] [INFO] [1783063120.800768512] [global_costmap.global_costmap]: Timed out waiting for transform from base_link to map to become available, tf error: Invalid frame ID "map" passed to canTransform argument target_frame - frame does not exist
[planner_server-6] [INFO] [1783063121.300772602] [global_costmap.global_costmap]: Timed out waiting for transform from base_link to map to become available, tf error: Invalid frame ID "map" passed to canTransform argument target_frame - frame does not exist
[amcl-2] [WARN] [1783063121.741559191] [amcl]: AMCL cannot publish a pose or update the transform. Please set the initial pose...
[planner_server-6] [INFO] [1783063121.800776400] [global_costmap.global_costmap]: Timed out waiting for transform from base_link to map to become available, tf error: Invalid frame ID "map" passed to canTransform argument target_frame - frame does not exist
[planner_server-6] [INFO] [1783063122.300785156] [global_costmap.global_costmap]: Timed out waiting for transform from base_link to map to become available, tf error: Invalid frame ID "map" passed to canTransform argument target_frame - frame does not exist
[planner_server-6] [INFO] [1783063122.800791413] [global_costmap.global_costmap]: Timed out waiting for transform from base_link to map to become available, tf error: Invalid frame ID "map" passed to canTransform argument target_frame - frame does not exist
[planner_server-6] [INFO] [1783063123.300791377] [global_costmap.global_costmap]: Timed out waiting for transform from base_link to map to become available, tf error: Invalid frame ID "map" passed to canTransform argument target_frame - frame does not exist
[planner_server-6] [INFO] [1783063123.800790009] [global_costmap.global_costmap]: Timed out waiting for transform from base_link to map to become available, tf error: Invalid frame ID "map" passed to canTransform argument target_frame - frame does not exist
[amcl-2] [WARN] [1783063123.839856926] [amcl]: AMCL cannot publish a pose or update the transform. Please set the initial pose...
[planner_server-6] [INFO] [1783063124.300787056] [global_costmap.global_costmap]: Timed out waiting for transform from base_link to map to become available, tf error: Invalid frame ID "map" passed to canTransform argument target_frame - frame does not exist
[planner_server-6] [INFO] [1783063124.800789354] [global_costmap.global_costmap]: Timed out waiting for transform from base_link to map to become available, tf error: Invalid frame ID "map" passed to canTransform argument target_frame - frame does not exist
[planner_server-6] [INFO] [1783063125.300783986] [global_costmap.global_costmap]: Timed out waiting for transform from base_link to map to become available, tf error: Invalid frame ID "map" passed to canTransform argument target_frame - frame does not exist
[planner_server-6] [INFO] [1783063125.800765950] [global_costmap.global_costmap]: Timed out waiting for transform from base_link to map to become available, tf error: Invalid frame ID "map" passed to canTransform argument target_frame - frame does not exist
[amcl-2] [WARN] [1783063125.840076826] [amcl]: AMCL cannot publish a pose or update the transform. Please set the initial pose...
[planner_server-6] [INFO] [1783063126.300789665] [global_costmap.global_costmap]: Timed out waiting for transform from base_link to map to become available, tf error: Invalid frame ID "map" passed to canTransform argument target_frame - frame does not exist
[planner_server-6] [INFO] [1783063126.800793963] [global_costmap.global_costmap]: Timed out waiting for transform from base_link to map to become available, tf error: Invalid frame ID "map" passed to canTransform argument target_frame - frame does not exist
[planner_server-6] [INFO] [1783063127.300788636] [global_costmap.global_costmap]: Timed out waiting for transform from base_link to map to become available, tf error: Invalid frame ID "map" passed to canTransform argument target_frame - frame does not exist
[planner_server-6] [INFO] [1783063127.800789183] [global_costmap.global_costmap]: Timed out waiting for transform from base_link to map to become available, tf error: Invalid frame ID "map" passed to canTransform argument target_frame - frame does not exist
[amcl-2] [WARN] [1783063127.937464435] [amcl]: AMCL cannot publish a pose or update the transform. Please set the initial pose...
[planner_server-6] [INFO] [1783063128.300773731] [global_costmap.global_costmap]: Timed out waiting for transform from base_link to map to become available, tf error: Invalid frame ID "map" passed to canTransform argument target_frame - frame does not exist
[planner_server-6] [INFO] [1783063128.800751029] [global_costmap.global_costmap]: Timed out waiting for transform from base_link to map to become available, tf error: Invalid frame ID "map" passed to canTransform argument target_frame - frame does not exist
[planner_server-6] [INFO] [1783063129.300774952] [global_costmap.global_costmap]: Timed out waiting for transform from base_link to map to become available, tf error: Invalid frame ID "map" passed to canTransform argument target_frame - frame does not exist
[planner_server-6] [INFO] [1783063129.800771083] [global_costmap.global_costmap]: Timed out waiting for transform from base_link to map to become available, tf error: Invalid frame ID "map" passed to canTransform argument target_frame - frame does not exist
[amcl-2] [WARN] [1783063130.036534336] [amcl]: AMCL cannot publish a pose or update the transform. Please set the initial pose...
[planner_server-6] [INFO] [1783063130.300779047] [global_costmap.global_costmap]: Timed out waiting for transform from base_link to map to become available, tf error: Invalid frame ID "map" passed to canTransform argument target_frame - frame does not exist
[planner_server-6] [INFO] [1783063130.800799512] [global_costmap.global_costmap]: Timed out waiting for transform from base_link to map to become available, tf error: Invalid frame ID "map" passed to canTransform argument target_frame - frame does not exist
[planner_server-6] [INFO] [1783063131.300764726] [global_costmap.global_costmap]: Timed out waiting for transform from base_link to map to become available, tf error: Invalid frame ID "map" passed to canTransform argument target_frame - frame does not exist
[planner_server-6] [INFO] [1783063131.800768691] [global_costmap.global_costmap]: Timed out waiting for transform from base_link to map to become available, tf error: Invalid frame ID "map" passed to canTransform argument target_frame - frame does not exist
[amcl-2] [WARN] [1783063132.136186236] [amcl]: AMCL cannot publish a pose or update the transform. Please set the initial pose...
[planner_server-6] [INFO] [1783063132.300778905] [global_costmap.global_costmap]: Timed out waiting for transform from base_link to map to become available, tf error: Invalid frame ID "map" passed to canTransform argument target_frame - frame does not exist
[planner_server-6] [INFO] [1783063132.800769161] [global_costmap.global_costmap]: Timed out waiting for transform from base_link to map to become available, tf error: Invalid frame ID "map" passed to canTransform argument target_frame - frame does not exist
[planner_server-6] [INFO] [1783063133.300770084] [global_costmap.global_costmap]: Timed out waiting for transform from base_link to map to become available, tf error: Invalid frame ID "map" passed to canTransform argument target_frame - frame does not exist
[planner_server-6] [INFO] [1783063133.800777715] [global_costmap.global_costmap]: Timed out waiting for transform from base_link to map to become available, tf error: Invalid frame ID "map" passed to canTransform argument target_frame - frame does not exist
[amcl-2] [WARN] [1783063134.235373137] [amcl]: AMCL cannot publish a pose or update the transform. Please set the initial pose...
[planner_server-6] [INFO] [1783063134.300763971] [global_costmap.global_costmap]: Timed out waiting for transform from base_link to map to become available, tf error: Invalid frame ID "map" passed to canTransform argument target_frame - frame does not exist
[planner_server-6] [INFO] [1783063134.800780102] [global_costmap.global_costmap]: Timed out waiting for transform from base_link to map to become available, tf error: Invalid frame ID "map" passed to canTransform argument target_frame - frame does not exist
[planner_server-6] [INFO] [1783063135.300767399] [global_costmap.global_costmap]: Timed out waiting for transform from base_link to map to become available, tf error: Invalid frame ID "map" passed to canTransform argument target_frame - frame does not exist
[planner_server-6] [INFO] [1783063135.800776614] [global_costmap.global_costmap]: Timed out waiting for transform from base_link to map to become available, tf error: Invalid frame ID "map" passed to canTransform argument target_frame - frame does not exist
[planner_server-6] [INFO] [1783063136.300777370] [global_costmap.global_costmap]: Timed out waiting for transform from base_link to map to become available, tf error: Invalid frame ID "map" passed to canTransform argument target_frame - frame does not exist
[amcl-2] [WARN] [1783063136.335515703] [amcl]: AMCL cannot publish a pose or update the transform. Please set the initial pose...
[planner_server-6] [INFO] [1783063136.800769959] [global_costmap.global_costmap]: Timed out waiting for transform from base_link to map to become available, tf error: Invalid frame ID "map" passed to canTransform argument target_frame - frame does not exist
[planner_server-6] [INFO] [1783063137.300769923] [global_costmap.global_costmap]: Timed out waiting for transform from base_link to map to become available, tf error: Invalid frame ID "map" passed to canTransform argument target_frame - frame does not exist
[planner_server-6] [INFO] [1783063137.802396471] [global_costmap.global_costmap]: Timed out waiting for transform from base_link to map to become available, tf error: Invalid frame ID "map" passed to canTransform argument target_frame - frame does not exist
[planner_server-6] [INFO] [1783063138.300768018] [global_costmap.global_costmap]: Timed out waiting for transform from base_link to map to become available, tf error: Invalid frame ID "map" passed to canTransform argument target_frame - frame does not exist
[amcl-2] [WARN] [1783063138.437359603] [amcl]: AMCL cannot publish a pose or update the transform. Please set the initial pose...
[planner_server-6] [INFO] [1783063138.800768107] [global_costmap.global_costmap]: Timed out waiting for transform from base_link to map to become available, tf error: Invalid frame ID "map" passed to canTransform argument target_frame - frame does not exist
[planner_server-6] [INFO] [1783063139.300780071] [global_costmap.global_costmap]: Timed out waiting for transform from base_link to map to become available, tf error: Invalid frame ID "map" passed to canTransform argument target_frame - frame does not exist
[planner_server-6] [INFO] [1783063139.800774369] [global_costmap.global_costmap]: Timed out waiting for transform from base_link to map to become available, tf error: Invalid frame ID "map" passed to canTransform argument target_frame - frame does not exist
[planner_server-6] [INFO] [1783063140.302484958] [global_costmap.global_costmap]: Timed out waiting for transform from base_link to map to become available, tf error: Invalid frame ID "map" passed to canTransform argument target_frame - frame does not exist
[amcl-2] [WARN] [1783063140.517538211] [amcl]: AMCL cannot publish a pose or update the transform. Please set the initial pose...
[planner_server-6] [INFO] [1783063140.800825172] [global_costmap.global_costmap]: Timed out waiting for transform from base_link to map to become available, tf error: Invalid frame ID "map" passed to canTransform argument target_frame - frame does not exist
[planner_server-6] [INFO] [1783063141.300777220] [global_costmap.global_costmap]: Timed out waiting for transform from base_link to map to become available, tf error: Invalid frame ID "map" passed to canTransform argument target_frame - frame does not exist
