[INFO] [1783540121.387935265] [shared_nav_semantic_explore]: EXPLORE NAV RESET: rejected_candidate_ids, failed_explore_goals, explore_last_reject_reason cleared on fresh start
[INFO] [1783540121.898316130] [shared_nav_semantic_explore]: ===== shared_nav_semantic_explore mode=yolo_lidar_semantic_explore_nav =====
[INFO] [1783540121.904023539] [shared_nav_semantic_explore]: semantic_explore enabled hint=/explore_goal_hint planner=astar follow_planned_path=True goal_frame=map control_frame=map tf_buffer=ok observe_scan_deg=360.0 once=True idle_between_goals=True
[INFO] [1783540121.908979908] [shared_nav_semantic_explore]: topics image=/image_raw scan=/scan_filtered cmd=/cmd_vel_autonomy
[INFO] [1783540121.917815272] [shared_nav_semantic_explore]: voter enabled window=6 min_votes=2 lost_hold=4
[INFO] [1783540121.925553596] [shared_nav_semantic_explore]: birth_scan enabled wait=5.0s scan_wz=0.05 scan_deg=360.0 max_rotations=1.0 max_total_deg=360 max_total_duration=125.7s
[INFO] [1783540122.005820704] [shared_nav_semantic_explore]: [NAV] step=1 mode=WAIT_SENSORS fsm=WAIT_SENSORS phase=EXPLORE_SELECT mode=WAIT_SENSORS | reason=wait_sensors_stop | cmd=stop | front=1.88m
[INFO] [1783540122.113483654] [shared_nav_semantic_explore]: [NAV] step=2 mode=BIRTH_WAIT fsm=BIRTH_WAIT phase=EXPLORE_SELECT mode=BIRTH_WAIT | reason=birth_wait_stop | cmd=stop | front=1.88m
[INFO] [1783540122.208221619] [shared_nav_semantic_explore]: [NAV] step=3 mode=BIRTH_WAIT fsm=BIRTH_WAIT phase=EXPLORE_SELECT mode=BIRTH_WAIT | reason=birth_wait_stop | cmd=stop | front=1.88m
[INFO] [1783540122.304250916] [shared_nav_semantic_explore]: [NAV] step=4 mode=BIRTH_WAIT fsm=BIRTH_WAIT phase=EXPLORE_SELECT mode=BIRTH_WAIT | reason=birth_wait_stop | cmd=stop | front=1.88m
[INFO] [1783540122.412141866] [shared_nav_semantic_explore]: [NAV] step=5 mode=BIRTH_WAIT fsm=BIRTH_WAIT phase=EXPLORE_SELECT mode=BIRTH_WAIT | reason=birth_wait_stop | cmd=stop | front=1.88m
[INFO] [1783540122.505783208] [shared_nav_semantic_explore]: [NAV] step=6 mode=BIRTH_WAIT fsm=BIRTH_WAIT phase=EXPLORE_SELECT mode=BIRTH_WAIT | reason=birth_wait_stop | cmd=stop | front=1.88m
[INFO] [1783540122.611866534] [shared_nav_semantic_explore]: [NAV] step=7 mode=BIRTH_WAIT fsm=BIRTH_WAIT phase=EXPLORE_SELECT mode=BIRTH_WAIT | reason=birth_wait_stop | cmd=stop | front=1.88m
[INFO] [1783540122.708897830] [shared_nav_semantic_explore]: [NAV] step=8 mode=BIRTH_WAIT fsm=BIRTH_WAIT phase=EXPLORE_SELECT mode=BIRTH_WAIT | reason=birth_wait_stop | cmd=stop | front=1.85m
[INFO] [1783540122.805139169] [shared_nav_semantic_explore]: [NAV] step=9 mode=BIRTH_WAIT fsm=BIRTH_WAIT phase=EXPLORE_SELECT mode=BIRTH_WAIT | reason=birth_wait_stop | cmd=stop | front=1.88m
[INFO] [1783540122.915048282] [shared_nav_semantic_explore]: [NAV] step=10 mode=BIRTH_WAIT fsm=BIRTH_WAIT phase=EXPLORE_SELECT mode=BIRTH_WAIT | reason=birth_wait_stop | cmd=stop | front=1.88m
[INFO] [1783540123.014189075] [shared_nav_semantic_explore]: [NAV] step=11 mode=BIRTH_WAIT fsm=BIRTH_WAIT phase=EXPLORE_SELECT mode=BIRTH_WAIT | reason=birth_wait_stop | cmd=stop | front=1.88m
[INFO] [1783540123.111829413] [shared_nav_semantic_explore]: [NAV] step=12 mode=BIRTH_WAIT fsm=BIRTH_WAIT phase=EXPLORE_SELECT mode=BIRTH_WAIT | reason=birth_wait_stop | cmd=stop | front=1.88m
[INFO] [1783540123.208078668] [shared_nav_semantic_explore]: [NAV] step=13 mode=BIRTH_WAIT fsm=BIRTH_WAIT phase=EXPLORE_SELECT mode=BIRTH_WAIT | reason=birth_wait_stop | cmd=stop | front=1.88m
[INFO] [1783540123.307474795] [shared_nav_semantic_explore]: [NAV] step=14 mode=BIRTH_WAIT fsm=BIRTH_WAIT phase=EXPLORE_SELECT mode=BIRTH_WAIT | reason=birth_wait_stop | cmd=stop | front=1.85m
[INFO] [1783540123.406847296] [shared_nav_semantic_explore]: [NAV] step=15 mode=BIRTH_WAIT fsm=BIRTH_WAIT phase=EXPLORE_SELECT mode=BIRTH_WAIT | reason=birth_wait_stop | cmd=stop | front=1.88m
[INFO] [1783540123.507349880] [shared_nav_semantic_explore]: [NAV] step=16 mode=BIRTH_WAIT fsm=BIRTH_WAIT phase=EXPLORE_SELECT mode=BIRTH_WAIT | reason=birth_wait_stop | cmd=stop | front=1.88m
[INFO] [1783540123.607246589] [shared_nav_semantic_explore]: [NAV] step=17 mode=BIRTH_WAIT fsm=BIRTH_WAIT phase=EXPLORE_SELECT mode=BIRTH_WAIT | reason=birth_wait_stop | cmd=stop | front=1.88m
[INFO] [1783540123.721695405] [shared_nav_semantic_explore]: [NAV] step=18 mode=BIRTH_WAIT fsm=BIRTH_WAIT phase=EXPLORE_SELECT mode=BIRTH_WAIT | reason=birth_wait_stop | cmd=stop | front=1.88m
[INFO] [1783540123.809026338] [shared_nav_semantic_explore]: [NAV] step=19 mode=BIRTH_WAIT fsm=BIRTH_WAIT phase=EXPLORE_SELECT mode=BIRTH_WAIT | reason=birth_wait_stop | cmd=stop | front=1.88m
[INFO] [1783540123.911639502] [shared_nav_semantic_explore]: [NAV] step=20 mode=BIRTH_WAIT fsm=BIRTH_WAIT phase=EXPLORE_SELECT mode=BIRTH_WAIT | reason=birth_wait_stop | cmd=stop | front=1.86m
[INFO] [1783540124.006042843] [shared_nav_semantic_explore]: [NAV] step=21 mode=BIRTH_WAIT fsm=BIRTH_WAIT phase=EXPLORE_SELECT mode=BIRTH_WAIT | reason=birth_wait_stop | cmd=stop | front=1.88m
[INFO] [1783540124.104879346] [shared_nav_semantic_explore]: [NAV] step=22 mode=BIRTH_WAIT fsm=BIRTH_WAIT phase=EXPLORE_SELECT mode=BIRTH_WAIT | reason=birth_wait_stop | cmd=stop | front=1.88m
[INFO] [1783540124.211608463] [shared_nav_semantic_explore]: [NAV] step=23 mode=BIRTH_WAIT fsm=BIRTH_WAIT phase=EXPLORE_SELECT mode=BIRTH_WAIT | reason=birth_wait_stop | cmd=stop | front=1.88m
[INFO] [1783540124.316900791] [shared_nav_semantic_explore]: [NAV] step=24 mode=BIRTH_WAIT fsm=BIRTH_WAIT phase=EXPLORE_SELECT mode=BIRTH_WAIT | reason=birth_wait_stop | cmd=stop | front=1.88m
[INFO] [1783540124.409131177] [shared_nav_semantic_explore]: [NAV] step=25 mode=BIRTH_WAIT fsm=BIRTH_WAIT phase=EXPLORE_SELECT mode=BIRTH_WAIT | reason=birth_wait_stop | cmd=stop | front=1.88m
[INFO] [1783540124.519785081] [shared_nav_semantic_explore]: [NAV] step=26 mode=BIRTH_WAIT fsm=BIRTH_WAIT phase=EXPLORE_SELECT mode=BIRTH_WAIT | reason=birth_wait_stop | cmd=stop | front=1.88m
[INFO] [1783540124.606097640] [shared_nav_semantic_explore]: [NAV] step=27 mode=BIRTH_WAIT fsm=BIRTH_WAIT phase=EXPLORE_SELECT mode=BIRTH_WAIT | reason=birth_wait_stop | cmd=stop | front=1.88m
[INFO] [1783540124.710144470] [shared_nav_semantic_explore]: [NAV] step=28 mode=BIRTH_WAIT fsm=BIRTH_WAIT phase=EXPLORE_SELECT mode=BIRTH_WAIT | reason=birth_wait_stop | cmd=stop | front=1.87m
[INFO] [1783540124.807112558] [shared_nav_semantic_explore]: [NAV] step=29 mode=BIRTH_WAIT fsm=BIRTH_WAIT phase=EXPLORE_SELECT mode=BIRTH_WAIT | reason=birth_wait_stop | cmd=stop | front=1.84m
[INFO] [1783540124.907942016] [shared_nav_semantic_explore]: [NAV] step=30 mode=BIRTH_WAIT fsm=BIRTH_WAIT phase=EXPLORE_SELECT mode=BIRTH_WAIT | reason=birth_wait_stop | cmd=stop | front=1.88m
[INFO] [1783540125.011178263] [shared_nav_semantic_explore]: [NAV] step=31 mode=BIRTH_WAIT fsm=BIRTH_WAIT phase=EXPLORE_SELECT mode=BIRTH_WAIT | reason=birth_wait_stop | cmd=stop | front=1.88m
[INFO] [1783540125.106420186] [shared_nav_semantic_explore]: [NAV] step=32 mode=BIRTH_WAIT fsm=BIRTH_WAIT phase=EXPLORE_SELECT mode=BIRTH_WAIT | reason=birth_wait_stop | cmd=stop | front=1.88m
[INFO] [1783540125.208683601] [shared_nav_semantic_explore]: [NAV] step=33 mode=BIRTH_WAIT fsm=BIRTH_WAIT phase=EXPLORE_SELECT mode=BIRTH_WAIT | reason=birth_wait_stop | cmd=stop | front=1.87m
[INFO] [1783540125.318123007] [shared_nav_semantic_explore]: [NAV] step=34 mode=BIRTH_WAIT fsm=BIRTH_WAIT phase=EXPLORE_SELECT mode=BIRTH_WAIT | reason=birth_wait_stop | cmd=stop | front=1.88m
[INFO] [1783540125.403820401] [shared_nav_semantic_explore]: [NAV] step=35 mode=BIRTH_WAIT fsm=BIRTH_WAIT phase=EXPLORE_SELECT mode=BIRTH_WAIT | reason=birth_wait_stop | cmd=stop | front=1.88m
[INFO] [1783540125.510913935] [shared_nav_semantic_explore]: [NAV] step=36 mode=BIRTH_WAIT fsm=BIRTH_WAIT phase=EXPLORE_SELECT mode=BIRTH_WAIT | reason=birth_wait_stop | cmd=stop | front=1.88m
[INFO] [1783540125.604029111] [shared_nav_semantic_explore]: [NAV] step=37 mode=BIRTH_WAIT fsm=BIRTH_WAIT phase=EXPLORE_SELECT mode=BIRTH_WAIT | reason=birth_wait_stop | cmd=stop | front=1.88m
[INFO] [1783540125.707402983] [shared_nav_semantic_explore]: [NAV] step=38 mode=BIRTH_WAIT fsm=BIRTH_WAIT phase=EXPLORE_SELECT mode=BIRTH_WAIT | reason=birth_wait_stop | cmd=stop | front=1.88m
[INFO] [1783540125.805640694] [shared_nav_semantic_explore]: [NAV] step=39 mode=BIRTH_WAIT fsm=BIRTH_WAIT phase=EXPLORE_SELECT mode=BIRTH_WAIT | reason=birth_wait_stop | cmd=stop | front=1.87m
[INFO] [1783540125.905039404] [shared_nav_semantic_explore]: [NAV] step=40 mode=BIRTH_WAIT fsm=BIRTH_WAIT phase=EXPLORE_SELECT mode=BIRTH_WAIT | reason=birth_wait_stop | cmd=stop | front=1.88m
[INFO] [1783540126.004646531] [shared_nav_semantic_explore]: [NAV] step=41 mode=BIRTH_WAIT fsm=BIRTH_WAIT phase=EXPLORE_SELECT mode=BIRTH_WAIT | reason=birth_wait_stop | cmd=stop | front=1.88m
[INFO] [1783540126.107717820] [shared_nav_semantic_explore]: [NAV] step=42 mode=BIRTH_WAIT fsm=BIRTH_WAIT phase=EXPLORE_SELECT mode=BIRTH_WAIT | reason=birth_wait_stop | cmd=stop | front=1.88m
[INFO] [1783540126.204532742] [shared_nav_semantic_explore]: [NAV] step=43 mode=BIRTH_WAIT fsm=BIRTH_WAIT phase=EXPLORE_SELECT mode=BIRTH_WAIT | reason=birth_wait_stop | cmd=stop | front=1.88m
[INFO] [1783540126.304453576] [shared_nav_semantic_explore]: [NAV] step=44 mode=BIRTH_WAIT fsm=BIRTH_WAIT phase=EXPLORE_SELECT mode=BIRTH_WAIT | reason=birth_wait_stop | cmd=stop | front=1.88m
[INFO] [1783540126.412826650] [shared_nav_semantic_explore]: [NAV] step=45 mode=BIRTH_WAIT fsm=BIRTH_WAIT phase=EXPLORE_SELECT mode=BIRTH_WAIT | reason=birth_wait_stop | cmd=stop | front=1.88m
[INFO] [1783540126.507500158] [shared_nav_semantic_explore]: [NAV] step=46 mode=BIRTH_WAIT fsm=BIRTH_WAIT phase=EXPLORE_SELECT mode=BIRTH_WAIT | reason=birth_wait_stop | cmd=stop | front=1.88m
[INFO] [1783540126.612284903] [shared_nav_semantic_explore]: [NAV] step=47 mode=BIRTH_WAIT fsm=BIRTH_WAIT phase=EXPLORE_SELECT mode=BIRTH_WAIT | reason=birth_wait_stop | cmd=stop | front=1.88m
[INFO] [1783540126.703644082] [shared_nav_semantic_explore]: [NAV] step=48 mode=BIRTH_WAIT fsm=BIRTH_WAIT phase=EXPLORE_SELECT mode=BIRTH_WAIT | reason=birth_wait_stop | cmd=stop | front=1.88m
[INFO] [1783540126.814913611] [shared_nav_semantic_explore]: [NAV] step=49 mode=BIRTH_WAIT fsm=BIRTH_WAIT phase=EXPLORE_SELECT mode=BIRTH_WAIT | reason=birth_wait_stop | cmd=stop | front=1.88m
[INFO] [1783540126.905769373] [shared_nav_semantic_explore]: [NAV] step=50 mode=BIRTH_WAIT fsm=BIRTH_WAIT phase=EXPLORE_SELECT mode=BIRTH_WAIT | reason=birth_wait_stop | cmd=stop | front=1.88m
[INFO] [1783540127.005680583] [shared_nav_semantic_explore]: [NAV] step=51 mode=BIRTH_WAIT fsm=BIRTH_WAIT phase=EXPLORE_SELECT mode=BIRTH_WAIT | reason=birth_wait_stop | cmd=stop | front=1.88m
[INFO] [1783540127.113722741] [shared_nav_semantic_explore]: [NAV] step=52 mode=BIRTH_WAIT fsm=BIRTH_WAIT phase=EXPLORE_SELECT mode=BIRTH_WAIT | reason=birth_wait_stop | cmd=stop | front=1.88m
[INFO] [1783540127.205880460] [shared_nav_semantic_explore]: [NAV] step=53 mode=SCANNING fsm=SCANNING phase=EXPLORE_SELECT mode=SCANNING | reason=birth_scanning | cmd=wz=+0.050 | front=1.88m
[INFO] [1783540127.307919417] [shared_nav_semantic_explore]: [NAV] step=54 mode=SCANNING fsm=SCANNING phase=EXPLORE_SELECT mode=SCANNING | reason=birth_scanning | safety=birth_scan_vx_zero | cmd=wz=+0.050 | front=1.88m
[INFO] [1783540127.403435549] [shared_nav_semantic_explore]: [NAV] step=55 mode=SCANNING fsm=SCANNING phase=EXPLORE_SELECT mode=SCANNING | reason=birth_scanning | safety=birth_scan_vx_zero | cmd=wz=+0.050 | front=1.88m
[INFO] [1783540127.507417878] [shared_nav_semantic_explore]: [NAV] step=56 mode=SCANNING fsm=SCANNING phase=EXPLORE_SELECT mode=SCANNING | reason=birth_scanning | safety=birth_scan_vx_zero | cmd=wz=+0.050 | front=1.88m
[INFO] [1783540127.629638977] [shared_nav_semantic_explore]: [NAV] step=57 mode=SCANNING fsm=SCANNING phase=EXPLORE_SELECT mode=SCANNING | reason=birth_scanning | safety=birth_scan_vx_zero | cmd=wz=+0.050 | front=1.84m
[INFO] [1783540127.710158002] [shared_nav_semantic_explore]: [NAV] step=58 mode=SCANNING fsm=SCANNING phase=EXPLORE_SELECT mode=SCANNING | reason=birth_scanning | safety=birth_scan_vx_zero | cmd=wz=+0.050 | front=1.88m
[INFO] [1783540127.814027457] [shared_nav_semantic_explore]: [NAV] step=59 mode=SCANNING fsm=SCANNING phase=EXPLORE_SELECT mode=SCANNING | reason=birth_scanning | safety=birth_scan_vx_zero | cmd=wz=+0.050 | front=1.88m
[INFO] [1783540127.914752832] [shared_nav_semantic_explore]: [NAV] step=60 mode=SCANNING fsm=SCANNING phase=EXPLORE_SELECT mode=SCANNING | reason=birth_scanning | safety=birth_scan_vx_zero | cmd=wz=+0.050 | front=1.88m
[INFO] [1783540128.007050093] [shared_nav_semantic_explore]: [NAV] step=61 mode=SCANNING fsm=SCANNING phase=EXPLORE_SELECT mode=SCANNING | reason=birth_scanning | safety=birth_scan_vx_zero | cmd=wz=+0.050 | front=1.88m
[INFO] [1783540128.107211719] [shared_nav_semantic_explore]: [NAV] step=62 mode=SCANNING fsm=SCANNING phase=EXPLORE_SELECT mode=SCANNING | reason=birth_scanning | safety=birth_scan_vx_zero | cmd=wz=+0.050 | front=1.89m
[INFO] [1783540128.215965293] [shared_nav_semantic_explore]: [NAV] step=63 mode=SCANNING fsm=SCANNING phase=EXPLORE_SELECT mode=SCANNING | reason=birth_scanning | safety=birth_scan_vx_zero | cmd=wz=+0.050 | front=1.85m
[INFO] [1783540128.309698386] [shared_nav_semantic_explore]: [NAV] step=64 mode=SCANNING fsm=SCANNING phase=EXPLORE_SELECT mode=SCANNING | reason=birth_scanning | safety=birth_scan_vx_zero | cmd=wz=+0.050 | front=1.89m
[INFO] [1783540128.413285133] [shared_nav_semantic_explore]: [NAV] step=65 mode=SCANNING fsm=SCANNING phase=EXPLORE_SELECT mode=SCANNING | reason=birth_scanning | safety=birth_scan_vx_zero | cmd=wz=+0.050 | front=1.89m
[INFO] [1783540128.506643350] [shared_nav_semantic_explore]: [NAV] step=66 mode=SCANNING fsm=SCANNING phase=EXPLORE_SELECT mode=SCANNING | reason=birth_scanning | safety=birth_scan_vx_zero | cmd=wz=+0.050 | front=1.90m
[INFO] [1783540128.616151048] [shared_nav_semantic_explore]: [NAV] step=67 mode=SCANNING fsm=SCANNING phase=EXPLORE_SELECT mode=SCANNING | reason=birth_scanning | safety=birth_scan_vx_zero | cmd=wz=+0.050 | front=1.90m
[INFO] [1783540128.707140436] [shared_nav_semantic_explore]: [NAV] step=68 mode=SCANNING fsm=SCANNING phase=EXPLORE_SELECT mode=SCANNING | reason=birth_scanning | safety=birth_scan_vx_zero | cmd=wz=+0.050 | front=1.90m
[INFO] [1783540128.804673315] [shared_nav_semantic_explore]: [NAV] step=69 mode=SCANNING fsm=SCANNING phase=EXPLORE_SELECT mode=SCANNING | reason=birth_scanning | safety=birth_scan_vx_zero | cmd=wz=+0.050 | front=1.90m
[INFO] [1783540128.915393720] [shared_nav_semantic_explore]: [NAV] step=70 mode=SCANNING fsm=SCANNING phase=EXPLORE_SELECT mode=SCANNING | reason=birth_scanning | safety=birth_scan_vx_zero | cmd=wz=+0.050 | front=1.91m
[INFO] [1783540129.006524274] [shared_nav_semantic_explore]: [NAV] step=71 mode=SCANNING fsm=SCANNING phase=EXPLORE_SELECT mode=SCANNING | reason=birth_scanning | safety=birth_scan_vx_zero | cmd=wz=+0.050 | front=1.87m
[INFO] [1783540129.104337820] [shared_nav_semantic_explore]: [NAV] step=72 mode=SCANNING fsm=SCANNING phase=EXPLORE_SELECT mode=SCANNING | reason=birth_scanning | safety=birth_scan_vx_zero | cmd=wz=+0.050 | front=1.90m
[INFO] [1783540129.213161519] [shared_nav_semantic_explore]: [NAV] step=73 mode=SCANNING fsm=SCANNING phase=EXPLORE_SELECT mode=SCANNING | reason=birth_scanning | safety=birth_scan_vx_zero | cmd=wz=+0.050 | front=1.91m
[INFO] [1783540129.307165403] [shared_nav_semantic_explore]: [NAV] step=74 mode=SCANNING fsm=SCANNING phase=EXPLORE_SELECT mode=SCANNING | reason=birth_scanning | safety=birth_scan_vx_zero | cmd=wz=+0.050 | front=0.84m
[INFO] [1783540129.408284153] [shared_nav_semantic_explore]: [NAV] step=75 mode=SCANNING fsm=SCANNING phase=EXPLORE_SELECT mode=SCANNING | reason=birth_scanning | safety=birth_scan_vx_zero | cmd=wz=+0.050 | front=0.82m
[INFO] [1783540129.511528108] [shared_nav_semantic_explore]: [NAV] step=76 mode=SCANNING fsm=SCANNING phase=EXPLORE_SELECT mode=SCANNING | reason=birth_scanning | safety=birth_scan_vx_zero | cmd=wz=+0.050 | front=0.82m
[INFO] [1783540129.617710686] [shared_nav_semantic_explore]: [NAV] step=77 mode=SCANNING fsm=SCANNING phase=EXPLORE_SELECT mode=SCANNING | reason=birth_scanning | safety=birth_scan_vx_zero | cmd=wz=+0.050 | front=0.82m
[INFO] [1783540129.713508401] [shared_nav_semantic_explore]: [NAV] step=78 mode=SCANNING fsm=SCANNING phase=EXPLORE_SELECT mode=SCANNING | reason=birth_scanning | safety=birth_scan_vx_zero | cmd=wz=+0.050 | front=0.82m
[INFO] [1783540129.806205744] [shared_nav_semantic_explore]: [NAV] step=79 mode=SCANNING fsm=SCANNING phase=EXPLORE_SELECT mode=SCANNING | reason=birth_scanning | safety=birth_scan_vx_zero | cmd=wz=+0.050 | front=0.82m
[INFO] [1783540129.904420915] [shared_nav_semantic_explore]: [NAV] step=80 mode=SCANNING fsm=SCANNING phase=EXPLORE_SELECT mode=SCANNING | reason=birth_scanning | safety=birth_scan_vx_zero | cmd=wz=+0.050 | front=0.83m
[INFO] [1783540130.005497873] [shared_nav_semantic_explore]: [NAV] step=81 mode=SCANNING fsm=SCANNING phase=EXPLORE_SELECT mode=SCANNING | reason=birth_scanning | safety=birth_scan_vx_zero | cmd=wz=+0.050 | front=0.83m
[INFO] [1783540130.113970198] [shared_nav_semantic_explore]: [NAV] step=82 mode=SCANNING fsm=SCANNING phase=EXPLORE_SELECT mode=SCANNING | reason=birth_scanning | safety=birth_scan_vx_zero | cmd=wz=+0.050 | front=0.82m
[INFO] [1783540130.214009449] [shared_nav_semantic_explore]: [NAV] step=83 mode=SCANNING fsm=SCANNING phase=EXPLORE_SELECT mode=SCANNING | reason=birth_scanning | safety=birth_scan_vx_zero | cmd=wz=+0.050 | front=2.04m
[INFO] [1783540130.318846528] [shared_nav_semantic_explore]: [NAV] step=84 mode=SCANNING fsm=SCANNING phase=EXPLORE_SELECT mode=SCANNING | reason=birth_scanning | safety=birth_scan_vx_zero | cmd=wz=+0.050 | front=2.07m
[INFO] [1783540130.405638171] [shared_nav_semantic_explore]: [NAV] step=85 mode=SCANNING fsm=SCANNING phase=EXPLORE_SELECT mode=SCANNING | reason=birth_scanning | safety=birth_scan_vx_zero | cmd=wz=+0.050 | front=0.83m
[INFO] [1783540130.506774046] [shared_nav_semantic_explore]: [NAV] step=86 mode=SCANNING fsm=SCANNING phase=EXPLORE_SELECT mode=SCANNING | reason=birth_scanning | safety=birth_scan_vx_zero | cmd=wz=+0.050 | front=0.83m
[INFO] [1783540130.610828668] [shared_nav_semantic_explore]: [NAV] step=87 mode=SCANNING fsm=SCANNING phase=EXPLORE_SELECT mode=SCANNING | reason=birth_scanning | safety=birth_scan_vx_zero | cmd=wz=+0.050 | front=0.83m
[INFO] [1783540130.715653205] [shared_nav_semantic_explore]: [NAV] step=88 mode=SCANNING fsm=SCANNING phase=EXPLORE_SELECT mode=SCANNING | reason=birth_scanning | safety=birth_scan_vx_zero | cmd=wz=+0.050 | front=2.27m
[INFO] [1783540130.814350208] [shared_nav_semantic_explore]: [NAV] step=89 mode=SCANNING fsm=SCANNING phase=EXPLORE_SELECT mode=SCANNING | reason=birth_scanning | safety=birth_scan_vx_zero | cmd=wz=+0.050 | front=2.27m
[INFO] [1783540130.903956764] [shared_nav_semantic_explore]: [NAV] step=90 mode=SCANNING fsm=SCANNING phase=EXPLORE_SELECT mode=SCANNING | reason=birth_scanning | safety=birth_scan_vx_zero | cmd=wz=+0.050 | front=2.30m
[INFO] [1783540131.003839349] [shared_nav_semantic_explore]: [NAV] step=91 mode=SCANNING fsm=SCANNING phase=EXPLORE_SELECT mode=SCANNING | reason=birth_scanning | safety=birth_scan_vx_zero | cmd=wz=+0.050 | front=2.35m
[INFO] [1783540131.126824906] [shared_nav_semantic_explore]: [NAV] step=92 mode=SCANNING fsm=SCANNING phase=EXPLORE_SELECT mode=SCANNING | reason=birth_scanning | safety=birth_scan_vx_zero | cmd=wz=+0.050 | front=2.39m
[INFO] [1783540131.249306838] [shared_nav_semantic_explore]: [NAV] step=93 mode=SCANNING fsm=SCANNING phase=EXPLORE_SELECT mode=SCANNING | reason=birth_scanning | safety=birth_scan_vx_zero | cmd=wz=+0.050 | front=2.45m
[INFO] [1783540131.316666130] [shared_nav_semantic_explore]: [NAV] step=94 mode=SCANNING fsm=SCANNING phase=EXPLORE_SELECT mode=SCANNING | reason=birth_scanning | safety=birth_scan_vx_zero | cmd=wz=+0.050 | front=2.53m
[INFO] [1783540131.415675050] [shared_nav_semantic_explore]: [NAV] step=95 mode=SCANNING fsm=SCANNING phase=EXPLORE_SELECT mode=SCANNING | reason=birth_scanning | safety=birth_scan_vx_zero | cmd=wz=+0.050 | front=1.85m
[INFO] [1783540131.511097390] [shared_nav_semantic_explore]: [NAV] step=96 mode=SCANNING fsm=SCANNING phase=EXPLORE_SELECT mode=SCANNING | reason=birth_scanning | safety=birth_scan_vx_zero | cmd=wz=+0.050 | front=1.83m
[INFO] [1783540131.612959306] [shared_nav_semantic_explore]: [NAV] step=97 mode=SCANNING fsm=SCANNING phase=EXPLORE_SELECT mode=SCANNING | reason=birth_scanning | safety=birth_scan_vx_zero | cmd=wz=+0.050 | front=1.82m
[INFO] [1783540131.720988798] [shared_nav_semantic_explore]: [NAV] step=98 mode=SCANNING fsm=SCANNING phase=EXPLORE_SELECT mode=SCANNING | reason=birth_scanning | safety=birth_scan_vx_zero | cmd=wz=+0.050 | front=1.82m
[INFO] [1783540131.805560444] [shared_nav_semantic_explore]: [NAV] step=99 mode=SCANNING fsm=SCANNING phase=EXPLORE_SELECT mode=SCANNING | reason=birth_scanning | safety=birth_scan_vx_zero | cmd=wz=+0.050 | front=1.83m
[INFO] [1783540131.911792813] [shared_nav_semantic_explore]: [NAV] step=100 mode=SCANNING fsm=SCANNING phase=EXPLORE_SELECT mode=SCANNING | reason=birth_scanning | safety=birth_scan_vx_zero | cmd=wz=+0.050 | front=1.82m
[INFO] [1783540132.003722033] [shared_nav_semantic_explore]: [NAV] step=101 mode=SCANNING fsm=SCANNING phase=EXPLORE_SELECT mode=SCANNING | reason=birth_scanning | safety=birth_scan_vx_zero | cmd=wz=+0.050 | front=1.82m
[INFO] [1783540132.112426149] [shared_nav_semantic_explore]: [NAV] step=102 mode=SCANNING fsm=SCANNING phase=EXPLORE_SELECT mode=SCANNING | reason=birth_scanning | safety=birth_scan_vx_zero | cmd=wz=+0.050 | front=1.82m
[INFO] [1783540132.216023230] [shared_nav_semantic_explore]: [NAV] step=103 mode=SCANNING fsm=SCANNING phase=EXPLORE_SELECT mode=SCANNING | reason=birth_scanning | safety=birth_scan_vx_zero | cmd=wz=+0.050 | front=1.82m
[INFO] [1783540132.317527771] [shared_nav_semantic_explore]: [NAV] step=104 mode=SCANNING fsm=SCANNING phase=EXPLORE_SELECT mode=SCANNING | reason=birth_scanning | safety=birth_scan_vx_zero | cmd=wz=+0.050 | front=1.82m
[INFO] [1783540132.412442321] [shared_nav_semantic_explore]: [NAV] step=105 mode=SCANNING fsm=SCANNING phase=EXPLORE_SELECT mode=SCANNING | reason=birth_scanning | safety=birth_scan_vx_zero | cmd=wz=+0.050 | front=1.82m
[INFO] [1783540132.511724990] [shared_nav_semantic_explore]: [NAV] step=106 mode=SCANNING fsm=SCANNING phase=EXPLORE_SELECT mode=SCANNING | reason=birth_scanning | safety=birth_scan_vx_zero | cmd=wz=+0.050 | front=1.82m
[INFO] [1783540132.609457412] [shared_nav_semantic_explore]: [NAV] step=107 mode=SCANNING fsm=SCANNING phase=EXPLORE_SELECT mode=SCANNING | reason=birth_scanning | safety=birth_scan_vx_zero | cmd=wz=+0.050 | front=1.84m
[INFO] [1783540132.713009742] [shared_nav_semantic_explore]: [NAV] step=108 mode=SCANNING fsm=SCANNING phase=EXPLORE_SELECT mode=SCANNING | reason=birth_scanning | safety=birth_scan_vx_zero | cmd=wz=+0.050 | front=1.82m
[INFO] [1783540132.816004032] [shared_nav_semantic_explore]: [NAV] step=109 mode=SCANNING fsm=SCANNING phase=EXPLORE_SELECT mode=SCANNING | reason=birth_scanning | safety=birth_scan_vx_zero | cmd=wz=+0.050 | front=1.84m
[INFO] [1783540132.914908744] [shared_nav_semantic_explore]: [NAV] step=110 mode=SCANNING fsm=SCANNING phase=EXPLORE_SELECT mode=SCANNING | reason=birth_scanning | safety=birth_scan_vx_zero | cmd=wz=+0.050 | front=1.82m
[INFO] [1783540133.011171375] [shared_nav_semantic_explore]: [NAV] step=111 mode=SCANNING fsm=SCANNING phase=EXPLORE_SELECT mode=SCANNING | reason=birth_scanning | safety=birth_scan_vx_zero | cmd=wz=+0.050 | front=1.90m
[INFO] [1783540133.105464009] [shared_nav_semantic_explore]: [NAV] step=112 mode=SCANNING fsm=SCANNING phase=EXPLORE_SELECT mode=SCANNING | reason=birth_scanning | safety=birth_scan_vx_zero | cmd=wz=+0.050 | front=1.82m
[INFO] [1783540133.209851547] [shared_nav_semantic_explore]: [NAV] step=113 mode=SCANNING fsm=SCANNING phase=EXPLORE_SELECT mode=SCANNING | reason=birth_scanning | safety=birth_scan_vx_zero | cmd=wz=+0.050 | front=3.29m
[INFO] [1783540133.306424428] [shared_nav_semantic_explore]: [NAV] step=114 mode=SCANNING fsm=SCANNING phase=EXPLORE_SELECT mode=SCANNING | reason=birth_scanning | safety=birth_scan_vx_zero | cmd=wz=+0.050 | front=3.50m
[INFO] [1783540133.410384925] [shared_nav_semantic_explore]: [NAV] step=115 mode=SCANNING fsm=SCANNING phase=EXPLORE_SELECT mode=SCANNING | reason=birth_scanning | safety=birth_scan_vx_zero | cmd=wz=+0.050 | front=3.26m
[INFO] [1783540133.505912849] [shared_nav_semantic_explore]: [NAV] step=116 mode=SCANNING fsm=SCANNING phase=EXPLORE_SELECT mode=SCANNING | reason=birth_scanning | safety=birth_scan_vx_zero | cmd=wz=+0.050 | front=3.29m
[INFO] [1783540133.605712768] [shared_nav_semantic_explore]: [NAV] step=117 mode=SCANNING fsm=SCANNING phase=EXPLORE_SELECT mode=SCANNING | reason=birth_scanning | safety=birth_scan_vx_zero | cmd=wz=+0.050 | front=3.25m
[INFO] [1783540133.712390637] [shared_nav_semantic_explore]: [NAV] step=118 mode=SCANNING fsm=SCANNING phase=EXPLORE_SELECT mode=SCANNING | reason=birth_scanning | safety=birth_scan_vx_zero | cmd=wz=+0.050 | front=1.34m
[INFO] [1783540133.803060984] [shared_nav_semantic_explore]: [NAV] step=119 mode=SCANNING fsm=SCANNING phase=EXPLORE_SELECT mode=SCANNING | reason=birth_scanning | safety=birth_scan_vx_zero | cmd=wz=+0.050 | front=1.26m
[INFO] [1783540133.903542610] [shared_nav_semantic_explore]: [NAV] step=120 mode=SCANNING fsm=SCANNING phase=EXPLORE_SELECT mode=SCANNING | reason=birth_scanning | safety=birth_scan_vx_zero | cmd=wz=+0.050 | front=1.17m
[INFO] [1783540134.012055393] [shared_nav_semantic_explore]: [NAV] step=121 mode=SCANNING fsm=SCANNING phase=EXPLORE_SELECT mode=SCANNING | reason=birth_scanning | safety=birth_scan_vx_zero | cmd=wz=+0.050 | front=1.11m
[INFO] [1783540134.110384772] [shared_nav_semantic_explore]: [NAV] step=122 mode=SCANNING fsm=SCANNING phase=EXPLORE_SELECT mode=SCANNING | reason=birth_scanning | safety=birth_scan_vx_zero | cmd=wz=+0.050 | front=1.10m
[INFO] [1783540134.207467153] [shared_nav_semantic_explore]: [NAV] step=123 mode=SCANNING fsm=SCANNING phase=EXPLORE_SELECT mode=SCANNING | reason=birth_scanning | safety=birth_scan_vx_zero | cmd=wz=+0.050 | front=1.08m
[INFO] [1783540134.305102158] [shared_nav_semantic_explore]: [NAV] step=124 mode=SCANNING fsm=SCANNING phase=EXPLORE_SELECT mode=SCANNING | reason=birth_scanning | safety=birth_scan_vx_zero | cmd=wz=+0.050 | front=1.09m
[INFO] [1783540134.404054911] [shared_nav_semantic_explore]: [NAV] step=125 mode=SCANNING fsm=SCANNING phase=EXPLORE_SELECT mode=SCANNING | reason=birth_scanning | safety=birth_scan_vx_zero | cmd=wz=+0.050 | front=1.10m
[INFO] [1783540134.506115077] [shared_nav_semantic_explore]: [NAV] step=126 mode=SCANNING fsm=SCANNING phase=EXPLORE_SELECT mode=SCANNING | reason=birth_scanning | safety=birth_scan_vx_zero | cmd=wz=+0.050 | front=1.09m
[INFO] [1783540134.614472235] [shared_nav_semantic_explore]: [NAV] step=127 mode=SCANNING fsm=SCANNING phase=EXPLORE_SELECT mode=SCANNING | reason=birth_scanning | safety=birth_scan_vx_zero | cmd=wz=+0.050 | front=1.10m
[INFO] [1783540134.708180537] [shared_nav_semantic_explore]: [NAV] step=128 mode=SCANNING fsm=SCANNING phase=EXPLORE_SELECT mode=SCANNING | reason=birth_scanning | safety=birth_scan_vx_zero | cmd=wz=+0.050 | front=1.09m
[INFO] [1783540134.810180620] [shared_nav_semantic_explore]: [NAV] step=129 mode=SCANNING fsm=SCANNING phase=EXPLORE_SELECT mode=SCANNING | reason=birth_scanning | safety=birth_scan_vx_zero | cmd=wz=+0.050 | front=1.11m
[INFO] [1783540134.913867992] [shared_nav_semantic_explore]: [NAV] step=130 mode=SCANNING fsm=SCANNING phase=EXPLORE_SELECT mode=SCANNING | reason=birth_scanning | safety=birth_scan_vx_zero | cmd=wz=+0.050
[INFO] [1783540135.010771290] [shared_nav_semantic_explore]: [NAV] step=131 mode=SCANNING fsm=SCANNING phase=EXPLORE_SELECT mode=SCANNING | reason=birth_scanning | safety=birth_scan_vx_zero | cmd=wz=+0.050 | front=1.12m
[INFO] [1783540135.104625258] [shared_nav_semantic_explore]: [NAV] step=132 mode=SCANNING fsm=SCANNING phase=EXPLORE_SELECT mode=SCANNING | reason=birth_scanning | safety=birth_scan_vx_zero | cmd=wz=+0.050 | front=1.10m
[INFO] [1783540135.222489071] [shared_nav_semantic_explore]: [NAV] step=133 mode=SCANNING fsm=SCANNING phase=EXPLORE_SELECT mode=SCANNING | reason=birth_scanning | safety=birth_scan_vx_zero | cmd=wz=+0.050 | front=1.10m
[INFO] [1783540135.325625611] [shared_nav_semantic_explore]: [NAV] step=134 mode=SCANNING fsm=SCANNING phase=EXPLORE_SELECT mode=SCANNING | reason=birth_scanning | safety=birth_scan_vx_zero | cmd=wz=+0.050 | front=1.10m
[INFO] [1783540135.417666790] [shared_nav_semantic_explore]: [NAV] step=135 mode=SCANNING fsm=SCANNING phase=EXPLORE_SELECT mode=SCANNING | reason=birth_scanning | safety=birth_scan_vx_zero | cmd=wz=+0.050 | front=2.28m
[INFO] [1783540135.505761432] [shared_nav_semantic_explore]: [NAV] step=136 mode=SCANNING fsm=SCANNING phase=EXPLORE_SELECT mode=SCANNING | reason=birth_scanning | safety=birth_scan_vx_zero | cmd=wz=+0.050 | front=2.25m
[INFO] [1783540135.604095727] [shared_nav_semantic_explore]: [NAV] step=137 mode=SCANNING fsm=SCANNING phase=EXPLORE_SELECT mode=SCANNING | reason=birth_scanning | safety=birth_scan_vx_zero | cmd=wz=+0.050 | front=2.21m
[INFO] [1783540135.710991804] [shared_nav_semantic_explore]: [NAV] step=138 mode=SCANNING fsm=SCANNING phase=EXPLORE_SELECT mode=SCANNING | reason=birth_scanning | safety=birth_scan_vx_zero | cmd=wz=+0.050 | front=2.22m
[INFO] [1783540135.813469970] [shared_nav_semantic_explore]: [NAV] step=139 mode=SCANNING fsm=SCANNING phase=EXPLORE_SELECT mode=SCANNING | reason=birth_scanning | safety=birth_scan_vx_zero | cmd=wz=+0.050 | front=2.22m
[INFO] [1783540135.904544733] [shared_nav_semantic_explore]: [NAV] step=140 mode=SCANNING fsm=SCANNING phase=EXPLORE_SELECT mode=SCANNING | reason=birth_scanning | safety=birth_scan_vx_zero | cmd=wz=+0.050 | front=2.21m
[INFO] [1783540136.017016928] [shared_nav_semantic_explore]: [NAV] step=141 mode=SCANNING fsm=SCANNING phase=EXPLORE_SELECT mode=SCANNING | reason=birth_scanning | safety=birth_scan_vx_zero | cmd=wz=+0.050 | front=1.27m
[INFO] [1783540136.115426933] [shared_nav_semantic_explore]: [NAV] step=142 mode=SCANNING fsm=SCANNING phase=EXPLORE_SELECT mode=SCANNING | reason=birth_scanning | safety=birth_scan_vx_zero | cmd=wz=+0.050 | front=1.27m
[INFO] [1783540136.208637901] [shared_nav_semantic_explore]: [NAV] step=143 mode=SCANNING fsm=SCANNING phase=EXPLORE_SELECT mode=SCANNING | reason=birth_scanning | safety=birth_scan_vx_zero | cmd=wz=+0.050 | front=1.27m
[INFO] [1783540136.305974990] [shared_nav_semantic_explore]: [NAV] step=144 mode=SCANNING fsm=SCANNING phase=EXPLORE_SELECT mode=SCANNING | reason=birth_scanning | safety=birth_scan_vx_zero | cmd=wz=+0.050 | front=1.27m
[INFO] [1783540136.406996616] [shared_nav_semantic_explore]: [NAV] step=145 mode=SCANNING fsm=SCANNING phase=EXPLORE_SELECT mode=SCANNING | reason=birth_scanning | safety=birth_scan_vx_zero | cmd=wz=+0.050 | front=1.27m
[INFO] [1783540136.516778856] [shared_nav_semantic_explore]: [NAV] step=146 mode=SCANNING fsm=SCANNING phase=EXPLORE_SELECT mode=SCANNING | reason=birth_scanning | safety=birth_scan_vx_zero | cmd=wz=+0.050 | front=1.27m
[INFO] [1783540136.606201038] [shared_nav_semantic_explore]: [NAV] step=147 mode=SCANNING fsm=SCANNING phase=EXPLORE_SELECT mode=SCANNING | reason=birth_scanning | safety=birth_scan_vx_zero | cmd=wz=+0.050 | front=1.27m
[INFO] [1783540136.714020323] [shared_nav_semantic_explore]: [NAV] step=148 mode=SCANNING fsm=SCANNING phase=EXPLORE_SELECT mode=SCANNING | reason=birth_scanning | safety=birth_scan_vx_zero | cmd=wz=+0.050 | front=1.27m
[INFO] [1783540136.820990150] [shared_nav_semantic_explore]: [NAV] step=149 mode=SCANNING fsm=SCANNING phase=EXPLORE_SELECT mode=SCANNING | reason=birth_scanning | safety=birth_scan_vx_zero | cmd=wz=+0.050 | front=1.27m
[INFO] [1783540136.914224535] [shared_nav_semantic_explore]: [NAV] step=150 mode=SCANNING fsm=SCANNING phase=EXPLORE_SELECT mode=SCANNING | reason=birth_scanning | safety=birth_scan_vx_zero | cmd=wz=+0.050 | front=1.34m
[INFO] [1783540137.009983001] [shared_nav_semantic_explore]: [NAV] step=151 mode=SCANNING fsm=SCANNING phase=EXPLORE_SELECT mode=SCANNING | reason=birth_scanning | safety=birth_scan_vx_zero | cmd=wz=+0.050 | front=1.27m
[INFO] [1783540137.113523332] [shared_nav_semantic_explore]: [NAV] step=152 mode=SCANNING fsm=SCANNING phase=EXPLORE_SELECT mode=SCANNING | reason=birth_scanning | safety=birth_scan_vx_zero | cmd=wz=+0.050 | front=1.28m
[INFO] [1783540137.211905087] [shared_nav_semantic_explore]: [NAV] step=153 mode=SCANNING fsm=SCANNING phase=EXPLORE_SELECT mode=SCANNING | reason=birth_scanning | safety=birth_scan_vx_zero | cmd=wz=+0.050 | front=1.27m
[INFO] [1783540137.306838929] [shared_nav_semantic_explore]: [NAV] step=154 mode=SCANNING fsm=SCANNING phase=EXPLORE_SELECT mode=SCANNING | reason=birth_scanning | safety=birth_scan_vx_zero | cmd=wz=+0.050 | front=1.27m
[INFO] [1783540137.407194139] [shared_nav_semantic_explore]: [NAV] step=155 mode=SCANNING fsm=SCANNING phase=EXPLORE_SELECT mode=SCANNING | reason=birth_scanning | safety=birth_scan_vx_zero | cmd=wz=+0.050 | front=1.34m
[INFO] [1783540137.514076508] [shared_nav_semantic_explore]: [NAV] step=156 mode=SCANNING fsm=SCANNING phase=EXPLORE_SELECT mode=SCANNING | reason=birth_scanning | safety=birth_scan_vx_zero | cmd=wz=+0.050 | front=1.43m
[INFO] [1783540137.606711769] [shared_nav_semantic_explore]: [NAV] step=157 mode=SCANNING fsm=SCANNING phase=EXPLORE_SELECT mode=SCANNING | reason=birth_scanning | safety=birth_scan_vx_zero | cmd=wz=+0.050 | front=1.36m
[INFO] [1783540137.721958669] [shared_nav_semantic_explore]: [NAV] step=158 mode=SCANNING fsm=SCANNING phase=EXPLORE_SELECT mode=SCANNING | reason=birth_scanning | safety=birth_scan_vx_zero | cmd=wz=+0.050 | front=1.33m
[INFO] [1783540137.811991517] [shared_nav_semantic_explore]: [NAV] step=159 mode=SCANNING fsm=SCANNING phase=EXPLORE_SELECT mode=SCANNING | reason=birth_scanning | safety=birth_scan_vx_zero | cmd=wz=+0.050 | front=1.34m
[INFO] [1783540137.909411481] [shared_nav_semantic_explore]: [NAV] step=160 mode=SCANNING fsm=SCANNING phase=EXPLORE_SELECT mode=SCANNING | reason=birth_scanning | safety=birth_scan_vx_zero | cmd=wz=+0.050 | front=1.34m
[INFO] [1783540138.006603862] [shared_nav_semantic_explore]: [NAV] step=161 mode=SCANNING fsm=SCANNING phase=EXPLORE_SELECT mode=SCANNING | reason=birth_scanning | safety=birth_scan_vx_zero | cmd=wz=+0.050 | front=1.36m
[INFO] [1783540138.111252734] [shared_nav_semantic_explore]: [NAV] step=162 mode=SCANNING fsm=SCANNING phase=EXPLORE_SELECT mode=SCANNING | reason=birth_scanning | safety=birth_scan_vx_zero | cmd=wz=+0.050 | front=2.63m
[INFO] [1783540138.227702258] [shared_nav_semantic_explore]: [NAV] step=163 mode=SCANNING fsm=SCANNING phase=EXPLORE_SELECT mode=SCANNING | reason=birth_scanning | safety=birth_scan_vx_zero | cmd=wz=+0.050 | front=2.55m
[INFO] [1783540138.306844952] [shared_nav_semantic_explore]: [NAV] step=164 mode=SCANNING fsm=SCANNING phase=EXPLORE_SELECT mode=SCANNING | reason=birth_scanning | safety=birth_scan_vx_zero | cmd=wz=+0.050 | front=2.55m
[INFO] [1783540138.414410154] [shared_nav_semantic_explore]: [NAV] step=165 mode=SCANNING fsm=SCANNING phase=EXPLORE_SELECT mode=SCANNING | reason=birth_scanning | safety=birth_scan_vx_zero | cmd=wz=+0.050 | front=2.54m
[INFO] [1783540138.509661829] [shared_nav_semantic_explore]: [NAV] step=166 mode=SCANNING fsm=SCANNING phase=EXPLORE_SELECT mode=SCANNING | reason=birth_scanning | safety=birth_scan_vx_zero | cmd=wz=+0.050 | front=2.02m
[INFO] [1783540138.612732369] [shared_nav_semantic_explore]: [NAV] step=167 mode=SCANNING fsm=SCANNING phase=EXPLORE_SELECT mode=SCANNING | reason=birth_scanning | safety=birth_scan_vx_zero | cmd=wz=+0.050 | front=1.95m
[INFO] [1783540138.706605588] [shared_nav_semantic_explore]: [NAV] step=168 mode=SCANNING fsm=SCANNING phase=EXPLORE_SELECT mode=SCANNING | reason=birth_scanning | safety=birth_scan_vx_zero | cmd=wz=+0.050 | front=1.96m
[INFO] [1783540138.814849497] [shared_nav_semantic_explore]: [NAV] step=169 mode=SCANNING fsm=SCANNING phase=EXPLORE_SELECT mode=SCANNING | reason=birth_scanning | safety=birth_scan_vx_zero | cmd=wz=+0.050 | front=1.97m
[INFO] [1783540138.906671176] [shared_nav_semantic_explore]: [NAV] step=170 mode=SCANNING fsm=SCANNING phase=EXPLORE_SELECT mode=SCANNING | reason=birth_scanning | safety=birth_scan_vx_zero | cmd=wz=+0.050 | front=1.97m
[INFO] [1783540139.006336304] [shared_nav_semantic_explore]: [NAV] step=171 mode=SCANNING fsm=SCANNING phase=EXPLORE_SELECT mode=SCANNING | reason=birth_scanning | safety=birth_scan_vx_zero | cmd=wz=+0.050 | front=1.96m
[INFO] [1783540139.104772766] [shared_nav_semantic_explore]: [NAV] step=172 mode=SCANNING fsm=SCANNING phase=EXPLORE_SELECT mode=SCANNING | reason=birth_scanning | safety=birth_scan_vx_zero | cmd=wz=+0.050 | front=1.96m
[INFO] [1783540139.209077930] [shared_nav_semantic_explore]: [NAV] step=173 mode=SCANNING fsm=SCANNING phase=EXPLORE_SELECT mode=SCANNING | reason=birth_scanning | safety=birth_scan_vx_zero | cmd=wz=+0.050 | front=1.98m
[INFO] [1783540139.305672187] [shared_nav_semantic_explore]: [NAV] step=174 mode=SCANNING fsm=SCANNING phase=EXPLORE_SELECT mode=SCANNING | reason=birth_scanning | safety=birth_scan_vx_zero | cmd=wz=+0.050 | front=1.46m
[INFO] [1783540139.412092182] [shared_nav_semantic_explore]: [NAV] step=175 mode=SCANNING fsm=SCANNING phase=EXPLORE_SELECT mode=SCANNING | reason=birth_scanning | safety=birth_scan_vx_zero | cmd=wz=+0.050 | front=1.42m
[INFO] [1783540139.503592903] [shared_nav_semantic_explore]: [NAV] step=176 mode=SCANNING fsm=SCANNING phase=EXPLORE_SELECT mode=SCANNING | reason=birth_scanning | safety=birth_scan_vx_zero | cmd=wz=+0.050 | front=1.39m
[INFO] [1783540139.610481064] [shared_nav_semantic_explore]: [NAV] step=177 mode=SCANNING fsm=SCANNING phase=EXPLORE_SELECT mode=SCANNING | reason=birth_scanning | safety=birth_scan_vx_zero | cmd=wz=+0.050 | front=1.35m
[INFO] [1783540139.721310137] [shared_nav_semantic_explore]: [NAV] step=178 mode=SCANNING fsm=SCANNING phase=EXPLORE_SELECT mode=SCANNING | reason=birth_scanning | safety=birth_scan_vx_zero | cmd=wz=+0.050 | front=1.33m
[INFO] [1783540139.812606650] [shared_nav_semantic_explore]: [NAV] step=179 mode=SCANNING fsm=SCANNING phase=EXPLORE_SELECT mode=SCANNING | reason=birth_scanning | safety=birth_scan_vx_zero | cmd=wz=+0.050 | front=1.31m
[INFO] [1783540139.909944281] [shared_nav_semantic_explore]: [NAV] step=180 mode=SCANNING fsm=SCANNING phase=EXPLORE_SELECT mode=SCANNING | reason=birth_scanning | safety=birth_scan_vx_zero | cmd=wz=+0.050 | front=1.30m
[INFO] [1783540140.022284351] [shared_nav_semantic_explore]: [NAV] step=181 mode=SCANNING fsm=SCANNING phase=EXPLORE_SELECT mode=SCANNING | reason=birth_scanning | safety=birth_scan_vx_zero | cmd=wz=+0.050 | front=1.28m
[INFO] [1783540140.104944125] [shared_nav_semantic_explore]: [NAV] step=182 mode=SCANNING fsm=SCANNING phase=EXPLORE_SELECT mode=SCANNING | reason=birth_scanning | safety=birth_scan_vx_zero | cmd=wz=+0.050 | front=1.26m
[INFO] [1783540140.211995244] [shared_nav_semantic_explore]: [NAV] step=183 mode=SCANNING fsm=SCANNING phase=EXPLORE_SELECT mode=SCANNING | reason=birth_scanning | safety=birth_scan_vx_zero | cmd=wz=+0.050 | front=1.25m
[INFO] [1783540140.304962547] [shared_nav_semantic_explore]: [NAV] step=184 mode=SCANNING fsm=SCANNING phase=EXPLORE_SELECT mode=SCANNING | reason=birth_scanning | safety=birth_scan_vx_zero | cmd=wz=+0.050 | front=1.24m
[INFO] [1783540140.417957076] [shared_nav_semantic_explore]: [NAV] step=185 mode=SCANNING fsm=SCANNING phase=EXPLORE_SELECT mode=SCANNING | reason=birth_scanning | safety=birth_scan_vx_zero | cmd=wz=+0.050 | front=1.23m
[INFO] [1783540140.505398469] [shared_nav_semantic_explore]: [NAV] step=186 mode=SCANNING fsm=SCANNING phase=EXPLORE_SELECT mode=SCANNING | reason=birth_scanning | safety=birth_scan_vx_zero | cmd=wz=+0.050 | front=1.22m
[INFO] [1783540140.611270214] [shared_nav_semantic_explore]: [NAV] step=187 mode=SCANNING fsm=SCANNING phase=EXPLORE_SELECT mode=SCANNING | reason=birth_scanning | safety=birth_scan_vx_zero | cmd=wz=+0.050 | front=1.21m
[INFO] [1783540140.703934726] [shared_nav_semantic_explore]: [NAV] step=188 mode=SCANNING fsm=SCANNING phase=EXPLORE_SELECT mode=SCANNING | reason=birth_scanning | safety=birth_scan_vx_zero | cmd=wz=+0.050 | front=1.21m
[INFO] [1783540140.805292394] [shared_nav_semantic_explore]: [NAV] step=189 mode=SCANNING fsm=SCANNING phase=EXPLORE_SELECT mode=SCANNING | reason=birth_scanning | safety=birth_scan_vx_zero | cmd=wz=+0.050 | front=1.21m
[INFO] [1783540140.911161306] [shared_nav_semantic_explore]: [NAV] step=190 mode=SCANNING fsm=SCANNING phase=EXPLORE_SELECT mode=SCANNING | reason=birth_scanning | safety=birth_scan_vx_zero | cmd=wz=+0.050 | front=1.22m
[INFO] [1783540141.011865099] [shared_nav_semantic_explore]: [NAV] step=191 mode=SCANNING fsm=SCANNING phase=EXPLORE_SELECT mode=SCANNING | reason=birth_scanning | safety=birth_scan_vx_zero | cmd=wz=+0.050 | front=1.21m
[INFO] [1783540141.114073224] [shared_nav_semantic_explore]: [NAV] step=192 mode=SCANNING fsm=SCANNING phase=EXPLORE_SELECT mode=SCANNING | reason=birth_scanning | safety=birth_scan_vx_zero | cmd=wz=+0.050 | front=1.22m
[INFO] [1783540141.203677740] [shared_nav_semantic_explore]: [NAV] step=193 mode=SCANNING fsm=SCANNING phase=EXPLORE_SELECT mode=SCANNING | reason=birth_scanning | safety=birth_scan_vx_zero | cmd=wz=+0.050 | front=1.22m
[INFO] [1783540141.317773392] [shared_nav_semantic_explore]: [NAV] step=194 mode=SCANNING fsm=SCANNING phase=EXPLORE_SELECT mode=SCANNING | reason=birth_scanning | safety=birth_scan_vx_zero | cmd=wz=+0.050 | front=1.22m
[INFO] [1783540141.403737079] [shared_nav_semantic_explore]: [NAV] step=195 mode=SCANNING fsm=SCANNING phase=EXPLORE_SELECT mode=SCANNING | reason=birth_scanning | safety=birth_scan_vx_zero | cmd=wz=+0.050 | front=1.22m
[INFO] [1783540141.503752665] [shared_nav_semantic_explore]: [NAV] step=196 mode=SCANNING fsm=SCANNING phase=EXPLORE_SELECT mode=SCANNING | reason=birth_scanning | safety=birth_scan_vx_zero | cmd=wz=+0.050 | front=1.22m
[INFO] [1783540141.616978651] [shared_nav_semantic_explore]: [NAV] step=197 mode=SCANNING fsm=SCANNING phase=EXPLORE_SELECT mode=SCANNING | reason=birth_scanning | safety=birth_scan_vx_zero | cmd=wz=+0.050 | front=1.22m
[INFO] [1783540141.709015539] [shared_nav_semantic_explore]: [NAV] step=198 mode=SCANNING fsm=SCANNING phase=EXPLORE_SELECT mode=SCANNING | reason=birth_scanning | safety=birth_scan_vx_zero | cmd=wz=+0.050 | front=1.22m
[INFO] [1783540141.804386839] [shared_nav_semantic_explore]: [NAV] step=199 mode=SCANNING fsm=SCANNING phase=EXPLORE_SELECT mode=SCANNING | reason=birth_scanning | safety=birth_scan_vx_zero | cmd=wz=+0.050 | front=1.22m
[INFO] [1783540141.914873329] [shared_nav_semantic_explore]: [NAV] step=200 mode=SCANNING fsm=SCANNING phase=EXPLORE_SELECT mode=SCANNING | reason=birth_scanning | safety=birth_scan_vx_zero | cmd=wz=+0.050 | front=1.22m
[INFO] [1783540142.007951049] [shared_nav_semantic_explore]: [NAV] step=201 mode=SCANNING fsm=SCANNING phase=EXPLORE_SELECT mode=SCANNING | reason=birth_scanning | safety=birth_scan_vx_zero | cmd=wz=+0.050 | front=1.23m
[INFO] [1783540142.103732848] [shared_nav_semantic_explore]: [NAV] step=202 mode=SCANNING fsm=SCANNING phase=EXPLORE_SELECT mode=SCANNING | reason=birth_scanning | safety=birth_scan_vx_zero | cmd=wz=+0.050 | front=1.23m
[INFO] [1783540142.215494795] [shared_nav_semantic_explore]: [NAV] step=203 mode=SCANNING fsm=SCANNING phase=EXPLORE_SELECT mode=SCANNING | reason=birth_scanning | safety=birth_scan_vx_zero | cmd=wz=+0.050 | front=1.23m
[INFO] [1783540142.310214638] [shared_nav_semantic_explore]: [NAV] step=204 mode=SCANNING fsm=SCANNING phase=EXPLORE_SELECT mode=SCANNING | reason=birth_scanning | safety=birth_scan_vx_zero | cmd=wz=+0.050 | front=1.23m
[INFO] [1783540142.411201056] [shared_nav_semantic_explore]: [NAV] step=205 mode=SCANNING fsm=SCANNING phase=EXPLORE_SELECT mode=SCANNING | reason=birth_scanning | safety=birth_scan_vx_zero | cmd=wz=+0.050 | front=1.23m
[INFO] [1783540142.510456393] [shared_nav_semantic_explore]: [NAV] step=206 mode=SCANNING fsm=SCANNING phase=EXPLORE_SELECT mode=SCANNING | reason=birth_scanning | safety=birth_scan_vx_zero | cmd=wz=+0.050 | front=1.23m
[INFO] [1783540142.607984983] [shared_nav_semantic_explore]: [NAV] step=207 mode=SCANNING fsm=SCANNING phase=EXPLORE_SELECT mode=SCANNING | reason=birth_scanning | safety=birth_scan_vx_zero | cmd=wz=+0.050 | front=1.24m
[INFO] [1783540142.704199740] [shared_nav_semantic_explore]: [NAV] step=208 mode=SCANNING fsm=SCANNING phase=EXPLORE_SELECT mode=SCANNING | reason=birth_scanning | safety=birth_scan_vx_zero | cmd=wz=+0.050 | front=1.24m
[INFO] [1783540142.809864695] [shared_nav_semantic_explore]: [NAV] step=209 mode=SCANNING fsm=SCANNING phase=EXPLORE_SELECT mode=SCANNING | reason=birth_scanning | safety=birth_scan_vx_zero | cmd=wz=+0.050 | front=1.27m
[INFO] [1783540142.907773450] [shared_nav_semantic_explore]: [NAV] step=210 mode=SCANNING fsm=SCANNING phase=EXPLORE_SELECT mode=SCANNING | reason=birth_scanning | safety=birth_scan_vx_zero | cmd=wz=+0.050 | front=1.28m
[INFO] [1783540143.003477375] [shared_nav_semantic_explore]: [NAV] step=211 mode=SCANNING fsm=SCANNING phase=EXPLORE_SELECT mode=SCANNING | reason=birth_scanning | safety=birth_scan_vx_zero | cmd=wz=+0.050 | front=1.29m
[INFO] [1783540143.108196080] [shared_nav_semantic_explore]: [NAV] step=212 mode=SCANNING fsm=SCANNING phase=EXPLORE_SELECT mode=SCANNING | reason=birth_scanning | safety=birth_scan_vx_zero | cmd=wz=+0.050 | front=1.31m
[INFO] [1783540143.210491706] [shared_nav_semantic_explore]: [NAV] step=213 mode=CANDIDATE_LOCK fsm=CANDIDATE_LOCK phase=EXPLORE_SELECT mode=CANDIDATE_LOCK | reason=candidate_forward_steer | safety=birth_scan_vx_zero | search_mode=visual_handoff | cmd=vx=+0.050,wz=+0.030 | front=1.34m
[INFO] [1783540143.324717275] [shared_nav_semantic_explore]: [NAV] step=214 mode=CANDIDATE_LOCK fsm=CANDIDATE_LOCK phase=EXPLORE_SELECT mode=CANDIDATE_LOCK | reason=candidate_forward_steer | search_mode=visual_handoff | cmd=vx=+0.050,wz=+0.030 | front=1.35m
[INFO] [1783540143.412976584] [shared_nav_semantic_explore]: [NAV] step=215 mode=TRACK fsm=TRACK phase=EXPLORE_SELECT mode=TRACK | reason=FORWARD_STEER | search_mode=visual_handoff | cmd=vx=+0.050,wz=+0.026 | front=1.35m
[INFO] [1783540143.510923047] [shared_nav_semantic_explore]: [NAV] step=216 mode=TRACK fsm=TRACK phase=EXPLORE_SELECT mode=TRACK | reason=FORWARD_STEER | search_mode=visual_handoff | cmd=vx=+0.050,wz=+0.020 | front=1.45m
[INFO] [1783540143.610583718] [shared_nav_semantic_explore]: [NAV] step=217 mode=TRACK fsm=TRACK phase=EXPLORE_SELECT mode=TRACK | reason=FORWARD_STEER | search_mode=visual_handoff | cmd=vx=+0.050,wz=+0.020 | front=1.45m
[INFO] [1783540143.718160711] [shared_nav_semantic_explore]: [NAV] step=218 mode=TRACK fsm=TRACK phase=EXPLORE_SELECT mode=TRACK | reason=FORWARD_STEER | search_mode=visual_handoff | cmd=vx=+0.050,wz=+0.019 | front=1.49m
[INFO] [1783540143.811056140] [shared_nav_semantic_explore]: [NAV] step=219 mode=TRACK fsm=TRACK phase=EXPLORE_SELECT mode=TRACK | reason=FORWARD_STEER | search_mode=visual_handoff | cmd=vx=+0.050,wz=+0.016 | front=1.53m
[INFO] [1783540143.911174476] [shared_nav_semantic_explore]: [NAV] step=220 mode=TRACK fsm=TRACK phase=EXPLORE_SELECT mode=TRACK | reason=FORWARD_STEER | search_mode=visual_handoff | cmd=vx=+0.050,wz=+0.016 | front=2.16m
[INFO] [1783540144.011893186] [shared_nav_semantic_explore]: [NAV] step=221 mode=TRACK fsm=TRACK phase=EXPLORE_SELECT mode=TRACK | reason=FORWARD_STEER | search_mode=visual_handoff | cmd=vx=+0.050,wz=+0.011 | front=2.16m
[INFO] [1783540144.109907275] [shared_nav_semantic_explore]: [NAV] step=222 mode=TRACK fsm=TRACK phase=EXPLORE_SELECT mode=TRACK | reason=FORWARD | search_mode=visual_handoff | cmd=vx=+0.060 | front=2.16m
[INFO] [1783540144.225531676] [shared_nav_semantic_explore]: [NAV] step=223 mode=TRACK fsm=TRACK phase=EXPLORE_SELECT mode=TRACK | reason=FORWARD | search_mode=visual_handoff | cmd=vx=+0.060 | front=2.16m
[INFO] [1783540144.307629243] [shared_nav_semantic_explore]: [NAV] step=224 mode=TRACK fsm=TRACK phase=EXPLORE_SELECT mode=TRACK | reason=FORWARD | search_mode=visual_handoff | cmd=vx=+0.060 | front=2.14m
[INFO] [1783540144.414606570] [shared_nav_semantic_explore]: [NAV] step=225 mode=TRACK fsm=TRACK phase=EXPLORE_SELECT mode=TRACK | reason=FORWARD | search_mode=visual_handoff | cmd=vx=+0.060 | front=2.28m
[INFO] [1783540144.529459556] [shared_nav_semantic_explore]: [NAV] step=226 mode=TRACK fsm=TRACK phase=EXPLORE_SELECT mode=TRACK | reason=FORWARD | search_mode=visual_handoff | cmd=vx=+0.060 | front=2.15m
[INFO] [1783540144.622048859] [shared_nav_semantic_explore]: [NAV] step=227 mode=TRACK fsm=TRACK phase=EXPLORE_SELECT mode=TRACK | reason=FORWARD | search_mode=visual_handoff | cmd=vx=+0.060 | front=2.12m
[INFO] [1783540144.715757287] [shared_nav_semantic_explore]: [NAV] step=228 mode=TRACK fsm=TRACK phase=EXPLORE_SELECT mode=TRACK | reason=FORWARD | search_mode=visual_handoff | cmd=vx=+0.060 | front=2.19m
[INFO] [1783540144.808976840] [shared_nav_semantic_explore]: [NAV] step=229 mode=TRACK fsm=TRACK phase=EXPLORE_SELECT mode=TRACK | reason=FORWARD | search_mode=visual_handoff | cmd=vx=+0.060 | front=2.11m
[INFO] [1783540144.915716126] [shared_nav_semantic_explore]: [NAV] step=230 mode=TRACK fsm=TRACK phase=EXPLORE_SELECT mode=TRACK | reason=FORWARD_STEER | search_mode=visual_handoff | cmd=vx=+0.050,wz=-0.011 | front=2.12m
[INFO] [1783540145.010295636] [shared_nav_semantic_explore]: [NAV] step=231 mode=TRACK fsm=TRACK phase=EXPLORE_SELECT mode=TRACK | reason=FORWARD_STEER | search_mode=visual_handoff | cmd=vx=+0.050,wz=-0.011 | front=2.09m
[INFO] [1783540145.111217388] [shared_nav_semantic_explore]: [NAV] step=232 mode=TRACK fsm=TRACK phase=EXPLORE_SELECT mode=TRACK | reason=FORWARD_STEER | search_mode=visual_handoff | cmd=vx=+0.050,wz=-0.018 | front=2.11m
[INFO] [1783540145.212618806] [shared_nav_semantic_explore]: [NAV] step=233 mode=TRACK fsm=TRACK phase=EXPLORE_SELECT mode=TRACK | reason=FORWARD_STEER | search_mode=visual_handoff | cmd=vx=+0.050,wz=-0.018 | front=2.09m
[INFO] [1783540145.317602304] [shared_nav_semantic_explore]: [NAV] step=234 mode=TRACK fsm=TRACK phase=EXPLORE_SELECT mode=TRACK | reason=FORWARD_STEER | search_mode=visual_handoff | cmd=vx=+0.050,wz=-0.018 | front=2.07m
[INFO] [1783540145.411968897] [shared_nav_semantic_explore]: [NAV] step=235 mode=TRACK fsm=TRACK phase=EXPLORE_SELECT mode=TRACK | reason=FORWARD_STEER | search_mode=visual_handoff | cmd=vx=+0.050,wz=-0.026 | front=2.08m
[INFO] [1783540145.530755836] [shared_nav_semantic_explore]: [NAV] step=236 mode=TRACK fsm=TRACK phase=EXPLORE_SELECT mode=TRACK | reason=FORWARD_STEER | search_mode=visual_handoff | cmd=vx=+0.050,wz=-0.026 | front=2.08m
[INFO] [1783540145.626917260] [shared_nav_semantic_explore]: [NAV] step=237 mode=TRACK fsm=TRACK phase=EXPLORE_SELECT mode=TRACK | reason=FORWARD_STEER | search_mode=visual_handoff | cmd=vx=+0.050,wz=-0.028 | front=2.03m
[INFO] [1783540145.711129366] [shared_nav_semantic_explore]: [NAV] step=238 mode=TRACK fsm=TRACK phase=EXPLORE_SELECT mode=TRACK | reason=FORWARD_STEER | search_mode=visual_handoff | cmd=vx=+0.050,wz=-0.028 | front=2.03m
[INFO] [1783540145.827650433] [shared_nav_semantic_explore]: [NAV] step=239 mode=TRACK fsm=TRACK phase=EXPLORE_SELECT mode=TRACK | reason=FORWARD_STEER | search_mode=visual_handoff | cmd=vx=+0.050,wz=-0.029 | front=2.02m
[INFO] [1783540145.911867080] [shared_nav_semantic_explore]: [NAV] step=240 mode=TRACK fsm=TRACK phase=EXPLORE_SELECT mode=TRACK | reason=FORWARD_STEER | search_mode=visual_handoff | cmd=vx=+0.050,wz=-0.029 | front=1.99m
[INFO] [1783540146.021358863] [shared_nav_semantic_explore]: [NAV] step=241 mode=TRACK fsm=TRACK phase=EXPLORE_SELECT mode=TRACK | reason=FORWARD_STEER | search_mode=visual_handoff | cmd=vx=+0.050,wz=-0.029 | front=1.97m
[INFO] [1783540146.120904659] [shared_nav_semantic_explore]: [NAV] step=242 mode=TRACK fsm=TRACK phase=EXPLORE_SELECT mode=TRACK | reason=FORWARD_STEER | search_mode=visual_handoff | cmd=vx=+0.050,wz=-0.029 | front=1.97m
[INFO] [1783540146.221256120] [shared_nav_semantic_explore]: [NAV] step=243 mode=TRACK fsm=TRACK phase=EXPLORE_SELECT mode=TRACK | reason=FORWARD_STEER | search_mode=visual_handoff | cmd=vx=+0.050,wz=-0.028 | front=2.03m
[INFO] [1783540146.317841419] [shared_nav_semantic_explore]: [NAV] step=244 mode=TRACK fsm=TRACK phase=EXPLORE_SELECT mode=TRACK | reason=FORWARD_STEER | search_mode=visual_handoff | cmd=vx=+0.050,wz=-0.028 | front=1.30m
[INFO] [1783540146.424784539] [shared_nav_semantic_explore]: [NAV] step=245 mode=TRACK fsm=TRACK phase=EXPLORE_SELECT mode=TRACK | reason=FORWARD_STEER | search_mode=visual_handoff | cmd=vx=+0.050,wz=-0.024 | front=1.25m
[INFO] [1783540146.530558661] [shared_nav_semantic_explore]: [NAV] step=246 mode=TRACK fsm=TRACK phase=EXPLORE_SELECT mode=TRACK | reason=FORWARD_STEER | search_mode=visual_handoff | cmd=vx=+0.050,wz=-0.023 | front=1.17m
[INFO] [1783540146.623418798] [shared_nav_semantic_explore]: [NAV] step=247 mode=TRACK fsm=TRACK phase=EXPLORE_SELECT mode=TRACK | reason=FORWARD_STEER | search_mode=visual_handoff | cmd=vx=+0.050,wz=-0.023 | front=1.14m
[INFO] [1783540146.720559429] [shared_nav_semantic_explore]: [NAV] step=248 mode=TRACK fsm=TRACK phase=EXPLORE_SELECT mode=TRACK | reason=FORWARD_STEER | search_mode=visual_handoff | cmd=vx=+0.050,wz=-0.017 | front=1.10m
[INFO] [1783540146.811010903] [shared_nav_semantic_explore]: [NAV] step=249 mode=TRACK fsm=TRACK phase=EXPLORE_SELECT mode=TRACK | reason=FORWARD_STEER | search_mode=visual_handoff | cmd=vx=+0.050,wz=-0.017 | front=1.09m
[INFO] [1783540146.917795648] [shared_nav_semantic_explore]: [NAV] step=250 mode=TRACK fsm=TRACK phase=EXPLORE_SELECT mode=TRACK | reason=FORWARD_STEER | search_mode=visual_handoff | cmd=vx=+0.050,wz=-0.012 | front=1.05m
[INFO] [1783540147.009727494] [shared_nav_semantic_explore]: [NAV] step=251 mode=TRACK fsm=TRACK phase=EXPLORE_SELECT mode=TRACK | reason=FORWARD_STEER | search_mode=visual_handoff | cmd=vx=+0.050,wz=-0.012 | front=1.03m
[INFO] [1783540147.146281537] [shared_nav_semantic_explore]: [NAV] step=252 mode=TRACK fsm=TRACK phase=EXPLORE_SELECT mode=TRACK | reason=FORWARD_STEER | search_mode=visual_handoff | cmd=vx=+0.050 | front=1.03m
[INFO] [1783540147.208379544] [shared_nav_semantic_explore]: [NAV] step=253 mode=TRACK fsm=TRACK phase=EXPLORE_SELECT mode=TRACK | reason=FORWARD | search_mode=visual_handoff | cmd=vx=+0.060 | front=1.01m
[INFO] [1783540147.311432544] [shared_nav_semantic_explore]: [NAV] step=254 mode=TRACK fsm=TRACK phase=EXPLORE_SELECT mode=TRACK | reason=FORWARD | search_mode=visual_handoff | cmd=vx=+0.060 | front=0.99m
[INFO] [1783540147.415078710] [shared_nav_semantic_explore]: [NAV] step=255 mode=TRACK fsm=TRACK phase=EXPLORE_SELECT mode=TRACK | reason=FORWARD | search_mode=visual_handoff | cmd=vx=+0.060 | front=0.98m
[INFO] [1783540147.506868515] [shared_nav_semantic_explore]: [NAV] step=256 mode=TRACK fsm=TRACK phase=EXPLORE_SELECT mode=TRACK | reason=FORWARD | search_mode=visual_handoff | cmd=vx=+0.060 | front=0.95m
[INFO] [1783540147.610606097] [shared_nav_semantic_explore]: [NAV] step=257 mode=TRACK fsm=TRACK phase=EXPLORE_SELECT mode=TRACK | reason=FORWARD_STEER | search_mode=visual_handoff | cmd=vx=+0.050 | front=0.95m
[INFO] [1783540147.716716427] [shared_nav_semantic_explore]: [NAV] step=258 mode=TRACK fsm=TRACK phase=EXPLORE_SELECT mode=TRACK | reason=FORWARD_STEER | search_mode=visual_handoff | cmd=vx=+0.050 | front=0.94m
[INFO] [1783540147.809322522] [shared_nav_semantic_explore]: [NAV] step=259 mode=TRACK fsm=TRACK phase=EXPLORE_SELECT mode=TRACK | reason=FORWARD_STEER | search_mode=visual_handoff | cmd=vx=+0.050,wz=+0.011 | front=0.93m
[INFO] [1783540147.919933430] [shared_nav_semantic_explore]: [NAV] step=260 mode=TRACK fsm=TRACK phase=EXPLORE_SELECT mode=TRACK | reason=FORWARD_STEER | search_mode=visual_handoff | cmd=vx=+0.050,wz=+0.026 | front=0.92m
[INFO] [1783540148.037083829] [shared_nav_semantic_explore]: [NAV] step=261 mode=TRACK fsm=TRACK phase=EXPLORE_SELECT mode=TRACK | reason=FORWARD_STEER | search_mode=visual_handoff | cmd=vx=+0.050,wz=+0.026 | front=0.92m
[INFO] [1783540148.128581801] [shared_nav_semantic_explore]: [NAV] step=262 mode=TRACK fsm=TRACK phase=EXPLORE_SELECT mode=TRACK | reason=FORWARD_STEER | search_mode=visual_handoff | cmd=vx=+0.050,wz=+0.023 | front=0.91m
[INFO] [1783540148.224618434] [shared_nav_semantic_explore]: [NAV] step=263 mode=TRACK fsm=TRACK phase=EXPLORE_SELECT mode=TRACK | reason=TURN_ONLY | search_mode=visual_handoff | cmd=wz=+0.034 | front=0.90m
[INFO] [1783540148.307415084] [shared_nav_semantic_explore]: [NAV] step=264 mode=TRACK fsm=TRACK phase=EXPLORE_SELECT mode=TRACK | reason=TURN_ONLY | search_mode=visual_handoff | cmd=wz=+0.034 | front=0.89m
[INFO] [1783540148.424499858] [shared_nav_semantic_explore]: [NAV] step=265 mode=TRACK fsm=TRACK phase=EXPLORE_SELECT mode=TRACK | reason=TURN_ONLY | search_mode=visual_handoff | cmd=wz=+0.034 | front=0.88m
[INFO] [1783540148.538610845] [shared_nav_semantic_explore]: [NAV] step=266 mode=TRACK fsm=TRACK phase=EXPLORE_SELECT mode=TRACK | reason=TURN_ONLY | search_mode=visual_handoff | cmd=wz=+0.034 | front=0.87m
[INFO] [1783540148.649123544] [shared_nav_semantic_explore]: [NAV] step=267 mode=TRACK fsm=TRACK phase=EXPLORE_SELECT mode=TRACK | reason=TURN_ONLY | search_mode=visual_handoff | cmd=wz=+0.034 | front=0.87m
[INFO] [1783540148.742258889] [shared_nav_semantic_explore]: [NAV] step=268 mode=TRACK fsm=TRACK phase=EXPLORE_SELECT mode=TRACK | reason=TURN_ONLY | search_mode=visual_handoff | cmd=wz=+0.034 | front=0.86m
[INFO] [1783540148.855796251] [shared_nav_semantic_explore]: [NAV] step=269 mode=TRACK fsm=TRACK phase=EXPLORE_SELECT mode=TRACK | reason=TURN_ONLY | search_mode=visual_handoff | cmd=wz=+0.034 | front=0.86m
[INFO] [1783540148.927171123] [shared_nav_semantic_explore]: [NAV] step=270 mode=TRACK fsm=TRACK phase=EXPLORE_SELECT mode=TRACK | reason=track_recent_target_servo | search_mode=visual_handoff | cmd=wz=+0.034 | front=0.85m
[INFO] [1783540149.012102811] [shared_nav_semantic_explore]: [NAV] step=271 mode=TRACK fsm=TRACK phase=EXPLORE_SELECT mode=TRACK | reason=track_recent_target_servo | search_mode=visual_handoff | cmd=wz=+0.034 | front=0.85m
[INFO] [1783540149.107519362] [shared_nav_semantic_explore]: [NAV] step=272 mode=TRACK fsm=TRACK phase=EXPLORE_SELECT mode=TRACK | reason=track_recent_target_servo | search_mode=visual_handoff | cmd=wz=+0.034 | front=0.85m
[INFO] [1783540149.209986405] [shared_nav_semantic_explore]: [NAV] step=273 mode=TRACK fsm=TRACK phase=EXPLORE_SELECT mode=TRACK | reason=track_recent_target_servo | search_mode=visual_handoff | cmd=wz=+0.034 | front=0.85m
[INFO] [1783540149.308953410] [shared_nav_semantic_explore]: [NAV] step=274 mode=TRACK fsm=TRACK phase=EXPLORE_SELECT mode=TRACK | reason=track_recent_target_servo | search_mode=visual_handoff | cmd=wz=+0.034 | front=0.85m
[INFO] [1783540149.408044539] [shared_nav_semantic_explore]: [NAV] step=275 mode=TRACK fsm=TRACK phase=EXPLORE_SELECT mode=TRACK | reason=track_recent_target_servo | search_mode=visual_handoff | cmd=wz=+0.034 | front=0.86m
[INFO] [1783540149.514530994] [shared_nav_semantic_explore]: [NAV] step=276 mode=TRACK fsm=TRACK phase=EXPLORE_SELECT mode=TRACK | reason=track_lost_wait | search_mode=visual_handoff | cmd=stop | front=0.86m
[INFO] [1783540149.613601290] [shared_nav_semantic_explore]: [NAV] step=277 mode=TRACK fsm=TRACK phase=EXPLORE_SELECT mode=TRACK | reason=track_lost_wait | search_mode=visual_handoff | cmd=stop | front=0.87m
[INFO] [1783540149.716806248] [shared_nav_semantic_explore]: [NAV] step=278 mode=TRACK fsm=TRACK phase=EXPLORE_SELECT mode=TRACK | reason=track_lost_wait | search_mode=visual_handoff | cmd=stop | front=0.87m
[INFO] [1783540149.809527511] [shared_nav_semantic_explore]: [NAV] step=279 mode=TRACK fsm=TRACK phase=EXPLORE_SELECT mode=TRACK | reason=track_lost_wait | search_mode=visual_handoff | cmd=stop | front=0.87m
[INFO] [1783540149.905465728] [shared_nav_semantic_explore]: [NAV] step=280 mode=LOST_RECOVERY fsm=LOST_RECOVERY phase=EXPLORE_SELECT mode=LOST_RECOVERY | reason=lost_recovery_semantic_explore_idle_wait | search_mode=visual_handoff | cmd=stop | front=0.87m
[INFO] [1783540150.012227806] [shared_nav_semantic_explore]: [NAV] step=281 mode=LOST_RECOVERY fsm=LOST_RECOVERY phase=EXPLORE_SELECT mode=LOST_RECOVERY | reason=lost_recovery_semantic_explore_idle_wait | search_mode=visual_handoff | cmd=stop | front=0.87m
[INFO] [1783540150.110717062] [shared_nav_semantic_explore]: [NAV] step=282 mode=LOST_RECOVERY fsm=LOST_RECOVERY phase=EXPLORE_SELECT mode=LOST_RECOVERY | reason=lost_recovery_semantic_explore_idle_wait | search_mode=visual_handoff | cmd=stop | front=0.87m
[INFO] [1783540150.208051152] [shared_nav_semantic_explore]: [NAV] step=283 mode=LOST_RECOVERY fsm=LOST_RECOVERY phase=EXPLORE_SELECT mode=LOST_RECOVERY | reason=lost_recovery_semantic_explore_idle_wait | search_mode=visual_handoff | cmd=stop | front=0.87m
[INFO] [1783540150.312786942] [shared_nav_semantic_explore]: [NAV] step=284 mode=CANDIDATE_LOCK fsm=CANDIDATE_LOCK phase=EXPLORE_SELECT mode=CANDIDATE_LOCK | reason=candidate_turn_only | search_mode=visual_handoff | cmd=wz=+0.033 | front=0.87m
[INFO] [1783540150.413841570] [shared_nav_semantic_explore]: [NAV] step=285 mode=CANDIDATE_LOCK fsm=CANDIDATE_LOCK phase=EXPLORE_SELECT mode=CANDIDATE_LOCK | reason=candidate_turn_only | search_mode=visual_handoff | cmd=wz=+0.033 | front=0.87m
[INFO] [1783540150.506360582] [shared_nav_semantic_explore]: [NAV] step=286 mode=TRACK fsm=TRACK phase=EXPLORE_SELECT mode=TRACK | reason=FORWARD_STEER | search_mode=visual_handoff | cmd=vx=+0.050,wz=+0.030 | front=0.87m
[INFO] [1783540150.606808461] [shared_nav_semantic_explore]: [NAV] step=287 mode=TRACK fsm=TRACK phase=EXPLORE_SELECT mode=TRACK | reason=FORWARD_STEER | search_mode=visual_handoff | cmd=vx=+0.050,wz=+0.027 | front=0.87m
[INFO] [1783540150.715640870] [shared_nav_semantic_explore]: [NAV] step=288 mode=TRACK fsm=TRACK phase=EXPLORE_SELECT mode=TRACK | reason=FORWARD_STEER | search_mode=visual_handoff | cmd=vx=+0.050,wz=+0.027 | front=0.87m
[INFO] [1783540150.808269050] [shared_nav_semantic_explore]: [NAV] step=289 mode=TRACK fsm=TRACK phase=EXPLORE_SELECT mode=TRACK | reason=FORWARD_STEER | search_mode=visual_handoff | cmd=vx=+0.050,wz=+0.026 | front=0.87m
[INFO] [1783540150.909284011] [shared_nav_semantic_explore]: [NAV] step=290 mode=TRACK fsm=TRACK phase=EXPLORE_SELECT mode=TRACK | reason=FORWARD_STEER | search_mode=visual_handoff | cmd=vx=+0.050,wz=+0.026 | front=0.86m
[INFO] [1783540151.010919596] [shared_nav_semantic_explore]: [NAV] step=291 mode=TRACK fsm=TRACK phase=EXPLORE_SELECT mode=TRACK | reason=FORWARD_STEER | search_mode=visual_handoff | cmd=vx=+0.050,wz=+0.026 | front=0.86m
[INFO] [1783540151.108816769] [shared_nav_semantic_explore]: [NAV] step=292 mode=TRACK fsm=TRACK phase=EXPLORE_SELECT mode=TRACK | reason=FORWARD_STEER | search_mode=visual_handoff | cmd=vx=+0.050,wz=+0.026 | front=0.86m
[INFO] [1783540151.214463891] [shared_nav_semantic_explore]: [NAV] step=293 mode=TRACK fsm=TRACK phase=EXPLORE_SELECT mode=TRACK | reason=FORWARD_STEER | search_mode=visual_handoff | cmd=vx=+0.050,wz=+0.026 | front=0.85m
[INFO] [1783540151.309196943] [shared_nav_semantic_explore]: [NAV] step=294 mode=TRACK fsm=TRACK phase=EXPLORE_SELECT mode=TRACK | reason=FORWARD_STEER | search_mode=visual_handoff | cmd=vx=+0.050,wz=+0.026 | front=0.85m
[INFO] [1783540151.414853940] [shared_nav_semantic_explore]: [NAV] step=295 mode=TRACK fsm=TRACK phase=EXPLORE_SELECT mode=TRACK | reason=FORWARD_STEER | search_mode=visual_handoff | cmd=vx=+0.050,wz=+0.026 | front=0.85m
[INFO] [1783540151.506669829] [shared_nav_semantic_explore]: [NAV] step=296 mode=TRACK fsm=TRACK phase=EXPLORE_SELECT mode=TRACK | reason=FORWARD_STEER | search_mode=visual_handoff | cmd=vx=+0.050,wz=+0.026 | front=0.85m
[INFO] [1783540151.619741358] [shared_nav_semantic_explore]: [NAV] step=297 mode=TRACK fsm=TRACK phase=EXPLORE_SELECT mode=TRACK | reason=FORWARD_STEER | search_mode=visual_handoff | cmd=vx=+0.050,wz=+0.026 | front=0.85m
[INFO] [1783540151.717253699] [shared_nav_semantic_explore]: [NAV] step=298 mode=TRACK fsm=TRACK phase=EXPLORE_SELECT mode=TRACK | reason=FORWARD_STEER | search_mode=visual_handoff | cmd=vx=+0.050,wz=+0.027 | front=0.85m
[INFO] [1783540151.813731290] [shared_nav_semantic_explore]: [NAV] step=299 mode=TRACK fsm=TRACK phase=EXPLORE_SELECT mode=TRACK | reason=FORWARD_STEER | search_mode=visual_handoff | cmd=vx=+0.050,wz=+0.029 | front=0.85m
[INFO] [1783540151.910439548] [shared_nav_semantic_explore]: [NAV] step=300 mode=TRACK fsm=TRACK phase=EXPLORE_SELECT mode=TRACK | reason=FORWARD_STEER | search_mode=visual_handoff | cmd=vx=+0.050,wz=+0.029 | front=0.85m
[INFO] [1783540152.007860347] [shared_nav_semantic_explore]: [NAV] step=301 mode=TRACK fsm=TRACK phase=EXPLORE_SELECT mode=TRACK | reason=TURN_ONLY | search_mode=visual_handoff | cmd=wz=+0.031 | front=0.86m
[INFO] [1783540152.113341427] [shared_nav_semantic_explore]: [NAV] step=302 mode=TRACK fsm=TRACK phase=EXPLORE_SELECT mode=TRACK | reason=TURN_ONLY | search_mode=visual_handoff | cmd=wz=+0.031 | front=0.87m
[INFO] [1783540152.207074314] [shared_nav_semantic_explore]: [NAV] step=303 mode=TRACK fsm=TRACK phase=EXPLORE_SELECT mode=TRACK | reason=TURN_ONLY | search_mode=visual_handoff | cmd=wz=+0.032 | front=0.87m
[INFO] [1783540152.322652049] [shared_nav_semantic_explore]: [NAV] step=304 mode=TRACK fsm=TRACK phase=EXPLORE_SELECT mode=TRACK | reason=TURN_ONLY | search_mode=visual_handoff | cmd=wz=+0.032 | front=0.87m
[INFO] [1783540152.406570614] [shared_nav_semantic_explore]: [NAV] step=305 mode=TRACK fsm=TRACK phase=EXPLORE_SELECT mode=TRACK | reason=TURN_ONLY | search_mode=visual_handoff | cmd=wz=+0.032 | front=0.87m
[INFO] [1783540152.519919935] [shared_nav_semantic_explore]: [NAV] step=306 mode=TRACK fsm=TRACK phase=EXPLORE_SELECT mode=TRACK | reason=TURN_ONLY | search_mode=visual_handoff | cmd=wz=+0.031 | front=0.87m
[INFO] [1783540152.616575860] [shared_nav_semantic_explore]: [NAV] step=307 mode=TRACK fsm=TRACK phase=EXPLORE_SELECT mode=TRACK | reason=TURN_ONLY | search_mode=visual_handoff | cmd=wz=+0.031 | front=0.87m
[INFO] [1783540152.716410031] [shared_nav_semantic_explore]: [NAV] step=308 mode=TRACK fsm=TRACK phase=EXPLORE_SELECT mode=TRACK | reason=TURN_ONLY | search_mode=visual_handoff | cmd=wz=+0.030 | front=0.87m
[INFO] [1783540152.815798286] [shared_nav_semantic_explore]: [NAV] step=309 mode=TRACK fsm=TRACK phase=EXPLORE_SELECT mode=TRACK | reason=TURN_ONLY | search_mode=visual_handoff | cmd=wz=+0.030 | front=0.87m
[INFO] [1783540152.910915629] [shared_nav_semantic_explore]: [NAV] step=310 mode=TRACK fsm=TRACK phase=EXPLORE_SELECT mode=TRACK | reason=FORWARD_STEER | search_mode=visual_handoff | cmd=vx=+0.050,wz=+0.029 | front=0.87m
[INFO] [1783540153.012016507] [shared_nav_semantic_explore]: [NAV] step=311 mode=TRACK fsm=TRACK phase=EXPLORE_SELECT mode=TRACK | reason=FORWARD_STEER | search_mode=visual_handoff | cmd=vx=+0.050,wz=+0.029 | front=0.87m
[INFO] [1783540153.106552559] [shared_nav_semantic_explore]: [NAV] step=312 mode=TRACK fsm=TRACK phase=EXPLORE_SELECT mode=TRACK | reason=FORWARD_STEER | search_mode=visual_handoff | cmd=vx=+0.050,wz=+0.026 | front=0.87m
[INFO] [1783540153.222028503] [shared_nav_semantic_explore]: [NAV] step=313 mode=TRACK fsm=TRACK phase=EXPLORE_SELECT mode=TRACK | reason=FORWARD_STEER | search_mode=visual_handoff | cmd=vx=+0.050,wz=+0.026 | front=0.87m
[INFO] [1783540153.326932834] [shared_nav_semantic_explore]: [NAV] step=314 mode=TRACK fsm=TRACK phase=EXPLORE_SELECT mode=TRACK | reason=FORWARD_STEER | search_mode=visual_handoff | cmd=vx=+0.050,wz=+0.026 | front=0.87m
[INFO] [1783540153.409277985] [shared_nav_semantic_explore]: [NAV] step=315 mode=TRACK fsm=TRACK phase=EXPLORE_SELECT mode=TRACK | reason=FORWARD_STEER | search_mode=visual_handoff | cmd=vx=+0.050,wz=+0.026 | front=0.87m
[INFO] [1783540153.510846445] [shared_nav_semantic_explore]: [NAV] step=316 mode=TRACK fsm=TRACK phase=EXPLORE_SELECT mode=TRACK | reason=FORWARD_STEER | search_mode=visual_handoff | cmd=vx=+0.050,wz=+0.026 | front=0.88m
[INFO] [1783540153.607797370] [shared_nav_semantic_explore]: [NAV] step=317 mode=TRACK fsm=TRACK phase=EXPLORE_SELECT mode=TRACK | reason=FORWARD_STEER | search_mode=visual_handoff | cmd=vx=+0.050,wz=+0.026 | front=0.88m
[INFO] [1783540153.710854870] [shared_nav_semantic_explore]: [NAV] step=318 mode=TRACK fsm=TRACK phase=EXPLORE_SELECT mode=TRACK | reason=FORWARD_STEER | search_mode=visual_handoff | cmd=vx=+0.050,wz=+0.026 | front=0.86m
[INFO] [1783540153.808285211] [shared_nav_semantic_explore]: [NAV] step=319 mode=TRACK fsm=TRACK phase=EXPLORE_SELECT mode=TRACK | reason=FORWARD_STEER | search_mode=visual_handoff | cmd=vx=+0.050,wz=+0.026 | front=0.86m
[INFO] [1783540153.911637836] [shared_nav_semantic_explore]: [NAV] step=320 mode=TRACK fsm=TRACK phase=EXPLORE_SELECT mode=TRACK | reason=FORWARD_STEER | search_mode=visual_handoff | cmd=vx=+0.050,wz=+0.026 | front=0.88m
[INFO] [1783540154.028138820] [shared_nav_semantic_explore]: [NAV] step=321 mode=TRACK fsm=TRACK phase=EXPLORE_SELECT mode=TRACK | reason=FORWARD_STEER | search_mode=visual_handoff | cmd=vx=+0.050,wz=+0.026 | front=0.88m
[INFO] [1783540154.111159303] [shared_nav_semantic_explore]: [NAV] step=322 mode=TRACK fsm=TRACK phase=EXPLORE_SELECT mode=TRACK | reason=FORWARD_STEER | search_mode=visual_handoff | cmd=vx=+0.050,wz=+0.026 | front=0.94m
[INFO] [1783540154.216852675] [shared_nav_semantic_explore]: [NAV] step=323 mode=TRACK fsm=TRACK phase=EXPLORE_SELECT mode=TRACK | reason=FORWARD_STEER | search_mode=visual_handoff | cmd=vx=+0.050,wz=+0.026 | front=0.94m
[INFO] [1783540154.309428397] [shared_nav_semantic_explore]: [NAV] step=324 mode=TRACK fsm=TRACK phase=EXPLORE_SELECT mode=TRACK | reason=FORWARD_STEER | search_mode=visual_handoff | cmd=vx=+0.050,wz=+0.026 | front=0.97m
[INFO] [1783540154.422047511] [shared_nav_semantic_explore]: [NAV] step=325 mode=TRACK fsm=TRACK phase=EXPLORE_SELECT mode=TRACK | reason=FORWARD_STEER | search_mode=visual_handoff | cmd=vx=+0.050,wz=+0.026 | front=1.00m
[INFO] [1783540154.514486607] [shared_nav_semantic_explore]: [NAV] step=326 mode=TRACK fsm=TRACK phase=EXPLORE_SELECT mode=TRACK | reason=FORWARD_STEER | search_mode=visual_handoff | cmd=vx=+0.050,wz=+0.022 | front=1.70m
[INFO] [1783540154.610932783] [shared_nav_semantic_explore]: [NAV] step=327 mode=TRACK fsm=TRACK phase=EXPLORE_SELECT mode=TRACK | reason=FORWARD_STEER | search_mode=visual_handoff | cmd=vx=+0.050,wz=+0.013 | front=1.69m
[INFO] [1783540154.730219305] [shared_nav_semantic_explore]: [NAV] step=328 mode=TRACK fsm=TRACK phase=EXPLORE_SELECT mode=TRACK | reason=FORWARD_STEER | search_mode=visual_handoff | cmd=vx=+0.050,wz=+0.013 | front=1.69m
[INFO] [1783540154.811504915] [shared_nav_semantic_explore]: [NAV] step=329 mode=TRACK fsm=TRACK phase=EXPLORE_SELECT mode=TRACK | reason=FORWARD_STEER | search_mode=visual_handoff | cmd=vx=+0.050,wz=+0.013 | front=1.68m
[INFO] [1783540154.917414704] [shared_nav_semantic_explore]: [NAV] step=330 mode=TRACK fsm=TRACK phase=EXPLORE_SELECT mode=TRACK | reason=FORWARD_STEER | search_mode=visual_handoff | cmd=vx=+0.050,wz=+0.013 | front=1.67m
[INFO] [1783540155.014639587] [shared_nav_semantic_explore]: [NAV] step=331 mode=TRACK fsm=TRACK phase=EXPLORE_SELECT mode=TRACK | reason=FORWARD | search_mode=visual_handoff | cmd=vx=+0.060 | front=1.67m
[INFO] [1783540155.107790141] [shared_nav_semantic_explore]: [NAV] step=332 mode=TRACK fsm=TRACK phase=EXPLORE_SELECT mode=TRACK | reason=FORWARD | search_mode=visual_handoff | cmd=vx=+0.060 | front=1.76m
[INFO] [1783540155.225815249] [shared_nav_semantic_explore]: [NAV] step=333 mode=TRACK fsm=TRACK phase=EXPLORE_SELECT mode=TRACK | reason=FORWARD | search_mode=visual_handoff | cmd=vx=+0.060 | front=1.72m
[INFO] [1783540155.314157100] [shared_nav_semantic_explore]: [NAV] step=334 mode=TRACK fsm=TRACK phase=EXPLORE_SELECT mode=TRACK | reason=FORWARD | search_mode=visual_handoff | cmd=vx=+0.060 | front=1.67m
[INFO] [1783540155.434322747] [shared_nav_semantic_explore]: [NAV] step=335 mode=TRACK fsm=TRACK phase=EXPLORE_SELECT mode=TRACK | reason=FORWARD_STEER | search_mode=visual_handoff | cmd=vx=+0.050,wz=-0.010 | front=1.65m
[INFO] [1783540155.531232088] [shared_nav_semantic_explore]: [NAV] step=336 mode=TRACK fsm=TRACK phase=EXPLORE_SELECT mode=TRACK | reason=FORWARD_STEER | search_mode=visual_handoff | cmd=vx=+0.050,wz=-0.010 | front=1.64m
[INFO] [1783540155.608460287] [shared_nav_semantic_explore]: [NAV] step=337 mode=TRACK fsm=TRACK phase=EXPLORE_SELECT mode=TRACK | reason=FORWARD_STEER | search_mode=visual_handoff | cmd=vx=+0.050,wz=-0.014 | front=1.63m
[INFO] [1783540155.710389289] [shared_nav_semantic_explore]: [NAV] step=338 mode=TRACK fsm=TRACK phase=EXPLORE_SELECT mode=TRACK | reason=FORWARD_STEER | search_mode=visual_handoff | cmd=vx=+0.050,wz=-0.014 | front=1.62m
[INFO] [1783540155.809098711] [shared_nav_semantic_explore]: [NAV] step=339 mode=TRACK fsm=TRACK phase=EXPLORE_SELECT mode=TRACK | reason=FORWARD_STEER | search_mode=visual_handoff | cmd=vx=+0.050,wz=-0.014 | front=1.62m
[INFO] [1783540155.916295415] [shared_nav_semantic_explore]: [NAV] step=340 mode=TRACK fsm=TRACK phase=EXPLORE_SELECT mode=TRACK | reason=FORWARD_STEER | search_mode=visual_handoff | cmd=vx=+0.050,wz=-0.020 | front=1.62m
[INFO] [1783540156.021208914] [shared_nav_semantic_explore]: [NAV] step=341 mode=TRACK fsm=TRACK phase=EXPLORE_SELECT mode=TRACK | reason=FORWARD_STEER | search_mode=visual_handoff | cmd=vx=+0.050,wz=-0.024 | front=1.62m
[INFO] [1783540156.121459835] [shared_nav_semantic_explore]: [NAV] step=342 mode=TRACK fsm=TRACK phase=EXPLORE_SELECT mode=TRACK | reason=FORWARD_STEER | search_mode=visual_handoff | cmd=vx=+0.050,wz=-0.024 | front=1.62m
[INFO] [1783540156.209055604] [shared_nav_semantic_explore]: [NAV] step=343 mode=TRACK fsm=TRACK phase=EXPLORE_SELECT mode=TRACK | reason=TURN_ONLY | search_mode=visual_handoff | cmd=wz=-0.032 | front=1.57m
[INFO] [1783540156.314751560] [shared_nav_semantic_explore]: [NAV] step=344 mode=TRACK fsm=TRACK phase=EXPLORE_SELECT mode=TRACK | reason=TURN_ONLY | search_mode=visual_handoff | cmd=wz=-0.032 | front=1.56m
[INFO] [1783540156.411821359] [shared_nav_semantic_explore]: [NAV] step=345 mode=TRACK fsm=TRACK phase=EXPLORE_SELECT mode=TRACK | reason=TURN_ONLY | search_mode=visual_handoff | cmd=wz=-0.035 | front=1.54m
[INFO] [1783540156.518660439] [shared_nav_semantic_explore]: [NAV] step=346 mode=TRACK fsm=TRACK phase=EXPLORE_SELECT mode=TRACK | reason=TURN_ONLY | search_mode=visual_handoff | cmd=wz=-0.035 | front=1.53m
[INFO] [1783540156.621873731] [shared_nav_semantic_explore]: [NAV] step=347 mode=TRACK fsm=TRACK phase=EXPLORE_SELECT mode=TRACK | reason=TURN_ONLY | search_mode=visual_handoff | cmd=wz=-0.035 | front=1.53m
[INFO] [1783540156.712433747] [shared_nav_semantic_explore]: [NAV] step=348 mode=TRACK fsm=TRACK phase=EXPLORE_SELECT mode=TRACK | reason=TURN_ONLY | search_mode=visual_handoff | cmd=wz=-0.035 | front=1.53m
[INFO] [1783540156.804921761] [shared_nav_semantic_explore]: [NAV] step=349 mode=TRACK fsm=TRACK phase=EXPLORE_SELECT mode=TRACK | reason=TURN_ONLY | search_mode=visual_handoff | cmd=wz=-0.036 | front=1.51m
[INFO] [1783540156.918738082] [shared_nav_semantic_explore]: [NAV] step=350 mode=TRACK fsm=TRACK phase=EXPLORE_SELECT mode=TRACK | reason=TURN_ONLY | search_mode=visual_handoff | cmd=wz=-0.036 | front=1.52m
[INFO] [1783540157.006725684] [shared_nav_semantic_explore]: [NAV] step=351 mode=TRACK fsm=TRACK phase=EXPLORE_SELECT mode=TRACK | reason=TURN_ONLY | search_mode=visual_handoff | cmd=wz=-0.033 | front=1.53m
[INFO] [1783540157.127370955] [shared_nav_semantic_explore]: [NAV] step=352 mode=TRACK fsm=TRACK phase=EXPLORE_SELECT mode=TRACK | reason=TURN_ONLY | search_mode=visual_handoff | cmd=wz=-0.033 | front=1.53m
[INFO] [1783540157.226396544] [shared_nav_semantic_explore]: [NAV] step=353 mode=TRACK fsm=TRACK phase=EXPLORE_SELECT mode=TRACK | reason=FORWARD_STEER | search_mode=visual_handoff | cmd=vx=+0.050,wz=-0.029 | front=1.54m
[INFO] [1783540157.315663770] [shared_nav_semantic_explore]: [NAV] step=354 mode=TRACK fsm=TRACK phase=EXPLORE_SELECT mode=TRACK | reason=FORWARD_STEER | search_mode=visual_handoff | cmd=vx=+0.050,wz=-0.025 | front=1.55m
[INFO] [1783540157.421606851] [shared_nav_semantic_explore]: [NAV] step=355 mode=TRACK fsm=TRACK phase=EXPLORE_SELECT mode=TRACK | reason=FORWARD_STEER | search_mode=visual_handoff | cmd=vx=+0.050,wz=-0.025 | front=1.56m
[INFO] [1783540157.519158983] [shared_nav_semantic_explore]: [NAV] step=356 mode=TRACK fsm=TRACK phase=EXPLORE_SELECT mode=TRACK | reason=FORWARD_STEER | search_mode=visual_handoff | cmd=vx=+0.050,wz=-0.023 | front=1.56m
[INFO] [1783540157.607193461] [shared_nav_semantic_explore]: [NAV] step=357 mode=TRACK fsm=TRACK phase=EXPLORE_SELECT mode=TRACK | reason=FORWARD_STEER | search_mode=visual_handoff | cmd=vx=+0.050,wz=-0.017 | front=1.60m
[INFO] [1783540157.729840438] [shared_nav_semantic_explore]: [NAV] step=358 mode=TRACK fsm=TRACK phase=EXPLORE_SELECT mode=TRACK | reason=FORWARD_STEER | search_mode=visual_handoff | cmd=vx=+0.050,wz=-0.017 | front=1.63m
[INFO] [1783540157.809353425] [shared_nav_semantic_explore]: [NAV] step=359 mode=TRACK fsm=TRACK phase=EXPLORE_SELECT mode=TRACK | reason=FORWARD_STEER | search_mode=visual_handoff | cmd=vx=+0.050,wz=-0.014 | front=0.79m
[INFO] [1783540157.929732364] [shared_nav_semantic_explore]: [NAV] step=360 mode=TRACK fsm=TRACK phase=EXPLORE_SELECT mode=TRACK | reason=FORWARD_STEER | search_mode=visual_handoff | cmd=vx=+0.050 | front=0.79m
[INFO] [1783540158.026889830] [shared_nav_semantic_explore]: [NAV] step=361 mode=TRACK fsm=TRACK phase=EXPLORE_SELECT mode=TRACK | reason=FORWARD_STEER | search_mode=visual_handoff | cmd=vx=+0.050 | front=0.74m
[INFO] [1783540158.115115599] [shared_nav_semantic_explore]: [NAV] step=362 mode=TRACK fsm=TRACK phase=EXPLORE_SELECT mode=TRACK | reason=FORWARD_STEER | search_mode=visual_handoff | cmd=vx=+0.050 | front=0.74m
[INFO] [1783540158.210986358] [shared_nav_semantic_explore]: [NAV] step=363 mode=TRACK fsm=TRACK phase=EXPLORE_SELECT mode=TRACK | reason=FORWARD_STEER | search_mode=visual_handoff | cmd=vx=+0.050 | front=0.69m
[INFO] [1783540158.327815843] [shared_nav_semantic_explore]: [NAV] step=364 mode=TRACK fsm=TRACK phase=EXPLORE_SELECT mode=TRACK | reason=FORWARD | search_mode=visual_handoff | cmd=vx=+0.060 | front=0.69m
[INFO] [1783540158.408199954] [shared_nav_semantic_explore]: [NAV] step=365 mode=TRACK fsm=TRACK phase=EXPLORE_SELECT mode=TRACK | reason=FORWARD | search_mode=visual_handoff | cmd=vx=+0.048 | front=0.62m
[INFO] [1783540158.518815655] [shared_nav_semantic_explore]: [NAV] step=366 mode=TRACK fsm=TRACK phase=EXPLORE_SELECT mode=TRACK | reason=FORWARD | safety=front_slow_vx | search_mode=visual_handoff | cmd=vx=+0.045 | front=0.61m
[INFO] [1783540158.611916334] [shared_nav_semantic_explore]: [NAV] step=367 mode=TRACK fsm=TRACK phase=EXPLORE_SELECT mode=TRACK | reason=FORWARD | safety=front_slow_vx | search_mode=visual_handoff | cmd=vx=+0.045 | front=0.61m
[INFO] [1783540158.709164717] [shared_nav_semantic_explore]: [NAV] step=368 mode=TRACK fsm=TRACK phase=EXPLORE_SELECT mode=TRACK | reason=FORWARD | safety=front_slow_vx | search_mode=visual_handoff | cmd=vx=+0.040 | front=0.60m
[INFO] [1783540158.816554005] [shared_nav_semantic_explore]: [NAV] step=369 mode=TRACK fsm=TRACK phase=EXPLORE_SELECT mode=TRACK | reason=FORWARD | safety=front_slow_vx | search_mode=visual_handoff | cmd=vx=+0.031 | front=0.58m
[INFO] [1783540158.910627975] [shared_nav_semantic_explore]: [NAV] step=370 mode=TRACK fsm=TRACK phase=EXPLORE_SELECT mode=TRACK | reason=FORWARD | safety=front_slow_vx | search_mode=visual_handoff | cmd=vx=+0.026 | front=0.56m
[INFO] [1783540159.020374093] [shared_nav_semantic_explore]: [NAV] step=371 mode=TRACK fsm=TRACK phase=EXPLORE_SELECT mode=TRACK | reason=FORWARD | safety=front_slow_vx | search_mode=visual_handoff | cmd=vx=+0.025 | front=0.56m
[INFO] [1783540159.115355187] [shared_nav_semantic_explore]: [NAV] step=372 mode=TRACK fsm=TRACK phase=EXPLORE_SELECT mode=TRACK | reason=FORWARD | safety=front_slow_vx | search_mode=visual_handoff | cmd=vx=+0.021 | front=0.55m
[INFO] [1783540159.210579989] [shared_nav_semantic_explore]: [NAV] step=373 mode=TRACK fsm=TRACK phase=EXPLORE_SELECT mode=TRACK | reason=FORWARD_STEER | safety=front_slow_vx | search_mode=visual_handoff | cmd=vx=+0.018,wz=+0.014 | front=0.55m
[INFO] [1783540159.315721363] [shared_nav_semantic_explore]: [NAV] step=374 mode=TRACK fsm=TRACK phase=EXPLORE_SELECT mode=TRACK | reason=FORWARD_STEER | safety=front_slow_vx | search_mode=visual_handoff | cmd=vx=+0.014,wz=+0.016 | front=0.54m
[INFO] [1783540159.415023035] [shared_nav_semantic_explore]: [NAV] step=375 mode=TRACK fsm=TRACK phase=EXPLORE_SELECT mode=TRACK | reason=FORWARD_STEER | safety=front_slow_vx | search_mode=visual_handoff | cmd=wz=+0.020 | front=0.52m
[INFO] [1783540159.510818753] [shared_nav_semantic_explore]: [NAV] step=376 mode=TRACK fsm=TRACK phase=EXPLORE_SELECT mode=TRACK | reason=FORWARD_STEER | safety=front_slow_vx | search_mode=visual_handoff | cmd=wz=+0.022 | front=0.52m
[INFO] [1783540159.617508333] [shared_nav_semantic_explore]: [NAV] step=377 mode=TRACK fsm=TRACK phase=EXPLORE_SELECT mode=TRACK | reason=FORWARD_STEER | safety=front_slow_vx | search_mode=visual_handoff | cmd=wz=+0.022 | front=0.52m
[INFO] [1783540159.705418561] [shared_nav_semantic_explore]: [NAV] step=378 mode=TRACK fsm=TRACK phase=EXPLORE_SELECT mode=TRACK | reason=FORWARD_STEER | safety=front_slow_vx | search_mode=visual_handoff | cmd=wz=+0.022 | front=0.51m
[INFO] [1783540159.811550600] [shared_nav_semantic_explore]: [NAV] step=379 mode=TRACK fsm=TRACK phase=EXPLORE_SELECT mode=TRACK | reason=FORWARD_STEER | safety=front_slow_vx | search_mode=visual_handoff | cmd=wz=+0.022 | front=0.51m
[INFO] [1783540159.921200010] [shared_nav_semantic_explore]: [NAV] step=380 mode=TRACK fsm=TRACK phase=EXPLORE_SELECT mode=TRACK | reason=FORWARD_STEER | safety=front_slow_vx | search_mode=visual_handoff | cmd=vx=+0.020,wz=+0.024 | front=0.55m
[INFO] [1783540160.014028106] [shared_nav_semantic_explore]: [NAV] step=381 mode=TRACK fsm=TRACK phase=EXPLORE_SELECT mode=TRACK | reason=FORWARD_STEER | safety=front_slow_vx | search_mode=visual_handoff | cmd=vx=+0.021,wz=+0.024 | front=0.55m
[INFO] [1783540160.116061734] [shared_nav_semantic_explore]: [NAV] step=382 mode=TRACK fsm=TRACK phase=EXPLORE_SELECT mode=TRACK | reason=FORWARD_STEER | safety=front_slow_vx | search_mode=visual_handoff | cmd=vx=+0.023,wz=+0.025 | front=0.56m
[INFO] [1783540160.217615237] [shared_nav_semantic_explore]: [NAV] step=383 mode=TRACK fsm=TRACK phase=EXPLORE_SELECT mode=TRACK | reason=FORWARD_STEER | safety=front_slow_vx | search_mode=visual_handoff | cmd=vx=+0.024,wz=+0.025 | front=0.56m
[INFO] [1783540160.331401100] [shared_nav_semantic_explore]: [NAV] step=384 mode=TRACK fsm=TRACK phase=EXPLORE_SELECT mode=TRACK | reason=FORWARD_STEER | safety=front_slow_vx | search_mode=visual_handoff | cmd=vx=+0.024,wz=+0.025 | front=0.56m
[INFO] [1783540160.413825751] [shared_nav_semantic_explore]: [NAV] step=385 mode=TRACK fsm=TRACK phase=EXPLORE_SELECT mode=TRACK | reason=FORWARD_STEER | safety=front_slow_vx | search_mode=visual_handoff | cmd=vx=+0.029,wz=+0.025 | front=0.57m
[INFO] [1783540160.516421961] [shared_nav_semantic_explore]: [NAV] step=386 mode=TRACK fsm=TRACK phase=EXPLORE_SELECT mode=TRACK | reason=FORWARD_STEER | safety=front_slow_vx | search_mode=visual_handoff | cmd=vx=+0.029,wz=+0.025 | front=0.57m
[INFO] [1783540160.615275759] [shared_nav_semantic_explore]: [NAV] step=387 mode=TRACK fsm=TRACK phase=EXPLORE_SELECT mode=TRACK | reason=FORWARD_STEER | safety=front_slow_vx | search_mode=visual_handoff | cmd=vx=+0.031,wz=+0.020 | front=0.58m
[INFO] [1783540160.716335304] [shared_nav_semantic_explore]: [NAV] step=388 mode=TRACK fsm=TRACK phase=EXPLORE_SELECT mode=TRACK | reason=FORWARD_STEER | safety=front_slow_vx | search_mode=visual_handoff | cmd=vx=+0.050,wz=+0.020 | front=1.42m
[INFO] [1783540160.814174020] [shared_nav_semantic_explore]: [NAV] step=389 mode=TRACK fsm=TRACK phase=EXPLORE_SELECT mode=TRACK | reason=FORWARD_STEER | search_mode=visual_handoff | cmd=vx=+0.050,wz=+0.017 | front=1.38m
[INFO] [1783540160.915164149] [shared_nav_semantic_explore]: [NAV] step=390 mode=TRACK fsm=TRACK phase=EXPLORE_SELECT mode=TRACK | reason=FORWARD_STEER | search_mode=visual_handoff | cmd=vx=+0.050,wz=+0.014 | front=1.35m
[INFO] [1783540161.010478576] [shared_nav_semantic_explore]: [NAV] step=391 mode=TRACK fsm=TRACK phase=EXPLORE_SELECT mode=TRACK | reason=FORWARD_STEER | search_mode=visual_handoff | cmd=vx=+0.050,wz=+0.014 | front=1.32m
[INFO] [1783540161.108797875] [shared_nav_semantic_explore]: [NAV] step=392 mode=TRACK fsm=TRACK phase=EXPLORE_SELECT mode=TRACK | reason=FORWARD_STEER | search_mode=visual_handoff | cmd=vx=+0.050,wz=+0.012 | front=1.29m
[INFO] [1783540161.214828956] [shared_nav_semantic_explore]: [NAV] step=393 mode=TRACK fsm=TRACK phase=EXPLORE_SELECT mode=TRACK | reason=FORWARD_STEER | search_mode=visual_handoff | cmd=vx=+0.050,wz=+0.012 | front=1.27m
[INFO] [1783540161.317794999] [shared_nav_semantic_explore]: [NAV] step=394 mode=TRACK fsm=TRACK phase=EXPLORE_SELECT mode=TRACK | reason=FORWARD_STEER | search_mode=visual_handoff | cmd=vx=+0.050 | front=1.26m
[INFO] [1783540161.407586474] [shared_nav_semantic_explore]: [NAV] step=395 mode=TRACK fsm=TRACK phase=EXPLORE_SELECT mode=TRACK | reason=FORWARD_STEER | search_mode=visual_handoff | cmd=vx=+0.050 | front=1.25m
[INFO] [1783540161.520459464] [shared_nav_semantic_explore]: [NAV] step=396 mode=TRACK fsm=TRACK phase=EXPLORE_SELECT mode=TRACK | reason=FORWARD_STEER | search_mode=visual_handoff | cmd=vx=+0.050 | front=1.24m
[INFO] [1783540161.621922050] [shared_nav_semantic_explore]: [NAV] step=397 mode=TRACK fsm=TRACK phase=EXPLORE_SELECT mode=TRACK | reason=FORWARD | search_mode=visual_handoff | cmd=vx=+0.060 | front=1.23m
[INFO] [1783540161.726239508] [shared_nav_semantic_explore]: [NAV] step=398 mode=TRACK fsm=TRACK phase=EXPLORE_SELECT mode=TRACK | reason=FORWARD | search_mode=visual_handoff | cmd=vx=+0.060 | front=1.22m
[INFO] [1783540161.824626807] [shared_nav_semantic_explore]: [NAV] step=399 mode=TRACK fsm=TRACK phase=EXPLORE_SELECT mode=TRACK | reason=FORWARD | search_mode=visual_handoff | cmd=vx=+0.060 | front=1.21m
[INFO] [1783540161.911034078] [shared_nav_semantic_explore]: [NAV] step=400 mode=TRACK fsm=TRACK phase=EXPLORE_SELECT mode=TRACK | reason=FORWARD | search_mode=visual_handoff | cmd=vx=+0.060 | front=1.21m
[INFO] [1783540162.016227660] [shared_nav_semantic_explore]: [NAV] step=401 mode=TRACK fsm=TRACK phase=EXPLORE_SELECT mode=TRACK | reason=FORWARD | search_mode=visual_handoff | cmd=vx=+0.060 | front=1.20m
[INFO] [1783540162.110488839] [shared_nav_semantic_explore]: [NAV] step=402 mode=TRACK fsm=TRACK phase=EXPLORE_SELECT mode=TRACK | reason=FORWARD_STEER | search_mode=visual_handoff | cmd=vx=+0.050,wz=-0.011 | front=1.19m
[INFO] [1783540162.220633665] [shared_nav_semantic_explore]: [NAV] step=403 mode=TRACK fsm=TRACK phase=EXPLORE_SELECT mode=TRACK | reason=FORWARD_STEER | search_mode=visual_handoff | cmd=vx=+0.050,wz=-0.014 | front=1.18m
[INFO] [1783540162.315101677] [shared_nav_semantic_explore]: [NAV] step=404 mode=TRACK fsm=TRACK phase=EXPLORE_SELECT mode=TRACK | reason=FORWARD_STEER | search_mode=visual_handoff | cmd=vx=+0.050,wz=-0.014 | front=1.17m
[INFO] [1783540162.431986829] [shared_nav_semantic_explore]: [NAV] step=405 mode=TRACK fsm=TRACK phase=EXPLORE_SELECT mode=TRACK | reason=FORWARD_STEER | search_mode=visual_handoff | cmd=vx=+0.050,wz=-0.019 | front=1.16m
[INFO] [1783540162.506956655] [shared_nav_semantic_explore]: [NAV] step=406 mode=TRACK fsm=TRACK phase=EXPLORE_SELECT mode=TRACK | reason=FORWARD_STEER | search_mode=visual_handoff | cmd=vx=+0.050,wz=-0.020 | front=1.15m
[INFO] [1783540162.618481022] [shared_nav_semantic_explore]: [NAV] step=407 mode=TRACK fsm=TRACK phase=EXPLORE_SELECT mode=TRACK | reason=FORWARD_STEER | search_mode=visual_handoff | cmd=vx=+0.050,wz=-0.020 | front=1.14m
[INFO] [1783540162.708966705] [shared_nav_semantic_explore]: [NAV] step=408 mode=TRACK fsm=TRACK phase=EXPLORE_SELECT mode=TRACK | reason=FORWARD_STEER | search_mode=visual_handoff | cmd=vx=+0.050,wz=-0.023 | front=1.13m
[INFO] [1783540162.812930705] [shared_nav_semantic_explore]: [NAV] step=409 mode=TRACK fsm=TRACK phase=EXPLORE_SELECT mode=TRACK | reason=FORWARD_STEER | search_mode=visual_handoff | cmd=vx=+0.050,wz=-0.029 | front=1.13m
[INFO] [1783540162.909570673] [shared_nav_semantic_explore]: [NAV] step=410 mode=TRACK fsm=TRACK phase=EXPLORE_SELECT mode=TRACK | reason=FORWARD_STEER | search_mode=visual_handoff | cmd=vx=+0.050,wz=-0.029 | front=1.12m
[INFO] [1783540163.007643097] [shared_nav_semantic_explore]: [NAV] step=411 mode=TRACK fsm=TRACK phase=EXPLORE_SELECT mode=TRACK | reason=TURN_ONLY | search_mode=visual_handoff | cmd=wz=-0.030 | front=1.13m
[INFO] [1783540163.117617965] [shared_nav_semantic_explore]: [NAV] step=412 mode=TRACK fsm=TRACK phase=EXPLORE_SELECT mode=TRACK | reason=TURN_ONLY | search_mode=visual_handoff | cmd=wz=-0.030 | front=1.13m
[INFO] [1783540163.210074479] [shared_nav_semantic_explore]: [NAV] step=413 mode=TRACK fsm=TRACK phase=EXPLORE_SELECT mode=TRACK | reason=TURN_ONLY | search_mode=visual_handoff | cmd=wz=-0.030 | front=1.14m
[INFO] [1783540163.310965400] [shared_nav_semantic_explore]: [NAV] step=414 mode=TRACK fsm=TRACK phase=EXPLORE_SELECT mode=TRACK | reason=TURN_ONLY | search_mode=visual_handoff | cmd=wz=-0.031 | front=1.16m
[INFO] [1783540163.413059528] [shared_nav_semantic_explore]: [NAV] step=415 mode=TRACK fsm=TRACK phase=EXPLORE_SELECT mode=TRACK | reason=TURN_ONLY | search_mode=visual_handoff | cmd=wz=-0.031 | front=1.18m
[INFO] [1783540163.509327662] [shared_nav_semantic_explore]: [NAV] step=416 mode=TRACK fsm=TRACK phase=EXPLORE_SELECT mode=TRACK | reason=FORWARD_STEER | search_mode=visual_handoff | cmd=vx=+0.050,wz=-0.030 | front=1.19m
[INFO] [1783540163.624163858] [shared_nav_semantic_explore]: [NAV] step=417 mode=TRACK fsm=TRACK phase=EXPLORE_SELECT mode=TRACK | reason=FORWARD_STEER | search_mode=visual_handoff | cmd=vx=+0.050,wz=-0.030 | front=1.20m
[INFO] [1783540163.709862130] [shared_nav_semantic_explore]: [NAV] step=418 mode=TRACK fsm=TRACK phase=EXPLORE_SELECT mode=TRACK | reason=FORWARD_STEER | search_mode=visual_handoff | cmd=vx=+0.050,wz=-0.027 | front=1.21m
[INFO] [1783540163.817863334] [shared_nav_semantic_explore]: [NAV] step=419 mode=TRACK fsm=TRACK phase=EXPLORE_SELECT mode=TRACK | reason=FORWARD_STEER | search_mode=visual_handoff | cmd=vx=+0.050,wz=-0.020 | front=1.23m
[INFO] [1783540163.919012046] [shared_nav_semantic_explore]: [NAV] step=420 mode=TRACK fsm=TRACK phase=EXPLORE_SELECT mode=TRACK | reason=FORWARD_STEER | search_mode=visual_handoff | cmd=vx=+0.050,wz=-0.020 | front=1.25m
[INFO] [1783540164.022138173] [shared_nav_semantic_explore]: [NAV] step=421 mode=TRACK fsm=TRACK phase=EXPLORE_SELECT mode=TRACK | reason=FORWARD_STEER | search_mode=visual_handoff | cmd=vx=+0.050,wz=-0.020 | front=1.30m
[INFO] [1783540164.114869437] [shared_nav_semantic_explore]: [NAV] step=422 mode=TRACK fsm=TRACK phase=EXPLORE_SELECT mode=TRACK | reason=FORWARD_STEER | search_mode=visual_handoff | cmd=vx=+0.050,wz=-0.015 | front=1.30m
[INFO] [1783540164.208632200] [shared_nav_semantic_explore]: [NAV] step=423 mode=TRACK fsm=TRACK phase=EXPLORE_SELECT mode=TRACK | reason=FORWARD_STEER | search_mode=visual_handoff | cmd=vx=+0.050,wz=-0.015 | front=1.39m
[INFO] [1783540164.318107860] [shared_nav_semantic_explore]: [NAV] step=424 mode=TRACK fsm=TRACK phase=EXPLORE_SELECT mode=TRACK | reason=FORWARD_STEER | search_mode=visual_handoff | cmd=vx=+0.050 | front=1.44m
[INFO] [1783540164.415488619] [shared_nav_semantic_explore]: [NAV] step=425 mode=TRACK fsm=TRACK phase=EXPLORE_SELECT mode=TRACK | reason=FORWARD | search_mode=visual_handoff | cmd=vx=+0.060 | front=1.51m
[INFO] [1783540164.519997119] [shared_nav_semantic_explore]: [NAV] step=426 mode=TRACK fsm=TRACK phase=EXPLORE_SELECT mode=TRACK | reason=FORWARD | search_mode=visual_handoff | cmd=vx=+0.060 | front=1.59m
[INFO] [1783540164.612131175] [shared_nav_semantic_explore]: [NAV] step=427 mode=TRACK fsm=TRACK phase=EXPLORE_SELECT mode=TRACK | reason=FORWARD | search_mode=visual_handoff | cmd=vx=+0.060 | front=1.69m
[INFO] [1783540164.713653178] [shared_nav_semantic_explore]: [NAV] step=428 mode=TRACK fsm=TRACK phase=EXPLORE_SELECT mode=TRACK | reason=FORWARD | search_mode=visual_handoff | cmd=vx=+0.060 | front=1.74m
[INFO] [1783540164.814190558] [shared_nav_semantic_explore]: [NAV] step=429 mode=TRACK fsm=TRACK phase=EXPLORE_SELECT mode=TRACK | reason=FORWARD | search_mode=visual_handoff | cmd=vx=+0.060 | front=1.74m
[INFO] [1783540164.906164865] [shared_nav_semantic_explore]: [NAV] step=430 mode=BLOCKED fsm=BLOCKED phase=EXPLORE_SELECT mode=BLOCKED | reason=blocked_retreat_reverse | safety=front_stop_turn_only | blocked_retreat_active | search_mode=visual_handoff | cmd=vx=-0.050 | front=0.27m
[INFO] [1783540165.011610780] [shared_nav_semantic_explore]: [NAV] step=431 mode=BLOCKED fsm=BLOCKED phase=EXPLORE_SELECT mode=BLOCKED | reason=blocked_retreat_reverse | safety=blocked_retreat_pass | blocked_retreat_active | search_mode=visual_handoff | cmd=vx=-0.050 | front=0.25m
[INFO] [1783540165.121957565] [shared_nav_semantic_explore]: [NAV] step=432 mode=BLOCKED fsm=BLOCKED phase=EXPLORE_SELECT mode=BLOCKED | reason=blocked_retreat_reverse | safety=blocked_retreat_pass | blocked_retreat_active | search_mode=visual_handoff | cmd=vx=-0.050 | front=0.25m
[INFO] [1783540165.222711403] [shared_nav_semantic_explore]: [NAV] step=433 mode=BLOCKED fsm=BLOCKED phase=EXPLORE_SELECT mode=BLOCKED | reason=blocked_retreat_reverse | safety=blocked_retreat_pass | blocked_retreat_active | search_mode=visual_handoff | cmd=vx=-0.050 | front=0.24m
[INFO] [1783540165.307239593] [shared_nav_semantic_explore]: [NAV] step=434 mode=BLOCKED fsm=BLOCKED phase=EXPLORE_SELECT mode=BLOCKED | reason=blocked_retreat_reverse | safety=blocked_retreat_pass | blocked_retreat_active | search_mode=visual_handoff | cmd=vx=-0.050 | front=0.24m
[INFO] [1783540165.408662930] [shared_nav_semantic_explore]: [NAV] step=435 mode=BLOCKED fsm=BLOCKED phase=EXPLORE_SELECT mode=BLOCKED | reason=blocked_retreat_reverse | safety=blocked_retreat_pass | blocked_retreat_active | search_mode=visual_handoff | cmd=vx=-0.050 | front=0.24m
[INFO] [1783540165.509257393] [shared_nav_semantic_explore]: [NAV] step=436 mode=BLOCKED fsm=BLOCKED phase=EXPLORE_SELECT mode=BLOCKED | reason=blocked_retreat_reverse | safety=blocked_retreat_pass | blocked_retreat_active | search_mode=visual_handoff | cmd=vx=-0.050 | front=0.25m
[INFO] [1783540165.611980270] [shared_nav_semantic_explore]: [NAV] step=437 mode=BLOCKED fsm=BLOCKED phase=EXPLORE_SELECT mode=BLOCKED | reason=blocked_retreat_reverse | safety=blocked_retreat_pass | blocked_retreat_active | search_mode=visual_handoff | cmd=vx=-0.050 | front=0.25m
[INFO] [1783540165.712501525] [shared_nav_semantic_explore]: [NAV] step=438 mode=BLOCKED fsm=BLOCKED phase=EXPLORE_SELECT mode=BLOCKED | reason=blocked_retreat_reverse | safety=blocked_retreat_pass | blocked_retreat_active | search_mode=visual_handoff | cmd=vx=-0.050 | front=0.25m
[INFO] [1783540165.812491322] [shared_nav_semantic_explore]: [NAV] step=439 mode=BLOCKED fsm=BLOCKED phase=EXPLORE_SELECT mode=BLOCKED | reason=blocked_retreat_reverse | safety=blocked_retreat_pass | blocked_retreat_active | search_mode=visual_handoff | cmd=vx=-0.050 | front=0.26m
[INFO] [1783540165.915567491] [shared_nav_semantic_explore]: [NAV] step=440 mode=BLOCKED fsm=BLOCKED phase=EXPLORE_SELECT mode=BLOCKED | reason=blocked_retreat_reverse | safety=blocked_retreat_pass | blocked_retreat_active | search_mode=visual_handoff | cmd=vx=-0.050 | front=0.26m
[INFO] [1783540166.014569039] [shared_nav_semantic_explore]: [NAV] step=441 mode=BLOCKED fsm=BLOCKED phase=EXPLORE_SELECT mode=BLOCKED | reason=blocked_retreat_reverse | safety=blocked_retreat_pass | blocked_retreat_active | search_mode=visual_handoff | cmd=vx=-0.050 | front=0.28m
[INFO] [1783540166.112722672] [shared_nav_semantic_explore]: [NAV] step=442 mode=BLOCKED fsm=BLOCKED phase=EXPLORE_SELECT mode=BLOCKED | reason=blocked_retreat_reverse | safety=blocked_retreat_pass | blocked_retreat_active | search_mode=visual_handoff | cmd=vx=-0.050 | front=0.29m
[INFO] [1783540166.213805426] [shared_nav_semantic_explore]: [NAV] step=443 mode=BLOCKED fsm=BLOCKED phase=EXPLORE_SELECT mode=BLOCKED | reason=blocked_retreat_reverse | safety=blocked_retreat_pass | blocked_retreat_active | search_mode=visual_handoff | cmd=vx=-0.050 | front=0.30m
[INFO] [1783540166.321683047] [shared_nav_semantic_explore]: [NAV] step=444 mode=BLOCKED fsm=BLOCKED phase=EXPLORE_SELECT mode=BLOCKED | reason=blocked_retreat_reverse | safety=blocked_retreat_pass | blocked_retreat_active | search_mode=visual_handoff | cmd=vx=-0.050 | front=0.31m
[INFO] [1783540166.415770226] [shared_nav_semantic_explore]: [NAV] step=445 mode=BLOCKED fsm=BLOCKED phase=EXPLORE_SELECT mode=BLOCKED | reason=blocked_retreat_reverse | safety=blocked_retreat_pass | blocked_retreat_active | search_mode=visual_handoff | cmd=vx=-0.050 | front=0.31m
[INFO] [1783540166.517767729] [shared_nav_semantic_explore]: [NAV] step=446 mode=BLOCKED fsm=BLOCKED phase=EXPLORE_SELECT mode=BLOCKED | reason=blocked_retreat_reverse | safety=blocked_retreat_pass | blocked_retreat_active | search_mode=visual_handoff | cmd=vx=-0.050 | front=0.32m
[INFO] [1783540166.635918422] [shared_nav_semantic_explore]: [NAV] step=447 mode=BLOCKED fsm=BLOCKED phase=EXPLORE_SELECT mode=BLOCKED | reason=blocked_retreat_reverse | safety=blocked_retreat_pass | blocked_retreat_active | search_mode=visual_handoff | cmd=vx=-0.050 | front=0.33m
[INFO] [1783540166.737691425] [shared_nav_semantic_explore]: [NAV] step=448 mode=BLOCKED fsm=BLOCKED phase=EXPLORE_SELECT mode=BLOCKED | reason=blocked_retreat_reverse | safety=blocked_retreat_pass | blocked_retreat_active | search_mode=visual_handoff | cmd=vx=-0.050 | front=0.34m
[INFO] [1783540166.808373716] [shared_nav_semantic_explore]: [NAV] step=449 mode=BLOCKED fsm=BLOCKED phase=EXPLORE_SELECT mode=BLOCKED | reason=blocked_retreat_reverse | safety=blocked_retreat_pass | blocked_retreat_active | search_mode=visual_handoff | cmd=vx=-0.050 | front=0.35m
[INFO] [1783540166.909110304] [shared_nav_semantic_explore]: [NAV] step=450 mode=BLOCKED fsm=BLOCKED phase=EXPLORE_SELECT mode=BLOCKED | reason=blocked_retreat_reverse | safety=blocked_retreat_pass | blocked_retreat_active | search_mode=visual_handoff | cmd=vx=-0.050 | front=0.36m
[INFO] [1783540167.009107351] [shared_nav_semantic_explore]: [NAV] step=451 mode=BLOCKED fsm=BLOCKED phase=EXPLORE_SELECT mode=BLOCKED | reason=blocked_retreat_reverse | safety=blocked_retreat_pass | blocked_retreat_active | search_mode=visual_handoff | cmd=vx=-0.050 | front=0.36m
[INFO] [1783540167.125428712] [shared_nav_semantic_explore]: [NAV] step=452 mode=BLOCKED fsm=BLOCKED phase=EXPLORE_SELECT mode=BLOCKED | reason=blocked_retreat_reverse | safety=blocked_retreat_pass | blocked_retreat_active | search_mode=visual_handoff | cmd=vx=-0.050 | front=0.37m
[INFO] [1783540167.219893016] [shared_nav_semantic_explore]: [NAV] step=453 mode=BLOCKED fsm=BLOCKED phase=EXPLORE_SELECT mode=BLOCKED | reason=blocked_retreat_reverse | safety=blocked_retreat_pass | blocked_retreat_active | search_mode=visual_handoff | cmd=vx=-0.050 | front=0.37m
[INFO] [1783540167.308268369] [shared_nav_semantic_explore]: [NAV] step=454 mode=BLOCKED fsm=BLOCKED phase=EXPLORE_SELECT mode=BLOCKED | reason=blocked_retreat_reverse | safety=blocked_retreat_pass | blocked_retreat_active | search_mode=visual_handoff | cmd=vx=-0.050 | front=0.39m
[INFO] [1783540167.414369700] [shared_nav_semantic_explore]: [NAV] step=455 mode=BLOCKED fsm=BLOCKED phase=EXPLORE_SELECT mode=BLOCKED | reason=blocked_retreat_reverse | safety=blocked_retreat_pass | blocked_retreat_active | search_mode=visual_handoff | cmd=vx=-0.050 | front=0.40m
[INFO] [1783540167.507156214] [shared_nav_semantic_explore]: [NAV] step=456 mode=BLOCKED fsm=BLOCKED phase=EXPLORE_SELECT mode=BLOCKED | reason=blocked_retreat_reverse | safety=blocked_retreat_pass | blocked_retreat_active | search_mode=visual_handoff | cmd=vx=-0.050 | front=0.41m
[INFO] [1783540167.611489132] [shared_nav_semantic_explore]: [NAV] step=457 mode=BLOCKED fsm=BLOCKED phase=EXPLORE_SELECT mode=BLOCKED | reason=blocked_retreat_reverse | safety=blocked_retreat_pass | blocked_retreat_active | search_mode=visual_handoff | cmd=vx=-0.050 | front=0.41m
[INFO] [1783540167.719134461] [shared_nav_semantic_explore]: [NAV] step=458 mode=BLOCKED fsm=BLOCKED phase=EXPLORE_SELECT mode=BLOCKED | reason=blocked_retreat_reverse | safety=blocked_retreat_pass | blocked_retreat_active | search_mode=visual_handoff | cmd=vx=-0.050 | front=0.43m
[INFO] [1783540167.815165847] [shared_nav_semantic_explore]: [NAV] step=459 mode=BLOCKED fsm=BLOCKED phase=EXPLORE_SELECT mode=BLOCKED | reason=blocked_retreat_reverse | safety=blocked_retreat_pass | blocked_retreat_active | search_mode=visual_handoff | cmd=vx=-0.050 | front=0.43m
[INFO] [1783540167.923716051] [shared_nav_semantic_explore]: [NAV] step=460 mode=CANDIDATE_LOCK fsm=CANDIDATE_LOCK phase=EXPLORE_SELECT mode=CANDIDATE_LOCK | reason=candidate_forward_steer | safety=blocked_retreat_pass | search_mode=visual_handoff | cmd=vx=-0.022,wz=+0.029 | front=0.44m
[INFO] [1783540168.011766487] [shared_nav_semantic_explore]: [NAV] step=461 mode=CANDIDATE_LOCK fsm=CANDIDATE_LOCK phase=EXPLORE_SELECT mode=CANDIDATE_LOCK | reason=candidate_forward_steer | search_mode=visual_handoff | cmd=vx=-0.017,wz=+0.028 | front=0.46m
[INFO] [1783540168.122364564] [shared_nav_semantic_explore]: [NAV] step=462 mode=TRACK fsm=TRACK phase=EXPLORE_SELECT mode=TRACK | reason=FORWARD_STEER | search_mode=visual_handoff | cmd=vx=-0.014,wz=+0.028 | front=0.47m
[INFO] [1783540168.214822787] [shared_nav_semantic_explore]: [NAV] step=463 mode=TRACK fsm=TRACK phase=EXPLORE_SELECT mode=TRACK | reason=FORWARD_STEER | search_mode=visual_handoff | cmd=vx=-0.010,wz=+0.027 | front=0.47m
[INFO] [1783540168.310871214] [shared_nav_semantic_explore]: [NAV] step=464 mode=TRACK fsm=TRACK phase=EXPLORE_SELECT mode=TRACK | reason=FORWARD_STEER | search_mode=visual_handoff | cmd=wz=+0.027 | front=0.48m
[INFO] [1783540168.409243305] [shared_nav_semantic_explore]: [NAV] step=465 mode=TRACK fsm=TRACK phase=EXPLORE_SELECT mode=TRACK | reason=FORWARD_STEER | search_mode=visual_handoff | cmd=vx=+0.050,wz=+0.027 | front=1.61m
[INFO] [1783540168.508061687] [shared_nav_semantic_explore]: [NAV] step=466 mode=TRACK fsm=TRACK phase=EXPLORE_SELECT mode=TRACK | reason=FORWARD_STEER | search_mode=visual_handoff | cmd=vx=+0.050,wz=+0.026 | front=1.61m
[INFO] [1783540168.608495859] [shared_nav_semantic_explore]: [NAV] step=467 mode=TRACK fsm=TRACK phase=EXPLORE_SELECT mode=TRACK | reason=FORWARD_STEER | search_mode=visual_handoff | cmd=vx=+0.050,wz=+0.026 | front=1.53m
[INFO] [1783540168.709180114] [shared_nav_semantic_explore]: [NAV] step=468 mode=TRACK fsm=TRACK phase=EXPLORE_SELECT mode=TRACK | reason=FORWARD_STEER | search_mode=visual_handoff | cmd=vx=+0.050,wz=+0.025 | front=1.45m
[INFO] [1783540168.805655332] [shared_nav_semantic_explore]: [NAV] step=469 mode=TRACK fsm=TRACK phase=EXPLORE_SELECT mode=TRACK | reason=FORWARD_STEER | search_mode=visual_handoff | cmd=vx=+0.050,wz=+0.025 | front=1.44m
[INFO] [1783540168.908805334] [shared_nav_semantic_explore]: [NAV] step=470 mode=TRACK fsm=TRACK phase=EXPLORE_SELECT mode=TRACK | reason=FORWARD_STEER | search_mode=visual_handoff | cmd=vx=+0.050,wz=+0.025 | front=1.41m
[INFO] [1783540169.013273376] [shared_nav_semantic_explore]: [NAV] step=471 mode=TRACK fsm=TRACK phase=EXPLORE_SELECT mode=TRACK | reason=FORWARD_STEER | search_mode=visual_handoff | cmd=vx=+0.050,wz=+0.024 | front=1.38m
[INFO] [1783540169.108056263] [shared_nav_semantic_explore]: [NAV] step=472 mode=TRACK fsm=TRACK phase=EXPLORE_SELECT mode=TRACK | reason=FORWARD_STEER | search_mode=visual_handoff | cmd=vx=+0.050,wz=+0.024 | front=1.34m
[INFO] [1783540169.236273360] [shared_nav_semantic_explore]: [NAV] step=473 mode=TRACK fsm=TRACK phase=EXPLORE_SELECT mode=TRACK | reason=FORWARD_STEER | search_mode=visual_handoff | cmd=vx=+0.050,wz=+0.024 | front=1.31m
[INFO] [1783540169.311476979] [shared_nav_semantic_explore]: [NAV] step=474 mode=TRACK fsm=TRACK phase=EXPLORE_SELECT mode=TRACK | reason=FORWARD_STEER | search_mode=visual_handoff | cmd=vx=+0.050,wz=+0.020 | front=1.28m
[INFO] [1783540169.417859019] [shared_nav_semantic_explore]: [NAV] step=475 mode=TRACK fsm=TRACK phase=EXPLORE_SELECT mode=TRACK | reason=FORWARD_STEER | search_mode=visual_handoff | cmd=vx=+0.050,wz=+0.020 | front=1.26m
[INFO] [1783540169.521097771] [shared_nav_semantic_explore]: [NAV] step=476 mode=TRACK fsm=TRACK phase=EXPLORE_SELECT mode=TRACK | reason=FORWARD_STEER | search_mode=visual_handoff | cmd=vx=+0.050,wz=+0.017 | front=1.23m
[INFO] [1783540169.611199580] [shared_nav_semantic_explore]: [NAV] step=477 mode=TRACK fsm=TRACK phase=EXPLORE_SELECT mode=TRACK | reason=FORWARD_STEER | search_mode=visual_handoff | cmd=vx=+0.050,wz=+0.015 | front=1.22m
[INFO] [1783540169.712653168] [shared_nav_semantic_explore]: [NAV] step=478 mode=TRACK fsm=TRACK phase=EXPLORE_SELECT mode=TRACK | reason=FORWARD_STEER | search_mode=visual_handoff | cmd=vx=+0.050,wz=+0.015 | front=1.19m
[INFO] [1783540169.812139007] [shared_nav_semantic_explore]: [NAV] step=479 mode=TRACK fsm=TRACK phase=EXPLORE_SELECT mode=TRACK | reason=FORWARD_STEER | search_mode=visual_handoff | cmd=vx=+0.050,wz=+0.012 | front=1.18m
[INFO] [1783540169.911848139] [shared_nav_semantic_explore]: [NAV] step=480 mode=TRACK fsm=TRACK phase=EXPLORE_SELECT mode=TRACK | reason=FORWARD | search_mode=visual_handoff | cmd=vx=+0.060 | front=1.16m
[INFO] [1783540170.016437597] [shared_nav_semantic_explore]: [NAV] step=481 mode=TRACK fsm=TRACK phase=EXPLORE_SELECT mode=TRACK | reason=FORWARD | search_mode=visual_handoff | cmd=vx=+0.060 | front=1.15m
[INFO] [1783540170.122901512] [shared_nav_semantic_explore]: [NAV] step=482 mode=TRACK fsm=TRACK phase=EXPLORE_SELECT mode=TRACK | reason=FORWARD | search_mode=visual_handoff | cmd=vx=+0.060 | front=1.15m
[INFO] [1783540170.217487608] [shared_nav_semantic_explore]: [NAV] step=483 mode=TRACK fsm=TRACK phase=EXPLORE_SELECT mode=TRACK | reason=FORWARD | search_mode=visual_handoff | cmd=vx=+0.060 | front=1.15m
[INFO] [1783540170.318278155] [shared_nav_semantic_explore]: [NAV] step=484 mode=TRACK fsm=TRACK phase=EXPLORE_SELECT mode=TRACK | reason=FORWARD | search_mode=visual_handoff | cmd=vx=+0.060 | front=1.15m
[INFO] [1783540170.414428665] [shared_nav_semantic_explore]: [NAV] step=485 mode=TRACK fsm=TRACK phase=EXPLORE_SELECT mode=TRACK | reason=FORWARD | search_mode=visual_handoff | cmd=vx=+0.060 | front=1.15m
[INFO] [1783540170.519884956] [shared_nav_semantic_explore]: [NAV] step=486 mode=TRACK fsm=TRACK phase=EXPLORE_SELECT mode=TRACK | reason=FORWARD | search_mode=visual_handoff | cmd=vx=+0.060 | front=1.15m
[INFO] [1783540170.622449459] [shared_nav_semantic_explore]: [NAV] step=487 mode=TRACK fsm=TRACK phase=EXPLORE_SELECT mode=TRACK | reason=FORWARD | search_mode=visual_handoff | cmd=vx=+0.060 | front=1.15m
[INFO] [1783540170.723182006] [shared_nav_semantic_explore]: [NAV] step=488 mode=TRACK fsm=TRACK phase=EXPLORE_SELECT mode=TRACK | reason=FORWARD_STEER | search_mode=visual_handoff | cmd=vx=+0.050 | front=1.14m
[INFO] [1783540170.827337174] [shared_nav_semantic_explore]: [NAV] step=489 mode=TRACK fsm=TRACK phase=EXPLORE_ALIGN mode=TRACK | reason=semantic_explore_align | explore_phase=EXPLORE_ALIGN | search_mode=visual_handoff | cmd=wz=+0.050 | front=1.14m
[INFO] [1783540170.910285408] [shared_nav_semantic_explore]: [NAV] step=490 mode=TRACK fsm=TRACK phase=EXPLORE_ALIGN mode=TRACK | reason=semantic_explore_align | explore_phase=EXPLORE_ALIGN | search_mode=visual_handoff | cmd=wz=+0.050 | front=1.15m
[INFO] [1783540171.012138328] [shared_nav_semantic_explore]: [NAV] step=491 mode=TRACK fsm=TRACK phase=EXPLORE_ALIGN mode=TRACK | reason=semantic_explore_align | explore_phase=EXPLORE_ALIGN | search_mode=visual_handoff | cmd=wz=+0.050 | front=1.15m
[INFO] [1783540171.110973003] [shared_nav_semantic_explore]: [NAV] step=492 mode=TRACK fsm=TRACK phase=EXPLORE_ALIGN mode=TRACK | reason=semantic_explore_align | explore_phase=EXPLORE_ALIGN | search_mode=visual_handoff | cmd=wz=+0.050 | front=1.16m
[INFO] [1783540171.208227470] [shared_nav_semantic_explore]: [NAV] step=493 mode=TRACK fsm=TRACK phase=EXPLORE_ALIGN mode=TRACK | reason=semantic_explore_align | explore_phase=EXPLORE_ALIGN | search_mode=visual_handoff | cmd=wz=+0.050 | front=1.17m
[INFO] [1783540171.321941627] [shared_nav_semantic_explore]: [NAV] step=494 mode=TRACK fsm=TRACK phase=EXPLORE_ALIGN mode=TRACK | reason=semantic_explore_align | explore_phase=EXPLORE_ALIGN | search_mode=visual_handoff | cmd=wz=+0.050 | front=1.18m
[INFO] [1783540171.415368932] [shared_nav_semantic_explore]: [NAV] step=495 mode=TRACK fsm=TRACK phase=EXPLORE_ALIGN mode=TRACK | reason=semantic_explore_align | explore_phase=EXPLORE_ALIGN | search_mode=visual_handoff | cmd=wz=+0.050 | front=1.20m
[INFO] [1783540171.518146643] [shared_nav_semantic_explore]: [NAV] step=496 mode=TRACK fsm=TRACK phase=EXPLORE_ALIGN mode=TRACK | reason=semantic_explore_align | explore_phase=EXPLORE_ALIGN | search_mode=visual_handoff | cmd=wz=+0.050 | front=1.21m
[INFO] [1783540171.606624413] [shared_nav_semantic_explore]: [NAV] step=497 mode=TRACK fsm=TRACK phase=EXPLORE_ALIGN mode=TRACK | reason=semantic_explore_align | explore_phase=EXPLORE_ALIGN | search_mode=visual_handoff | cmd=wz=+0.050 | front=1.23m
[INFO] [1783540171.725057731] [shared_nav_semantic_explore]: [NAV] step=498 mode=TRACK fsm=TRACK phase=EXPLORE_ALIGN mode=TRACK | reason=semantic_explore_align | explore_phase=EXPLORE_ALIGN | search_mode=visual_handoff | cmd=wz=+0.050 | front=1.25m
[INFO] [1783540171.815454165] [shared_nav_semantic_explore]: [NAV] step=499 mode=TRACK fsm=TRACK phase=EXPLORE_ALIGN mode=TRACK | reason=semantic_explore_align | explore_phase=EXPLORE_ALIGN | search_mode=visual_handoff | cmd=wz=+0.050 | front=1.27m
[INFO] [1783540171.909778886] [shared_nav_semantic_explore]: [NAV] step=500 mode=TRACK fsm=TRACK phase=EXPLORE_ALIGN mode=TRACK | reason=semantic_explore_align | explore_phase=EXPLORE_ALIGN | search_mode=visual_handoff | cmd=wz=+0.050 | front=1.29m
[INFO] [1783540172.016771717] [shared_nav_semantic_explore]: [NAV] step=501 mode=TRACK fsm=TRACK phase=EXPLORE_ALIGN mode=TRACK | reason=semantic_explore_align | explore_phase=EXPLORE_ALIGN | search_mode=visual_handoff | cmd=wz=+0.050 | front=1.32m
[INFO] [1783540172.132085913] [shared_nav_semantic_explore]: [NAV] step=502 mode=TRACK fsm=TRACK phase=EXPLORE_ALIGN mode=TRACK | reason=semantic_explore_align | explore_phase=EXPLORE_ALIGN | search_mode=visual_handoff | cmd=wz=+0.050 | front=1.31m
[INFO] [1783540172.225842177] [shared_nav_semantic_explore]: [NAV] step=503 mode=TRACK fsm=TRACK phase=EXPLORE_ALIGN mode=TRACK | reason=semantic_explore_align | explore_phase=EXPLORE_ALIGN | search_mode=visual_handoff | cmd=wz=+0.050 | front=1.31m
[INFO] [1783540172.318385567] [shared_nav_semantic_explore]: [NAV] step=504 mode=TRACK fsm=TRACK phase=EXPLORE_ALIGN mode=TRACK | reason=semantic_explore_align | explore_phase=EXPLORE_ALIGN | search_mode=visual_handoff | cmd=wz=+0.050 | front=1.32m
[INFO] [1783540172.431220058] [shared_nav_semantic_explore]: [NAV] step=505 mode=TRACK fsm=TRACK phase=EXPLORE_ALIGN mode=TRACK | reason=semantic_explore_align | explore_phase=EXPLORE_ALIGN | search_mode=visual_handoff | cmd=wz=+0.050 | front=1.32m
[INFO] [1783540172.512919211] [shared_nav_semantic_explore]: [NAV] step=506 mode=TRACK fsm=TRACK phase=EXPLORE_ALIGN mode=TRACK | reason=semantic_explore_align | explore_phase=EXPLORE_ALIGN | search_mode=visual_handoff | cmd=wz=+0.050 | front=1.32m
[INFO] [1783540172.617156837] [shared_nav_semantic_explore]: [NAV] step=507 mode=TRACK fsm=TRACK phase=EXPLORE_ALIGN mode=TRACK | reason=semantic_explore_align | explore_phase=EXPLORE_ALIGN | search_mode=visual_handoff | cmd=wz=+0.050 | front=1.31m
[INFO] [1783540172.710331726] [shared_nav_semantic_explore]: [NAV] step=508 mode=TRACK fsm=TRACK phase=EXPLORE_ALIGN mode=TRACK | reason=semantic_explore_align | explore_phase=EXPLORE_ALIGN | search_mode=visual_handoff | cmd=wz=+0.050 | front=1.32m
[INFO] [1783540172.809420108] [shared_nav_semantic_explore]: [NAV] step=509 mode=TRACK fsm=TRACK phase=EXPLORE_ALIGN mode=TRACK | reason=semantic_explore_align | explore_phase=EXPLORE_ALIGN | search_mode=visual_handoff | cmd=wz=+0.050 | front=1.32m
[INFO] [1783540172.920314643] [shared_nav_semantic_explore]: [NAV] step=510 mode=TRACK fsm=TRACK phase=EXPLORE_ALIGN mode=TRACK | reason=semantic_explore_align | explore_phase=EXPLORE_ALIGN | search_mode=visual_handoff | cmd=wz=+0.050 | front=1.31m
[INFO] [1783540173.020381649] [shared_nav_semantic_explore]: [NAV] step=511 mode=TRACK fsm=TRACK phase=EXPLORE_ALIGN mode=TRACK | reason=semantic_explore_align | explore_phase=EXPLORE_ALIGN | search_mode=visual_handoff | cmd=wz=+0.050 | front=1.31m
[INFO] [1783540173.114561787] [shared_nav_semantic_explore]: [NAV] step=512 mode=TRACK fsm=TRACK phase=EXPLORE_ALIGN mode=TRACK | reason=semantic_explore_align | explore_phase=EXPLORE_ALIGN | search_mode=visual_handoff | cmd=wz=+0.050 | front=1.31m
[INFO] [1783540173.220182787] [shared_nav_semantic_explore]: [NAV] step=513 mode=TRACK fsm=TRACK phase=EXPLORE_ALIGN mode=TRACK | reason=semantic_explore_align | explore_phase=EXPLORE_ALIGN | search_mode=visual_handoff | cmd=wz=+0.050 | front=1.32m
[INFO] [1783540173.313018843] [shared_nav_semantic_explore]: [NAV] step=514 mode=TRACK fsm=TRACK phase=EXPLORE_ALIGN mode=TRACK | reason=semantic_explore_align | explore_phase=EXPLORE_ALIGN | search_mode=visual_handoff | cmd=wz=+0.050 | front=1.30m
[INFO] [1783540173.413706432] [shared_nav_semantic_explore]: [NAV] step=515 mode=TRACK fsm=TRACK phase=EXPLORE_ALIGN mode=TRACK | reason=semantic_explore_align | explore_phase=EXPLORE_ALIGN | search_mode=visual_handoff | cmd=wz=+0.050 | front=1.29m
[INFO] [1783540173.516370685] [shared_nav_semantic_explore]: [NAV] step=516 mode=TRACK fsm=TRACK phase=EXPLORE_ALIGN mode=TRACK | reason=semantic_explore_align | explore_phase=EXPLORE_ALIGN | search_mode=visual_handoff | cmd=wz=+0.050 | front=1.30m
[INFO] [1783540173.611622156] [shared_nav_semantic_explore]: [NAV] step=517 mode=TRACK fsm=TRACK phase=EXPLORE_ALIGN mode=TRACK | reason=semantic_explore_align | explore_phase=EXPLORE_ALIGN | search_mode=visual_handoff | cmd=wz=+0.050 | front=1.30m
[INFO] [1783540173.713131285] [shared_nav_semantic_explore]: [NAV] step=518 mode=TRACK fsm=TRACK phase=EXPLORE_ALIGN mode=TRACK | reason=semantic_explore_align | explore_phase=EXPLORE_ALIGN | search_mode=visual_handoff | cmd=wz=+0.050 | front=1.29m
[INFO] [1783540173.806923674] [shared_nav_semantic_explore]: [NAV] step=519 mode=TRACK fsm=TRACK phase=EXPLORE_ALIGN mode=TRACK | reason=semantic_explore_align | explore_phase=EXPLORE_ALIGN | search_mode=visual_handoff | cmd=wz=+0.050 | front=1.28m
[INFO] [1783540173.913341297] [shared_nav_semantic_explore]: [NAV] step=520 mode=TRACK fsm=TRACK phase=EXPLORE_ALIGN mode=TRACK | reason=semantic_explore_align | explore_phase=EXPLORE_ALIGN | search_mode=visual_handoff | cmd=wz=+0.050 | front=1.27m
[INFO] [1783540174.021841377] [shared_nav_semantic_explore]: [NAV] step=521 mode=TRACK fsm=TRACK phase=EXPLORE_ALIGN mode=TRACK | reason=semantic_explore_align | explore_phase=EXPLORE_ALIGN | search_mode=visual_handoff | cmd=wz=+0.050 | front=1.27m
[INFO] [1783540174.112062645] [shared_nav_semantic_explore]: [NAV] step=522 mode=TRACK fsm=TRACK phase=EXPLORE_ALIGN mode=TRACK | reason=semantic_explore_align | explore_phase=EXPLORE_ALIGN | search_mode=visual_handoff | cmd=wz=+0.050 | front=1.27m
[INFO] [1783540174.219294601] [shared_nav_semantic_explore]: [NAV] step=523 mode=TRACK fsm=TRACK phase=EXPLORE_ALIGN mode=TRACK | reason=semantic_explore_align | explore_phase=EXPLORE_ALIGN | search_mode=visual_handoff | cmd=wz=+0.050 | front=1.26m
[INFO] [1783540174.311837158] [shared_nav_semantic_explore]: [NAV] step=524 mode=TRACK fsm=TRACK phase=EXPLORE_ALIGN mode=TRACK | reason=semantic_explore_align | explore_phase=EXPLORE_ALIGN | search_mode=visual_handoff | cmd=wz=+0.050 | front=1.25m
[INFO] [1783540174.417545699] [shared_nav_semantic_explore]: [NAV] step=525 mode=TRACK fsm=TRACK phase=EXPLORE_ALIGN mode=TRACK | reason=semantic_explore_align | explore_phase=EXPLORE_ALIGN | search_mode=visual_handoff | cmd=wz=+0.050 | front=1.25m
[INFO] [1783540174.518202080] [shared_nav_semantic_explore]: [NAV] step=526 mode=TRACK fsm=TRACK phase=EXPLORE_ALIGN mode=TRACK | reason=semantic_explore_align | explore_phase=EXPLORE_ALIGN | search_mode=visual_handoff | cmd=wz=+0.050 | front=1.26m
[INFO] [1783540174.616268297] [shared_nav_semantic_explore]: [NAV] step=527 mode=TRACK fsm=TRACK phase=EXPLORE_ALIGN mode=TRACK | reason=semantic_explore_align | explore_phase=EXPLORE_ALIGN | search_mode=visual_handoff | cmd=wz=+0.050 | front=1.25m
[INFO] [1783540174.715458887] [shared_nav_semantic_explore]: [NAV] step=528 mode=TRACK fsm=TRACK phase=EXPLORE_ALIGN mode=TRACK | reason=semantic_explore_align | explore_phase=EXPLORE_ALIGN | search_mode=visual_handoff | cmd=wz=+0.050 | front=1.23m
[INFO] [1783540174.816036268] [shared_nav_semantic_explore]: [NAV] step=529 mode=TRACK fsm=TRACK phase=EXPLORE_ALIGN mode=TRACK | reason=semantic_explore_align | explore_phase=EXPLORE_ALIGN | search_mode=visual_handoff | cmd=wz=+0.050 | front=1.24m
[INFO] [1783540174.924818014] [shared_nav_semantic_explore]: [NAV] step=530 mode=TRACK fsm=TRACK phase=EXPLORE_ALIGN mode=TRACK | reason=semantic_explore_align | explore_phase=EXPLORE_ALIGN | search_mode=visual_handoff | cmd=wz=+0.050 | front=1.25m
[INFO] [1783540175.018393278] [shared_nav_semantic_explore]: [NAV] step=531 mode=TRACK fsm=TRACK phase=EXPLORE_ALIGN mode=TRACK | reason=semantic_explore_align | explore_phase=EXPLORE_ALIGN | search_mode=visual_handoff | cmd=wz=+0.050 | front=1.25m
[INFO] [1783540175.109557462] [shared_nav_semantic_explore]: [NAV] step=532 mode=TRACK fsm=TRACK phase=EXPLORE_ALIGN mode=TRACK | reason=semantic_explore_align | explore_phase=EXPLORE_ALIGN | search_mode=visual_handoff | cmd=wz=+0.050 | front=1.24m
[INFO] [1783540175.219731206] [shared_nav_semantic_explore]: [NAV] step=533 mode=TRACK fsm=TRACK phase=EXPLORE_ALIGN mode=TRACK | reason=semantic_explore_align | explore_phase=EXPLORE_ALIGN | search_mode=visual_handoff | cmd=wz=+0.050 | front=1.24m
[INFO] [1783540175.321965918] [shared_nav_semantic_explore]: [NAV] step=534 mode=TRACK fsm=TRACK phase=EXPLORE_ALIGN mode=TRACK | reason=semantic_explore_align | explore_phase=EXPLORE_ALIGN | search_mode=visual_handoff | cmd=wz=+0.050 | front=1.25m
[INFO] [1783540175.406237693] [shared_nav_semantic_explore]: [NAV] step=535 mode=TRACK fsm=TRACK phase=EXPLORE_ALIGN mode=TRACK | reason=semantic_explore_align | explore_phase=EXPLORE_ALIGN | search_mode=visual_handoff | cmd=wz=+0.050 | front=1.24m
[INFO] [1783540175.510251320] [shared_nav_semantic_explore]: [NAV] step=536 mode=TRACK fsm=TRACK phase=EXPLORE_ALIGN mode=TRACK | reason=semantic_explore_align | explore_phase=EXPLORE_ALIGN | search_mode=visual_handoff | cmd=wz=+0.050 | front=1.25m
[INFO] [1783540175.610805076] [shared_nav_semantic_explore]: [NAV] step=537 mode=TRACK fsm=TRACK phase=EXPLORE_ALIGN mode=TRACK | reason=semantic_explore_align | explore_phase=EXPLORE_ALIGN | search_mode=visual_handoff | cmd=wz=+0.050 | front=1.25m
[INFO] [1783540175.757800777] [shared_nav_semantic_explore]: [NAV] step=538 mode=TRACK fsm=TRACK phase=EXPLORE_ALIGN mode=TRACK | reason=semantic_explore_align | explore_phase=EXPLORE_ALIGN | search_mode=visual_handoff | cmd=wz=+0.050 | front=1.25m
[INFO] [1783540175.834784102] [shared_nav_semantic_explore]: [NAV] step=539 mode=TRACK fsm=TRACK phase=EXPLORE_ALIGN mode=TRACK | reason=semantic_explore_align | explore_phase=EXPLORE_ALIGN | search_mode=visual_handoff | cmd=wz=+0.050 | front=1.24m
[INFO] [1783540175.925400495] [shared_nav_semantic_explore]: [NAV] step=540 mode=TRACK fsm=TRACK phase=EXPLORE_ALIGN mode=TRACK | reason=semantic_explore_align | explore_phase=EXPLORE_ALIGN | search_mode=visual_handoff | cmd=wz=+0.050 | front=1.24m
[INFO] [1783540176.021290964] [shared_nav_semantic_explore]: [NAV] step=541 mode=TRACK fsm=TRACK phase=EXPLORE_ALIGN mode=TRACK | reason=semantic_explore_align | explore_phase=EXPLORE_ALIGN | search_mode=visual_handoff | cmd=wz=+0.050 | front=1.25m
[INFO] [1783540176.120771013] [shared_nav_semantic_explore]: [NAV] step=542 mode=TRACK fsm=TRACK phase=EXPLORE_ALIGN mode=TRACK | reason=semantic_explore_align | explore_phase=EXPLORE_ALIGN | search_mode=visual_handoff | cmd=wz=+0.050 | front=1.24m
[INFO] [1783540176.233466130] [shared_nav_semantic_explore]: [NAV] step=543 mode=TRACK fsm=TRACK phase=EXPLORE_ALIGN mode=TRACK | reason=semantic_explore_align | explore_phase=EXPLORE_ALIGN | search_mode=visual_handoff | cmd=wz=+0.050 | front=1.25m
[INFO] [1783540176.311734412] [shared_nav_semantic_explore]: [NAV] step=544 mode=TRACK fsm=TRACK phase=EXPLORE_ALIGN mode=TRACK | reason=semantic_explore_align | explore_phase=EXPLORE_ALIGN | search_mode=visual_handoff | cmd=wz=+0.050 | front=1.25m
[INFO] [1783540176.417207996] [shared_nav_semantic_explore]: [NAV] step=545 mode=TRACK fsm=TRACK phase=EXPLORE_ALIGN mode=TRACK | reason=semantic_explore_align | explore_phase=EXPLORE_ALIGN | search_mode=visual_handoff | cmd=wz=+0.050 | front=1.24m
[INFO] [1783540176.514672797] [shared_nav_semantic_explore]: [NAV] step=546 mode=TRACK fsm=TRACK phase=EXPLORE_ALIGN mode=TRACK | reason=semantic_explore_align | explore_phase=EXPLORE_ALIGN | search_mode=visual_handoff | cmd=wz=+0.050 | front=1.24m
[INFO] [1783540176.613108722] [shared_nav_semantic_explore]: [NAV] step=547 mode=TRACK fsm=TRACK phase=EXPLORE_ALIGN mode=TRACK | reason=semantic_explore_align | explore_phase=EXPLORE_ALIGN | search_mode=visual_handoff | cmd=wz=+0.050 | front=1.25m
[INFO] [1783540176.716627099] [shared_nav_semantic_explore]: [NAV] step=548 mode=TRACK fsm=TRACK phase=EXPLORE_ALIGN mode=TRACK | reason=semantic_explore_align | explore_phase=EXPLORE_ALIGN | search_mode=visual_handoff | cmd=wz=+0.050 | front=1.24m
[INFO] [1783540176.807794700] [shared_nav_semantic_explore]: [NAV] step=549 mode=TRACK fsm=TRACK phase=EXPLORE_ALIGN mode=TRACK | reason=semantic_explore_align | explore_phase=EXPLORE_ALIGN | search_mode=visual_handoff | cmd=wz=+0.050 | front=1.25m
[INFO] [1783540176.914834740] [shared_nav_semantic_explore]: [NAV] step=550 mode=TRACK fsm=TRACK phase=EXPLORE_ALIGN mode=TRACK | reason=semantic_explore_align | explore_phase=EXPLORE_ALIGN | search_mode=visual_handoff | cmd=wz=+0.050 | front=1.25m
[INFO] [1783540177.016435078] [shared_nav_semantic_explore]: [NAV] step=551 mode=TRACK fsm=TRACK phase=EXPLORE_ALIGN mode=TRACK | reason=semantic_explore_align | explore_phase=EXPLORE_ALIGN | search_mode=visual_handoff | cmd=wz=+0.050 | front=1.26m
[INFO] [1783540177.125891407] [shared_nav_semantic_explore]: [NAV] step=552 mode=TRACK fsm=TRACK phase=EXPLORE_ALIGN mode=TRACK | reason=semantic_explore_align | explore_phase=EXPLORE_ALIGN | search_mode=visual_handoff | cmd=wz=+0.050 | front=1.24m
[INFO] [1783540177.220189378] [shared_nav_semantic_explore]: [NAV] step=553 mode=TRACK fsm=TRACK phase=EXPLORE_ALIGN mode=TRACK | reason=semantic_explore_align | explore_phase=EXPLORE_ALIGN | search_mode=visual_handoff | cmd=wz=+0.050 | front=1.24m
[INFO] [1783540177.317908971] [shared_nav_semantic_explore]: [NAV] step=554 mode=TRACK fsm=TRACK phase=EXPLORE_ALIGN mode=TRACK | reason=semantic_explore_align | explore_phase=EXPLORE_ALIGN | search_mode=visual_handoff | cmd=wz=+0.050 | front=1.26m
[INFO] [1783540177.422049764] [shared_nav_semantic_explore]: [NAV] step=555 mode=TRACK fsm=TRACK phase=EXPLORE_ALIGN mode=TRACK | reason=semantic_explore_align | explore_phase=EXPLORE_ALIGN | search_mode=visual_handoff | cmd=wz=+0.050 | front=1.26m
[INFO] [1783540177.525711309] [shared_nav_semantic_explore]: [NAV] step=556 mode=TRACK fsm=TRACK phase=EXPLORE_ALIGN mode=TRACK | reason=semantic_explore_align | explore_phase=EXPLORE_ALIGN | search_mode=visual_handoff | cmd=wz=+0.050 | front=1.25m
[INFO] [1783540177.611588749] [shared_nav_semantic_explore]: [NAV] step=557 mode=TRACK fsm=TRACK phase=EXPLORE_ALIGN mode=TRACK | reason=semantic_explore_align | explore_phase=EXPLORE_ALIGN | search_mode=visual_handoff | cmd=wz=+0.050 | front=1.25m
[INFO] [1783540177.730237067] [shared_nav_semantic_explore]: [NAV] step=558 mode=TRACK fsm=TRACK phase=EXPLORE_ALIGN mode=TRACK | reason=semantic_explore_align | explore_phase=EXPLORE_ALIGN | search_mode=visual_handoff | cmd=wz=+0.050 | front=1.25m
[INFO] [1783540177.825579370] [shared_nav_semantic_explore]: [NAV] step=559 mode=TRACK fsm=TRACK phase=EXPLORE_ALIGN mode=TRACK | reason=semantic_explore_align | explore_phase=EXPLORE_ALIGN | search_mode=visual_handoff | cmd=wz=+0.050 | front=1.26m
[INFO] [1783540177.916862762] [shared_nav_semantic_explore]: [NAV] step=560 mode=TRACK fsm=TRACK phase=EXPLORE_ALIGN mode=TRACK | reason=semantic_explore_align | explore_phase=EXPLORE_ALIGN | search_mode=visual_handoff | cmd=wz=+0.050 | front=1.25m
[INFO] [1783540178.011985442] [shared_nav_semantic_explore]: [NAV] step=561 mode=TRACK fsm=TRACK phase=EXPLORE_ALIGN mode=TRACK | reason=semantic_explore_align | explore_phase=EXPLORE_ALIGN | search_mode=visual_handoff | cmd=wz=+0.050 | front=1.25m
[INFO] [1783540178.116603693] [shared_nav_semantic_explore]: [NAV] step=562 mode=TRACK fsm=TRACK phase=EXPLORE_ALIGN mode=TRACK | reason=semantic_explore_align | explore_phase=EXPLORE_ALIGN | search_mode=visual_handoff | cmd=wz=+0.050 | front=1.25m
[INFO] [1783540178.215070243] [shared_nav_semantic_explore]: [NAV] step=563 mode=TRACK fsm=TRACK phase=EXPLORE_ALIGN mode=TRACK | reason=semantic_explore_align | explore_phase=EXPLORE_ALIGN | search_mode=visual_handoff | cmd=wz=+0.050 | front=1.26m
[INFO] [1783540178.323098782] [shared_nav_semantic_explore]: [NAV] step=564 mode=TRACK fsm=TRACK phase=EXPLORE_ALIGN mode=TRACK | reason=semantic_explore_align | explore_phase=EXPLORE_ALIGN | search_mode=visual_handoff | cmd=wz=+0.050 | front=1.25m
[INFO] [1783540178.420825667] [shared_nav_semantic_explore]: [NAV] step=565 mode=TRACK fsm=TRACK phase=EXPLORE_ALIGN mode=TRACK | reason=semantic_explore_align | explore_phase=EXPLORE_ALIGN | search_mode=visual_handoff | cmd=wz=+0.050 | front=1.25m
[INFO] [1783540178.512635933] [shared_nav_semantic_explore]: [NAV] step=566 mode=TRACK fsm=TRACK phase=EXPLORE_ALIGN mode=TRACK | reason=semantic_explore_align | explore_phase=EXPLORE_ALIGN | search_mode=visual_handoff | cmd=wz=+0.050 | front=1.25m
[INFO] [1783540178.618956766] [shared_nav_semantic_explore]: [NAV] step=567 mode=TRACK fsm=TRACK phase=EXPLORE_ALIGN mode=TRACK | reason=semantic_explore_align | explore_phase=EXPLORE_ALIGN | search_mode=visual_handoff | cmd=wz=+0.050 | front=1.24m
[INFO] [1783540178.714335861] [shared_nav_semantic_explore]: [NAV] step=568 mode=TRACK fsm=TRACK phase=EXPLORE_ALIGN mode=TRACK | reason=semantic_explore_align | explore_phase=EXPLORE_ALIGN | search_mode=visual_handoff | cmd=wz=+0.050 | front=1.25m
[INFO] [1783540178.817202698] [shared_nav_semantic_explore]: [NAV] step=569 mode=TRACK fsm=TRACK phase=EXPLORE_ALIGN mode=TRACK | reason=semantic_explore_align | explore_phase=EXPLORE_ALIGN | search_mode=visual_handoff | cmd=wz=+0.050 | front=1.25m
[INFO] [1783540178.909678631] [shared_nav_semantic_explore]: [NAV] step=570 mode=TRACK fsm=TRACK phase=EXPLORE_ALIGN mode=TRACK | reason=semantic_explore_align | explore_phase=EXPLORE_ALIGN | search_mode=visual_handoff | cmd=wz=+0.050 | front=1.26m
[INFO] [1783540179.019682167] [shared_nav_semantic_explore]: [NAV] step=571 mode=TRACK fsm=TRACK phase=EXPLORE_ALIGN mode=TRACK | reason=semantic_explore_align | explore_phase=EXPLORE_ALIGN | search_mode=visual_handoff | cmd=wz=+0.050 | front=1.28m
[INFO] [1783540179.124512627] [shared_nav_semantic_explore]: [NAV] step=572 mode=TRACK fsm=TRACK phase=EXPLORE_ALIGN mode=TRACK | reason=semantic_explore_align | explore_phase=EXPLORE_ALIGN | search_mode=visual_handoff | cmd=wz=+0.050 | front=1.28m
[INFO] [1783540179.219991972] [shared_nav_semantic_explore]: [NAV] step=573 mode=TRACK fsm=TRACK phase=EXPLORE_ALIGN mode=TRACK | reason=semantic_explore_align | explore_phase=EXPLORE_ALIGN | search_mode=visual_handoff | cmd=wz=+0.050 | front=1.27m
[INFO] [1783540179.314499277] [shared_nav_semantic_explore]: [NAV] step=574 mode=TRACK fsm=TRACK phase=EXPLORE_ALIGN mode=TRACK | reason=semantic_explore_align | explore_phase=EXPLORE_ALIGN | search_mode=visual_handoff | cmd=wz=+0.050 | front=1.27m
[INFO] [1783540179.418915987] [shared_nav_semantic_explore]: [NAV] step=575 mode=TRACK fsm=TRACK phase=EXPLORE_ALIGN mode=TRACK | reason=semantic_explore_align | explore_phase=EXPLORE_ALIGN | search_mode=visual_handoff | cmd=wz=+0.050 | front=1.26m
[INFO] [1783540179.519490160] [shared_nav_semantic_explore]: [NAV] step=576 mode=TRACK fsm=TRACK phase=EXPLORE_ALIGN mode=TRACK | reason=semantic_explore_align | explore_phase=EXPLORE_ALIGN | search_mode=visual_handoff | cmd=wz=+0.050 | front=1.26m
[INFO] [1783540179.615340589] [shared_nav_semantic_explore]: [NAV] step=577 mode=TRACK fsm=TRACK phase=EXPLORE_ALIGN mode=TRACK | reason=semantic_explore_align | explore_phase=EXPLORE_ALIGN | search_mode=visual_handoff | cmd=wz=+0.050 | front=1.25m
[INFO] [1783540179.710787559] [shared_nav_semantic_explore]: [NAV] step=578 mode=TRACK fsm=TRACK phase=EXPLORE_ALIGN mode=TRACK | reason=semantic_explore_align | explore_phase=EXPLORE_ALIGN | search_mode=visual_handoff | cmd=wz=+0.050 | front=1.25m
[INFO] [1783540179.815813644] [shared_nav_semantic_explore]: [NAV] step=579 mode=TRACK fsm=TRACK phase=EXPLORE_ALIGN mode=TRACK | reason=semantic_explore_align | explore_phase=EXPLORE_ALIGN | search_mode=visual_handoff | cmd=wz=+0.050 | front=1.25m
[INFO] [1783540179.916240192] [shared_nav_semantic_explore]: [NAV] step=580 mode=TRACK fsm=TRACK phase=EXPLORE_ALIGN mode=TRACK | reason=semantic_explore_align | explore_phase=EXPLORE_ALIGN | search_mode=visual_handoff | cmd=wz=+0.050 | front=1.25m
[INFO] [1783540180.011428079] [shared_nav_semantic_explore]: [NAV] step=581 mode=TRACK fsm=TRACK phase=EXPLORE_ALIGN mode=TRACK | reason=semantic_explore_align | explore_phase=EXPLORE_ALIGN | search_mode=visual_handoff | cmd=wz=+0.050 | front=1.25m
[INFO] [1783540180.118157787] [shared_nav_semantic_explore]: [NAV] step=582 mode=TRACK fsm=TRACK phase=EXPLORE_ALIGN mode=TRACK | reason=semantic_explore_align | explore_phase=EXPLORE_ALIGN | search_mode=visual_handoff | cmd=wz=+0.050 | front=1.26m
[INFO] [1783540180.208803430] [shared_nav_semantic_explore]: [NAV] step=583 mode=TRACK fsm=TRACK phase=EXPLORE_ALIGN mode=TRACK | reason=semantic_explore_align | explore_phase=EXPLORE_ALIGN | search_mode=visual_handoff | cmd=wz=+0.050 | front=1.25m
[INFO] [1783540180.313404015] [shared_nav_semantic_explore]: [NAV] step=584 mode=TRACK fsm=TRACK phase=EXPLORE_ALIGN mode=TRACK | reason=semantic_explore_align | explore_phase=EXPLORE_ALIGN | search_mode=visual_handoff | cmd=wz=+0.050 | front=1.26m
[INFO] [1783540180.409530151] [shared_nav_semantic_explore]: [NAV] step=585 mode=TRACK fsm=TRACK phase=EXPLORE_ALIGN mode=TRACK | reason=semantic_explore_align | explore_phase=EXPLORE_ALIGN | search_mode=visual_handoff | cmd=wz=+0.050 | front=1.26m
[INFO] [1783540180.515662984] [shared_nav_semantic_explore]: [NAV] step=586 mode=TRACK fsm=TRACK phase=EXPLORE_ALIGN mode=TRACK | reason=semantic_explore_align | explore_phase=EXPLORE_ALIGN | search_mode=visual_handoff | cmd=wz=+0.050 | front=1.26m
[INFO] [1783540180.614608784] [shared_nav_semantic_explore]: [NAV] step=587 mode=TRACK fsm=TRACK phase=EXPLORE_ALIGN mode=TRACK | reason=semantic_explore_align | explore_phase=EXPLORE_ALIGN | search_mode=visual_handoff | cmd=wz=+0.050 | front=1.26m
[INFO] [1783540180.708336549] [shared_nav_semantic_explore]: [NAV] step=588 mode=TRACK fsm=TRACK phase=EXPLORE_ALIGN mode=TRACK | reason=semantic_explore_align | explore_phase=EXPLORE_ALIGN | search_mode=visual_handoff | cmd=wz=+0.050 | front=1.27m
[INFO] [1783540180.818346627] [shared_nav_semantic_explore]: [NAV] step=589 mode=TRACK fsm=TRACK phase=EXPLORE_ALIGN mode=TRACK | reason=semantic_explore_align | explore_phase=EXPLORE_ALIGN | search_mode=visual_handoff | cmd=wz=+0.050 | front=1.27m
[INFO] [1783540180.908193855] [shared_nav_semantic_explore]: [NAV] step=590 mode=TRACK fsm=TRACK phase=EXPLORE_ALIGN mode=TRACK | reason=semantic_explore_align | explore_phase=EXPLORE_ALIGN | search_mode=visual_handoff | cmd=wz=+0.050 | front=1.28m
[INFO] [1783540181.010975317] [shared_nav_semantic_explore]: [NAV] step=591 mode=TRACK fsm=TRACK phase=EXPLORE_ALIGN mode=TRACK | reason=semantic_explore_align | explore_phase=EXPLORE_ALIGN | search_mode=visual_handoff | cmd=wz=+0.050 | front=1.28m
[INFO] [1783540181.109185409] [shared_nav_semantic_explore]: [NAV] step=592 mode=TRACK fsm=TRACK phase=EXPLORE_ALIGN mode=TRACK | reason=semantic_explore_align | explore_phase=EXPLORE_ALIGN | search_mode=visual_handoff | cmd=wz=+0.050 | front=1.28m
[INFO] [1783540181.214673827] [shared_nav_semantic_explore]: [NAV] step=593 mode=TRACK fsm=TRACK phase=EXPLORE_ALIGN mode=TRACK | reason=semantic_explore_align | explore_phase=EXPLORE_ALIGN | search_mode=visual_handoff | cmd=wz=+0.050 | front=1.27m
[INFO] [1783540181.309769714] [shared_nav_semantic_explore]: [NAV] step=594 mode=TRACK fsm=TRACK phase=EXPLORE_ALIGN mode=TRACK | reason=semantic_explore_align | explore_phase=EXPLORE_ALIGN | search_mode=visual_handoff | cmd=wz=+0.050 | front=1.28m
[INFO] [1783540181.420948292] [shared_nav_semantic_explore]: [NAV] step=595 mode=TRACK fsm=TRACK phase=EXPLORE_ALIGN mode=TRACK | reason=semantic_explore_align | explore_phase=EXPLORE_ALIGN | search_mode=visual_handoff | cmd=wz=+0.050 | front=1.26m
[INFO] [1783540181.511840726] [shared_nav_semantic_explore]: [NAV] step=596 mode=TRACK fsm=TRACK phase=EXPLORE_ALIGN mode=TRACK | reason=semantic_explore_align | explore_phase=EXPLORE_ALIGN | search_mode=visual_handoff | cmd=wz=+0.050 | front=1.26m
[INFO] [1783540181.645803402] [shared_nav_semantic_explore]: [NAV] step=597 mode=TRACK fsm=TRACK phase=EXPLORE_ALIGN mode=TRACK | reason=semantic_explore_align | explore_phase=EXPLORE_ALIGN | search_mode=visual_handoff | cmd=wz=+0.050 | front=1.26m
[INFO] [1783540181.726571098] [shared_nav_semantic_explore]: [NAV] step=598 mode=TRACK fsm=TRACK phase=EXPLORE_ALIGN mode=TRACK | reason=semantic_explore_align | explore_phase=EXPLORE_ALIGN | search_mode=visual_handoff | cmd=wz=+0.050 | front=1.26m
[INFO] [1783540181.812978455] [shared_nav_semantic_explore]: [NAV] step=599 mode=TRACK fsm=TRACK phase=EXPLORE_ALIGN mode=TRACK | reason=semantic_explore_align | explore_phase=EXPLORE_ALIGN | search_mode=visual_handoff | cmd=wz=+0.050 | front=1.25m
[INFO] [1783540181.909156633] [shared_nav_semantic_explore]: [NAV] step=600 mode=TRACK fsm=TRACK phase=EXPLORE_ALIGN mode=TRACK | reason=semantic_explore_align | explore_phase=EXPLORE_ALIGN | search_mode=visual_handoff | cmd=wz=+0.050 | front=1.25m
[INFO] [1783540182.012166303] [shared_nav_semantic_explore]: [NAV] step=601 mode=TRACK fsm=TRACK phase=EXPLORE_ALIGN mode=TRACK | reason=semantic_explore_align | explore_phase=EXPLORE_ALIGN | search_mode=visual_handoff | cmd=wz=+0.050 | front=1.26m
[INFO] [1783540182.123667797] [shared_nav_semantic_explore]: [NAV] step=602 mode=TRACK fsm=TRACK phase=EXPLORE_ALIGN mode=TRACK | reason=semantic_explore_align | explore_phase=EXPLORE_ALIGN | search_mode=visual_handoff | cmd=wz=+0.050 | front=1.24m
[INFO] [1783540182.218823018] [shared_nav_semantic_explore]: [NAV] step=603 mode=TRACK fsm=TRACK phase=EXPLORE_ALIGN mode=TRACK | reason=semantic_explore_align | explore_phase=EXPLORE_ALIGN | search_mode=visual_handoff | cmd=wz=+0.050 | front=1.25m
[INFO] [1783540182.313064824] [shared_nav_semantic_explore]: [NAV] step=604 mode=TRACK fsm=TRACK phase=EXPLORE_ALIGN mode=TRACK | reason=semantic_explore_align | explore_phase=EXPLORE_ALIGN | search_mode=visual_handoff | cmd=wz=+0.050 | front=1.24m
[INFO] [1783540182.411136625] [shared_nav_semantic_explore]: [NAV] step=605 mode=TRACK fsm=TRACK phase=EXPLORE_ALIGN mode=TRACK | reason=semantic_explore_align | explore_phase=EXPLORE_ALIGN | search_mode=visual_handoff | cmd=wz=+0.050 | front=1.23m
[INFO] [1783540182.518787873] [shared_nav_semantic_explore]: [NAV] step=606 mode=TRACK fsm=TRACK phase=EXPLORE_ALIGN mode=TRACK | reason=semantic_explore_align | explore_phase=EXPLORE_ALIGN | search_mode=visual_handoff | cmd=wz=+0.050 | front=1.22m
[INFO] [1783540182.616489633] [shared_nav_semantic_explore]: [NAV] step=607 mode=TRACK fsm=TRACK phase=EXPLORE_ALIGN mode=TRACK | reason=semantic_explore_align | explore_phase=EXPLORE_ALIGN | search_mode=visual_handoff | cmd=wz=+0.050 | front=1.22m
[INFO] [1783540182.708160150] [shared_nav_semantic_explore]: [NAV] step=608 mode=TRACK fsm=TRACK phase=EXPLORE_ALIGN mode=TRACK | reason=semantic_explore_align | explore_phase=EXPLORE_ALIGN | search_mode=visual_handoff | cmd=wz=+0.050 | front=1.22m
[INFO] [1783540182.814919608] [shared_nav_semantic_explore]: [NAV] step=609 mode=TRACK fsm=TRACK phase=EXPLORE_ALIGN mode=TRACK | reason=semantic_explore_align | explore_phase=EXPLORE_ALIGN | search_mode=visual_handoff | cmd=wz=+0.050 | front=1.21m
[INFO] [1783540182.908770247] [shared_nav_semantic_explore]: [NAV] step=610 mode=TRACK fsm=TRACK phase=EXPLORE_ALIGN mode=TRACK | reason=semantic_explore_align | explore_phase=EXPLORE_ALIGN | search_mode=visual_handoff | cmd=wz=+0.050 | front=1.22m
[INFO] [1783540183.017548494] [shared_nav_semantic_explore]: [NAV] step=611 mode=TRACK fsm=TRACK phase=EXPLORE_ALIGN mode=TRACK | reason=semantic_explore_align | explore_phase=EXPLORE_ALIGN | search_mode=visual_handoff | cmd=wz=+0.050 | front=1.20m
[INFO] [1783540183.119045166] [shared_nav_semantic_explore]: [NAV] step=612 mode=TRACK fsm=TRACK phase=EXPLORE_ALIGN mode=TRACK | reason=semantic_explore_align | explore_phase=EXPLORE_ALIGN | search_mode=visual_handoff | cmd=wz=+0.050 | front=1.19m
[INFO] [1783540183.209311227] [shared_nav_semantic_explore]: [NAV] step=613 mode=TRACK fsm=TRACK phase=EXPLORE_ALIGN mode=TRACK | reason=semantic_explore_align | explore_phase=EXPLORE_ALIGN | search_mode=visual_handoff | cmd=wz=+0.050 | front=1.20m
[INFO] [1783540183.313473479] [shared_nav_semantic_explore]: [NAV] step=614 mode=TRACK fsm=TRACK phase=EXPLORE_ALIGN mode=TRACK | reason=semantic_explore_align | explore_phase=EXPLORE_ALIGN | search_mode=visual_handoff | cmd=wz=+0.050 | front=1.19m
[INFO] [1783540183.416244817] [shared_nav_semantic_explore]: [NAV] step=615 mode=TRACK fsm=TRACK phase=EXPLORE_ALIGN mode=TRACK | reason=semantic_explore_align | explore_phase=EXPLORE_ALIGN | search_mode=visual_handoff | cmd=wz=+0.050 | front=1.19m
[INFO] [1783540183.526911603] [shared_nav_semantic_explore]: [NAV] step=616 mode=TRACK fsm=TRACK phase=EXPLORE_ALIGN mode=TRACK | reason=semantic_explore_align | explore_phase=EXPLORE_ALIGN | search_mode=visual_handoff | cmd=wz=+0.050 | front=1.19m
[INFO] [1783540183.619024453] [shared_nav_semantic_explore]: [NAV] step=617 mode=TRACK fsm=TRACK phase=EXPLORE_ALIGN mode=TRACK | reason=semantic_explore_align | explore_phase=EXPLORE_ALIGN | search_mode=visual_handoff | cmd=wz=+0.050 | front=1.19m
[INFO] [1783540183.707847557] [shared_nav_semantic_explore]: [NAV] step=618 mode=TRACK fsm=TRACK phase=EXPLORE_ALIGN mode=TRACK | reason=semantic_explore_align | explore_phase=EXPLORE_ALIGN | search_mode=visual_handoff | cmd=wz=+0.050 | front=1.18m
[INFO] [1783540183.813202683] [shared_nav_semantic_explore]: [NAV] step=619 mode=TRACK fsm=TRACK phase=EXPLORE_ALIGN mode=TRACK | reason=semantic_explore_align | explore_phase=EXPLORE_ALIGN | search_mode=visual_handoff | cmd=wz=+0.050 | front=1.18m
[INFO] [1783540183.916837519] [shared_nav_semantic_explore]: [NAV] step=620 mode=TRACK fsm=TRACK phase=EXPLORE_ALIGN mode=TRACK | reason=semantic_explore_align | explore_phase=EXPLORE_ALIGN | search_mode=visual_handoff | cmd=wz=+0.050 | front=1.17m
[INFO] [1783540184.014052405] [shared_nav_semantic_explore]: [NAV] step=621 mode=TRACK fsm=TRACK phase=EXPLORE_ALIGN mode=TRACK | reason=semantic_explore_align | explore_phase=EXPLORE_ALIGN | search_mode=visual_handoff | cmd=wz=+0.050 | front=1.17m
[INFO] [1783540184.115845368] [shared_nav_semantic_explore]: [NAV] step=622 mode=TRACK fsm=TRACK phase=EXPLORE_ALIGN mode=TRACK | reason=semantic_explore_align | explore_phase=EXPLORE_ALIGN | search_mode=visual_handoff | cmd=wz=+0.050 | front=1.16m
[INFO] [1783540184.228888402] [shared_nav_semantic_explore]: [NAV] step=623 mode=TRACK fsm=TRACK phase=EXPLORE_ALIGN mode=TRACK | reason=semantic_explore_align | explore_phase=EXPLORE_ALIGN | search_mode=visual_handoff | cmd=wz=+0.050 | front=1.16m
[INFO] [1783540184.315929258] [shared_nav_semantic_explore]: [NAV] step=624 mode=TRACK fsm=TRACK phase=EXPLORE_ALIGN mode=TRACK | reason=semantic_explore_align | explore_phase=EXPLORE_ALIGN | search_mode=visual_handoff | cmd=wz=+0.050 | front=1.15m
[INFO] [1783540184.427577585] [shared_nav_semantic_explore]: [NAV] step=625 mode=TRACK fsm=TRACK phase=EXPLORE_ALIGN mode=TRACK | reason=semantic_explore_align | explore_phase=EXPLORE_ALIGN | search_mode=visual_handoff | cmd=wz=+0.050 | front=1.14m
[INFO] [1783540184.512846568] [shared_nav_semantic_explore]: [NAV] step=626 mode=TRACK fsm=TRACK phase=EXPLORE_ALIGN mode=TRACK | reason=semantic_explore_align | explore_phase=EXPLORE_ALIGN | search_mode=visual_handoff | cmd=wz=+0.050 | front=1.15m
[INFO] [1783540184.623467605] [shared_nav_semantic_explore]: [NAV] step=627 mode=TRACK fsm=TRACK phase=EXPLORE_ALIGN mode=TRACK | reason=semantic_explore_align | explore_phase=EXPLORE_ALIGN | search_mode=visual_handoff | cmd=wz=+0.050 | front=1.15m
[INFO] [1783540184.711171960] [shared_nav_semantic_explore]: [NAV] step=628 mode=TRACK fsm=TRACK phase=EXPLORE_ALIGN mode=TRACK | reason=semantic_explore_align | explore_phase=EXPLORE_ALIGN | search_mode=visual_handoff | cmd=wz=+0.050 | front=1.14m
[INFO] [1783540184.831558735] [shared_nav_semantic_explore]: [NAV] step=629 mode=TRACK fsm=TRACK phase=EXPLORE_ALIGN mode=TRACK | reason=semantic_explore_align | explore_phase=EXPLORE_ALIGN | search_mode=visual_handoff | cmd=wz=+0.050 | front=1.14m
[INFO] [1783540184.914194180] [shared_nav_semantic_explore]: [NAV] step=630 mode=TRACK fsm=TRACK phase=EXPLORE_ALIGN mode=TRACK | reason=semantic_explore_align | explore_phase=EXPLORE_ALIGN | search_mode=visual_handoff | cmd=wz=+0.050 | front=1.13m
[INFO] [1783540185.035880995] [shared_nav_semantic_explore]: [NAV] step=631 mode=TRACK fsm=TRACK phase=EXPLORE_ALIGN mode=TRACK | reason=semantic_explore_align | explore_phase=EXPLORE_ALIGN | search_mode=visual_handoff | cmd=wz=+0.050 | front=1.12m
[INFO] [1783540185.130554092] [shared_nav_semantic_explore]: [NAV] step=632 mode=TRACK fsm=TRACK phase=EXPLORE_ALIGN mode=TRACK | reason=semantic_explore_align | explore_phase=EXPLORE_ALIGN | search_mode=visual_handoff | cmd=wz=+0.050 | front=1.12m
[INFO] [1783540185.211884622] [shared_nav_semantic_explore]: [NAV] step=633 mode=TRACK fsm=TRACK phase=EXPLORE_ALIGN mode=TRACK | reason=semantic_explore_align | explore_phase=EXPLORE_ALIGN | search_mode=visual_handoff | cmd=wz=+0.050 | front=1.11m
[INFO] [1783540185.313574044] [shared_nav_semantic_explore]: [NAV] step=634 mode=TRACK fsm=TRACK phase=EXPLORE_ALIGN mode=TRACK | reason=semantic_explore_align | explore_phase=EXPLORE_ALIGN | search_mode=visual_handoff | cmd=wz=+0.050 | front=1.11m
[INFO] [1783540185.428904617] [shared_nav_semantic_explore]: [NAV] step=635 mode=TRACK fsm=TRACK phase=EXPLORE_ALIGN mode=TRACK | reason=semantic_explore_align | explore_phase=EXPLORE_ALIGN | search_mode=visual_handoff | cmd=wz=+0.050 | front=1.10m
[INFO] [1783540185.511823228] [shared_nav_semantic_explore]: [NAV] step=636 mode=TRACK fsm=TRACK phase=EXPLORE_ALIGN mode=TRACK | reason=semantic_explore_align | explore_phase=EXPLORE_ALIGN | search_mode=visual_handoff | cmd=wz=+0.050 | front=1.09m
[INFO] [1783540185.618015228] [shared_nav_semantic_explore]: [NAV] step=637 mode=TRACK fsm=TRACK phase=EXPLORE_ALIGN mode=TRACK | reason=semantic_explore_align | explore_phase=EXPLORE_ALIGN | search_mode=visual_handoff | cmd=wz=+0.050 | front=1.09m
[INFO] [1783540185.711125035] [shared_nav_semantic_explore]: [NAV] step=638 mode=TRACK fsm=TRACK phase=EXPLORE_ALIGN mode=TRACK | reason=semantic_explore_align | explore_phase=EXPLORE_ALIGN | search_mode=visual_handoff | cmd=wz=+0.050 | front=1.08m
[INFO] [1783540185.816418453] [shared_nav_semantic_explore]: [NAV] step=639 mode=TRACK fsm=TRACK phase=EXPLORE_ALIGN mode=TRACK | reason=semantic_explore_align | explore_phase=EXPLORE_ALIGN | search_mode=visual_handoff | cmd=wz=+0.050 | front=1.07m
[INFO] [1783540185.924738826] [shared_nav_semantic_explore]: [NAV] step=640 mode=TRACK fsm=TRACK phase=EXPLORE_ALIGN mode=TRACK | reason=semantic_explore_align | explore_phase=EXPLORE_ALIGN | search_mode=visual_handoff | cmd=wz=+0.050 | front=1.06m
[INFO] [1783540186.013493389] [shared_nav_semantic_explore]: [NAV] step=641 mode=TRACK fsm=TRACK phase=EXPLORE_ALIGN mode=TRACK | reason=semantic_explore_align | explore_phase=EXPLORE_ALIGN | search_mode=visual_handoff | cmd=wz=+0.050 | front=1.04m
[INFO] [1783540186.118342599] [shared_nav_semantic_explore]: [NAV] step=642 mode=TRACK fsm=TRACK phase=EXPLORE_ALIGN mode=TRACK | reason=semantic_explore_align | explore_phase=EXPLORE_ALIGN | search_mode=visual_handoff | cmd=wz=+0.050 | front=1.04m
[INFO] [1783540186.235970878] [shared_nav_semantic_explore]: [NAV] step=643 mode=TRACK fsm=TRACK phase=EXPLORE_ALIGN mode=TRACK | reason=semantic_explore_align | explore_phase=EXPLORE_ALIGN | search_mode=visual_handoff | cmd=wz=+0.050 | front=1.06m
[INFO] [1783540186.318642031] [shared_nav_semantic_explore]: [NAV] step=644 mode=TRACK fsm=TRACK phase=EXPLORE_ALIGN mode=TRACK | reason=semantic_explore_align | explore_phase=EXPLORE_ALIGN | search_mode=visual_handoff | cmd=wz=+0.050 | front=1.04m
[INFO] [1783540186.410934131] [shared_nav_semantic_explore]: [NAV] step=645 mode=TRACK fsm=TRACK phase=EXPLORE_ALIGN mode=TRACK | reason=semantic_explore_align | explore_phase=EXPLORE_ALIGN | search_mode=visual_handoff | cmd=wz=+0.050 | front=1.01m
[INFO] [1783540186.513065261] [shared_nav_semantic_explore]: [NAV] step=646 mode=TRACK fsm=TRACK phase=EXPLORE_ALIGN mode=TRACK | reason=semantic_explore_align | explore_phase=EXPLORE_ALIGN | search_mode=visual_handoff | cmd=wz=+0.050 | front=1.01m
[INFO] [1783540186.607703775] [shared_nav_semantic_explore]: [NAV] step=647 mode=TRACK fsm=TRACK phase=EXPLORE_ALIGN mode=TRACK | reason=semantic_explore_align | explore_phase=EXPLORE_ALIGN | search_mode=visual_handoff | cmd=wz=+0.050 | front=1.00m
[INFO] [1783540186.724933262] [shared_nav_semantic_explore]: [NAV] step=648 mode=TRACK fsm=TRACK phase=EXPLORE_ALIGN mode=TRACK | reason=semantic_explore_align | explore_phase=EXPLORE_ALIGN | search_mode=visual_handoff | cmd=wz=+0.050 | front=0.99m
[INFO] [1783540186.810339579] [shared_nav_semantic_explore]: [NAV] step=649 mode=TRACK fsm=TRACK phase=EXPLORE_ALIGN mode=TRACK | reason=semantic_explore_align | explore_phase=EXPLORE_ALIGN | search_mode=visual_handoff | cmd=wz=+0.050 | front=0.98m
[INFO] [1783540186.916300538] [shared_nav_semantic_explore]: [NAV] step=650 mode=TRACK fsm=TRACK phase=EXPLORE_ALIGN mode=TRACK | reason=semantic_explore_align | explore_phase=EXPLORE_ALIGN | search_mode=visual_handoff | cmd=wz=+0.050 | front=0.97m
[INFO] [1783540187.014635255] [shared_nav_semantic_explore]: [NAV] step=651 mode=TRACK fsm=TRACK phase=EXPLORE_ALIGN mode=TRACK | reason=semantic_explore_align | explore_phase=EXPLORE_ALIGN | search_mode=visual_handoff | cmd=wz=+0.050 | front=1.00m
[INFO] [1783540187.116577594] [shared_nav_semantic_explore]: [NAV] step=652 mode=TRACK fsm=TRACK phase=EXPLORE_ALIGN mode=TRACK | reason=semantic_explore_align | explore_phase=EXPLORE_ALIGN | search_mode=visual_handoff | cmd=wz=+0.050 | front=0.96m
[INFO] [1783540187.219589307] [shared_nav_semantic_explore]: [NAV] step=653 mode=TRACK fsm=TRACK phase=EXPLORE_ALIGN mode=TRACK | reason=semantic_explore_align | explore_phase=EXPLORE_ALIGN | search_mode=visual_handoff | cmd=wz=+0.050 | front=0.95m
[INFO] [1783540187.313605780] [shared_nav_semantic_explore]: [NAV] step=654 mode=TRACK fsm=TRACK phase=EXPLORE_ALIGN mode=TRACK | reason=semantic_explore_align | explore_phase=EXPLORE_ALIGN | search_mode=visual_handoff | cmd=wz=+0.050 | front=0.95m
[INFO] [1783540187.409932250] [shared_nav_semantic_explore]: [NAV] step=655 mode=TRACK fsm=TRACK phase=EXPLORE_ALIGN mode=TRACK | reason=semantic_explore_align | explore_phase=EXPLORE_ALIGN | search_mode=visual_handoff | cmd=wz=+0.050 | front=0.95m
[INFO] [1783540187.525142990] [shared_nav_semantic_explore]: [NAV] step=656 mode=TRACK fsm=TRACK phase=EXPLORE_ALIGN mode=TRACK | reason=semantic_explore_align | explore_phase=EXPLORE_ALIGN | search_mode=visual_handoff | cmd=wz=+0.050 | front=0.95m
[INFO] [1783540187.614999093] [shared_nav_semantic_explore]: [NAV] step=657 mode=TRACK fsm=TRACK phase=EXPLORE_ALIGN mode=TRACK | reason=semantic_explore_align | explore_phase=EXPLORE_ALIGN | search_mode=visual_handoff | cmd=wz=+0.050 | front=1.01m
[INFO] [1783540187.718398639] [shared_nav_semantic_explore]: [NAV] step=658 mode=TRACK fsm=TRACK phase=EXPLORE_ALIGN mode=TRACK | reason=semantic_explore_align | explore_phase=EXPLORE_ALIGN | search_mode=visual_handoff | cmd=wz=+0.050 | front=1.00m
[INFO] [1783540187.814212401] [shared_nav_semantic_explore]: [NAV] step=659 mode=TRACK fsm=TRACK phase=EXPLORE_ALIGN mode=TRACK | reason=semantic_explore_align | explore_phase=EXPLORE_ALIGN | search_mode=visual_handoff | cmd=wz=+0.050 | front=1.00m
[INFO] [1783540187.917854446] [shared_nav_semantic_explore]: [NAV] step=660 mode=TRACK fsm=TRACK phase=EXPLORE_ALIGN mode=TRACK | reason=semantic_explore_align | explore_phase=EXPLORE_ALIGN | search_mode=visual_handoff | cmd=wz=+0.050 | front=0.99m
[INFO] [1783540188.018579495] [shared_nav_semantic_explore]: [NAV] step=661 mode=TRACK fsm=TRACK phase=EXPLORE_ALIGN mode=TRACK | reason=semantic_explore_align | explore_phase=EXPLORE_ALIGN | search_mode=visual_handoff | cmd=wz=+0.050 | front=0.98m
[INFO] [1783540188.116880463] [shared_nav_semantic_explore]: [NAV] step=662 mode=TRACK fsm=TRACK phase=EXPLORE_ALIGN mode=TRACK | reason=semantic_explore_align | explore_phase=EXPLORE_ALIGN | search_mode=visual_handoff | cmd=wz=+0.050 | front=0.98m
[INFO] [1783540188.217220929] [shared_nav_semantic_explore]: [NAV] step=663 mode=TRACK fsm=TRACK phase=EXPLORE_ALIGN mode=TRACK | reason=semantic_explore_align | explore_phase=EXPLORE_ALIGN | search_mode=visual_handoff | cmd=wz=+0.050 | front=0.98m
[INFO] [1783540188.326700759] [shared_nav_semantic_explore]: [NAV] step=664 mode=TRACK fsm=TRACK phase=EXPLORE_ALIGN mode=TRACK | reason=semantic_explore_align | explore_phase=EXPLORE_ALIGN | search_mode=visual_handoff | cmd=wz=+0.050 | front=0.96m
[INFO] [1783540188.410642494] [shared_nav_semantic_explore]: [NAV] step=665 mode=TRACK fsm=TRACK phase=EXPLORE_ALIGN mode=TRACK | reason=semantic_explore_align | explore_phase=EXPLORE_ALIGN | search_mode=visual_handoff | cmd=wz=+0.050 | front=0.96m
[INFO] [1783540188.517444411] [shared_nav_semantic_explore]: [NAV] step=666 mode=TRACK fsm=TRACK phase=EXPLORE_ALIGN mode=TRACK | reason=semantic_explore_align | explore_phase=EXPLORE_ALIGN | search_mode=visual_handoff | cmd=wz=+0.050 | front=0.95m
[INFO] [1783540188.608279221] [shared_nav_semantic_explore]: [NAV] step=667 mode=TRACK fsm=TRACK phase=EXPLORE_ALIGN mode=TRACK | reason=semantic_explore_align | explore_phase=EXPLORE_ALIGN | search_mode=visual_handoff | cmd=wz=+0.050 | front=0.95m
[INFO] [1783540188.730502411] [shared_nav_semantic_explore]: [NAV] step=668 mode=TRACK fsm=TRACK phase=EXPLORE_ALIGN mode=TRACK | reason=semantic_explore_align | explore_phase=EXPLORE_ALIGN | search_mode=visual_handoff | cmd=wz=+0.050 | front=0.94m
[INFO] [1783540188.811397108] [shared_nav_semantic_explore]: [NAV] step=669 mode=TRACK fsm=TRACK phase=EXPLORE_ALIGN mode=TRACK | reason=semantic_explore_align | explore_phase=EXPLORE_ALIGN | search_mode=visual_handoff | cmd=wz=+0.050 | front=0.93m
[INFO] [1783540188.915323695] [shared_nav_semantic_explore]: [NAV] step=670 mode=TRACK fsm=TRACK phase=EXPLORE_ALIGN mode=TRACK | reason=semantic_explore_align | explore_phase=EXPLORE_ALIGN | search_mode=visual_handoff | cmd=wz=+0.050 | front=0.94m
[INFO] [1783540189.010421375] [shared_nav_semantic_explore]: [NAV] step=671 mode=TRACK fsm=TRACK phase=EXPLORE_ALIGN mode=TRACK | reason=semantic_explore_align | explore_phase=EXPLORE_ALIGN | search_mode=visual_handoff | cmd=wz=+0.050 | front=0.92m
[INFO] [1783540189.114347212] [shared_nav_semantic_explore]: [NAV] step=672 mode=TRACK fsm=TRACK phase=EXPLORE_ALIGN mode=TRACK | reason=semantic_explore_align | explore_phase=EXPLORE_ALIGN | search_mode=visual_handoff | cmd=wz=+0.050 | front=0.92m
[INFO] [1783540189.226495914] [shared_nav_semantic_explore]: [NAV] step=673 mode=TRACK fsm=TRACK phase=EXPLORE_ALIGN mode=TRACK | reason=semantic_explore_align | explore_phase=EXPLORE_ALIGN | search_mode=visual_handoff | cmd=wz=+0.050 | front=0.92m
[INFO] [1783540189.312663646] [shared_nav_semantic_explore]: [NAV] step=674 mode=TRACK fsm=TRACK phase=EXPLORE_ALIGN mode=TRACK | reason=semantic_explore_align | explore_phase=EXPLORE_ALIGN | search_mode=visual_handoff | cmd=wz=+0.050 | front=0.91m
[INFO] [1783540189.415269109] [shared_nav_semantic_explore]: [NAV] step=675 mode=TRACK fsm=TRACK phase=EXPLORE_ALIGN mode=TRACK | reason=semantic_explore_align | explore_phase=EXPLORE_ALIGN | search_mode=visual_handoff | cmd=wz=+0.050 | front=0.90m
[INFO] [1783540189.519380988] [shared_nav_semantic_explore]: [NAV] step=676 mode=TRACK fsm=TRACK phase=EXPLORE_ALIGN mode=TRACK | reason=semantic_explore_align | explore_phase=EXPLORE_ALIGN | search_mode=visual_handoff | cmd=wz=-0.050 | front=0.89m
[INFO] [1783540189.611713380] [shared_nav_semantic_explore]: [NAV] step=677 mode=TRACK fsm=TRACK phase=EXPLORE_ALIGN mode=TRACK | reason=semantic_explore_align | explore_phase=EXPLORE_ALIGN | search_mode=visual_handoff | cmd=wz=-0.050 | front=0.80m
[INFO] [1783540189.721533876] [shared_nav_semantic_explore]: [NAV] step=678 mode=TRACK fsm=TRACK phase=EXPLORE_ALIGN mode=TRACK | reason=semantic_explore_align | explore_phase=EXPLORE_ALIGN | search_mode=visual_handoff | cmd=wz=-0.050 | front=0.80m
[INFO] [1783540189.823792715] [shared_nav_semantic_explore]: [NAV] step=679 mode=TRACK fsm=TRACK phase=EXPLORE_ALIGN mode=TRACK | reason=semantic_explore_align | explore_phase=EXPLORE_ALIGN | search_mode=visual_handoff | cmd=wz=-0.050 | front=0.79m
[INFO] [1783540189.916274815] [shared_nav_semantic_explore]: [NAV] step=680 mode=TRACK fsm=TRACK phase=EXPLORE_ALIGN mode=TRACK | reason=semantic_explore_align | explore_phase=EXPLORE_ALIGN | search_mode=visual_handoff | cmd=wz=-0.050 | front=0.79m
[INFO] [1783540190.008247915] [shared_nav_semantic_explore]: [NAV] step=681 mode=TRACK fsm=TRACK phase=EXPLORE_ALIGN mode=TRACK | reason=semantic_explore_align | explore_phase=EXPLORE_ALIGN | search_mode=visual_handoff | cmd=wz=-0.050 | front=0.79m
[INFO] [1783540190.114470166] [shared_nav_semantic_explore]: [NAV] step=682 mode=TRACK fsm=TRACK phase=EXPLORE_ALIGN mode=TRACK | reason=semantic_explore_align | explore_phase=EXPLORE_ALIGN | search_mode=visual_handoff | cmd=wz=+0.050 | front=0.79m
[INFO] [1783540190.216949880] [shared_nav_semantic_explore]: [NAV] step=683 mode=TRACK fsm=TRACK phase=EXPLORE_ALIGN mode=TRACK | reason=semantic_explore_align | explore_phase=EXPLORE_ALIGN | search_mode=visual_handoff | cmd=wz=+0.050 | front=0.79m
[INFO] [1783540190.315446306] [shared_nav_semantic_explore]: [NAV] step=684 mode=TRACK fsm=TRACK phase=EXPLORE_ALIGN mode=TRACK | reason=semantic_explore_align | explore_phase=EXPLORE_ALIGN | search_mode=visual_handoff | cmd=wz=+0.050 | front=0.77m
[INFO] [1783540190.419679268] [shared_nav_semantic_explore]: [NAV] step=685 mode=TRACK fsm=TRACK phase=EXPLORE_ALIGN mode=TRACK | reason=semantic_explore_align | explore_phase=EXPLORE_ALIGN | search_mode=visual_handoff | cmd=wz=+0.050 | front=0.76m
[INFO] [1783540190.510790661] [shared_nav_semantic_explore]: [NAV] step=686 mode=TRACK fsm=TRACK phase=EXPLORE_ALIGN mode=TRACK | reason=semantic_explore_align | explore_phase=EXPLORE_ALIGN | search_mode=visual_handoff | cmd=wz=+0.050 | front=0.74m
[INFO] [1783540190.622509197] [shared_nav_semantic_explore]: [NAV] step=687 mode=TRACK fsm=TRACK phase=EXPLORE_ALIGN mode=TRACK | reason=semantic_explore_align | explore_phase=EXPLORE_ALIGN | search_mode=visual_handoff | cmd=wz=+0.050 | front=0.74m
[INFO] [1783540190.721196540] [shared_nav_semantic_explore]: [NAV] step=688 mode=TRACK fsm=TRACK phase=EXPLORE_ALIGN mode=TRACK | reason=semantic_explore_align | explore_phase=EXPLORE_ALIGN | search_mode=visual_handoff | cmd=wz=+0.050 | front=0.74m
[INFO] [1783540190.821441673] [shared_nav_semantic_explore]: [NAV] step=689 mode=TRACK fsm=TRACK phase=EXPLORE_ALIGN mode=TRACK | reason=semantic_explore_align | explore_phase=EXPLORE_ALIGN | search_mode=visual_handoff | cmd=wz=+0.050 | front=0.74m
[INFO] [1783540190.914875439] [shared_nav_semantic_explore]: [NAV] step=690 mode=TRACK fsm=TRACK phase=EXPLORE_ALIGN mode=TRACK | reason=semantic_explore_align | explore_phase=EXPLORE_ALIGN | search_mode=visual_handoff | cmd=wz=+0.050 | front=0.74m
[INFO] [1783540191.029147555] [shared_nav_semantic_explore]: [NAV] step=691 mode=TRACK fsm=TRACK phase=EXPLORE_ALIGN mode=TRACK | reason=semantic_explore_align | explore_phase=EXPLORE_ALIGN | search_mode=visual_handoff | cmd=wz=+0.050 | front=0.74m
[INFO] [1783540191.136757138] [shared_nav_semantic_explore]: [NAV] step=692 mode=TRACK fsm=TRACK phase=EXPLORE_ALIGN mode=TRACK | reason=semantic_explore_align | explore_phase=EXPLORE_ALIGN | search_mode=visual_handoff | cmd=wz=+0.050 | front=0.73m
[INFO] [1783540191.238460144] [shared_nav_semantic_explore]: [NAV] step=693 mode=TRACK fsm=TRACK phase=EXPLORE_ALIGN mode=TRACK | reason=semantic_explore_align | explore_phase=EXPLORE_ALIGN | search_mode=visual_handoff | cmd=wz=+0.050 | front=0.73m
[INFO] [1783540191.334160449] [shared_nav_semantic_explore]: [NAV] step=694 mode=TRACK fsm=TRACK phase=EXPLORE_ALIGN mode=TRACK | reason=semantic_explore_align | explore_phase=EXPLORE_ALIGN | search_mode=visual_handoff | cmd=wz=+0.050 | front=0.73m
[INFO] [1783540191.419159849] [shared_nav_semantic_explore]: [NAV] step=695 mode=TRACK fsm=TRACK phase=EXPLORE_ALIGN mode=TRACK | reason=semantic_explore_align | explore_phase=EXPLORE_ALIGN | search_mode=visual_handoff | cmd=wz=+0.050 | front=0.72m
[INFO] [1783540191.524778393] [shared_nav_semantic_explore]: [NAV] step=696 mode=TRACK fsm=TRACK phase=EXPLORE_ALIGN mode=TRACK | reason=semantic_explore_align | explore_phase=EXPLORE_ALIGN | search_mode=visual_handoff | cmd=wz=+0.050 | front=0.72m
[INFO] [1783540191.629572229] [shared_nav_semantic_explore]: [NAV] step=697 mode=TRACK fsm=TRACK phase=EXPLORE_ALIGN mode=TRACK | reason=semantic_explore_align | explore_phase=EXPLORE_ALIGN | search_mode=visual_handoff | cmd=wz=+0.050 | front=0.71m
[INFO] [1783540191.714186838] [shared_nav_semantic_explore]: [NAV] step=698 mode=TRACK fsm=TRACK phase=EXPLORE_ALIGN mode=TRACK | reason=semantic_explore_align | explore_phase=EXPLORE_ALIGN | search_mode=visual_handoff | cmd=wz=+0.050 | front=0.70m
[INFO] [1783540191.827475497] [shared_nav_semantic_explore]: [NAV] step=699 mode=TRACK fsm=TRACK phase=EXPLORE_ALIGN mode=TRACK | reason=semantic_explore_align | explore_phase=EXPLORE_ALIGN | search_mode=visual_handoff | cmd=wz=+0.050 | front=0.70m
[INFO] [1783540191.915449561] [shared_nav_semantic_explore]: [NAV] step=700 mode=TRACK fsm=TRACK phase=EXPLORE_ALIGN mode=TRACK | reason=semantic_explore_align | explore_phase=EXPLORE_ALIGN | search_mode=visual_handoff | cmd=wz=+0.050 | front=0.69m
[INFO] [1783540192.033690215] [shared_nav_semantic_explore]: [NAV] step=701 mode=TRACK fsm=TRACK phase=EXPLORE_ALIGN mode=TRACK | reason=semantic_explore_align | explore_phase=EXPLORE_ALIGN | search_mode=visual_handoff | cmd=wz=+0.050 | front=0.68m
[INFO] [1783540192.126859314] [shared_nav_semantic_explore]: [NAV] step=702 mode=TRACK fsm=TRACK phase=EXPLORE_ALIGN mode=TRACK | reason=semantic_explore_align | explore_phase=EXPLORE_ALIGN | search_mode=visual_handoff | cmd=wz=+0.050 | front=0.68m
[INFO] [1783540192.212660631] [shared_nav_semantic_explore]: [NAV] step=703 mode=TRACK fsm=TRACK phase=EXPLORE_ALIGN mode=TRACK | reason=semantic_explore_align | explore_phase=EXPLORE_ALIGN | search_mode=visual_handoff | cmd=wz=+0.050 | front=0.68m
[INFO] [1783540192.314904803] [shared_nav_semantic_explore]: [NAV] step=704 mode=TRACK fsm=TRACK phase=EXPLORE_ALIGN mode=TRACK | reason=semantic_explore_align | explore_phase=EXPLORE_ALIGN | search_mode=visual_handoff | cmd=wz=+0.050 | front=0.67m
[INFO] [1783540192.412993939] [shared_nav_semantic_explore]: [NAV] step=705 mode=TRACK fsm=TRACK phase=EXPLORE_ALIGN mode=TRACK | reason=semantic_explore_align | explore_phase=EXPLORE_ALIGN | search_mode=visual_handoff | cmd=wz=+0.050 | front=0.67m
[INFO] [1783540192.512984905] [shared_nav_semantic_explore]: [NAV] step=706 mode=TRACK fsm=TRACK phase=EXPLORE_ALIGN mode=TRACK | reason=semantic_explore_align | explore_phase=EXPLORE_ALIGN | search_mode=visual_handoff | cmd=wz=+0.050 | front=0.67m
[INFO] [1783540192.630453727] [shared_nav_semantic_explore]: [NAV] step=707 mode=TRACK fsm=TRACK phase=EXPLORE_ALIGN mode=TRACK | reason=semantic_explore_align | explore_phase=EXPLORE_ALIGN | search_mode=visual_handoff | cmd=wz=+0.050 | front=0.67m
[INFO] [1783540192.712229631] [shared_nav_semantic_explore]: [NAV] step=708 mode=TRACK fsm=TRACK phase=EXPLORE_ALIGN mode=TRACK | reason=semantic_explore_align | explore_phase=EXPLORE_ALIGN | search_mode=visual_handoff | cmd=wz=+0.050 | front=0.66m
[INFO] [1783540192.821671295] [shared_nav_semantic_explore]: [NAV] step=709 mode=TRACK fsm=TRACK phase=EXPLORE_ALIGN mode=TRACK | reason=semantic_explore_align | explore_phase=EXPLORE_ALIGN | search_mode=visual_handoff | cmd=wz=+0.050 | front=0.65m
[INFO] [1783540192.931536375] [shared_nav_semantic_explore]: [NAV] step=710 mode=TRACK fsm=TRACK phase=EXPLORE_ALIGN mode=TRACK | reason=semantic_explore_align | explore_phase=EXPLORE_ALIGN | search_mode=visual_handoff | cmd=wz=+0.050 | front=0.65m
[INFO] [1783540193.017213775] [shared_nav_semantic_explore]: [NAV] step=711 mode=TRACK fsm=TRACK phase=EXPLORE_ALIGN mode=TRACK | reason=semantic_explore_align | explore_phase=EXPLORE_ALIGN | search_mode=visual_handoff | cmd=wz=+0.050 | front=0.65m
[INFO] [1783540193.130558393] [shared_nav_semantic_explore]: [NAV] step=712 mode=TRACK fsm=TRACK phase=EXPLORE_ALIGN mode=TRACK | reason=semantic_explore_align | explore_phase=EXPLORE_ALIGN | search_mode=visual_handoff | cmd=wz=+0.050 | front=0.64m
[INFO] [1783540193.218359082] [shared_nav_semantic_explore]: [NAV] step=713 mode=TRACK fsm=TRACK phase=EXPLORE_ALIGN mode=TRACK | reason=semantic_explore_align | explore_phase=EXPLORE_ALIGN | search_mode=visual_handoff | cmd=wz=+0.050 | front=0.64m
[INFO] [1783540193.311371891] [shared_nav_semantic_explore]: [NAV] step=714 mode=TRACK fsm=TRACK phase=EXPLORE_ALIGN mode=TRACK | reason=semantic_explore_align | explore_phase=EXPLORE_ALIGN | search_mode=visual_handoff | cmd=wz=+0.050 | front=0.64m
[INFO] [1783540193.414653478] [shared_nav_semantic_explore]: [NAV] step=715 mode=TRACK fsm=TRACK phase=EXPLORE_ALIGN mode=TRACK | reason=semantic_explore_align | explore_phase=EXPLORE_ALIGN | search_mode=visual_handoff | cmd=wz=+0.050 | front=0.63m
[INFO] [1783540193.517732358] [shared_nav_semantic_explore]: [NAV] step=716 mode=TRACK fsm=TRACK phase=EXPLORE_ALIGN mode=TRACK | reason=semantic_explore_align | explore_phase=EXPLORE_ALIGN | search_mode=visual_handoff | cmd=wz=+0.050 | front=0.63m
[INFO] [1783540193.626055899] [shared_nav_semantic_explore]: [NAV] step=717 mode=TRACK fsm=TRACK phase=EXPLORE_ALIGN mode=TRACK | reason=semantic_explore_align | explore_phase=EXPLORE_ALIGN | search_mode=visual_handoff | cmd=wz=+0.050 | front=0.63m
[INFO] [1783540193.714005004] [shared_nav_semantic_explore]: [NAV] step=718 mode=TRACK fsm=TRACK phase=EXPLORE_ALIGN mode=TRACK | reason=semantic_explore_align | explore_phase=EXPLORE_ALIGN | search_mode=visual_handoff | cmd=wz=+0.050 | front=0.63m
[INFO] [1783540193.815398928] [shared_nav_semantic_explore]: [NAV] step=719 mode=TRACK fsm=TRACK phase=EXPLORE_ALIGN mode=TRACK | reason=semantic_explore_align | explore_phase=EXPLORE_ALIGN | search_mode=visual_handoff | cmd=wz=+0.050 | front=0.63m
[INFO] [1783540193.912453898] [shared_nav_semantic_explore]: [NAV] step=720 mode=TRACK fsm=TRACK phase=EXPLORE_ALIGN mode=TRACK | reason=semantic_explore_align | explore_phase=EXPLORE_ALIGN | search_mode=visual_handoff | cmd=wz=+0.050 | front=0.63m
[INFO] [1783540194.018740732] [shared_nav_semantic_explore]: [NAV] step=721 mode=TRACK fsm=TRACK phase=EXPLORE_ALIGN mode=TRACK | reason=semantic_explore_align | explore_phase=EXPLORE_ALIGN | search_mode=visual_handoff | cmd=wz=+0.050 | front=0.63m
[INFO] [1783540194.114470287] [shared_nav_semantic_explore]: [NAV] step=722 mode=TRACK fsm=TRACK phase=EXPLORE_ALIGN mode=TRACK | reason=semantic_explore_align | explore_phase=EXPLORE_ALIGN | search_mode=visual_handoff | cmd=wz=+0.050 | front=0.63m
[INFO] [1783540194.214887962] [shared_nav_semantic_explore]: [NAV] step=723 mode=TRACK fsm=TRACK phase=EXPLORE_ALIGN mode=TRACK | reason=semantic_explore_align | explore_phase=EXPLORE_ALIGN | search_mode=visual_handoff | cmd=wz=+0.050 | front=0.63m
[INFO] [1783540194.313078681] [shared_nav_semantic_explore]: [NAV] step=724 mode=TRACK fsm=TRACK phase=EXPLORE_ALIGN mode=TRACK | reason=semantic_explore_align | explore_phase=EXPLORE_ALIGN | search_mode=visual_handoff | cmd=wz=+0.050 | front=0.63m
[INFO] [1783540194.427985756] [shared_nav_semantic_explore]: [NAV] step=725 mode=TRACK fsm=TRACK phase=EXPLORE_ALIGN mode=TRACK | reason=semantic_explore_align | explore_phase=EXPLORE_ALIGN | search_mode=visual_handoff | cmd=wz=+0.050 | front=0.64m
[INFO] [1783540194.513347364] [shared_nav_semantic_explore]: [NAV] step=726 mode=TRACK fsm=TRACK phase=EXPLORE_ALIGN mode=TRACK | reason=semantic_explore_align | explore_phase=EXPLORE_ALIGN | search_mode=visual_handoff | cmd=wz=+0.050 | front=0.63m
[INFO] [1783540194.621358572] [shared_nav_semantic_explore]: [NAV] step=727 mode=TRACK fsm=TRACK phase=EXPLORE_ALIGN mode=TRACK | reason=semantic_explore_align | explore_phase=EXPLORE_ALIGN | search_mode=visual_handoff | cmd=wz=+0.050 | front=0.64m
[INFO] [1783540194.717028627] [shared_nav_semantic_explore]: [NAV] step=728 mode=TRACK fsm=TRACK phase=EXPLORE_ALIGN mode=TRACK | reason=semantic_explore_align | explore_phase=EXPLORE_ALIGN | search_mode=visual_handoff | cmd=wz=+0.050 | front=0.64m
[INFO] [1783540194.809834977] [shared_nav_semantic_explore]: [NAV] step=729 mode=TRACK fsm=TRACK phase=EXPLORE_ALIGN mode=TRACK | reason=semantic_explore_align | explore_phase=EXPLORE_ALIGN | search_mode=visual_handoff | cmd=wz=+0.050 | front=0.63m
[INFO] [1783540194.912375983] [shared_nav_semantic_explore]: [NAV] step=730 mode=TRACK fsm=TRACK phase=EXPLORE_ALIGN mode=TRACK | reason=semantic_explore_align | explore_phase=EXPLORE_ALIGN | search_mode=visual_handoff | cmd=wz=+0.050 | front=0.63m
[INFO] [1783540195.022626938] [shared_nav_semantic_explore]: [NAV] step=731 mode=TRACK fsm=TRACK phase=EXPLORE_ALIGN mode=TRACK | reason=semantic_explore_align | explore_phase=EXPLORE_ALIGN | search_mode=visual_handoff | cmd=wz=+0.050 | front=0.64m
[INFO] [1783540195.107287923] [shared_nav_semantic_explore]: [NAV] step=732 mode=TRACK fsm=TRACK phase=EXPLORE_ALIGN mode=TRACK | reason=semantic_explore_align | explore_phase=EXPLORE_ALIGN | search_mode=visual_handoff | cmd=wz=+0.050 | front=0.65m
[INFO] [1783540195.212269800] [shared_nav_semantic_explore]: [NAV] step=733 mode=TRACK fsm=TRACK phase=EXPLORE_ALIGN mode=TRACK | reason=semantic_explore_align | explore_phase=EXPLORE_ALIGN | search_mode=visual_handoff | cmd=wz=+0.050 | front=0.65m
[INFO] [1783540195.317134137] [shared_nav_semantic_explore]: [NAV] step=734 mode=TRACK fsm=TRACK phase=EXPLORE_ALIGN mode=TRACK | reason=semantic_explore_align | explore_phase=EXPLORE_ALIGN | search_mode=visual_handoff | cmd=wz=+0.050 | front=0.66m
[INFO] [1783540195.407338365] [shared_nav_semantic_explore]: [NAV] step=735 mode=TRACK fsm=TRACK phase=EXPLORE_ALIGN mode=TRACK | reason=semantic_explore_align | explore_phase=EXPLORE_ALIGN | search_mode=visual_handoff | cmd=wz=+0.050 | front=0.66m
[INFO] [1783540195.508920788] [shared_nav_semantic_explore]: [NAV] step=736 mode=TRACK fsm=TRACK phase=EXPLORE_ALIGN mode=TRACK | reason=semantic_explore_align | explore_phase=EXPLORE_ALIGN | search_mode=visual_handoff | cmd=wz=+0.050 | front=0.67m
[INFO] [1783540195.616645705] [shared_nav_semantic_explore]: [NAV] step=737 mode=TRACK fsm=TRACK phase=EXPLORE_ALIGN mode=TRACK | reason=semantic_explore_align | explore_phase=EXPLORE_ALIGN | search_mode=visual_handoff | cmd=wz=+0.050 | front=0.68m
[INFO] [1783540195.716741755] [shared_nav_semantic_explore]: [NAV] step=738 mode=TRACK fsm=TRACK phase=EXPLORE_ALIGN mode=TRACK | reason=semantic_explore_align | explore_phase=EXPLORE_ALIGN | search_mode=visual_handoff | cmd=wz=+0.050 | front=0.68m
[INFO] [1783540195.815617390] [shared_nav_semantic_explore]: [NAV] step=739 mode=TRACK fsm=TRACK phase=EXPLORE_ALIGN mode=TRACK | reason=semantic_explore_align | explore_phase=EXPLORE_ALIGN | search_mode=visual_handoff | cmd=wz=+0.050 | front=3.26m
[INFO] [1783540195.910147988] [shared_nav_semantic_explore]: [NAV] step=740 mode=TRACK fsm=TRACK phase=EXPLORE_ALIGN mode=TRACK | reason=semantic_explore_align | explore_phase=EXPLORE_ALIGN | search_mode=visual_handoff | cmd=wz=+0.050 | front=3.33m
[INFO] [1783540196.017060155] [shared_nav_semantic_explore]: [NAV] step=741 mode=TRACK fsm=TRACK phase=EXPLORE_ALIGN mode=TRACK | reason=semantic_explore_align | explore_phase=EXPLORE_ALIGN | search_mode=visual_handoff | cmd=wz=+0.050 | front=3.27m
[INFO] [1783540196.115045583] [shared_nav_semantic_explore]: [NAV] step=742 mode=TRACK fsm=TRACK phase=EXPLORE_ALIGN mode=TRACK | reason=semantic_explore_align | explore_phase=EXPLORE_ALIGN | search_mode=visual_handoff | cmd=wz=+0.050 | front=1.91m
[INFO] [1783540196.208569432] [shared_nav_semantic_explore]: [NAV] step=743 mode=LOST_RECOVERY fsm=LOST_RECOVERY phase=EXPLORE_ALIGN mode=LOST_RECOVERY | reason=lost_recovery_semantic_explore_align | explore_phase=EXPLORE_ALIGN | search_mode=visual_handoff | cmd=wz=+0.050 | front=1.77m
[INFO] [1783540196.312205229] [shared_nav_semantic_explore]: [NAV] step=744 mode=LOST_RECOVERY fsm=LOST_RECOVERY phase=EXPLORE_ALIGN mode=LOST_RECOVERY | reason=lost_recovery_semantic_explore_align | explore_phase=EXPLORE_ALIGN | search_mode=visual_handoff | cmd=wz=+0.050 | front=1.73m
[INFO] [1783540196.414920484] [shared_nav_semantic_explore]: [NAV] step=745 mode=LOST_RECOVERY fsm=LOST_RECOVERY phase=EXPLORE_ALIGN mode=LOST_RECOVERY | reason=lost_recovery_semantic_explore_align | explore_phase=EXPLORE_ALIGN | search_mode=visual_handoff | cmd=wz=+0.050 | front=1.67m
[INFO] [1783540196.523266358] [shared_nav_semantic_explore]: [NAV] step=746 mode=LOST_RECOVERY fsm=LOST_RECOVERY phase=EXPLORE_ALIGN mode=LOST_RECOVERY | reason=lost_recovery_semantic_explore_align | explore_phase=EXPLORE_ALIGN | search_mode=visual_handoff | cmd=wz=+0.050 | front=1.64m
[INFO] [1783540196.642399720] [shared_nav_semantic_explore]: [NAV] step=747 mode=LOST_RECOVERY fsm=LOST_RECOVERY phase=EXPLORE_ALIGN mode=LOST_RECOVERY | reason=lost_recovery_semantic_explore_align | explore_phase=EXPLORE_ALIGN | search_mode=visual_handoff | cmd=wz=+0.050 | front=1.61m
[INFO] [1783540196.720671462] [shared_nav_semantic_explore]: [NAV] step=748 mode=LOST_RECOVERY fsm=LOST_RECOVERY phase=EXPLORE_ALIGN mode=LOST_RECOVERY | reason=lost_recovery_semantic_explore_align | explore_phase=EXPLORE_ALIGN | search_mode=visual_handoff | cmd=wz=+0.050 | front=1.59m
[INFO] [1783540196.823011968] [shared_nav_semantic_explore]: [NAV] step=749 mode=LOST_RECOVERY fsm=LOST_RECOVERY phase=EXPLORE_ALIGN mode=LOST_RECOVERY | reason=lost_recovery_semantic_explore_align | explore_phase=EXPLORE_ALIGN | search_mode=visual_handoff | cmd=wz=+0.050 | front=1.59m
[INFO] [1783540196.913122238] [shared_nav_semantic_explore]: [NAV] step=750 mode=LOST_RECOVERY fsm=LOST_RECOVERY phase=EXPLORE_ALIGN mode=LOST_RECOVERY | reason=lost_recovery_semantic_explore_align | explore_phase=EXPLORE_ALIGN | search_mode=visual_handoff | cmd=wz=+0.050 | front=1.58m
[INFO] [1783540197.016022618] [shared_nav_semantic_explore]: [NAV] step=751 mode=LOST_RECOVERY fsm=LOST_RECOVERY phase=EXPLORE_ALIGN mode=LOST_RECOVERY | reason=lost_recovery_semantic_explore_align | explore_phase=EXPLORE_ALIGN | search_mode=visual_handoff | cmd=wz=+0.050 | front=1.59m
[INFO] [1783540197.110172717] [shared_nav_semantic_explore]: [NAV] step=752 mode=LOST_RECOVERY fsm=LOST_RECOVERY phase=EXPLORE_ALIGN mode=LOST_RECOVERY | reason=lost_recovery_semantic_explore_align | explore_phase=EXPLORE_ALIGN | search_mode=visual_handoff | cmd=wz=+0.050 | front=1.60m
[INFO] [1783540197.216921010] [shared_nav_semantic_explore]: [NAV] step=753 mode=LOST_RECOVERY fsm=LOST_RECOVERY phase=EXPLORE_ALIGN mode=LOST_RECOVERY | reason=lost_recovery_semantic_explore_align | explore_phase=EXPLORE_ALIGN | search_mode=visual_handoff | cmd=wz=+0.050 | front=1.60m
[INFO] [1783540197.328374380] [shared_nav_semantic_explore]: [NAV] step=754 mode=LOST_RECOVERY fsm=LOST_RECOVERY phase=EXPLORE_ALIGN mode=LOST_RECOVERY | reason=lost_recovery_semantic_explore_align | explore_phase=EXPLORE_ALIGN | search_mode=visual_handoff | cmd=wz=+0.050 | front=1.61m
[INFO] [1783540197.411160409] [shared_nav_semantic_explore]: [NAV] step=755 mode=LOST_RECOVERY fsm=LOST_RECOVERY phase=EXPLORE_ALIGN mode=LOST_RECOVERY | reason=lost_recovery_semantic_explore_align | explore_phase=EXPLORE_ALIGN | search_mode=visual_handoff | cmd=wz=+0.050 | front=1.62m
[INFO] [1783540197.512203250] [shared_nav_semantic_explore]: [NAV] step=756 mode=LOST_RECOVERY fsm=LOST_RECOVERY phase=EXPLORE_ALIGN mode=LOST_RECOVERY | reason=lost_recovery_semantic_explore_align | explore_phase=EXPLORE_ALIGN | search_mode=visual_handoff | cmd=wz=+0.050 | front=1.64m
[INFO] [1783540197.618456377] [shared_nav_semantic_explore]: [NAV] step=757 mode=LOST_RECOVERY fsm=LOST_RECOVERY phase=EXPLORE_ALIGN mode=LOST_RECOVERY | reason=lost_recovery_semantic_explore_align | explore_phase=EXPLORE_ALIGN | search_mode=visual_handoff | cmd=wz=+0.050 | front=1.64m
[INFO] [1783540197.722897005] [shared_nav_semantic_explore]: [NAV] step=758 mode=LOST_RECOVERY fsm=LOST_RECOVERY phase=EXPLORE_ALIGN mode=LOST_RECOVERY | reason=lost_recovery_semantic_explore_align | explore_phase=EXPLORE_ALIGN | search_mode=visual_handoff | cmd=wz=+0.050 | front=1.66m
[INFO] [1783540197.812407360] [shared_nav_semantic_explore]: [NAV] step=759 mode=LOST_RECOVERY fsm=LOST_RECOVERY phase=EXPLORE_ALIGN mode=LOST_RECOVERY | reason=lost_recovery_semantic_explore_align | explore_phase=EXPLORE_ALIGN | search_mode=visual_handoff | cmd=wz=+0.050 | front=1.67m
[INFO] [1783540197.916392822] [shared_nav_semantic_explore]: [NAV] step=760 mode=LOST_RECOVERY fsm=LOST_RECOVERY phase=EXPLORE_ALIGN mode=LOST_RECOVERY | reason=lost_recovery_semantic_explore_align | explore_phase=EXPLORE_ALIGN | search_mode=visual_handoff | cmd=wz=+0.050 | front=1.68m
[INFO] [1783540198.008332257] [shared_nav_semantic_explore]: [NAV] step=761 mode=LOST_RECOVERY fsm=LOST_RECOVERY phase=EXPLORE_ALIGN mode=LOST_RECOVERY | reason=lost_recovery_semantic_explore_align | explore_phase=EXPLORE_ALIGN | search_mode=visual_handoff | cmd=wz=+0.050 | front=1.70m
[INFO] [1783540198.109770014] [shared_nav_semantic_explore]: [NAV] step=762 mode=LOST_RECOVERY fsm=LOST_RECOVERY phase=EXPLORE_ALIGN mode=LOST_RECOVERY | reason=lost_recovery_semantic_explore_align | explore_phase=EXPLORE_ALIGN | search_mode=visual_handoff | cmd=wz=+0.050 | front=1.72m
[INFO] [1783540198.232871746] [shared_nav_semantic_explore]: [NAV] step=763 mode=LOST_RECOVERY fsm=LOST_RECOVERY phase=EXPLORE_ALIGN mode=LOST_RECOVERY | reason=lost_recovery_semantic_explore_align | explore_phase=EXPLORE_ALIGN | search_mode=visual_handoff | cmd=wz=+0.050 | front=1.73m
[INFO] [1783540198.311342364] [shared_nav_semantic_explore]: [NAV] step=764 mode=LOST_RECOVERY fsm=LOST_RECOVERY phase=EXPLORE_ALIGN mode=LOST_RECOVERY | reason=lost_recovery_semantic_explore_align | explore_phase=EXPLORE_ALIGN | search_mode=visual_handoff | cmd=wz=+0.050 | front=1.73m
[INFO] [1783540198.427815645] [shared_nav_semantic_explore]: [NAV] step=765 mode=LOST_RECOVERY fsm=LOST_RECOVERY phase=EXPLORE_ALIGN mode=LOST_RECOVERY | reason=lost_recovery_semantic_explore_align | explore_phase=EXPLORE_ALIGN | search_mode=visual_handoff | cmd=wz=+0.050 | front=1.73m
[INFO] [1783540198.521386953] [shared_nav_semantic_explore]: [NAV] step=766 mode=LOST_RECOVERY fsm=LOST_RECOVERY phase=EXPLORE_ALIGN mode=LOST_RECOVERY | reason=lost_recovery_semantic_explore_align | explore_phase=EXPLORE_ALIGN | search_mode=visual_handoff | cmd=wz=+0.050 | front=1.74m
[INFO] [1783540198.612054515] [shared_nav_semantic_explore]: [NAV] step=767 mode=LOST_RECOVERY fsm=LOST_RECOVERY phase=EXPLORE_ALIGN mode=LOST_RECOVERY | reason=lost_recovery_semantic_explore_align | explore_phase=EXPLORE_ALIGN | search_mode=visual_handoff | cmd=wz=+0.050 | front=1.72m
[INFO] [1783540198.711395691] [shared_nav_semantic_explore]: [NAV] step=768 mode=LOST_RECOVERY fsm=LOST_RECOVERY phase=EXPLORE_ALIGN mode=LOST_RECOVERY | reason=lost_recovery_semantic_explore_align | explore_phase=EXPLORE_ALIGN | search_mode=visual_handoff | cmd=wz=+0.050 | front=1.69m
[INFO] [1783540198.820549064] [shared_nav_semantic_explore]: [NAV] step=769 mode=LOST_RECOVERY fsm=LOST_RECOVERY phase=EXPLORE_ALIGN mode=LOST_RECOVERY | reason=lost_recovery_semantic_explore_align | explore_phase=EXPLORE_ALIGN | search_mode=visual_handoff | cmd=wz=+0.050 | front=1.67m
[INFO] [1783540198.913018915] [shared_nav_semantic_explore]: [NAV] step=770 mode=LOST_RECOVERY fsm=LOST_RECOVERY phase=EXPLORE_ALIGN mode=LOST_RECOVERY | reason=lost_recovery_semantic_explore_align | explore_phase=EXPLORE_ALIGN | search_mode=visual_handoff | cmd=wz=+0.050 | front=1.65m
[INFO] [1783540199.021860497] [shared_nav_semantic_explore]: [NAV] step=771 mode=LOST_RECOVERY fsm=LOST_RECOVERY phase=EXPLORE_ALIGN mode=LOST_RECOVERY | reason=lost_recovery_semantic_explore_align | explore_phase=EXPLORE_ALIGN | search_mode=visual_handoff | cmd=wz=+0.050 | front=1.62m
[INFO] [1783540199.149383599] [shared_nav_semantic_explore]: [NAV] step=772 mode=LOST_RECOVERY fsm=LOST_RECOVERY phase=EXPLORE_ALIGN mode=LOST_RECOVERY | reason=lost_recovery_semantic_explore_align | explore_phase=EXPLORE_ALIGN | search_mode=visual_handoff | cmd=wz=+0.050 | front=1.63m
[INFO] [1783540199.220608100] [shared_nav_semantic_explore]: [NAV] step=773 mode=LOST_RECOVERY fsm=LOST_RECOVERY phase=EXPLORE_ALIGN mode=LOST_RECOVERY | reason=lost_recovery_semantic_explore_align | explore_phase=EXPLORE_ALIGN | search_mode=visual_handoff | cmd=wz=+0.050 | front=1.63m
[INFO] [1783540199.318820028] [shared_nav_semantic_explore]: [NAV] step=774 mode=LOST_RECOVERY fsm=LOST_RECOVERY phase=EXPLORE_ALIGN mode=LOST_RECOVERY | reason=lost_recovery_semantic_explore_align | explore_phase=EXPLORE_ALIGN | search_mode=visual_handoff | cmd=wz=+0.050 | front=1.63m
[INFO] [1783540199.460851905] [shared_nav_semantic_explore]: [NAV] step=775 mode=LOST_RECOVERY fsm=LOST_RECOVERY phase=EXPLORE_ALIGN mode=LOST_RECOVERY | reason=lost_recovery_semantic_explore_align | explore_phase=EXPLORE_ALIGN | search_mode=visual_handoff | cmd=wz=+0.050 | front=1.65m
[INFO] [1783540199.584934177] [shared_nav_semantic_explore]: [NAV] step=776 mode=LOST_RECOVERY fsm=LOST_RECOVERY phase=EXPLORE_ALIGN mode=LOST_RECOVERY | reason=lost_recovery_semantic_explore_align | explore_phase=EXPLORE_ALIGN | search_mode=visual_handoff | cmd=wz=+0.050 | front=1.65m
[INFO] [1783540199.628547460] [shared_nav_semantic_explore]: [NAV] step=777 mode=LOST_RECOVERY fsm=LOST_RECOVERY phase=EXPLORE_ALIGN mode=LOST_RECOVERY | reason=lost_recovery_semantic_explore_align | explore_phase=EXPLORE_ALIGN | search_mode=visual_handoff | cmd=wz=+0.050 | front=1.65m
[INFO] [1783540199.768439631] [shared_nav_semantic_explore]: [NAV] step=778 mode=LOST_RECOVERY fsm=LOST_RECOVERY phase=EXPLORE_ALIGN mode=LOST_RECOVERY | reason=lost_recovery_semantic_explore_align | explore_phase=EXPLORE_ALIGN | search_mode=visual_handoff | cmd=wz=+0.050 | front=1.70m
[INFO] [1783540199.848952496] [shared_nav_semantic_explore]: [NAV] step=779 mode=LOST_RECOVERY fsm=LOST_RECOVERY phase=EXPLORE_ALIGN mode=LOST_RECOVERY | reason=lost_recovery_semantic_explore_align | explore_phase=EXPLORE_ALIGN | search_mode=visual_handoff | cmd=wz=+0.050 | front=1.70m
[INFO] [1783540199.926580114] [shared_nav_semantic_explore]: [NAV] step=780 mode=LOST_RECOVERY fsm=LOST_RECOVERY phase=EXPLORE_ALIGN mode=LOST_RECOVERY | reason=lost_recovery_semantic_explore_align | explore_phase=EXPLORE_ALIGN | search_mode=visual_handoff | cmd=wz=+0.050 | front=1.89m
[INFO] [1783540200.024934084] [shared_nav_semantic_explore]: [NAV] step=781 mode=LOST_RECOVERY fsm=LOST_RECOVERY phase=EXPLORE_ALIGN mode=LOST_RECOVERY | reason=lost_recovery_semantic_explore_align | explore_phase=EXPLORE_ALIGN | search_mode=visual_handoff | cmd=wz=+0.050 | front=1.90m
[INFO] [1783540200.128913380] [shared_nav_semantic_explore]: [NAV] step=782 mode=LOST_RECOVERY fsm=LOST_RECOVERY phase=EXPLORE_ALIGN mode=LOST_RECOVERY | reason=lost_recovery_semantic_explore_align | explore_phase=EXPLORE_ALIGN | search_mode=visual_handoff | cmd=wz=+0.050 | front=3.24m
[INFO] [1783540200.217549402] [shared_nav_semantic_explore]: [NAV] step=783 mode=SEARCH fsm=SEARCH phase=EXPLORE_ALIGN mode=SEARCH | reason=semantic_explore_align | explore_phase=EXPLORE_ALIGN | search_mode=visual_handoff | cmd=wz=+0.050 | front=3.18m
[INFO] [1783540200.312220167] [shared_nav_semantic_explore]: [NAV] step=784 mode=SEARCH fsm=SEARCH phase=EXPLORE_ALIGN mode=SEARCH | reason=semantic_explore_align | explore_phase=EXPLORE_ALIGN | search_mode=visual_handoff | cmd=wz=+0.050 | front=3.25m
[INFO] [1783540200.414996423] [shared_nav_semantic_explore]: [NAV] step=785 mode=SEARCH fsm=SEARCH phase=EXPLORE_ALIGN mode=SEARCH | reason=semantic_explore_align | explore_phase=EXPLORE_ALIGN | search_mode=visual_handoff | cmd=wz=+0.050 | front=3.20m
[INFO] [1783540200.509970272] [shared_nav_semantic_explore]: [NAV] step=786 mode=SEARCH fsm=SEARCH phase=EXPLORE_ALIGN mode=SEARCH | reason=semantic_explore_align | explore_phase=EXPLORE_ALIGN | search_mode=visual_handoff | cmd=wz=+0.050 | front=3.23m
[INFO] [1783540200.614647025] [shared_nav_semantic_explore]: [NAV] step=787 mode=SEARCH fsm=SEARCH phase=EXPLORE_ALIGN mode=SEARCH | reason=semantic_explore_align | explore_phase=EXPLORE_ALIGN | search_mode=visual_handoff | cmd=wz=+0.050 | front=3.19m
[INFO] [1783540200.707395876] [shared_nav_semantic_explore]: [NAV] step=788 mode=SEARCH fsm=SEARCH phase=EXPLORE_ALIGN mode=SEARCH | reason=semantic_explore_align | explore_phase=EXPLORE_ALIGN | search_mode=visual_handoff | cmd=wz=+0.050 | front=3.19m
[INFO] [1783540200.808675800] [shared_nav_semantic_explore]: [NAV] step=789 mode=SEARCH fsm=SEARCH phase=EXPLORE_ALIGN mode=SEARCH | reason=semantic_explore_align | explore_phase=EXPLORE_ALIGN | search_mode=visual_handoff | cmd=wz=+0.050 | front=3.27m
[INFO] [1783540200.910793682] [shared_nav_semantic_explore]: [NAV] step=790 mode=SEARCH fsm=SEARCH phase=EXPLORE_ALIGN mode=SEARCH | reason=semantic_explore_align | explore_phase=EXPLORE_ALIGN | search_mode=visual_handoff | cmd=wz=+0.050 | front=0.64m
[INFO] [1783540201.005876322] [shared_nav_semantic_explore]: [NAV] step=791 mode=SEARCH fsm=SEARCH phase=EXPLORE_ALIGN mode=SEARCH | reason=semantic_explore_align | explore_phase=EXPLORE_ALIGN | search_mode=visual_handoff | cmd=wz=+0.050 | front=0.64m
[INFO] [1783540201.109812827] [shared_nav_semantic_explore]: [NAV] step=792 mode=SEARCH fsm=SEARCH phase=EXPLORE_ALIGN mode=SEARCH | reason=semantic_explore_align | explore_phase=EXPLORE_ALIGN | search_mode=visual_handoff | cmd=wz=+0.050 | front=0.64m
[INFO] [1783540201.217500744] [shared_nav_semantic_explore]: [NAV] step=793 mode=SEARCH fsm=SEARCH phase=EXPLORE_ALIGN mode=SEARCH | reason=semantic_explore_align | explore_phase=EXPLORE_ALIGN | search_mode=visual_handoff | cmd=wz=+0.050 | front=0.63m
[INFO] [1783540201.340212685] [shared_nav_semantic_explore]: [NAV] step=794 mode=SEARCH fsm=SEARCH phase=EXPLORE_ALIGN mode=SEARCH | reason=semantic_explore_align | explore_phase=EXPLORE_ALIGN | search_mode=visual_handoff | cmd=wz=+0.050 | front=0.62m
[INFO] [1783540201.412248685] [shared_nav_semantic_explore]: [NAV] step=795 mode=SEARCH fsm=SEARCH phase=EXPLORE_ALIGN mode=SEARCH | reason=semantic_explore_align | explore_phase=EXPLORE_ALIGN | search_mode=visual_handoff | cmd=wz=+0.050 | front=0.62m
[INFO] [1783540201.523787806] [shared_nav_semantic_explore]: [NAV] step=796 mode=SEARCH fsm=SEARCH phase=EXPLORE_ALIGN mode=SEARCH | reason=semantic_explore_align | explore_phase=EXPLORE_ALIGN | search_mode=visual_handoff | cmd=wz=+0.050 | front=0.61m
[INFO] [1783540201.612260703] [shared_nav_semantic_explore]: [NAV] step=797 mode=SEARCH fsm=SEARCH phase=EXPLORE_ALIGN mode=SEARCH | reason=semantic_explore_align | explore_phase=EXPLORE_ALIGN | search_mode=visual_handoff | cmd=wz=+0.050 | front=0.61m
[INFO] [1783540201.721040536] [shared_nav_semantic_explore]: [NAV] step=798 mode=SEARCH fsm=SEARCH phase=EXPLORE_ALIGN mode=SEARCH | reason=semantic_explore_align | explore_phase=EXPLORE_ALIGN | search_mode=visual_handoff | cmd=wz=+0.050 | front=0.60m
[INFO] [1783540201.817082174] [shared_nav_semantic_explore]: [NAV] step=799 mode=SEARCH fsm=SEARCH phase=EXPLORE_ALIGN mode=SEARCH | reason=semantic_explore_align | explore_phase=EXPLORE_ALIGN | search_mode=visual_handoff | cmd=wz=+0.050 | front=0.60m
[INFO] [1783540201.911568357] [shared_nav_semantic_explore]: [NAV] step=800 mode=SEARCH fsm=SEARCH phase=EXPLORE_ALIGN mode=SEARCH | reason=semantic_explore_align | explore_phase=EXPLORE_ALIGN | search_mode=visual_handoff | cmd=wz=+0.050 | front=0.60m
[INFO] [1783540202.012592365] [shared_nav_semantic_explore]: [NAV] step=801 mode=SEARCH fsm=SEARCH phase=EXPLORE_ALIGN mode=SEARCH | reason=semantic_explore_align | explore_phase=EXPLORE_ALIGN | search_mode=visual_handoff | cmd=wz=+0.050 | front=0.60m
[INFO] [1783540202.107999421] [shared_nav_semantic_explore]: [NAV] step=802 mode=SEARCH fsm=SEARCH phase=EXPLORE_ALIGN mode=SEARCH | reason=semantic_explore_align | explore_phase=EXPLORE_ALIGN | search_mode=visual_handoff | cmd=wz=+0.050 | front=0.60m
[INFO] [1783540202.227965282] [shared_nav_semantic_explore]: [NAV] step=803 mode=SEARCH fsm=SEARCH phase=EXPLORE_ALIGN mode=SEARCH | reason=semantic_explore_align | explore_phase=EXPLORE_ALIGN | search_mode=visual_handoff | cmd=wz=+0.050 | front=0.59m
[INFO] [1783540202.315807972] [shared_nav_semantic_explore]: [NAV] step=804 mode=SEARCH fsm=SEARCH phase=EXPLORE_ALIGN mode=SEARCH | reason=semantic_explore_align | explore_phase=EXPLORE_ALIGN | search_mode=visual_handoff | cmd=wz=+0.050 | front=0.59m
[INFO] [1783540202.437609540] [shared_nav_semantic_explore]: [NAV] step=805 mode=SEARCH fsm=SEARCH phase=EXPLORE_ALIGN mode=SEARCH | reason=semantic_explore_align | explore_phase=EXPLORE_ALIGN | search_mode=visual_handoff | cmd=wz=+0.050 | front=0.59m
[INFO] [1783540202.516806615] [shared_nav_semantic_explore]: [NAV] step=806 mode=SEARCH fsm=SEARCH phase=EXPLORE_ALIGN mode=SEARCH | reason=semantic_explore_align | explore_phase=EXPLORE_ALIGN | search_mode=visual_handoff | cmd=wz=+0.050 | front=0.59m
[INFO] [1783540202.627156696] [shared_nav_semantic_explore]: [NAV] step=807 mode=SEARCH fsm=SEARCH phase=EXPLORE_ALIGN mode=SEARCH | reason=semantic_explore_align | explore_phase=EXPLORE_ALIGN | search_mode=visual_handoff | cmd=wz=+0.050 | front=0.59m
[INFO] [1783540202.716019468] [shared_nav_semantic_explore]: [NAV] step=808 mode=SEARCH fsm=SEARCH phase=EXPLORE_ALIGN mode=SEARCH | reason=semantic_explore_align | explore_phase=EXPLORE_ALIGN | search_mode=visual_handoff | cmd=wz=+0.050 | front=0.59m
[INFO] [1783540202.817600642] [shared_nav_semantic_explore]: [NAV] step=809 mode=SEARCH fsm=SEARCH phase=EXPLORE_ALIGN mode=SEARCH | reason=semantic_explore_align | explore_phase=EXPLORE_ALIGN | search_mode=visual_handoff | cmd=wz=+0.050 | front=0.59m
[INFO] [1783540202.922317562] [shared_nav_semantic_explore]: [NAV] step=810 mode=SEARCH fsm=SEARCH phase=EXPLORE_ALIGN mode=SEARCH | reason=semantic_explore_align | explore_phase=EXPLORE_ALIGN | search_mode=visual_handoff | cmd=wz=+0.050 | front=0.59m
[INFO] [1783540203.016165537] [shared_nav_semantic_explore]: [NAV] step=811 mode=SEARCH fsm=SEARCH phase=EXPLORE_ALIGN mode=SEARCH | reason=semantic_explore_align | explore_phase=EXPLORE_ALIGN | search_mode=visual_handoff | cmd=wz=+0.050 | front=0.58m
[INFO] [1783540203.152280255] [shared_nav_semantic_explore]: [NAV] step=812 mode=SEARCH fsm=SEARCH phase=EXPLORE_ALIGN mode=SEARCH | reason=semantic_explore_align | explore_phase=EXPLORE_ALIGN | search_mode=visual_handoff | cmd=wz=+0.050 | front=0.58m
[INFO] [1783540203.234328535] [shared_nav_semantic_explore]: [NAV] step=813 mode=SEARCH fsm=SEARCH phase=EXPLORE_ALIGN mode=SEARCH | reason=semantic_explore_align | explore_phase=EXPLORE_ALIGN | search_mode=visual_handoff | cmd=wz=+0.050 | front=0.58m
[INFO] [1783540203.330554549] [shared_nav_semantic_explore]: [NAV] step=814 mode=SEARCH fsm=SEARCH phase=EXPLORE_ALIGN mode=SEARCH | reason=semantic_explore_align | explore_phase=EXPLORE_ALIGN | search_mode=visual_handoff | cmd=wz=+0.050 | front=0.58m
[INFO] [1783540203.429753476] [shared_nav_semantic_explore]: [NAV] step=815 mode=SEARCH fsm=SEARCH phase=EXPLORE_ALIGN mode=SEARCH | reason=semantic_explore_align | explore_phase=EXPLORE_ALIGN | search_mode=visual_handoff | cmd=wz=+0.050 | front=0.58m
[INFO] [1783540203.524201783] [shared_nav_semantic_explore]: [NAV] step=816 mode=SEARCH fsm=SEARCH phase=EXPLORE_ALIGN mode=SEARCH | reason=semantic_explore_align | explore_phase=EXPLORE_ALIGN | search_mode=visual_handoff | cmd=wz=+0.050 | front=0.58m
[INFO] [1783540203.645941601] [shared_nav_semantic_explore]: [NAV] step=817 mode=SEARCH fsm=SEARCH phase=EXPLORE_ALIGN mode=SEARCH | reason=semantic_explore_align | explore_phase=EXPLORE_ALIGN | search_mode=visual_handoff | cmd=wz=+0.050 | front=0.58m
[INFO] [1783540203.718081851] [shared_nav_semantic_explore]: [NAV] step=818 mode=SEARCH fsm=SEARCH phase=EXPLORE_ALIGN mode=SEARCH | reason=semantic_explore_align | explore_phase=EXPLORE_ALIGN | search_mode=visual_handoff | cmd=wz=+0.050 | front=0.59m
[INFO] [1783540203.828105557] [shared_nav_semantic_explore]: [NAV] step=819 mode=SEARCH fsm=SEARCH phase=EXPLORE_ALIGN mode=SEARCH | reason=semantic_explore_align | explore_phase=EXPLORE_ALIGN | search_mode=visual_handoff | cmd=wz=+0.050 | front=0.59m
[INFO] [1783540203.942627925] [shared_nav_semantic_explore]: [NAV] step=820 mode=SEARCH fsm=SEARCH phase=EXPLORE_ALIGN mode=SEARCH | reason=semantic_explore_align | explore_phase=EXPLORE_ALIGN | search_mode=visual_handoff | cmd=wz=+0.050 | front=0.59m
[INFO] [1783540204.071888651] [shared_nav_semantic_explore]: [NAV] step=821 mode=SEARCH fsm=SEARCH phase=EXPLORE_ALIGN mode=SEARCH | reason=semantic_explore_align | explore_phase=EXPLORE_ALIGN | search_mode=visual_handoff | cmd=wz=+0.050 | front=0.59m
[INFO] [1783540204.127430920] [shared_nav_semantic_explore]: [NAV] step=822 mode=SEARCH fsm=SEARCH phase=EXPLORE_ALIGN mode=SEARCH | reason=semantic_explore_align | explore_phase=EXPLORE_ALIGN | search_mode=visual_handoff | cmd=wz=+0.050 | front=0.59m
[INFO] [1783540204.237070876] [shared_nav_semantic_explore]: [NAV] step=823 mode=SEARCH fsm=SEARCH phase=EXPLORE_ALIGN mode=SEARCH | reason=semantic_explore_align | explore_phase=EXPLORE_ALIGN | search_mode=visual_handoff | cmd=wz=+0.050 | front=0.59m
[INFO] [1783540204.340295091] [shared_nav_semantic_explore]: [NAV] step=824 mode=SEARCH fsm=SEARCH phase=EXPLORE_ALIGN mode=SEARCH | reason=semantic_explore_align | explore_phase=EXPLORE_ALIGN | search_mode=visual_handoff | cmd=wz=+0.050 | front=0.60m
[INFO] [1783540204.408523762] [shared_nav_semantic_explore]: [NAV] step=825 mode=SEARCH fsm=SEARCH phase=EXPLORE_ALIGN mode=SEARCH | reason=semantic_explore_align | explore_phase=EXPLORE_ALIGN | search_mode=visual_handoff | cmd=wz=+0.050 | front=0.60m
[INFO] [1783540204.516944762] [shared_nav_semantic_explore]: [NAV] step=826 mode=SEARCH fsm=SEARCH phase=EXPLORE_ALIGN mode=SEARCH | reason=semantic_explore_align | explore_phase=EXPLORE_ALIGN | search_mode=visual_handoff | cmd=wz=+0.050 | front=0.60m
[INFO] [1783540204.614559691] [shared_nav_semantic_explore]: [NAV] step=827 mode=SEARCH fsm=SEARCH phase=EXPLORE_ALIGN mode=SEARCH | reason=semantic_explore_align | explore_phase=EXPLORE_ALIGN | search_mode=visual_handoff | cmd=wz=+0.050 | front=0.60m
[INFO] [1783540204.711702703] [shared_nav_semantic_explore]: [NAV] step=828 mode=SEARCH fsm=SEARCH phase=EXPLORE_ALIGN mode=SEARCH | reason=semantic_explore_align | explore_phase=EXPLORE_ALIGN | search_mode=visual_handoff | cmd=wz=+0.050 | front=0.61m
[INFO] [1783540204.813907960] [shared_nav_semantic_explore]: [NAV] step=829 mode=CANDIDATE_LOCK fsm=CANDIDATE_LOCK phase=EXPLORE_ALIGN mode=CANDIDATE_LOCK | reason=semantic_explore_align | explore_phase=EXPLORE_ALIGN | search_mode=visual_handoff | cmd=wz=+0.050 | front=0.61m
[INFO] [1783540204.923069751] [shared_nav_semantic_explore]: [NAV] step=830 mode=CANDIDATE_LOCK fsm=CANDIDATE_LOCK phase=EXPLORE_ALIGN mode=CANDIDATE_LOCK | reason=semantic_explore_align | explore_phase=EXPLORE_ALIGN | search_mode=visual_handoff | cmd=wz=+0.050 | front=0.62m
[INFO] [1783540205.014169771] [shared_nav_semantic_explore]: [NAV] step=831 mode=TRACK fsm=TRACK phase=EXPLORE_ALIGN mode=TRACK | reason=semantic_explore_align | explore_phase=EXPLORE_ALIGN | search_mode=visual_handoff | cmd=wz=+0.050 | front=0.63m
[INFO] [1783540205.126893807] [shared_nav_semantic_explore]: [NAV] step=832 mode=TRACK fsm=TRACK phase=EXPLORE_ALIGN mode=TRACK | reason=semantic_explore_align | explore_phase=EXPLORE_ALIGN | search_mode=visual_handoff | cmd=wz=+0.050 | front=0.63m
[INFO] [1783540205.211514418] [shared_nav_semantic_explore]: [NAV] step=833 mode=TRACK fsm=TRACK phase=EXPLORE_ALIGN mode=TRACK | reason=semantic_explore_align | explore_phase=EXPLORE_ALIGN | search_mode=visual_handoff | cmd=wz=+0.050 | front=0.64m
[INFO] [1783540205.333641652] [shared_nav_semantic_explore]: [NAV] step=834 mode=TRACK fsm=TRACK phase=EXPLORE_ALIGN mode=TRACK | reason=semantic_explore_align | explore_phase=EXPLORE_ALIGN | search_mode=visual_handoff | cmd=wz=+0.050 | front=0.64m
[INFO] [1783540205.411337813] [shared_nav_semantic_explore]: [NAV] step=835 mode=TRACK fsm=TRACK phase=EXPLORE_ALIGN mode=TRACK | reason=semantic_explore_align | explore_phase=EXPLORE_ALIGN | search_mode=visual_handoff | cmd=wz=+0.050 | front=0.63m
[INFO] [1783540205.538796999] [shared_nav_semantic_explore]: [NAV] step=836 mode=TRACK fsm=TRACK phase=EXPLORE_ALIGN mode=TRACK | reason=semantic_explore_align | explore_phase=EXPLORE_ALIGN | search_mode=visual_handoff | cmd=wz=+0.050 | front=0.63m
[INFO] [1783540205.642384629] [shared_nav_semantic_explore]: [NAV] step=837 mode=TRACK fsm=TRACK phase=EXPLORE_ALIGN mode=TRACK | reason=semantic_explore_align | explore_phase=EXPLORE_ALIGN | search_mode=visual_handoff | cmd=wz=+0.050 | front=0.63m
[INFO] [1783540205.733434316] [shared_nav_semantic_explore]: [NAV] step=838 mode=TRACK fsm=TRACK phase=EXPLORE_ALIGN mode=TRACK | reason=semantic_explore_align | explore_phase=EXPLORE_ALIGN | search_mode=visual_handoff | cmd=wz=+0.050 | front=0.63m
[INFO] [1783540205.819772966] [shared_nav_semantic_explore]: [NAV] step=839 mode=TRACK fsm=TRACK phase=EXPLORE_ALIGN mode=TRACK | reason=semantic_explore_align | explore_phase=EXPLORE_ALIGN | search_mode=visual_handoff | cmd=wz=+0.050 | front=0.63m
[INFO] [1783540205.920714475] [shared_nav_semantic_explore]: [NAV] step=840 mode=TRACK fsm=TRACK phase=EXPLORE_ALIGN mode=TRACK | reason=semantic_explore_align | explore_phase=EXPLORE_ALIGN | search_mode=visual_handoff | cmd=wz=+0.050 | front=0.63m
[INFO] [1783540206.030300765] [shared_nav_semantic_explore]: [NAV] step=841 mode=TRACK fsm=TRACK phase=EXPLORE_ALIGN mode=TRACK | reason=semantic_explore_align | explore_phase=EXPLORE_ALIGN | search_mode=visual_handoff | cmd=wz=+0.050 | front=0.63m
[INFO] [1783540206.134055937] [shared_nav_semantic_explore]: [NAV] step=842 mode=TRACK fsm=TRACK phase=EXPLORE_ALIGN mode=TRACK | reason=semantic_explore_align | explore_phase=EXPLORE_ALIGN | search_mode=visual_handoff | cmd=wz=+0.050 | front=0.63m
[INFO] [1783540206.214252387] [shared_nav_semantic_explore]: [NAV] step=843 mode=TRACK fsm=TRACK phase=EXPLORE_ALIGN mode=TRACK | reason=semantic_explore_align | explore_phase=EXPLORE_ALIGN | search_mode=visual_handoff | cmd=wz=+0.050 | front=0.63m
[INFO] [1783540206.314080772] [shared_nav_semantic_explore]: [NAV] step=844 mode=TRACK fsm=TRACK phase=EXPLORE_ALIGN mode=TRACK | reason=semantic_explore_align | explore_phase=EXPLORE_ALIGN | search_mode=visual_handoff | cmd=wz=+0.050 | front=0.63m
[INFO] [1783540206.419196109] [shared_nav_semantic_explore]: [NAV] step=845 mode=TRACK fsm=TRACK phase=EXPLORE_ALIGN mode=TRACK | reason=semantic_explore_align | explore_phase=EXPLORE_ALIGN | search_mode=visual_handoff | cmd=wz=+0.050 | front=0.63m
[INFO] [1783540206.520758825] [shared_nav_semantic_explore]: [NAV] step=846 mode=TRACK fsm=TRACK phase=EXPLORE_ALIGN mode=TRACK | reason=semantic_explore_align | explore_phase=EXPLORE_ALIGN | search_mode=visual_handoff | cmd=wz=+0.050 | front=0.63m
[INFO] [1783540206.623603373] [shared_nav_semantic_explore]: [NAV] step=847 mode=TRACK fsm=TRACK phase=EXPLORE_ALIGN mode=TRACK | reason=semantic_explore_align | explore_phase=EXPLORE_ALIGN | search_mode=visual_handoff | cmd=wz=+0.050 | front=0.62m
[INFO] [1783540206.723039300] [shared_nav_semantic_explore]: [NAV] step=848 mode=TRACK fsm=TRACK phase=EXPLORE_ALIGN mode=TRACK | reason=semantic_explore_align | explore_phase=EXPLORE_ALIGN | search_mode=visual_handoff | cmd=wz=-0.050 | front=0.62m
[INFO] [1783540206.835180963] [shared_nav_semantic_explore]: [NAV] step=849 mode=TRACK fsm=TRACK phase=EXPLORE_ALIGN mode=TRACK | reason=semantic_explore_align | explore_phase=EXPLORE_ALIGN | search_mode=visual_handoff | cmd=wz=-0.050 | front=0.61m
[INFO] [1783540206.926126191] [shared_nav_semantic_explore]: [NAV] step=850 mode=TRACK fsm=TRACK phase=EXPLORE_ALIGN mode=TRACK | reason=semantic_explore_align | explore_phase=EXPLORE_ALIGN | search_mode=visual_handoff | cmd=wz=-0.050 | front=0.61m
[INFO] [1783540207.055581917] [shared_nav_semantic_explore]: [NAV] step=851 mode=TRACK fsm=TRACK phase=EXPLORE_ALIGN mode=TRACK | reason=semantic_explore_align | explore_phase=EXPLORE_ALIGN | search_mode=visual_handoff | cmd=wz=-0.050 | front=0.61m
[INFO] [1783540207.141934526] [shared_nav_semantic_explore]: [NAV] step=852 mode=TRACK fsm=TRACK phase=EXPLORE_ALIGN mode=TRACK | reason=semantic_explore_align | explore_phase=EXPLORE_ALIGN | search_mode=visual_handoff | cmd=wz=-0.050 | front=0.60m
[INFO] [1783540207.257361893] [shared_nav_semantic_explore]: [NAV] step=853 mode=TRACK fsm=TRACK phase=EXPLORE_ALIGN mode=TRACK | reason=semantic_explore_align | explore_phase=EXPLORE_ALIGN | search_mode=visual_handoff | cmd=wz=-0.050 | front=0.60m
[INFO] [1783540207.320448487] [shared_nav_semantic_explore]: [NAV] step=854 mode=TRACK fsm=TRACK phase=EXPLORE_ALIGN mode=TRACK | reason=semantic_explore_align | explore_phase=EXPLORE_ALIGN | search_mode=visual_handoff | cmd=wz=-0.050 | front=0.60m
[INFO] [1783540207.431863775] [shared_nav_semantic_explore]: [NAV] step=855 mode=TRACK fsm=TRACK phase=EXPLORE_ALIGN mode=TRACK | reason=semantic_explore_align | explore_phase=EXPLORE_ALIGN | search_mode=visual_handoff | cmd=wz=-0.050 | front=0.60m
[INFO] [1783540207.520772631] [shared_nav_semantic_explore]: [NAV] step=856 mode=TRACK fsm=TRACK phase=EXPLORE_ALIGN mode=TRACK | reason=semantic_explore_align | explore_phase=EXPLORE_ALIGN | search_mode=visual_handoff | cmd=wz=-0.050 | front=0.60m
[INFO] [1783540207.614462190] [shared_nav_semantic_explore]: [NAV] step=857 mode=TRACK fsm=TRACK phase=EXPLORE_ALIGN mode=TRACK | reason=semantic_explore_align | explore_phase=EXPLORE_ALIGN | search_mode=visual_handoff | cmd=wz=+0.050 | front=0.60m
[INFO] [1783540207.709502956] [shared_nav_semantic_explore]: [NAV] step=858 mode=TRACK fsm=TRACK phase=EXPLORE_ALIGN mode=TRACK | reason=semantic_explore_align | explore_phase=EXPLORE_ALIGN | search_mode=visual_handoff | cmd=wz=+0.050 | front=0.61m
[INFO] [1783540207.810149756] [shared_nav_semantic_explore]: [NAV] step=859 mode=TRACK fsm=TRACK phase=EXPLORE_ALIGN mode=TRACK | reason=semantic_explore_align | explore_phase=EXPLORE_ALIGN | search_mode=visual_handoff | cmd=wz=+0.050 | front=0.61m
[INFO] [1783540207.916861467] [shared_nav_semantic_explore]: [NAV] step=860 mode=TRACK fsm=TRACK phase=EXPLORE_ALIGN mode=TRACK | reason=semantic_explore_align | explore_phase=EXPLORE_ALIGN | search_mode=visual_handoff | cmd=wz=+0.050 | front=0.62m
[INFO] [1783540208.012389190] [shared_nav_semantic_explore]: [NAV] step=861 mode=TRACK fsm=TRACK phase=EXPLORE_ALIGN mode=TRACK | reason=semantic_explore_align | explore_phase=EXPLORE_ALIGN | search_mode=visual_handoff | cmd=wz=+0.050 | front=0.62m
[INFO] [1783540208.113415241] [shared_nav_semantic_explore]: [NAV] step=862 mode=TRACK fsm=TRACK phase=EXPLORE_ALIGN mode=TRACK | reason=semantic_explore_align | explore_phase=EXPLORE_ALIGN | search_mode=visual_handoff | cmd=wz=+0.050 | front=0.62m
[INFO] [1783540208.213492334] [shared_nav_semantic_explore]: [NAV] step=863 mode=TRACK fsm=TRACK phase=EXPLORE_ALIGN mode=TRACK | reason=semantic_explore_align | explore_phase=EXPLORE_ALIGN | search_mode=visual_handoff | cmd=wz=+0.050 | front=0.62m
[INFO] [1783540208.310646764] [shared_nav_semantic_explore]: [NAV] step=864 mode=TRACK fsm=TRACK phase=EXPLORE_ALIGN mode=TRACK | reason=semantic_explore_align | explore_phase=EXPLORE_ALIGN | search_mode=visual_handoff | cmd=wz=+0.050 | front=0.61m
[INFO] [1783540208.414586061] [shared_nav_semantic_explore]: [NAV] step=865 mode=TRACK fsm=TRACK phase=EXPLORE_ALIGN mode=TRACK | reason=semantic_explore_align | explore_phase=EXPLORE_ALIGN | search_mode=visual_handoff | cmd=wz=+0.050 | front=0.61m
[INFO] [1783540208.514656112] [shared_nav_semantic_explore]: [NAV] step=866 mode=TRACK fsm=TRACK phase=EXPLORE_ALIGN mode=TRACK | reason=semantic_explore_align | explore_phase=EXPLORE_ALIGN | search_mode=visual_handoff | cmd=wz=+0.050 | front=0.60m
[INFO] [1783540208.614648789] [shared_nav_semantic_explore]: [NAV] step=867 mode=TRACK fsm=TRACK phase=EXPLORE_ALIGN mode=TRACK | reason=semantic_explore_align | explore_phase=EXPLORE_ALIGN | search_mode=visual_handoff | cmd=wz=+0.050 | front=0.60m
[INFO] [1783540208.715572298] [shared_nav_semantic_explore]: [NAV] step=868 mode=TRACK fsm=TRACK phase=EXPLORE_ALIGN mode=TRACK | reason=semantic_explore_align | explore_phase=EXPLORE_ALIGN | search_mode=visual_handoff | cmd=wz=+0.050 | front=0.60m
[INFO] [1783540208.831504956] [shared_nav_semantic_explore]: [NAV] step=869 mode=TRACK fsm=TRACK phase=EXPLORE_ALIGN mode=TRACK | reason=semantic_explore_align | explore_phase=EXPLORE_ALIGN | search_mode=visual_handoff | cmd=wz=+0.050 | front=0.59m
[INFO] [1783540208.909656241] [shared_nav_semantic_explore]: [NAV] step=870 mode=TRACK fsm=TRACK phase=EXPLORE_ALIGN mode=TRACK | reason=semantic_explore_align | explore_phase=EXPLORE_ALIGN | search_mode=visual_handoff | cmd=wz=+0.050 | front=0.59m
[INFO] [1783540209.013619747] [shared_nav_semantic_explore]: [NAV] step=871 mode=TRACK fsm=TRACK phase=EXPLORE_ALIGN mode=TRACK | reason=semantic_explore_align | explore_phase=EXPLORE_ALIGN | search_mode=visual_handoff | cmd=wz=+0.050 | front=0.59m
[INFO] [1783540209.134712607] [shared_nav_semantic_explore]: [NAV] step=872 mode=TRACK fsm=TRACK phase=EXPLORE_ALIGN mode=TRACK | reason=semantic_explore_align | explore_phase=EXPLORE_ALIGN | search_mode=visual_handoff | cmd=wz=+0.050 | front=0.58m
[INFO] [1783540209.216194514] [shared_nav_semantic_explore]: [NAV] step=873 mode=TRACK fsm=TRACK phase=EXPLORE_ALIGN mode=TRACK | reason=semantic_explore_align | explore_phase=EXPLORE_ALIGN | search_mode=visual_handoff | cmd=wz=+0.050 | front=0.58m
[INFO] [1783540209.310529114] [shared_nav_semantic_explore]: [NAV] step=874 mode=TRACK fsm=TRACK phase=EXPLORE_ALIGN mode=TRACK | reason=semantic_explore_align | explore_phase=EXPLORE_ALIGN | search_mode=visual_handoff | cmd=wz=+0.050 | front=0.58m
[INFO] [1783540209.418109948] [shared_nav_semantic_explore]: [NAV] step=875 mode=TRACK fsm=TRACK phase=EXPLORE_ALIGN mode=TRACK | reason=semantic_explore_align | explore_phase=EXPLORE_ALIGN | search_mode=visual_handoff | cmd=wz=+0.050 | front=0.57m
[INFO] [1783540209.515137920] [shared_nav_semantic_explore]: [NAV] step=876 mode=TRACK fsm=TRACK phase=EXPLORE_ALIGN mode=TRACK | reason=semantic_explore_align | explore_phase=EXPLORE_ALIGN | search_mode=visual_handoff | cmd=wz=+0.050 | front=0.58m
[INFO] [1783540209.614179015] [shared_nav_semantic_explore]: [NAV] step=877 mode=TRACK fsm=TRACK phase=EXPLORE_ALIGN mode=TRACK | reason=semantic_explore_align | explore_phase=EXPLORE_ALIGN | search_mode=visual_handoff | cmd=wz=+0.050 | front=0.58m
[INFO] [1783540209.717041771] [shared_nav_semantic_explore]: [NAV] step=878 mode=TRACK fsm=TRACK phase=EXPLORE_ALIGN mode=TRACK | reason=semantic_explore_align | explore_phase=EXPLORE_ALIGN | search_mode=visual_handoff | cmd=wz=+0.050 | front=0.58m
[INFO] [1783540209.817241448] [shared_nav_semantic_explore]: [NAV] step=879 mode=TRACK fsm=TRACK phase=EXPLORE_ALIGN mode=TRACK | reason=semantic_explore_align | explore_phase=EXPLORE_ALIGN | search_mode=visual_handoff | cmd=wz=+0.050 | front=0.58m
[INFO] [1783540209.912132464] [shared_nav_semantic_explore]: [NAV] step=880 mode=TRACK fsm=TRACK phase=EXPLORE_ALIGN mode=TRACK | reason=semantic_explore_align | explore_phase=EXPLORE_ALIGN | search_mode=visual_handoff | cmd=wz=+0.050 | front=0.58m
[INFO] [1783540210.016812677] [shared_nav_semantic_explore]: [NAV] step=881 mode=TRACK fsm=TRACK phase=EXPLORE_ALIGN mode=TRACK | reason=semantic_explore_align | explore_phase=EXPLORE_ALIGN | search_mode=visual_handoff | cmd=wz=+0.050 | front=0.58m
[INFO] [1783540210.115590313] [shared_nav_semantic_explore]: [NAV] step=882 mode=TRACK fsm=TRACK phase=EXPLORE_ALIGN mode=TRACK | reason=semantic_explore_align | explore_phase=EXPLORE_ALIGN | search_mode=visual_handoff | cmd=wz=+0.050 | front=0.58m
[INFO] [1783540210.215864948] [shared_nav_semantic_explore]: [NAV] step=883 mode=TRACK fsm=TRACK phase=EXPLORE_ALIGN mode=TRACK | reason=semantic_explore_align | explore_phase=EXPLORE_ALIGN | search_mode=visual_handoff | cmd=wz=+0.050 | front=0.58m
[INFO] [1783540210.316356083] [shared_nav_semantic_explore]: [NAV] step=884 mode=TRACK fsm=TRACK phase=EXPLORE_ALIGN mode=TRACK | reason=semantic_explore_align | explore_phase=EXPLORE_ALIGN | search_mode=visual_handoff | cmd=wz=+0.050 | front=0.59m
[INFO] [1783540210.437114444] [shared_nav_semantic_explore]: [NAV] step=885 mode=TRACK fsm=TRACK phase=EXPLORE_ALIGN mode=TRACK | reason=semantic_explore_align | explore_phase=EXPLORE_ALIGN | search_mode=visual_handoff | cmd=wz=+0.050 | front=0.58m
[INFO] [1783540210.509959444] [shared_nav_semantic_explore]: [NAV] step=886 mode=TRACK fsm=TRACK phase=EXPLORE_ALIGN mode=TRACK | reason=semantic_explore_align | explore_phase=EXPLORE_ALIGN | search_mode=visual_handoff | cmd=wz=+0.050 | front=0.58m
[INFO] [1783540210.616169738] [shared_nav_semantic_explore]: [NAV] step=887 mode=TRACK fsm=TRACK phase=EXPLORE_ALIGN mode=TRACK | reason=semantic_explore_align | explore_phase=EXPLORE_ALIGN | search_mode=visual_handoff | cmd=wz=+0.050 | front=0.58m
[INFO] [1783540210.726532153] [shared_nav_semantic_explore]: [NAV] step=888 mode=TRACK fsm=TRACK phase=EXPLORE_ALIGN mode=TRACK | reason=semantic_explore_align | explore_phase=EXPLORE_ALIGN | search_mode=visual_handoff | cmd=wz=+0.050 | front=0.58m
[INFO] [1783540210.824314749] [shared_nav_semantic_explore]: [NAV] step=889 mode=TRACK fsm=TRACK phase=EXPLORE_ALIGN mode=TRACK | reason=semantic_explore_align | explore_phase=EXPLORE_ALIGN | search_mode=visual_handoff | cmd=wz=+0.050 | front=0.59m
[INFO] [1783540210.912275607] [shared_nav_semantic_explore]: [NAV] step=890 mode=TRACK fsm=TRACK phase=EXPLORE_ALIGN mode=TRACK | reason=semantic_explore_align | explore_phase=EXPLORE_ALIGN | search_mode=visual_handoff | cmd=wz=+0.050 | front=0.60m
[INFO] [1783540211.008730996] [shared_nav_semantic_explore]: [NAV] step=891 mode=TRACK fsm=TRACK phase=EXPLORE_ALIGN mode=TRACK | reason=semantic_explore_align | explore_phase=EXPLORE_ALIGN | search_mode=visual_handoff | cmd=wz=+0.050 | front=0.61m
[INFO] [1783540211.112391919] [shared_nav_semantic_explore]: [NAV] step=892 mode=TRACK fsm=TRACK phase=EXPLORE_ALIGN mode=TRACK | reason=semantic_explore_align | explore_phase=EXPLORE_ALIGN | search_mode=visual_handoff | cmd=wz=+0.050 | front=0.61m
[INFO] [1783540211.210454306] [shared_nav_semantic_explore]: [NAV] step=893 mode=TRACK fsm=TRACK phase=EXPLORE_ALIGN mode=TRACK | reason=semantic_explore_align | explore_phase=EXPLORE_ALIGN | search_mode=visual_handoff | cmd=wz=+0.050 | front=0.62m
[INFO] [1783540211.318332307] [shared_nav_semantic_explore]: [NAV] step=894 mode=TRACK fsm=TRACK phase=EXPLORE_ALIGN mode=TRACK | reason=semantic_explore_align | explore_phase=EXPLORE_ALIGN | search_mode=visual_handoff | cmd=wz=+0.050 | front=0.62m
[INFO] [1783540211.426851933] [shared_nav_semantic_explore]: [NAV] step=895 mode=TRACK fsm=TRACK phase=EXPLORE_ALIGN mode=TRACK | reason=semantic_explore_align | explore_phase=EXPLORE_ALIGN | search_mode=visual_handoff | cmd=wz=+0.050 | front=0.63m
[INFO] [1783540211.511606461] [shared_nav_semantic_explore]: [NAV] step=896 mode=TRACK fsm=TRACK phase=EXPLORE_ALIGN mode=TRACK | reason=semantic_explore_align | explore_phase=EXPLORE_ALIGN | search_mode=visual_handoff | cmd=wz=+0.050 | front=0.64m
[INFO] [1783540211.667796740] [shared_nav_semantic_explore]: [NAV] step=897 mode=TRACK fsm=TRACK phase=EXPLORE_ALIGN mode=TRACK | reason=semantic_explore_align | explore_phase=EXPLORE_ALIGN | search_mode=visual_handoff | cmd=wz=+0.050 | front=0.65m
[INFO] [1783540211.781742067] [shared_nav_semantic_explore]: [NAV] step=898 mode=TRACK fsm=TRACK phase=EXPLORE_ALIGN mode=TRACK | reason=semantic_explore_align | explore_phase=EXPLORE_ALIGN | search_mode=visual_handoff | cmd=wz=+0.050 | front=0.66m
[INFO] [1783540211.828485014] [shared_nav_semantic_explore]: [NAV] step=899 mode=TRACK fsm=TRACK phase=EXPLORE_ALIGN mode=TRACK | reason=semantic_explore_align | explore_phase=EXPLORE_ALIGN | search_mode=visual_handoff | cmd=wz=+0.050 | front=0.66m
[INFO] [1783540211.917667245] [shared_nav_semantic_explore]: [NAV] step=900 mode=TRACK fsm=TRACK phase=EXPLORE_ALIGN mode=TRACK | reason=semantic_explore_align | explore_phase=EXPLORE_ALIGN | search_mode=visual_handoff | cmd=wz=+0.050 | front=3.26m
[INFO] [1783540212.058232500] [shared_nav_semantic_explore]: [NAV] step=901 mode=LOST_RECOVERY fsm=LOST_RECOVERY phase=EXPLORE_ALIGN mode=LOST_RECOVERY | reason=lost_recovery_semantic_explore_align | explore_phase=EXPLORE_ALIGN | search_mode=visual_handoff | cmd=wz=+0.050 | front=1.96m
[INFO] [1783540212.137870200] [shared_nav_semantic_explore]: [NAV] step=902 mode=LOST_RECOVERY fsm=LOST_RECOVERY phase=EXPLORE_ALIGN mode=LOST_RECOVERY | reason=lost_recovery_semantic_explore_align | explore_phase=EXPLORE_ALIGN | search_mode=visual_handoff | cmd=wz=+0.050 | front=1.93m
[INFO] [1783540212.223083478] [shared_nav_semantic_explore]: [NAV] step=903 mode=LOST_RECOVERY fsm=LOST_RECOVERY phase=EXPLORE_ALIGN mode=LOST_RECOVERY | reason=lost_recovery_semantic_explore_align | explore_phase=EXPLORE_ALIGN | search_mode=visual_handoff | cmd=wz=+0.050 | front=1.79m
[INFO] [1783540212.355020160] [shared_nav_semantic_explore]: [NAV] step=904 mode=LOST_RECOVERY fsm=LOST_RECOVERY phase=EXPLORE_ALIGN mode=LOST_RECOVERY | reason=lost_recovery_semantic_explore_align | explore_phase=EXPLORE_ALIGN | search_mode=visual_handoff | cmd=wz=+0.050 | front=1.74m
[INFO] [1783540212.428851408] [shared_nav_semantic_explore]: [NAV] step=905 mode=LOST_RECOVERY fsm=LOST_RECOVERY phase=EXPLORE_ALIGN mode=LOST_RECOVERY | reason=lost_recovery_semantic_explore_align | explore_phase=EXPLORE_ALIGN | search_mode=visual_handoff | cmd=wz=+0.050 | front=1.72m
[INFO] [1783540212.525817922] [shared_nav_semantic_explore]: [NAV] step=906 mode=LOST_RECOVERY fsm=LOST_RECOVERY phase=EXPLORE_ALIGN mode=LOST_RECOVERY | reason=lost_recovery_semantic_explore_align | explore_phase=EXPLORE_ALIGN | search_mode=visual_handoff | cmd=wz=+0.050 | front=1.68m
[INFO] [1783540212.641259373] [shared_nav_semantic_explore]: [NAV] step=907 mode=LOST_RECOVERY fsm=LOST_RECOVERY phase=EXPLORE_ALIGN mode=LOST_RECOVERY | reason=lost_recovery_semantic_explore_align | explore_phase=EXPLORE_ALIGN | search_mode=visual_handoff | cmd=wz=+0.050 | front=1.66m
[INFO] [1783540212.716071579] [shared_nav_semantic_explore]: [NAV] step=908 mode=LOST_RECOVERY fsm=LOST_RECOVERY phase=EXPLORE_ALIGN mode=LOST_RECOVERY | reason=lost_recovery_semantic_explore_align | explore_phase=EXPLORE_ALIGN | search_mode=visual_handoff | cmd=wz=+0.050 | front=1.63m
[INFO] [1783540212.815830757] [shared_nav_semantic_explore]: [NAV] step=909 mode=LOST_RECOVERY fsm=LOST_RECOVERY phase=EXPLORE_ALIGN mode=LOST_RECOVERY | reason=lost_recovery_semantic_explore_align | explore_phase=EXPLORE_ALIGN | search_mode=visual_handoff | cmd=wz=+0.050 | front=1.62m
[INFO] [1783540212.913043437] [shared_nav_semantic_explore]: [NAV] step=910 mode=LOST_RECOVERY fsm=LOST_RECOVERY phase=EXPLORE_ALIGN mode=LOST_RECOVERY | reason=lost_recovery_semantic_explore_align | explore_phase=EXPLORE_ALIGN | search_mode=visual_handoff | cmd=wz=+0.050 | front=1.61m
[INFO] [1783540213.007016829] [shared_nav_semantic_explore]: [NAV] step=911 mode=LOST_RECOVERY fsm=LOST_RECOVERY phase=EXPLORE_ALIGN mode=LOST_RECOVERY | reason=lost_recovery_semantic_explore_align | explore_phase=EXPLORE_ALIGN | search_mode=visual_handoff | cmd=wz=+0.050 | front=1.62m
[INFO] [1783540213.122987571] [shared_nav_semantic_explore]: [NAV] step=912 mode=LOST_RECOVERY fsm=LOST_RECOVERY phase=EXPLORE_ALIGN mode=LOST_RECOVERY | reason=lost_recovery_semantic_explore_align | explore_phase=EXPLORE_ALIGN | search_mode=visual_handoff | cmd=wz=+0.050 | front=1.62m
[INFO] [1783540213.235030235] [shared_nav_semantic_explore]: [NAV] step=913 mode=LOST_RECOVERY fsm=LOST_RECOVERY phase=EXPLORE_ALIGN mode=LOST_RECOVERY | reason=lost_recovery_semantic_explore_align | explore_phase=EXPLORE_ALIGN | search_mode=visual_handoff | cmd=wz=+0.050 | front=1.61m
[INFO] [1783540213.306874736] [shared_nav_semantic_explore]: [NAV] step=914 mode=LOST_RECOVERY fsm=LOST_RECOVERY phase=EXPLORE_ALIGN mode=LOST_RECOVERY | reason=lost_recovery_semantic_explore_align | explore_phase=EXPLORE_ALIGN | search_mode=visual_handoff | cmd=wz=+0.050 | front=1.62m
[INFO] [1783540213.409197618] [shared_nav_semantic_explore]: [NAV] step=915 mode=LOST_RECOVERY fsm=LOST_RECOVERY phase=EXPLORE_ALIGN mode=LOST_RECOVERY | reason=lost_recovery_semantic_explore_align | explore_phase=EXPLORE_ALIGN | search_mode=visual_handoff | cmd=wz=+0.050 | front=1.63m
[INFO] [1783540213.511400668] [shared_nav_semantic_explore]: [NAV] step=916 mode=LOST_RECOVERY fsm=LOST_RECOVERY phase=EXPLORE_ALIGN mode=LOST_RECOVERY | reason=lost_recovery_semantic_explore_align | explore_phase=EXPLORE_ALIGN | search_mode=visual_handoff | cmd=wz=+0.050 | front=1.63m
[INFO] [1783540213.615079508] [shared_nav_semantic_explore]: [NAV] step=917 mode=LOST_RECOVERY fsm=LOST_RECOVERY phase=EXPLORE_ALIGN mode=LOST_RECOVERY | reason=lost_recovery_semantic_explore_align | explore_phase=EXPLORE_ALIGN | search_mode=visual_handoff | cmd=wz=+0.050 | front=1.63m
[INFO] [1783540213.708840859] [shared_nav_semantic_explore]: [NAV] step=918 mode=LOST_RECOVERY fsm=LOST_RECOVERY phase=EXPLORE_ALIGN mode=LOST_RECOVERY | reason=lost_recovery_semantic_explore_align | explore_phase=EXPLORE_ALIGN | search_mode=visual_handoff | cmd=wz=+0.050 | front=1.67m
[INFO] [1783540213.810129951] [shared_nav_semantic_explore]: [NAV] step=919 mode=LOST_RECOVERY fsm=LOST_RECOVERY phase=EXPLORE_ALIGN mode=LOST_RECOVERY | reason=lost_recovery_semantic_explore_align | explore_phase=EXPLORE_ALIGN | search_mode=visual_handoff | cmd=wz=+0.050 | front=1.64m
[INFO] [1783540213.909196462] [shared_nav_semantic_explore]: [NAV] step=920 mode=LOST_RECOVERY fsm=LOST_RECOVERY phase=EXPLORE_ALIGN mode=LOST_RECOVERY | reason=lost_recovery_semantic_explore_align | explore_phase=EXPLORE_ALIGN | search_mode=visual_handoff | cmd=wz=+0.050 | front=1.63m
[INFO] [1783540214.019186920] [shared_nav_semantic_explore]: [NAV] step=921 mode=LOST_RECOVERY fsm=LOST_RECOVERY phase=EXPLORE_ALIGN mode=LOST_RECOVERY | reason=lost_recovery_semantic_explore_align | explore_phase=EXPLORE_ALIGN | search_mode=visual_handoff | cmd=wz=+0.050 | front=1.63m
[INFO] [1783540214.109141150] [shared_nav_semantic_explore]: [NAV] step=922 mode=LOST_RECOVERY fsm=LOST_RECOVERY phase=EXPLORE_ALIGN mode=LOST_RECOVERY | reason=lost_recovery_semantic_explore_align | explore_phase=EXPLORE_ALIGN | search_mode=visual_handoff | cmd=wz=+0.050 | front=1.64m
[INFO] [1783540214.208100454] [shared_nav_semantic_explore]: [NAV] step=923 mode=LOST_RECOVERY fsm=LOST_RECOVERY phase=EXPLORE_ALIGN mode=LOST_RECOVERY | reason=lost_recovery_semantic_explore_align | explore_phase=EXPLORE_ALIGN | search_mode=visual_handoff | cmd=wz=+0.050 | front=1.67m
[INFO] [1783540214.315330956] [shared_nav_semantic_explore]: [NAV] step=924 mode=LOST_RECOVERY fsm=LOST_RECOVERY phase=EXPLORE_ALIGN mode=LOST_RECOVERY | reason=lost_recovery_semantic_explore_align | explore_phase=EXPLORE_ALIGN | search_mode=visual_handoff | cmd=wz=+0.050 | front=1.80m
[INFO] [1783540214.407015434] [shared_nav_semantic_explore]: [NAV] step=925 mode=LOST_RECOVERY fsm=LOST_RECOVERY phase=EXPLORE_ALIGN mode=LOST_RECOVERY | reason=lost_recovery_semantic_explore_align | explore_phase=EXPLORE_ALIGN | search_mode=visual_handoff | cmd=wz=+0.050 | front=2.02m
[INFO] [1783540214.515689560] [shared_nav_semantic_explore]: [NAV] step=926 mode=LOST_RECOVERY fsm=LOST_RECOVERY phase=EXPLORE_ALIGN mode=LOST_RECOVERY | reason=lost_recovery_semantic_explore_align | explore_phase=EXPLORE_ALIGN | search_mode=visual_handoff | cmd=wz=+0.050 | front=2.23m
[INFO] [1783540214.625109268] [shared_nav_semantic_explore]: [NAV] step=927 mode=LOST_RECOVERY fsm=LOST_RECOVERY phase=EXPLORE_ALIGN mode=LOST_RECOVERY | reason=lost_recovery_semantic_explore_align | explore_phase=EXPLORE_ALIGN | search_mode=visual_handoff | cmd=wz=+0.050 | front=2.41m
[INFO] [1783540214.721189491] [shared_nav_semantic_explore]: [NAV] step=928 mode=LOST_RECOVERY fsm=LOST_RECOVERY phase=EXPLORE_ALIGN mode=LOST_RECOVERY | reason=lost_recovery_semantic_explore_align | explore_phase=EXPLORE_ALIGN | search_mode=visual_handoff | cmd=wz=+0.050 | front=2.94m
[INFO] [1783540214.819459796] [shared_nav_semantic_explore]: [NAV] step=929 mode=LOST_RECOVERY fsm=LOST_RECOVERY phase=EXPLORE_ALIGN mode=LOST_RECOVERY | reason=lost_recovery_semantic_explore_align | explore_phase=EXPLORE_ALIGN | search_mode=visual_handoff | cmd=wz=+0.050 | front=3.02m
[INFO] [1783540214.928101171] [shared_nav_semantic_explore]: [NAV] step=930 mode=LOST_RECOVERY fsm=LOST_RECOVERY phase=EXPLORE_ALIGN mode=LOST_RECOVERY | reason=lost_recovery_semantic_explore_align | explore_phase=EXPLORE_ALIGN | search_mode=visual_handoff | cmd=wz=+0.050 | front=3.01m
[INFO] [1783540215.023553937] [shared_nav_semantic_explore]: [NAV] step=931 mode=LOST_RECOVERY fsm=LOST_RECOVERY phase=EXPLORE_ALIGN mode=LOST_RECOVERY | reason=lost_recovery_semantic_explore_align | explore_phase=EXPLORE_ALIGN | search_mode=visual_handoff | cmd=wz=+0.050 | front=3.00m
[INFO] [1783540215.127955568] [shared_nav_semantic_explore]: [NAV] step=932 mode=LOST_RECOVERY fsm=LOST_RECOVERY phase=EXPLORE_ALIGN mode=LOST_RECOVERY | reason=lost_recovery_semantic_explore_align | explore_phase=EXPLORE_ALIGN | search_mode=visual_handoff | cmd=wz=+0.050 | front=3.01m
[INFO] [1783540215.244561351] [shared_nav_semantic_explore]: [NAV] step=933 mode=LOST_RECOVERY fsm=LOST_RECOVERY phase=EXPLORE_ALIGN mode=LOST_RECOVERY | reason=lost_recovery_semantic_explore_align | explore_phase=EXPLORE_ALIGN | search_mode=visual_handoff | cmd=wz=+0.050 | front=3.01m
[INFO] [1783540215.346863234] [shared_nav_semantic_explore]: [NAV] step=934 mode=LOST_RECOVERY fsm=LOST_RECOVERY phase=EXPLORE_ALIGN mode=LOST_RECOVERY | reason=lost_recovery_semantic_explore_align | explore_phase=EXPLORE_ALIGN | search_mode=visual_handoff | cmd=wz=+0.050 | front=3.04m
[INFO] [1783540215.441957542] [shared_nav_semantic_explore]: [NAV] step=935 mode=LOST_RECOVERY fsm=LOST_RECOVERY phase=EXPLORE_ALIGN mode=LOST_RECOVERY | reason=lost_recovery_semantic_explore_align | explore_phase=EXPLORE_ALIGN | search_mode=visual_handoff | cmd=wz=+0.050 | front=3.04m
[INFO] [1783540215.558982450] [shared_nav_semantic_explore]: [NAV] step=936 mode=LOST_RECOVERY fsm=LOST_RECOVERY phase=EXPLORE_ALIGN mode=LOST_RECOVERY | reason=lost_recovery_semantic_explore_align | explore_phase=EXPLORE_ALIGN | search_mode=visual_handoff | cmd=wz=+0.050 | front=1.63m
[INFO] [1783540215.639276441] [shared_nav_semantic_explore]: [NAV] step=937 mode=LOST_RECOVERY fsm=LOST_RECOVERY phase=EXPLORE_ALIGN mode=LOST_RECOVERY | reason=lost_recovery_semantic_explore_align | explore_phase=EXPLORE_ALIGN | search_mode=visual_handoff | cmd=wz=+0.050 | front=1.63m
[INFO] [1783540215.746214611] [shared_nav_semantic_explore]: [NAV] step=938 mode=LOST_RECOVERY fsm=LOST_RECOVERY phase=EXPLORE_ALIGN mode=LOST_RECOVERY | reason=lost_recovery_semantic_explore_align | explore_phase=EXPLORE_ALIGN | search_mode=visual_handoff | cmd=wz=+0.050 | front=1.61m
[INFO] [1783540215.809584372] [shared_nav_semantic_explore]: [NAV] step=939 mode=LOST_RECOVERY fsm=LOST_RECOVERY phase=EXPLORE_ALIGN mode=LOST_RECOVERY | reason=lost_recovery_semantic_explore_align | explore_phase=EXPLORE_ALIGN | search_mode=visual_handoff | cmd=wz=+0.050 | front=1.60m
[INFO] [1783540215.912218546] [shared_nav_semantic_explore]: [NAV] step=940 mode=LOST_RECOVERY fsm=LOST_RECOVERY phase=EXPLORE_ALIGN mode=LOST_RECOVERY | reason=lost_recovery_semantic_explore_align | explore_phase=EXPLORE_ALIGN | search_mode=visual_handoff | cmd=wz=+0.050 | front=1.60m
[INFO] [1783540216.007983978] [shared_nav_semantic_explore]: [NAV] step=941 mode=LOST_RECOVERY fsm=LOST_RECOVERY phase=EXPLORE_ALIGN mode=LOST_RECOVERY | reason=lost_recovery_semantic_explore_align | explore_phase=EXPLORE_ALIGN | search_mode=visual_handoff | cmd=wz=+0.050 | front=1.60m
[INFO] [1783540216.117440937] [shared_nav_semantic_explore]: [NAV] step=942 mode=SEARCH fsm=SEARCH phase=EXPLORE_ALIGN mode=SEARCH | reason=semantic_explore_align | explore_phase=EXPLORE_ALIGN | search_mode=visual_handoff | cmd=wz=+0.050 | front=1.60m
[INFO] [1783540216.239126256] [shared_nav_semantic_explore]: [NAV] step=943 mode=BLOCKED fsm=BLOCKED phase=EXPLORE_ALIGN mode=BLOCKED | reason=blocked_retreat_complete | explore_phase=EXPLORE_ALIGN | search_mode=visual_handoff | cmd=stop | front=1.60m
[INFO] [1783540216.324426658] [shared_nav_semantic_explore]: [NAV] step=944 mode=BLOCKED fsm=BLOCKED phase=EXPLORE_ALIGN mode=BLOCKED | reason=semantic_explore_align | safety=blocked_retreat_pass | explore_phase=EXPLORE_ALIGN | search_mode=visual_handoff | cmd=wz=+0.050 | front=0.32m
[INFO] [1783540216.409706269] [shared_nav_semantic_explore]: [NAV] step=945 mode=BLOCKED fsm=BLOCKED phase=EXPLORE_ALIGN mode=BLOCKED | reason=semantic_explore_align | safety=front_stop_turn_only | explore_phase=EXPLORE_ALIGN | search_mode=visual_handoff | cmd=wz=+0.050 | front=0.31m
[INFO] [1783540216.555066520] [shared_nav_semantic_explore]: [NAV] step=946 mode=BLOCKED fsm=BLOCKED phase=EXPLORE_SELECT mode=BLOCKED | reason=blocked_free_space | safety=front_stop_turn_only | search_mode=visual_handoff | cmd=vx=+0.035 | front=0.30m
[INFO] [1783540216.664742561] [shared_nav_semantic_explore]: [NAV] step=947 mode=BLOCKED fsm=BLOCKED phase=EXPLORE_SELECT mode=BLOCKED | reason=blocked_free_space | safety=front_stop_turn_only | search_mode=visual_handoff | cmd=vx=+0.035 | front=0.29m
[INFO] [1783540216.750345505] [shared_nav_semantic_explore]: [NAV] step=948 mode=BLOCKED fsm=BLOCKED phase=EXPLORE_SELECT mode=BLOCKED | reason=blocked_free_space | safety=front_stop_turn_only | search_mode=visual_handoff | cmd=vx=+0.035 | front=0.29m
[INFO] [1783540216.845320688] [shared_nav_semantic_explore]: [NAV] step=949 mode=BLOCKED fsm=BLOCKED phase=EXPLORE_SELECT mode=BLOCKED | reason=blocked_free_space | safety=front_stop_turn_only | search_mode=visual_handoff | cmd=vx=+0.035 | front=0.29m
[INFO] [1783540216.943304368] [shared_nav_semantic_explore]: [NAV] step=950 mode=BLOCKED fsm=BLOCKED phase=EXPLORE_SELECT mode=BLOCKED | reason=blocked_free_space | safety=front_stop_turn_only | search_mode=visual_handoff | cmd=vx=+0.035 | front=0.29m
[INFO] [1783540217.061691941] [shared_nav_semantic_explore]: [NAV] step=951 mode=BLOCKED fsm=BLOCKED phase=EXPLORE_SELECT mode=BLOCKED | reason=blocked_free_space | safety=front_stop_turn_only | search_mode=visual_handoff | cmd=vx=+0.035 | front=0.29m
[INFO] [1783540217.148016093] [shared_nav_semantic_explore]: [NAV] step=952 mode=BLOCKED fsm=BLOCKED phase=EXPLORE_SELECT mode=BLOCKED | reason=blocked_free_space | safety=front_stop_turn_only | search_mode=visual_handoff | cmd=vx=+0.035 | front=0.29m
[INFO] [1783540217.250818309] [shared_nav_semantic_explore]: [NAV] step=953 mode=BLOCKED fsm=BLOCKED phase=EXPLORE_SELECT mode=BLOCKED | reason=blocked_free_space | safety=front_stop_turn_only | search_mode=visual_handoff | cmd=vx=+0.035 | front=0.29m
[INFO] [1783540217.355977689] [shared_nav_semantic_explore]: [NAV] step=954 mode=BLOCKED fsm=BLOCKED phase=EXPLORE_SELECT mode=BLOCKED | reason=blocked_free_space | safety=front_stop_turn_only | search_mode=visual_handoff | cmd=vx=+0.035 | front=0.29m
[INFO] [1783540217.441209675] [shared_nav_semantic_explore]: [NAV] step=955 mode=BLOCKED fsm=BLOCKED phase=EXPLORE_SELECT mode=BLOCKED | reason=blocked_free_space | safety=front_stop_turn_only | search_mode=visual_handoff | cmd=vx=+0.035 | front=0.29m
[INFO] [1783540217.570994735] [shared_nav_semantic_explore]: [NAV] step=956 mode=BLOCKED fsm=BLOCKED phase=EXPLORE_SELECT mode=BLOCKED | reason=blocked_free_space | safety=front_stop_turn_only | search_mode=visual_handoff | cmd=vx=+0.035 | front=0.29m
[INFO] [1783540217.687590685] [shared_nav_semantic_explore]: [NAV] step=957 mode=BLOCKED fsm=BLOCKED phase=EXPLORE_SELECT mode=BLOCKED | reason=blocked_free_space | safety=front_stop_turn_only | search_mode=visual_handoff | cmd=vx=+0.035 | front=0.30m
[INFO] [1783540217.749252698] [shared_nav_semantic_explore]: [NAV] step=958 mode=BLOCKED fsm=BLOCKED phase=EXPLORE_SELECT mode=BLOCKED | reason=blocked_free_space | safety=front_stop_turn_only | search_mode=visual_handoff | cmd=vx=+0.035 | front=0.30m
[INFO] [1783540217.888917122] [shared_nav_semantic_explore]: [NAV] step=959 mode=BLOCKED fsm=BLOCKED phase=EXPLORE_SELECT mode=BLOCKED | reason=blocked_free_space | safety=front_stop_turn_only | search_mode=visual_handoff | cmd=vx=+0.035 | front=0.29m
[INFO] [1783540218.033389041] [shared_nav_semantic_explore]: [NAV] step=960 mode=BLOCKED fsm=BLOCKED phase=EXPLORE_SELECT mode=BLOCKED | reason=blocked_free_space | safety=front_stop_turn_only | search_mode=visual_handoff | cmd=vx=+0.035 | front=0.29m
[INFO] [1783540218.156636817] [shared_nav_semantic_explore]: [NAV] step=961 mode=BLOCKED fsm=BLOCKED phase=EXPLORE_SELECT mode=BLOCKED | reason=blocked_free_space | safety=front_stop_turn_only | search_mode=visual_handoff | cmd=vx=+0.035 | front=0.29m
[INFO] [1783540218.271723977] [shared_nav_semantic_explore]: [NAV] step=962 mode=BLOCKED fsm=BLOCKED phase=EXPLORE_SELECT mode=BLOCKED | reason=blocked_free_space | safety=front_stop_turn_only | search_mode=visual_handoff | cmd=vx=+0.035 | front=0.29m
[INFO] [1783540218.400304206] [shared_nav_semantic_explore]: [NAV] step=963 mode=BLOCKED fsm=BLOCKED phase=EXPLORE_SELECT mode=BLOCKED | reason=blocked_free_space | safety=front_stop_turn_only | search_mode=visual_handoff | cmd=vx=+0.035 | front=0.29m
[INFO] [1783540218.488366605] [shared_nav_semantic_explore]: [NAV] step=964 mode=BLOCKED fsm=BLOCKED phase=EXPLORE_SELECT mode=BLOCKED | reason=blocked_free_space | safety=front_stop_turn_only | search_mode=visual_handoff | cmd=vx=+0.035 | front=0.29m
[INFO] [1783540218.597291856] [shared_nav_semantic_explore]: [NAV] step=965 mode=BLOCKED fsm=BLOCKED phase=EXPLORE_SELECT mode=BLOCKED | reason=blocked_free_space | safety=front_stop_turn_only | search_mode=visual_handoff | cmd=vx=+0.035 | front=0.29m
[INFO] [1783540218.705809941] [shared_nav_semantic_explore]: [NAV] step=966 mode=BLOCKED fsm=BLOCKED phase=EXPLORE_SELECT mode=BLOCKED | reason=blocked_free_space | safety=front_stop_turn_only | search_mode=visual_handoff | cmd=vx=+0.035 | front=0.29m
[INFO] [1783540218.842904909] [shared_nav_semantic_explore]: [NAV] step=967 mode=BLOCKED fsm=BLOCKED phase=EXPLORE_SELECT mode=BLOCKED | reason=blocked_free_space | safety=front_stop_turn_only | search_mode=visual_handoff | cmd=vx=+0.035 | front=0.29m
[INFO] [1783540218.913446579] [shared_nav_semantic_explore]: [NAV] step=968 mode=BLOCKED fsm=BLOCKED phase=EXPLORE_SELECT mode=BLOCKED | reason=blocked_free_space | safety=front_stop_turn_only | search_mode=visual_handoff | cmd=vx=+0.035 | front=0.29m
[INFO] [1783540219.036321189] [shared_nav_semantic_explore]: [NAV] step=969 mode=BLOCKED fsm=BLOCKED phase=EXPLORE_SELECT mode=BLOCKED | reason=blocked_free_space | safety=front_stop_turn_only | search_mode=visual_handoff | cmd=vx=+0.035 | front=0.30m
[INFO] [1783540219.182619689] [shared_nav_semantic_explore]: [NAV] step=970 mode=BLOCKED fsm=BLOCKED phase=EXPLORE_SELECT mode=BLOCKED | reason=blocked_free_space | safety=front_stop_turn_only | search_mode=visual_handoff | cmd=vx=+0.035 | front=0.30m
[INFO] [1783540219.284696531] [shared_nav_semantic_explore]: [NAV] step=971 mode=BLOCKED fsm=BLOCKED phase=EXPLORE_SELECT mode=BLOCKED | reason=blocked_free_space | safety=front_stop_turn_only | search_mode=visual_handoff | cmd=vx=+0.035 | front=0.29m
[INFO] [1783540219.415082924] [shared_nav_semantic_explore]: [NAV] step=972 mode=BLOCKED fsm=BLOCKED phase=EXPLORE_SELECT mode=BLOCKED | reason=blocked_free_space | safety=front_stop_turn_only | search_mode=visual_handoff | cmd=vx=+0.035 | front=0.30m
[INFO] [1783540219.515693184] [shared_nav_semantic_explore]: [NAV] step=973 mode=BLOCKED fsm=BLOCKED phase=EXPLORE_SELECT mode=BLOCKED | reason=blocked_free_space | safety=front_stop_turn_only | search_mode=visual_handoff | cmd=vx=+0.035 | front=0.29m
[INFO] [1783540219.695508563] [shared_nav_semantic_explore]: [NAV] step=974 mode=BLOCKED fsm=BLOCKED phase=EXPLORE_SELECT mode=BLOCKED | reason=blocked_free_space | safety=front_stop_turn_only | search_mode=visual_handoff | cmd=vx=+0.035 | front=0.29m
[INFO] [1783540219.783020963] [shared_nav_semantic_explore]: [NAV] step=975 mode=BLOCKED fsm=BLOCKED phase=EXPLORE_SELECT mode=BLOCKED | reason=blocked_free_space | safety=front_stop_turn_only | search_mode=visual_handoff | cmd=vx=+0.035 | front=0.29m
[INFO] [1783540219.863084205] [shared_nav_semantic_explore]: [NAV] step=976 mode=BLOCKED fsm=BLOCKED phase=EXPLORE_SELECT mode=BLOCKED | reason=blocked_free_space | safety=front_stop_turn_only | search_mode=visual_handoff | cmd=vx=+0.035 | front=0.31m
[INFO] [1783540219.951785979] [shared_nav_semantic_explore]: [NAV] step=977 mode=BLOCKED fsm=BLOCKED phase=EXPLORE_SELECT mode=BLOCKED | reason=blocked_free_space | safety=front_stop_turn_only | search_mode=visual_handoff | cmd=vx=+0.035 | front=0.32m
[INFO] [1783540220.057952942] [shared_nav_semantic_explore]: [NAV] step=978 mode=BLOCKED fsm=BLOCKED phase=EXPLORE_SELECT mode=BLOCKED | reason=blocked_free_space | safety=front_stop_turn_only | search_mode=visual_handoff | cmd=vx=+0.035 | front=0.33m
[INFO] [1783540220.219404466] [shared_nav_semantic_explore]: [NAV] step=979 mode=BLOCKED fsm=BLOCKED phase=EXPLORE_SELECT mode=BLOCKED | reason=blocked_free_space | safety=front_stop_turn_only | search_mode=visual_handoff | cmd=vx=+0.035 | front=0.33m
[INFO] [1783540220.316508022] [shared_nav_semantic_explore]: [NAV] step=980 mode=BLOCKED fsm=BLOCKED phase=EXPLORE_SELECT mode=BLOCKED | reason=blocked_free_space | safety=front_stop_turn_only | search_mode=visual_handoff | cmd=vx=+0.035 | front=0.33m
[INFO] [1783540220.441631255] [shared_nav_semantic_explore]: [NAV] step=981 mode=BLOCKED fsm=BLOCKED phase=EXPLORE_SELECT mode=BLOCKED | reason=blocked_free_space | safety=front_stop_turn_only | search_mode=visual_handoff | cmd=vx=+0.035 | front=0.34m
[INFO] [1783540220.553004628] [shared_nav_semantic_explore]: [NAV] step=982 mode=BLOCKED fsm=BLOCKED phase=EXPLORE_SELECT mode=BLOCKED | reason=blocked_free_space | safety=front_stop_turn_only | search_mode=visual_handoff | cmd=vx=+0.035 | front=0.35m
[INFO] [1783540220.695047342] [shared_nav_semantic_explore]: [NAV] step=983 mode=BLOCKED fsm=BLOCKED phase=EXPLORE_SELECT mode=BLOCKED | reason=blocked_free_space | safety=front_stop_turn_only | search_mode=visual_handoff | cmd=vx=+0.035 | front=0.36m
[INFO] [1783540220.825295152] [shared_nav_semantic_explore]: [NAV] step=984 mode=BLOCKED fsm=BLOCKED phase=EXPLORE_SELECT mode=BLOCKED | reason=blocked_free_space | safety=front_stop_turn_only | search_mode=visual_handoff | cmd=vx=+0.035 | front=0.36m
[INFO] [1783540220.971643818] [shared_nav_semantic_explore]: [NAV] step=985 mode=BLOCKED fsm=BLOCKED phase=EXPLORE_SELECT mode=BLOCKED | reason=blocked_free_space | safety=front_stop_turn_only | search_mode=visual_handoff | cmd=vx=+0.035 | front=0.37m
[INFO] [1783540221.176778668] [shared_nav_semantic_explore]: [NAV] step=986 mode=BLOCKED fsm=BLOCKED phase=EXPLORE_SELECT mode=BLOCKED | reason=blocked_free_space | safety=front_stop_turn_only | search_mode=visual_handoff | cmd=vx=+0.035 | front=0.37m
[INFO] [1783540221.329497078] [shared_nav_semantic_explore]: [NAV] step=987 mode=BLOCKED fsm=BLOCKED phase=EXPLORE_SELECT mode=BLOCKED | reason=blocked_free_space | safety=front_stop_turn_only | search_mode=visual_handoff | cmd=vx=+0.035 | front=0.38m
[INFO] [1783540221.474277038] [shared_nav_semantic_explore]: [NAV] step=988 mode=BLOCKED fsm=BLOCKED phase=EXPLORE_SELECT mode=BLOCKED | reason=blocked_free_space | safety=front_stop_turn_only | search_mode=visual_handoff | cmd=vx=+0.035 | front=0.38m
[INFO] [1783540221.554808780] [shared_nav_semantic_explore]: [NAV] step=989 mode=BLOCKED fsm=BLOCKED phase=EXPLORE_SELECT mode=BLOCKED | reason=blocked_free_space | safety=front_stop_turn_only | search_mode=visual_handoff | cmd=vx=+0.035 | front=0.39m
[INFO] [1783540221.629580778] [shared_nav_semantic_explore]: [NAV] step=990 mode=BLOCKED fsm=BLOCKED phase=EXPLORE_SELECT mode=BLOCKED | reason=blocked_free_space | safety=front_stop_turn_only | search_mode=visual_handoff | cmd=vx=+0.035 | front=0.39m
[INFO] [1783540221.710666228] [shared_nav_semantic_explore]: [NAV] step=991 mode=BLOCKED fsm=BLOCKED phase=EXPLORE_SELECT mode=BLOCKED | reason=blocked_free_space | safety=front_stop_turn_only | search_mode=visual_handoff | cmd=vx=+0.035 | front=0.39m
[INFO] [1783540221.824592682] [shared_nav_semantic_explore]: [NAV] step=992 mode=BLOCKED fsm=BLOCKED phase=EXPLORE_SELECT mode=BLOCKED | reason=blocked_free_space | safety=front_stop_turn_only | search_mode=visual_handoff | cmd=vx=+0.035 | front=0.40m
[INFO] [1783540221.971626890] [shared_nav_semantic_explore]: [NAV] step=993 mode=BLOCKED fsm=BLOCKED phase=EXPLORE_SELECT mode=BLOCKED | reason=blocked_free_space | safety=front_stop_turn_only | search_mode=visual_handoff | cmd=vx=+0.035 | front=0.39m
[INFO] [1783540222.064421284] [shared_nav_semantic_explore]: [NAV] step=994 mode=BLOCKED fsm=BLOCKED phase=EXPLORE_SELECT mode=BLOCKED | reason=blocked_free_space | safety=front_stop_turn_only | search_mode=visual_handoff | cmd=vx=+0.035 | front=0.39m
[INFO] [1783540222.183596774] [shared_nav_semantic_explore]: [NAV] step=995 mode=BLOCKED fsm=BLOCKED phase=EXPLORE_SELECT mode=BLOCKED | reason=blocked_free_space | safety=front_stop_turn_only | search_mode=visual_handoff | cmd=vx=+0.035 | front=0.40m
[INFO] [1783540222.273736171] [shared_nav_semantic_explore]: [NAV] step=996 mode=BLOCKED fsm=BLOCKED phase=EXPLORE_SELECT mode=BLOCKED | reason=blocked_free_space | safety=front_stop_turn_only | search_mode=visual_handoff | cmd=vx=+0.035 | front=0.40m
[INFO] [1783540222.373494433] [shared_nav_semantic_explore]: [NAV] step=997 mode=BLOCKED fsm=BLOCKED phase=EXPLORE_SELECT mode=BLOCKED | reason=blocked_free_space | safety=front_stop_turn_only | search_mode=visual_handoff | cmd=vx=+0.035 | front=0.40m
[INFO] [1783540222.446996516] [shared_nav_semantic_explore]: [NAV] step=998 mode=BLOCKED fsm=BLOCKED phase=EXPLORE_SELECT mode=BLOCKED | reason=blocked_free_space | safety=front_stop_turn_only | search_mode=visual_handoff | cmd=vx=+0.035 | front=0.39m
[INFO] [1783540222.538817995] [shared_nav_semantic_explore]: [NAV] step=999 mode=BLOCKED fsm=BLOCKED phase=EXPLORE_SELECT mode=BLOCKED | reason=blocked_free_space | safety=front_stop_turn_only | search_mode=visual_handoff | cmd=vx=+0.035 | front=0.39m
[INFO] [1783540222.668175931] [shared_nav_semantic_explore]: [NAV] step=1000 mode=BLOCKED fsm=BLOCKED phase=EXPLORE_SELECT mode=BLOCKED | reason=blocked_free_space | safety=front_stop_turn_only | search_mode=visual_handoff | cmd=vx=+0.035 | front=0.39m
[INFO] [1783540222.756310998] [shared_nav_semantic_explore]: [NAV] step=1001 mode=BLOCKED fsm=BLOCKED phase=EXPLORE_SELECT mode=BLOCKED | reason=blocked_free_space | safety=front_stop_turn_only | search_mode=visual_handoff | cmd=vx=+0.035 | front=0.40m
[INFO] [1783540222.864956541] [shared_nav_semantic_explore]: [NAV] step=1002 mode=BLOCKED fsm=BLOCKED phase=EXPLORE_SELECT mode=BLOCKED | reason=blocked_free_space | safety=front_stop_turn_only | search_mode=visual_handoff | cmd=vx=+0.035 | front=0.40m
[INFO] [1783540222.939287873] [shared_nav_semantic_explore]: [NAV] step=1003 mode=BLOCKED fsm=BLOCKED phase=EXPLORE_SELECT mode=BLOCKED | reason=blocked_free_space | safety=front_stop_turn_only | search_mode=visual_handoff | cmd=vx=+0.035 | front=0.40m
[INFO] [1783540223.093777740] [shared_nav_semantic_explore]: [NAV] step=1004 mode=BLOCKED fsm=BLOCKED phase=EXPLORE_SELECT mode=BLOCKED | reason=blocked_free_space | safety=front_stop_turn_only | search_mode=visual_handoff | cmd=vx=+0.035 | front=0.41m
[INFO] [1783540223.200433160] [shared_nav_semantic_explore]: [NAV] step=1005 mode=BLOCKED fsm=BLOCKED phase=EXPLORE_SELECT mode=BLOCKED | reason=blocked_free_space | safety=front_stop_turn_only | search_mode=visual_handoff | cmd=vx=+0.035 | front=0.41m
[INFO] [1783540223.362465060] [shared_nav_semantic_explore]: [NAV] step=1006 mode=BLOCKED fsm=BLOCKED phase=EXPLORE_SELECT mode=BLOCKED | reason=blocked_free_space | safety=front_stop_turn_only | search_mode=visual_handoff | cmd=vx=+0.035 | front=0.41m
[INFO] [1783540223.485350628] [shared_nav_semantic_explore]: [NAV] step=1007 mode=BLOCKED fsm=BLOCKED phase=EXPLORE_SELECT mode=BLOCKED | reason=blocked_free_space | safety=front_stop_turn_only | search_mode=visual_handoff | cmd=vx=+0.035 | front=0.42m
[INFO] [1783540223.612351359] [shared_nav_semantic_explore]: [NAV] step=1008 mode=BLOCKED fsm=BLOCKED phase=EXPLORE_SELECT mode=BLOCKED | reason=blocked_free_space | safety=front_stop_turn_only | search_mode=visual_handoff | cmd=vx=+0.035 | front=0.43m
[INFO] [1783540223.704254297] [shared_nav_semantic_explore]: [NAV] step=1009 mode=BLOCKED fsm=BLOCKED phase=EXPLORE_SELECT mode=BLOCKED | reason=blocked_free_space | safety=front_slow_vx | search_mode=visual_handoff | cmd=vx=+0.035 | front=0.43m
[INFO] [1783540223.887663797] [shared_nav_semantic_explore]: [NAV] step=1010 mode=BLOCKED fsm=BLOCKED phase=EXPLORE_SELECT mode=BLOCKED | reason=blocked_free_space | safety=front_slow_vx | search_mode=visual_handoff | cmd=vx=+0.035 | front=0.44m
[INFO] [1783540224.039866207] [shared_nav_semantic_explore]: [NAV] step=1011 mode=BLOCKED fsm=BLOCKED phase=EXPLORE_SELECT mode=BLOCKED | reason=blocked_free_space | safety=front_slow_vx | search_mode=visual_handoff | cmd=vx=+0.035 | front=0.45m
[INFO] [1783540224.110686877] [shared_nav_semantic_explore]: [NAV] step=1012 mode=BLOCKED fsm=BLOCKED phase=EXPLORE_SELECT mode=BLOCKED | reason=blocked_free_space | safety=front_slow_vx | search_mode=visual_handoff | cmd=vx=+0.035 | front=0.45m
[INFO] [1783540224.216132174] [shared_nav_semantic_explore]: [NAV] step=1013 mode=BLOCKED fsm=BLOCKED phase=EXPLORE_SELECT mode=BLOCKED | reason=blocked_free_space | safety=front_slow_vx | search_mode=visual_handoff | cmd=vx=+0.035 | front=0.46m
[INFO] [1783540224.285735845] [shared_nav_semantic_explore]: [NAV] step=1014 mode=BLOCKED fsm=BLOCKED phase=EXPLORE_SELECT mode=BLOCKED | reason=blocked_free_space | safety=front_slow_vx | search_mode=visual_handoff | cmd=vx=+0.035 | front=1.75m
[INFO] [1783540224.362500800] [shared_nav_semantic_explore]: [NAV] step=1015 mode=BLOCKED fsm=BLOCKED phase=EXPLORE_SELECT mode=BLOCKED | reason=blocked_free_space | safety=front_slow_vx | search_mode=visual_handoff | cmd=vx=+0.035 | front=1.75m
[INFO] [1783540224.465542308] [shared_nav_semantic_explore]: [NAV] step=1016 mode=BLOCKED fsm=BLOCKED phase=EXPLORE_SELECT mode=BLOCKED | reason=blocked_free_space | search_mode=visual_handoff | cmd=vx=+0.035 | front=1.74m
[INFO] [1783540224.536467561] [shared_nav_semantic_explore]: [NAV] step=1017 mode=BLOCKED fsm=BLOCKED phase=EXPLORE_SELECT mode=BLOCKED | reason=blocked_free_space | search_mode=visual_handoff | cmd=vx=+0.035 | front=1.74m
[INFO] [1783540224.649718349] [shared_nav_semantic_explore]: [NAV] step=1018 mode=BLOCKED fsm=BLOCKED phase=EXPLORE_SELECT mode=BLOCKED | reason=blocked_free_space | search_mode=visual_handoff | cmd=vx=+0.035 | front=1.74m
[INFO] [1783540224.763003971] [shared_nav_semantic_explore]: [NAV] step=1019 mode=BLOCKED fsm=BLOCKED phase=EXPLORE_SELECT mode=BLOCKED | reason=blocked_free_space | search_mode=visual_handoff | cmd=vx=+0.035 | front=1.77m
[INFO] [1783540224.859753069] [shared_nav_semantic_explore]: [NAV] step=1020 mode=BLOCKED fsm=BLOCKED phase=EXPLORE_SELECT mode=BLOCKED | reason=blocked_free_space | search_mode=visual_handoff | cmd=vx=+0.035 | front=1.77m
[INFO] [1783540224.950019300] [shared_nav_semantic_explore]: [NAV] step=1021 mode=BLOCKED fsm=BLOCKED phase=EXPLORE_SELECT mode=BLOCKED | reason=blocked_free_space | search_mode=visual_handoff | cmd=vx=+0.035 | front=1.76m
[INFO] [1783540225.059493968] [shared_nav_semantic_explore]: [NAV] step=1022 mode=BLOCKED fsm=BLOCKED phase=EXPLORE_SELECT mode=BLOCKED | reason=blocked_free_space | search_mode=visual_handoff | cmd=vx=+0.035 | front=1.77m
[INFO] [1783540225.145505495] [shared_nav_semantic_explore]: [NAV] step=1023 mode=BLOCKED fsm=BLOCKED phase=EXPLORE_SELECT mode=BLOCKED | reason=blocked_free_space | search_mode=visual_handoff | cmd=vx=+0.035 | front=1.77m
[INFO] [1783540225.229615525] [shared_nav_semantic_explore]: [NAV] step=1024 mode=SEARCH fsm=SEARCH phase=EXPLORE_SELECT mode=SEARCH | reason=semantic_explore_idle_wait | search_mode=visual_handoff | cmd=stop | front=3.14m
[INFO] [1783540225.310852433] [shared_nav_semantic_explore]: [NAV] step=1025 mode=SEARCH fsm=SEARCH phase=EXPLORE_SELECT mode=SEARCH | reason=semantic_explore_idle_wait | search_mode=visual_handoff | cmd=stop | front=3.14m
[INFO] [1783540225.408497781] [shared_nav_semantic_explore]: [NAV] step=1026 mode=SEARCH fsm=SEARCH phase=EXPLORE_SELECT mode=SEARCH | reason=semantic_explore_idle_wait | search_mode=visual_handoff | cmd=stop | front=3.15m
[INFO] [1783540225.509483041] [shared_nav_semantic_explore]: [NAV] step=1027 mode=SEARCH fsm=SEARCH phase=EXPLORE_SELECT mode=SEARCH | reason=semantic_explore_idle_wait | search_mode=visual_handoff | cmd=stop | front=3.14m
[INFO] [1783540225.617271127] [shared_nav_semantic_explore]: [NAV] step=1028 mode=SEARCH fsm=SEARCH phase=EXPLORE_SELECT mode=SEARCH | reason=semantic_explore_idle_wait | search_mode=visual_handoff | cmd=stop | front=3.14m
[INFO] [1783540225.711732437] [shared_nav_semantic_explore]: [NAV] step=1029 mode=SEARCH fsm=SEARCH phase=EXPLORE_SELECT mode=SEARCH | reason=semantic_explore_idle_wait | search_mode=visual_handoff | cmd=stop | front=3.13m
[INFO] [1783540225.806725038] [shared_nav_semantic_explore]: [NAV] step=1030 mode=SEARCH fsm=SEARCH phase=EXPLORE_SELECT mode=SEARCH | reason=semantic_explore_idle_wait | search_mode=visual_handoff | cmd=stop | front=3.14m
[INFO] [1783540225.907837923] [shared_nav_semantic_explore]: [NAV] step=1031 mode=SEARCH fsm=SEARCH phase=EXPLORE_SELECT mode=SEARCH | reason=semantic_explore_idle_wait | search_mode=visual_handoff | cmd=stop | front=3.14m
[INFO] [1783540226.015320551] [shared_nav_semantic_explore]: [NAV] step=1032 mode=SEARCH fsm=SEARCH phase=EXPLORE_SELECT mode=SEARCH | reason=semantic_explore_idle_wait | search_mode=visual_handoff | cmd=stop | front=3.25m
[INFO] [1783540226.108807904] [shared_nav_semantic_explore]: [NAV] step=1033 mode=SEARCH fsm=SEARCH phase=EXPLORE_SELECT mode=SEARCH | reason=semantic_explore_idle_wait | search_mode=visual_handoff | cmd=stop | front=3.04m
[INFO] [1783540226.220322611] [shared_nav_semantic_explore]: [NAV] step=1034 mode=SEARCH fsm=SEARCH phase=EXPLORE_SELECT mode=SEARCH | reason=semantic_explore_idle_wait | search_mode=visual_handoff | cmd=stop | front=2.62m
[INFO] [1783540226.315453878] [shared_nav_semantic_explore]: [NAV] step=1035 mode=SEARCH fsm=SEARCH phase=EXPLORE_SELECT mode=SEARCH | reason=semantic_explore_idle_wait | search_mode=visual_handoff | cmd=stop | front=2.34m
[INFO] [1783540226.420643551] [shared_nav_semantic_explore]: [NAV] step=1036 mode=SEARCH fsm=SEARCH phase=EXPLORE_SELECT mode=SEARCH | reason=semantic_explore_idle_wait | search_mode=visual_handoff | cmd=stop | front=2.26m
[INFO] [1783540226.540722540] [shared_nav_semantic_explore]: [NAV] step=1037 mode=SEARCH fsm=SEARCH phase=EXPLORE_SELECT mode=SEARCH | reason=semantic_explore_idle_wait | search_mode=visual_handoff | cmd=stop | front=2.26m
[INFO] [1783540226.610379461] [shared_nav_semantic_explore]: [NAV] step=1038 mode=SEARCH fsm=SEARCH phase=EXPLORE_SELECT mode=SEARCH | reason=semantic_explore_idle_wait | search_mode=visual_handoff | cmd=stop
[INFO] [1783540226.746417849] [shared_nav_semantic_explore]: [NAV] step=1039 mode=SEARCH fsm=SEARCH phase=EXPLORE_SELECT mode=SEARCH | reason=semantic_explore_idle_wait | search_mode=visual_handoff | cmd=stop | front=2.19m
[INFO] [1783540226.836701705] [shared_nav_semantic_explore]: [NAV] step=1040 mode=SEARCH fsm=SEARCH phase=EXPLORE_SELECT mode=SEARCH | reason=semantic_explore_idle_wait | search_mode=visual_handoff | cmd=stop | front=2.19m
[INFO] [1783540226.920666068] [shared_nav_semantic_explore]: [NAV] step=1041 mode=SEARCH fsm=SEARCH phase=EXPLORE_SELECT mode=SEARCH | reason=semantic_explore_idle_wait | search_mode=visual_handoff | cmd=stop | front=2.19m
[INFO] [1783540227.016188793] [shared_nav_semantic_explore]: [NAV] step=1042 mode=SEARCH fsm=SEARCH phase=EXPLORE_SELECT mode=SEARCH | reason=semantic_explore_idle_wait | search_mode=visual_handoff | cmd=stop | front=2.17m
[INFO] [1783540227.113669558] [shared_nav_semantic_explore]: [NAV] step=1043 mode=SEARCH fsm=SEARCH phase=EXPLORE_SELECT mode=SEARCH | reason=semantic_explore_idle_wait | search_mode=visual_handoff | cmd=stop | front=2.26m
[INFO] [1783540227.209371575] [shared_nav_semantic_explore]: [NAV] step=1044 mode=SEARCH fsm=SEARCH phase=EXPLORE_SELECT mode=SEARCH | reason=semantic_explore_idle_wait | search_mode=visual_handoff | cmd=stop | front=2.26m
[INFO] [1783540227.316681120] [shared_nav_semantic_explore]: [NAV] step=1045 mode=SEARCH fsm=SEARCH phase=EXPLORE_SELECT mode=SEARCH | reason=semantic_explore_idle_wait | search_mode=visual_handoff | cmd=stop | front=2.25m
[INFO] [1783540227.405155228] [shared_nav_semantic_explore]: [NAV] step=1046 mode=SEARCH fsm=SEARCH phase=EXPLORE_SELECT mode=SEARCH | reason=semantic_explore_idle_wait | search_mode=visual_handoff | cmd=stop | front=2.26m
[INFO] [1783540227.515802312] [shared_nav_semantic_explore]: [NAV] step=1047 mode=SEARCH fsm=SEARCH phase=EXPLORE_SELECT mode=SEARCH | reason=semantic_explore_idle_wait | search_mode=visual_handoff | cmd=stop | front=2.30m
[INFO] [1783540227.615130324] [shared_nav_semantic_explore]: [NAV] step=1048 mode=SEARCH fsm=SEARCH phase=EXPLORE_SELECT mode=SEARCH | reason=semantic_explore_idle_wait | search_mode=visual_handoff | cmd=stop | front=2.24m
[INFO] [1783540227.707086012] [shared_nav_semantic_explore]: [NAV] step=1049 mode=SEARCH fsm=SEARCH phase=EXPLORE_SELECT mode=SEARCH | reason=semantic_explore_idle_wait | search_mode=visual_handoff | cmd=stop | front=2.23m
[INFO] [1783540227.832282370] [shared_nav_semantic_explore]: [NAV] step=1050 mode=SEARCH fsm=SEARCH phase=EXPLORE_SELECT mode=SEARCH | reason=semantic_explore_idle_wait | search_mode=visual_handoff | cmd=stop | front=2.18m
[INFO] [1783540227.928717928] [shared_nav_semantic_explore]: [NAV] step=1051 mode=SEARCH fsm=SEARCH phase=EXPLORE_SELECT mode=SEARCH | reason=semantic_explore_idle_wait | search_mode=visual_handoff | cmd=stop | front=2.23m
[INFO] [1783540228.031430103] [shared_nav_semantic_explore]: [NAV] step=1052 mode=SEARCH fsm=SEARCH phase=EXPLORE_SELECT mode=SEARCH | reason=semantic_explore_idle_wait | search_mode=visual_handoff | cmd=stop | front=2.19m
[INFO] [1783540228.107945350] [shared_nav_semantic_explore]: [NAV] step=1053 mode=SEARCH fsm=SEARCH phase=EXPLORE_SELECT mode=SEARCH | reason=semantic_explore_idle_wait | search_mode=visual_handoff | cmd=stop | front=2.18m
[INFO] [1783540228.215880270] [shared_nav_semantic_explore]: [NAV] step=1054 mode=SEARCH fsm=SEARCH phase=EXPLORE_SELECT mode=SEARCH | reason=semantic_explore_idle_wait | search_mode=visual_handoff | cmd=stop | front=2.19m
[INFO] [1783540228.320354569] [shared_nav_semantic_explore]: [NAV] step=1055 mode=SEARCH fsm=SEARCH phase=EXPLORE_SELECT mode=SEARCH | reason=semantic_explore_idle_wait | search_mode=visual_handoff | cmd=stop | front=2.30m
[INFO] [1783540228.424830409] [shared_nav_semantic_explore]: [NAV] step=1056 mode=SEARCH fsm=SEARCH phase=EXPLORE_SELECT mode=SEARCH | reason=semantic_explore_idle_wait | search_mode=visual_handoff | cmd=stop | front=2.24m
[INFO] [1783540228.509435855] [shared_nav_semantic_explore]: [NAV] step=1057 mode=SEARCH fsm=SEARCH phase=EXPLORE_SELECT mode=SEARCH | reason=semantic_explore_idle_wait | search_mode=visual_handoff | cmd=stop | front=2.25m
[INFO] [1783540228.631990508] [shared_nav_semantic_explore]: [NAV] step=1058 mode=SEARCH fsm=SEARCH phase=EXPLORE_SELECT mode=SEARCH | reason=semantic_explore_idle_wait | search_mode=visual_handoff | cmd=stop | front=2.18m
[INFO] [1783540228.718130286] [shared_nav_semantic_explore]: [NAV] step=1059 mode=SEARCH fsm=SEARCH phase=EXPLORE_SELECT mode=SEARCH | reason=semantic_explore_idle_wait | search_mode=visual_handoff | cmd=stop | front=2.23m
[INFO] [1783540228.806249686] [shared_nav_semantic_explore]: [NAV] step=1060 mode=SEARCH fsm=SEARCH phase=EXPLORE_SELECT mode=SEARCH | reason=semantic_explore_idle_wait | search_mode=visual_handoff | cmd=stop | front=2.28m
[INFO] [1783540228.906825239] [shared_nav_semantic_explore]: [NAV] step=1061 mode=SEARCH fsm=SEARCH phase=EXPLORE_SELECT mode=SEARCH | reason=semantic_explore_idle_wait | search_mode=visual_handoff | cmd=stop | front=2.23m
[INFO] [1783540229.011060746] [shared_nav_semantic_explore]: [NAV] step=1062 mode=SEARCH fsm=SEARCH phase=EXPLORE_SELECT mode=SEARCH | reason=semantic_explore_idle_wait | search_mode=visual_handoff | cmd=stop | front=2.26m
[INFO] [1783540229.107816804] [shared_nav_semantic_explore]: [NAV] step=1063 mode=SEARCH fsm=SEARCH phase=EXPLORE_SELECT mode=SEARCH | reason=semantic_explore_idle_wait | search_mode=visual_handoff | cmd=stop | front=2.26m
[INFO] [1783540229.209791814] [shared_nav_semantic_explore]: [NAV] step=1064 mode=SEARCH fsm=SEARCH phase=EXPLORE_SELECT mode=SEARCH | reason=semantic_explore_idle_wait | search_mode=visual_handoff | cmd=stop | front=2.18m
[INFO] [1783540229.318258233] [shared_nav_semantic_explore]: [NAV] step=1065 mode=SEARCH fsm=SEARCH phase=EXPLORE_SELECT mode=SEARCH | reason=semantic_explore_idle_wait | search_mode=visual_handoff | cmd=stop | front=2.18m
[INFO] [1783540229.428609150] [shared_nav_semantic_explore]: [NAV] step=1066 mode=SEARCH fsm=SEARCH phase=EXPLORE_SELECT mode=SEARCH | reason=semantic_explore_idle_wait | search_mode=visual_handoff | cmd=stop | front=2.25m
[INFO] [1783540229.521491712] [shared_nav_semantic_explore]: [NAV] step=1067 mode=SEARCH fsm=SEARCH phase=EXPLORE_SELECT mode=SEARCH | reason=semantic_explore_idle_wait | search_mode=visual_handoff | cmd=stop | front=2.23m
[INFO] [1783540229.626085552] [shared_nav_semantic_explore]: [NAV] step=1068 mode=SEARCH fsm=SEARCH phase=EXPLORE_SELECT mode=SEARCH | reason=semantic_explore_idle_wait | search_mode=visual_handoff | cmd=stop | front=2.14m
[INFO] [1783540229.714773994] [shared_nav_semantic_explore]: [NAV] step=1069 mode=SEARCH fsm=SEARCH phase=EXPLORE_SELECT mode=SEARCH | reason=semantic_explore_idle_wait | search_mode=visual_handoff | cmd=stop | front=2.16m
[INFO] [1783540229.822717372] [shared_nav_semantic_explore]: [NAV] step=1070 mode=SEARCH fsm=SEARCH phase=EXPLORE_SELECT mode=SEARCH | reason=semantic_explore_idle_wait | search_mode=visual_handoff | cmd=stop | front=2.10m
[INFO] [1783540229.918034264] [shared_nav_semantic_explore]: [NAV] step=1071 mode=SEARCH fsm=SEARCH phase=EXPLORE_SELECT mode=SEARCH | reason=semantic_explore_idle_wait | search_mode=visual_handoff | cmd=stop | front=2.13m
[INFO] [1783540230.019367441] [shared_nav_semantic_explore]: [NAV] step=1072 mode=SEARCH fsm=SEARCH phase=EXPLORE_SELECT mode=SEARCH | reason=semantic_explore_idle_wait | search_mode=visual_handoff | cmd=stop | front=2.09m
[INFO] [1783540230.128303443] [shared_nav_semantic_explore]: [NAV] step=1073 mode=SEARCH fsm=SEARCH phase=EXPLORE_SELECT mode=SEARCH | reason=semantic_explore_idle_wait | search_mode=visual_handoff | cmd=stop | front=2.05m
[INFO] [1783540230.231088536] [shared_nav_semantic_explore]: [NAV] step=1074 mode=SEARCH fsm=SEARCH phase=EXPLORE_SELECT mode=SEARCH | reason=semantic_explore_idle_wait | search_mode=visual_handoff | cmd=stop | front=2.03m
[INFO] [1783540230.309802197] [shared_nav_semantic_explore]: [NAV] step=1075 mode=SEARCH fsm=SEARCH phase=EXPLORE_SELECT mode=SEARCH | reason=semantic_explore_idle_wait | search_mode=visual_handoff | cmd=stop | front=2.00m
[INFO] [1783540230.412483456] [shared_nav_semantic_explore]: [NAV] step=1076 mode=SEARCH fsm=SEARCH phase=EXPLORE_SELECT mode=SEARCH | reason=semantic_explore_idle_wait | search_mode=visual_handoff | cmd=stop | front=2.01m
[INFO] [1783540230.520782959] [shared_nav_semantic_explore]: [NAV] step=1077 mode=SEARCH fsm=SEARCH phase=EXPLORE_SELECT mode=SEARCH | reason=semantic_explore_idle_wait | search_mode=visual_handoff | cmd=stop | front=2.05m
[INFO] [1783540230.607064695] [shared_nav_semantic_explore]: [NAV] step=1078 mode=SEARCH fsm=SEARCH phase=EXPLORE_SELECT mode=SEARCH | reason=semantic_explore_idle_wait | search_mode=visual_handoff | cmd=stop | front=2.01m
[INFO] [1783540230.719686318] [shared_nav_semantic_explore]: [NAV] step=1079 mode=SEARCH fsm=SEARCH phase=EXPLORE_SELECT mode=SEARCH | reason=semantic_explore_idle_wait | search_mode=visual_handoff | cmd=stop | front=2.00m
[INFO] [1783540230.810770882] [shared_nav_semantic_explore]: [NAV] step=1080 mode=SEARCH fsm=SEARCH phase=EXPLORE_SELECT mode=SEARCH | reason=semantic_explore_idle_wait | search_mode=visual_handoff | cmd=stop | front=1.96m
[INFO] [1783540230.928920999] [shared_nav_semantic_explore]: [NAV] step=1081 mode=SEARCH fsm=SEARCH phase=EXPLORE_SELECT mode=SEARCH | reason=semantic_explore_idle_wait | search_mode=visual_handoff | cmd=stop | front=1.99m
[INFO] [1783540231.012046447] [shared_nav_semantic_explore]: [NAV] step=1082 mode=SEARCH fsm=SEARCH phase=EXPLORE_SELECT mode=SEARCH | reason=semantic_explore_idle_wait | search_mode=visual_handoff | cmd=stop | front=1.96m
[INFO] [1783540231.120845866] [shared_nav_semantic_explore]: [NAV] step=1083 mode=SEARCH fsm=SEARCH phase=EXPLORE_SELECT mode=SEARCH | reason=semantic_explore_idle_wait | search_mode=visual_handoff | cmd=stop | front=1.98m
[INFO] [1783540231.231864615] [shared_nav_semantic_explore]: [NAV] step=1084 mode=SEARCH fsm=SEARCH phase=EXPLORE_SELECT mode=SEARCH | reason=semantic_explore_idle_wait | search_mode=visual_handoff | cmd=stop | front=1.90m
[INFO] [1783540231.319681308] [shared_nav_semantic_explore]: [NAV] step=1085 mode=SEARCH fsm=SEARCH phase=EXPLORE_SELECT mode=SEARCH | reason=semantic_explore_idle_wait | search_mode=visual_handoff | cmd=stop | front=1.89m
[INFO] [1783540231.416953490] [shared_nav_semantic_explore]: [NAV] step=1086 mode=SEARCH fsm=SEARCH phase=EXPLORE_SELECT mode=SEARCH | reason=semantic_explore_idle_wait | search_mode=visual_handoff | cmd=stop | front=1.97m
[INFO] [1783540231.533866567] [shared_nav_semantic_explore]: [NAV] step=1087 mode=SEARCH fsm=SEARCH phase=EXPLORE_SELECT mode=SEARCH | reason=semantic_explore_idle_wait | search_mode=visual_handoff | cmd=stop | front=1.97m
[INFO] [1783540231.650856227] [shared_nav_semantic_explore]: [NAV] step=1088 mode=SEARCH fsm=SEARCH phase=EXPLORE_SELECT mode=SEARCH | reason=semantic_explore_idle_wait | search_mode=visual_handoff | cmd=stop | front=1.88m
[INFO] [1783540231.715109279] [shared_nav_semantic_explore]: [NAV] step=1089 mode=SEARCH fsm=SEARCH phase=EXPLORE_SELECT mode=SEARCH | reason=semantic_explore_idle_wait | search_mode=visual_handoff | cmd=stop | front=1.88m
[INFO] [1783540231.813111085] [shared_nav_semantic_explore]: [NAV] step=1090 mode=SEARCH fsm=SEARCH phase=EXPLORE_SELECT mode=SEARCH | reason=semantic_explore_idle_wait | search_mode=visual_handoff | cmd=stop | front=1.82m
[INFO] [1783540231.915387803] [shared_nav_semantic_explore]: [NAV] step=1091 mode=SEARCH fsm=SEARCH phase=EXPLORE_SELECT mode=SEARCH | reason=semantic_explore_idle_wait | search_mode=visual_handoff | cmd=stop | front=1.68m
[INFO] [1783540232.077665412] [shared_nav_semantic_explore]: [NAV] step=1092 mode=SEARCH fsm=SEARCH phase=EXPLORE_SELECT mode=SEARCH | reason=semantic_explore_idle_wait | search_mode=visual_handoff | cmd=stop | front=1.61m
[INFO] [1783540232.146489251] [shared_nav_semantic_explore]: [NAV] step=1093 mode=SEARCH fsm=SEARCH phase=EXPLORE_SELECT mode=SEARCH | reason=semantic_explore_idle_wait | search_mode=visual_handoff | cmd=stop | front=1.50m
[INFO] [1783540232.212965302] [shared_nav_semantic_explore]: [NAV] step=1094 mode=SEARCH fsm=SEARCH phase=EXPLORE_SELECT mode=SEARCH | reason=semantic_explore_idle_wait | search_mode=visual_handoff | cmd=stop | front=1.49m
[INFO] [1783540232.365991463] [shared_nav_semantic_explore]: [NAV] step=1095 mode=SEARCH fsm=SEARCH phase=EXPLORE_SELECT mode=SEARCH | reason=semantic_explore_idle_wait | search_mode=visual_handoff | cmd=stop | front=1.48m
[INFO] [1783540232.421936191] [shared_nav_semantic_explore]: [NAV] step=1096 mode=SEARCH fsm=SEARCH phase=EXPLORE_SELECT mode=SEARCH | reason=semantic_explore_idle_wait | search_mode=visual_handoff | cmd=stop | front=1.46m
[INFO] [1783540232.528574113] [shared_nav_semantic_explore]: [NAV] step=1097 mode=SEARCH fsm=SEARCH phase=EXPLORE_SELECT mode=SEARCH | reason=semantic_explore_idle_wait | search_mode=visual_handoff | cmd=stop | front=1.46m
[INFO] [1783540232.610082313] [shared_nav_semantic_explore]: [NAV] step=1098 mode=SEARCH fsm=SEARCH phase=EXPLORE_SELECT mode=SEARCH | reason=semantic_explore_idle_wait | search_mode=visual_handoff | cmd=stop | front=1.44m
[INFO] [1783540232.721172271] [shared_nav_semantic_explore]: [NAV] step=1099 mode=SEARCH fsm=SEARCH phase=EXPLORE_SELECT mode=SEARCH | reason=semantic_explore_idle_wait | search_mode=visual_handoff | cmd=stop | front=1.43m
[INFO] [1783540232.828151692] [shared_nav_semantic_explore]: [NAV] step=1100 mode=SEARCH fsm=SEARCH phase=EXPLORE_SELECT mode=SEARCH | reason=semantic_explore_idle_wait | search_mode=visual_handoff | cmd=stop | front=1.41m
[INFO] [1783540232.934766364] [shared_nav_semantic_explore]: [NAV] step=1101 mode=SEARCH fsm=SEARCH phase=EXPLORE_SELECT mode=SEARCH | reason=semantic_explore_idle_wait | search_mode=visual_handoff | cmd=stop | front=1.41m
[INFO] [1783540233.010872236] [shared_nav_semantic_explore]: [NAV] step=1102 mode=SEARCH fsm=SEARCH phase=EXPLORE_SELECT mode=SEARCH | reason=semantic_explore_idle_wait | search_mode=visual_handoff | cmd=stop | front=1.42m
[INFO] [1783540233.121756862] [shared_nav_semantic_explore]: [NAV] step=1103 mode=SEARCH fsm=SEARCH phase=EXPLORE_SELECT mode=SEARCH | reason=semantic_explore_idle_wait | search_mode=visual_handoff | cmd=stop | front=1.45m
[INFO] [1783540233.215031048] [shared_nav_semantic_explore]: [NAV] step=1104 mode=SEARCH fsm=SEARCH phase=EXPLORE_SELECT mode=SEARCH | reason=semantic_explore_idle_wait | search_mode=visual_handoff | cmd=stop | front=1.48m
[INFO] [1783540233.334445206] [shared_nav_semantic_explore]: [NAV] step=1105 mode=SEARCH fsm=SEARCH phase=EXPLORE_SELECT mode=SEARCH | reason=semantic_explore_idle_wait | search_mode=visual_handoff | cmd=stop | front=1.51m
[INFO] [1783540233.482225248] [shared_nav_semantic_explore]: [NAV] step=1106 mode=SEARCH fsm=SEARCH phase=EXPLORE_SELECT mode=SEARCH | reason=semantic_explore_idle_wait | search_mode=visual_handoff | cmd=stop | front=1.53m
[INFO] [1783540233.552673960] [shared_nav_semantic_explore]: [NAV] step=1107 mode=SEARCH fsm=SEARCH phase=EXPLORE_SELECT mode=SEARCH | reason=semantic_explore_idle_wait | search_mode=visual_handoff | cmd=stop | front=1.53m
[INFO] [1783540233.646065147] [shared_nav_semantic_explore]: [NAV] step=1108 mode=SEARCH fsm=SEARCH phase=EXPLORE_SELECT mode=SEARCH | reason=semantic_explore_idle_wait | search_mode=visual_handoff | cmd=stop | front=1.52m
[INFO] [1783540233.738066835] [shared_nav_semantic_explore]: [NAV] step=1109 mode=SEARCH fsm=SEARCH phase=EXPLORE_SELECT mode=SEARCH | reason=semantic_explore_idle_wait | search_mode=visual_handoff | cmd=stop | front=1.51m
[INFO] [1783540233.840936594] [shared_nav_semantic_explore]: [NAV] step=1110 mode=SEARCH fsm=SEARCH phase=EXPLORE_SELECT mode=SEARCH | reason=semantic_explore_idle_wait | search_mode=visual_handoff | cmd=stop | front=1.48m
[INFO] [1783540233.934876822] [shared_nav_semantic_explore]: [NAV] step=1111 mode=SEARCH fsm=SEARCH phase=EXPLORE_SELECT mode=SEARCH | reason=semantic_explore_idle_wait | search_mode=visual_handoff | cmd=stop | front=1.48m
[INFO] [1783540234.024067055] [shared_nav_semantic_explore]: [NAV] step=1112 mode=SEARCH fsm=SEARCH phase=EXPLORE_SELECT mode=SEARCH | reason=semantic_explore_idle_wait | search_mode=visual_handoff | cmd=stop | front=1.44m
[INFO] [1783540234.131435018] [shared_nav_semantic_explore]: [NAV] step=1113 mode=SEARCH fsm=SEARCH phase=EXPLORE_SELECT mode=SEARCH | reason=semantic_explore_idle_wait | search_mode=visual_handoff | cmd=stop | front=1.43m
[INFO] [1783540234.222565665] [shared_nav_semantic_explore]: [NAV] step=1114 mode=SEARCH fsm=SEARCH phase=EXPLORE_SELECT mode=SEARCH | reason=semantic_explore_idle_wait | search_mode=visual_handoff | cmd=stop | front=1.43m
[INFO] [1783540234.322441053] [shared_nav_semantic_explore]: [NAV] step=1115 mode=SEARCH fsm=SEARCH phase=EXPLORE_SELECT mode=SEARCH | reason=semantic_explore_idle_wait | search_mode=visual_handoff | cmd=stop | front=1.39m
[INFO] [1783540234.431619889] [shared_nav_semantic_explore]: [NAV] step=1116 mode=SEARCH fsm=SEARCH phase=EXPLORE_SELECT mode=SEARCH | reason=semantic_explore_idle_wait | search_mode=visual_handoff | cmd=stop | front=1.38m
[INFO] [1783540234.509861551] [shared_nav_semantic_explore]: [NAV] step=1117 mode=SEARCH fsm=SEARCH phase=EXPLORE_SELECT mode=SEARCH | reason=semantic_explore_idle_wait | search_mode=visual_handoff | cmd=stop | front=1.38m
[INFO] [1783540234.617384846] [shared_nav_semantic_explore]: [NAV] step=1118 mode=SEARCH fsm=SEARCH phase=EXPLORE_SELECT mode=SEARCH | reason=semantic_explore_idle_wait | search_mode=visual_handoff | cmd=stop | front=1.37m
[INFO] [1783540234.722078562] [shared_nav_semantic_explore]: [NAV] step=1119 mode=SEARCH fsm=SEARCH phase=EXPLORE_SELECT mode=SEARCH | reason=semantic_explore_idle_wait | search_mode=visual_handoff | cmd=stop | front=1.38m
[INFO] [1783540234.811386753] [shared_nav_semantic_explore]: [NAV] step=1120 mode=SEARCH fsm=SEARCH phase=EXPLORE_SELECT mode=SEARCH | reason=semantic_explore_idle_wait | search_mode=visual_handoff | cmd=stop | front=1.38m
[INFO] [1783540234.910210726] [shared_nav_semantic_explore]: [NAV] step=1121 mode=SEARCH fsm=SEARCH phase=EXPLORE_SELECT mode=SEARCH | reason=semantic_explore_idle_wait | search_mode=visual_handoff | cmd=stop | front=1.38m
[INFO] [1783540235.007319242] [shared_nav_semantic_explore]: [NAV] step=1122 mode=SEARCH fsm=SEARCH phase=EXPLORE_SELECT mode=SEARCH | reason=semantic_explore_idle_wait | search_mode=visual_handoff | cmd=stop | front=1.38m
[INFO] [1783540235.107874087] [shared_nav_semantic_explore]: [NAV] step=1123 mode=SEARCH fsm=SEARCH phase=EXPLORE_SELECT mode=SEARCH | reason=semantic_explore_idle_wait | search_mode=visual_handoff | cmd=stop | front=1.38m
[INFO] [1783540235.208244558] [shared_nav_semantic_explore]: [NAV] step=1124 mode=SEARCH fsm=SEARCH phase=EXPLORE_SELECT mode=SEARCH | reason=semantic_explore_idle_wait | search_mode=visual_handoff | cmd=stop | front=1.42m
[INFO] [1783540235.330752378] [shared_nav_semantic_explore]: [NAV] step=1125 mode=SEARCH fsm=SEARCH phase=EXPLORE_SELECT mode=SEARCH | reason=semantic_explore_idle_wait | search_mode=visual_handoff | cmd=stop | front=1.43m
[INFO] [1783540235.430077183] [shared_nav_semantic_explore]: [NAV] step=1126 mode=SEARCH fsm=SEARCH phase=EXPLORE_SELECT mode=SEARCH | reason=semantic_explore_idle_wait | search_mode=visual_handoff | cmd=stop | front=1.40m
[INFO] [1783540235.519081500] [shared_nav_semantic_explore]: [NAV] step=1127 mode=SEARCH fsm=SEARCH phase=EXPLORE_SELECT mode=SEARCH | reason=semantic_explore_idle_wait | search_mode=visual_handoff | cmd=stop | front=1.39m
[INFO] [1783540235.659939175] [shared_nav_semantic_explore]: [NAV] step=1128 mode=SEARCH fsm=SEARCH phase=EXPLORE_SELECT mode=SEARCH | reason=semantic_explore_idle_wait | search_mode=visual_handoff | cmd=stop | front=1.39m
[INFO] [1783540235.729502306] [shared_nav_semantic_explore]: [NAV] step=1129 mode=SEARCH fsm=SEARCH phase=EXPLORE_SELECT mode=SEARCH | reason=semantic_explore_idle_wait | search_mode=visual_handoff | cmd=stop | front=1.39m
[INFO] [1783540235.834844229] [shared_nav_semantic_explore]: [NAV] step=1130 mode=SEARCH fsm=SEARCH phase=EXPLORE_SELECT mode=SEARCH | reason=semantic_explore_idle_wait | search_mode=visual_handoff | cmd=stop | front=1.44m
[INFO] [1783540235.969424369] [shared_nav_semantic_explore]: [NAV] step=1131 mode=SEARCH fsm=SEARCH phase=EXPLORE_SELECT mode=SEARCH | reason=semantic_explore_idle_wait | search_mode=visual_handoff | cmd=stop | front=1.66m
[INFO] [1783540236.031074175] [shared_nav_semantic_explore]: [NAV] step=1132 mode=SEARCH fsm=SEARCH phase=EXPLORE_SELECT mode=SEARCH | reason=semantic_explore_idle_wait | search_mode=visual_handoff | cmd=stop | front=1.81m
[INFO] [1783540236.139888928] [shared_nav_semantic_explore]: [NAV] step=1133 mode=SEARCH fsm=SEARCH phase=EXPLORE_SELECT mode=SEARCH | reason=semantic_explore_idle_wait | search_mode=visual_handoff | cmd=stop | front=2.00m
[INFO] [1783540236.236217112] [shared_nav_semantic_explore]: [NAV] step=1134 mode=SEARCH fsm=SEARCH phase=EXPLORE_SELECT mode=SEARCH | reason=semantic_explore_idle_wait | search_mode=visual_handoff | cmd=stop | front=2.00m
[INFO] [1783540236.357220893] [shared_nav_semantic_explore]: [NAV] step=1135 mode=SEARCH fsm=SEARCH phase=EXPLORE_SELECT mode=SEARCH | reason=semantic_explore_idle_wait | search_mode=visual_handoff | cmd=stop | front=2.29m
[INFO] [1783540236.446461584] [shared_nav_semantic_explore]: [NAV] step=1136 mode=SEARCH fsm=SEARCH phase=EXPLORE_SELECT mode=SEARCH | reason=semantic_explore_idle_wait | search_mode=visual_handoff | cmd=stop | front=2.30m
[INFO] [1783540236.529027117] [shared_nav_semantic_explore]: [NAV] step=1137 mode=SEARCH fsm=SEARCH phase=EXPLORE_SELECT mode=SEARCH | reason=semantic_explore_idle_wait | search_mode=visual_handoff | cmd=stop | front=2.29m
[INFO] [1783540236.607627278] [shared_nav_semantic_explore]: [NAV] step=1138 mode=SEARCH fsm=SEARCH phase=EXPLORE_SELECT mode=SEARCH | reason=semantic_explore_idle_wait | search_mode=visual_handoff | cmd=stop | front=2.27m
[INFO] [1783540236.708501998] [shared_nav_semantic_explore]: [NAV] step=1139 mode=SEARCH fsm=SEARCH phase=EXPLORE_SELECT mode=SEARCH | reason=semantic_explore_idle_wait | search_mode=visual_handoff | cmd=stop | front=2.38m
[INFO] [1783540236.808758386] [shared_nav_semantic_explore]: [NAV] step=1140 mode=SEARCH fsm=SEARCH phase=EXPLORE_SELECT mode=SEARCH | reason=semantic_explore_idle_wait | search_mode=visual_handoff | cmd=stop | front=2.38m
[INFO] [1783540236.918818304] [shared_nav_semantic_explore]: [NAV] step=1141 mode=SEARCH fsm=SEARCH phase=EXPLORE_SELECT mode=SEARCH | reason=semantic_explore_idle_wait | search_mode=visual_handoff | cmd=stop | front=2.29m
[INFO] [1783540237.008207204] [shared_nav_semantic_explore]: [NAV] step=1142 mode=SEARCH fsm=SEARCH phase=EXPLORE_SELECT mode=SEARCH | reason=semantic_explore_idle_wait | search_mode=visual_handoff | cmd=stop | front=2.44m
[INFO] [1783540237.155324122] [shared_nav_semantic_explore]: [NAV] step=1143 mode=SEARCH fsm=SEARCH phase=EXPLORE_SELECT mode=SEARCH | reason=semantic_explore_idle_wait | search_mode=visual_handoff | cmd=stop | front=2.43m
[INFO] [1783540237.210036394] [shared_nav_semantic_explore]: [NAV] step=1144 mode=SEARCH fsm=SEARCH phase=EXPLORE_SELECT mode=SEARCH | reason=semantic_explore_idle_wait | search_mode=visual_handoff | cmd=stop | front=2.43m
[INFO] [1783540237.314712944] [shared_nav_semantic_explore]: [NAV] step=1145 mode=SEARCH fsm=SEARCH phase=EXPLORE_SELECT mode=SEARCH | reason=semantic_explore_idle_wait | search_mode=visual_handoff | cmd=stop | front=2.45m
[INFO] [1783540237.445996963] [shared_nav_semantic_explore]: [NAV] step=1146 mode=SEARCH fsm=SEARCH phase=EXPLORE_SELECT mode=SEARCH | reason=semantic_explore_idle_wait | search_mode=visual_handoff | cmd=stop | front=2.46m
[INFO] [1783540237.511645765] [shared_nav_semantic_explore]: [NAV] step=1147 mode=SEARCH fsm=SEARCH phase=EXPLORE_SELECT mode=SEARCH | reason=semantic_explore_idle_wait | search_mode=visual_handoff | cmd=stop | front=2.37m
[INFO] [1783540237.616549980] [shared_nav_semantic_explore]: [NAV] step=1148 mode=SEARCH fsm=SEARCH phase=EXPLORE_SELECT mode=SEARCH | reason=semantic_explore_idle_wait | search_mode=visual_handoff | cmd=stop | front=2.38m
[INFO] [1783540237.749350915] [shared_nav_semantic_explore]: [NAV] step=1149 mode=SEARCH fsm=SEARCH phase=EXPLORE_SELECT mode=SEARCH | reason=semantic_explore_idle_wait | search_mode=visual_handoff | cmd=stop | front=2.31m
[INFO] [1783540237.819777002] [shared_nav_semantic_explore]: [NAV] step=1150 mode=SEARCH fsm=SEARCH phase=EXPLORE_SELECT mode=SEARCH | reason=semantic_explore_idle_wait | search_mode=visual_handoff | cmd=stop | front=2.48m
[INFO] [1783540237.915398145] [shared_nav_semantic_explore]: [NAV] step=1151 mode=SEARCH fsm=SEARCH phase=EXPLORE_SELECT mode=SEARCH | reason=semantic_explore_idle_wait | search_mode=visual_handoff | cmd=stop | front=2.34m
[INFO] [1783540238.015227575] [shared_nav_semantic_explore]: [NAV] step=1152 mode=SEARCH fsm=SEARCH phase=EXPLORE_SELECT mode=SEARCH | reason=semantic_explore_idle_wait | search_mode=visual_handoff | cmd=stop | front=2.34m
[INFO] [1783540238.120066791] [shared_nav_semantic_explore]: [NAV] step=1153 mode=SEARCH fsm=SEARCH phase=EXPLORE_SELECT mode=SEARCH | reason=semantic_explore_idle_wait | search_mode=visual_handoff | cmd=stop | front=2.31m
[INFO] [1783540238.221318428] [shared_nav_semantic_explore]: [NAV] step=1154 mode=SEARCH fsm=SEARCH phase=EXPLORE_SELECT mode=SEARCH | reason=semantic_explore_idle_wait | search_mode=visual_handoff | cmd=stop | front=2.36m
[INFO] [1783540238.312868450] [shared_nav_semantic_explore]: [NAV] step=1155 mode=SEARCH fsm=SEARCH phase=EXPLORE_SELECT mode=SEARCH | reason=semantic_explore_idle_wait | search_mode=visual_handoff | cmd=stop | front=2.36m
[INFO] [1783540238.415467335] [shared_nav_semantic_explore]: [NAV] step=1156 mode=SEARCH fsm=SEARCH phase=EXPLORE_SELECT mode=SEARCH | reason=semantic_explore_idle_wait | search_mode=visual_handoff | cmd=stop | front=2.30m
[INFO] [1783540238.514271891] [shared_nav_semantic_explore]: [NAV] step=1157 mode=SEARCH fsm=SEARCH phase=EXPLORE_SELECT mode=SEARCH | reason=semantic_explore_idle_wait | search_mode=visual_handoff | cmd=stop | front=2.36m
[INFO] [1783540238.611311324] [shared_nav_semantic_explore]: [NAV] step=1158 mode=SEARCH fsm=SEARCH phase=EXPLORE_SELECT mode=SEARCH | reason=semantic_explore_idle_wait | search_mode=visual_handoff | cmd=stop | front=2.36m
[INFO] [1783540238.707580550] [shared_nav_semantic_explore]: [NAV] step=1159 mode=SEARCH fsm=SEARCH phase=EXPLORE_SELECT mode=SEARCH | reason=semantic_explore_idle_wait | search_mode=visual_handoff | cmd=stop | front=2.37m
[INFO] [1783540238.808236437] [shared_nav_semantic_explore]: [NAV] step=1160 mode=SEARCH fsm=SEARCH phase=EXPLORE_SELECT mode=SEARCH | reason=semantic_explore_idle_wait | search_mode=visual_handoff | cmd=stop | front=2.39m
[INFO] [1783540238.934784754] [shared_nav_semantic_explore]: [NAV] step=1161 mode=SEARCH fsm=SEARCH phase=EXPLORE_SELECT mode=SEARCH | reason=semantic_explore_idle_wait | search_mode=visual_handoff | cmd=stop
[INFO] [1783540239.037247639] [shared_nav_semantic_explore]: [NAV] step=1162 mode=SEARCH fsm=SEARCH phase=EXPLORE_SELECT mode=SEARCH | reason=semantic_explore_idle_wait | search_mode=visual_handoff | cmd=stop | front=2.28m
[INFO] [1783540239.192686173] [shared_nav_semantic_explore]: [NAV] step=1163 mode=SEARCH fsm=SEARCH phase=EXPLORE_SELECT mode=SEARCH | reason=semantic_explore_idle_wait | search_mode=visual_handoff | cmd=stop | front=2.26m
[INFO] [1783540239.259064766] [shared_nav_semantic_explore]: [NAV] step=1164 mode=SEARCH fsm=SEARCH phase=EXPLORE_SELECT mode=SEARCH | reason=semantic_explore_idle_wait | search_mode=visual_handoff | cmd=stop | front=2.21m
[INFO] [1783540239.321534321] [shared_nav_semantic_explore]: [NAV] step=1165 mode=SEARCH fsm=SEARCH phase=EXPLORE_SELECT mode=SEARCH | reason=semantic_explore_idle_wait | search_mode=visual_handoff | cmd=stop | front=2.27m
[INFO] [1783540239.408942765] [shared_nav_semantic_explore]: [NAV] step=1166 mode=SEARCH fsm=SEARCH phase=EXPLORE_SELECT mode=SEARCH | reason=semantic_explore_idle_wait | search_mode=visual_handoff | cmd=stop | front=2.28m
[INFO] [1783540239.538102828] [shared_nav_semantic_explore]: [NAV] step=1167 mode=SEARCH fsm=SEARCH phase=EXPLORE_SELECT mode=SEARCH | reason=semantic_explore_idle_wait | search_mode=visual_handoff | cmd=stop | front=2.28m
[INFO] [1783540239.708582429] [shared_nav_semantic_explore]: [NAV] step=1168 mode=SEARCH fsm=SEARCH phase=EXPLORE_SELECT mode=SEARCH | reason=semantic_explore_idle_wait | search_mode=visual_handoff | cmd=stop | front=2.16m
[INFO] [1783540239.803498823] [shared_nav_semantic_explore]: [NAV] step=1169 mode=SEARCH fsm=SEARCH phase=EXPLORE_SELECT mode=SEARCH | reason=semantic_explore_idle_wait | search_mode=visual_handoff | cmd=stop | front=2.13m
[INFO] [1783540239.845591651] [shared_nav_semantic_explore]: [NAV] step=1170 mode=SEARCH fsm=SEARCH phase=EXPLORE_SELECT mode=SEARCH | reason=semantic_explore_idle_wait | search_mode=visual_handoff | cmd=stop | front=2.16m
[INFO] [1783540239.940135837] [shared_nav_semantic_explore]: [NAV] step=1171 mode=SEARCH fsm=SEARCH phase=EXPLORE_SELECT mode=SEARCH | reason=semantic_explore_idle_wait | search_mode=visual_handoff | cmd=stop | front=2.15m
[INFO] [1783540240.044377095] [shared_nav_semantic_explore]: [NAV] step=1172 mode=SEARCH fsm=SEARCH phase=EXPLORE_SELECT mode=SEARCH | reason=semantic_explore_idle_wait | search_mode=visual_handoff | cmd=stop | front=2.12m
[INFO] [1783540240.139398989] [shared_nav_semantic_explore]: [NAV] step=1173 mode=SEARCH fsm=SEARCH phase=EXPLORE_SELECT mode=SEARCH | reason=semantic_explore_idle_wait | search_mode=visual_handoff | cmd=stop | front=2.07m
[INFO] [1783540240.269119594] [shared_nav_semantic_explore]: [NAV] step=1174 mode=SEARCH fsm=SEARCH phase=EXPLORE_SELECT mode=SEARCH | reason=semantic_explore_idle_wait | search_mode=visual_handoff | cmd=stop | front=2.07m
[INFO] [1783540240.348961880] [shared_nav_semantic_explore]: [NAV] step=1175 mode=SEARCH fsm=SEARCH phase=EXPLORE_SELECT mode=SEARCH | reason=semantic_explore_idle_wait | search_mode=visual_handoff | cmd=stop | front=2.14m
[INFO] [1783540240.429100832] [shared_nav_semantic_explore]: [NAV] step=1176 mode=SEARCH fsm=SEARCH phase=EXPLORE_ALIGN mode=SEARCH | reason=semantic_explore_align | explore_phase=EXPLORE_ALIGN | search_mode=visual_handoff | cmd=wz=+0.050 | front=2.03m
[INFO] [1783540240.528858512] [shared_nav_semantic_explore]: [NAV] step=1177 mode=SEARCH fsm=SEARCH phase=EXPLORE_ALIGN mode=SEARCH | reason=semantic_explore_align | explore_phase=EXPLORE_ALIGN | search_mode=visual_handoff | cmd=wz=+0.050 | front=2.09m
[INFO] [1783540240.622288491] [shared_nav_semantic_explore]: [NAV] step=1178 mode=SEARCH fsm=SEARCH phase=EXPLORE_ALIGN mode=SEARCH | reason=semantic_explore_align | explore_phase=EXPLORE_ALIGN | search_mode=visual_handoff | cmd=wz=+0.050 | front=1.99m
[INFO] [1783540240.712654140] [shared_nav_semantic_explore]: [NAV] step=1179 mode=SEARCH fsm=SEARCH phase=EXPLORE_ALIGN mode=SEARCH | reason=semantic_explore_align | explore_phase=EXPLORE_ALIGN | search_mode=visual_handoff | cmd=wz=+0.050 | front=1.96m
[INFO] [1783540240.810734197] [shared_nav_semantic_explore]: [NAV] step=1180 mode=SEARCH fsm=SEARCH phase=EXPLORE_ALIGN mode=SEARCH | reason=semantic_explore_align | explore_phase=EXPLORE_ALIGN | search_mode=visual_handoff | cmd=wz=+0.050 | front=1.96m
[INFO] [1783540240.914176914] [shared_nav_semantic_explore]: [NAV] step=1181 mode=SEARCH fsm=SEARCH phase=EXPLORE_ALIGN mode=SEARCH | reason=semantic_explore_align | explore_phase=EXPLORE_ALIGN | search_mode=visual_handoff | cmd=wz=+0.050 | front=2.02m
[INFO] [1783540241.010743640] [shared_nav_semantic_explore]: [NAV] step=1182 mode=SEARCH fsm=SEARCH phase=EXPLORE_ALIGN mode=SEARCH | reason=semantic_explore_align | explore_phase=EXPLORE_ALIGN | search_mode=visual_handoff | cmd=wz=+0.050 | front=2.17m
[INFO] [1783540241.109916071] [shared_nav_semantic_explore]: [NAV] step=1183 mode=SEARCH fsm=SEARCH phase=EXPLORE_ALIGN mode=SEARCH | reason=semantic_explore_align | explore_phase=EXPLORE_ALIGN | search_mode=visual_handoff | cmd=wz=+0.050 | front=2.38m
[INFO] [1783540241.210361292] [shared_nav_semantic_explore]: [NAV] step=1184 mode=SEARCH fsm=SEARCH phase=EXPLORE_ALIGN mode=SEARCH | reason=semantic_explore_align | explore_phase=EXPLORE_ALIGN | search_mode=visual_handoff | cmd=wz=+0.050
[INFO] [1783540241.312885719] [shared_nav_semantic_explore]: [NAV] step=1185 mode=SEARCH fsm=SEARCH phase=EXPLORE_ALIGN mode=SEARCH | reason=semantic_explore_align | explore_phase=EXPLORE_ALIGN | search_mode=visual_handoff | cmd=wz=+0.050
[INFO] [1783540241.429082214] [shared_nav_semantic_explore]: [NAV] step=1186 mode=SEARCH fsm=SEARCH phase=EXPLORE_ALIGN mode=SEARCH | reason=semantic_explore_align | explore_phase=EXPLORE_ALIGN | search_mode=visual_handoff | cmd=wz=+0.050 | front=2.66m
[INFO] [1783540241.515866742] [shared_nav_semantic_explore]: [NAV] step=1187 mode=SEARCH fsm=SEARCH phase=EXPLORE_ALIGN mode=SEARCH | reason=semantic_explore_align | explore_phase=EXPLORE_ALIGN | search_mode=visual_handoff | cmd=wz=+0.050 | front=2.57m
[INFO] [1783540241.613580050] [shared_nav_semantic_explore]: [NAV] step=1188 mode=SEARCH fsm=SEARCH phase=EXPLORE_ALIGN mode=SEARCH | reason=semantic_explore_align | explore_phase=EXPLORE_ALIGN | search_mode=visual_handoff | cmd=wz=+0.050 | front=2.54m
[INFO] [1783540241.728283672] [shared_nav_semantic_explore]: [NAV] step=1189 mode=SEARCH fsm=SEARCH phase=EXPLORE_ALIGN mode=SEARCH | reason=semantic_explore_align | explore_phase=EXPLORE_ALIGN | search_mode=visual_handoff | cmd=wz=+0.050 | front=2.54m
[INFO] [1783540241.822240567] [shared_nav_semantic_explore]: [NAV] step=1190 mode=SEARCH fsm=SEARCH phase=EXPLORE_ALIGN mode=SEARCH | reason=semantic_explore_align | explore_phase=EXPLORE_ALIGN | search_mode=visual_handoff | cmd=wz=+0.050 | front=2.54m
[INFO] [1783540241.927272866] [shared_nav_semantic_explore]: [NAV] step=1191 mode=SEARCH fsm=SEARCH phase=EXPLORE_ALIGN mode=SEARCH | reason=semantic_explore_align | explore_phase=EXPLORE_ALIGN | search_mode=visual_handoff | cmd=wz=+0.050 | front=2.54m
[INFO] [1783540242.049371105] [shared_nav_semantic_explore]: [NAV] step=1192 mode=SEARCH fsm=SEARCH phase=EXPLORE_ALIGN mode=SEARCH | reason=semantic_explore_align | explore_phase=EXPLORE_ALIGN | search_mode=visual_handoff | cmd=wz=+0.050 | front=1.45m
[INFO] [1783540242.142912917] [shared_nav_semantic_explore]: [NAV] step=1193 mode=SEARCH fsm=SEARCH phase=EXPLORE_ALIGN mode=SEARCH | reason=semantic_explore_align | explore_phase=EXPLORE_ALIGN | search_mode=visual_handoff | cmd=wz=+0.050 | front=2.55m
[INFO] [1783540242.222700953] [shared_nav_semantic_explore]: [NAV] step=1194 mode=SEARCH fsm=SEARCH phase=EXPLORE_ALIGN mode=SEARCH | reason=semantic_explore_align | explore_phase=EXPLORE_ALIGN | search_mode=visual_handoff | cmd=wz=+0.050 | front=2.54m
[INFO] [1783540242.328770585] [shared_nav_semantic_explore]: [NAV] step=1195 mode=SEARCH fsm=SEARCH phase=EXPLORE_ALIGN mode=SEARCH | reason=semantic_explore_align | explore_phase=EXPLORE_ALIGN | search_mode=visual_handoff | cmd=wz=+0.050 | front=2.55m
[INFO] [1783540242.418686318] [shared_nav_semantic_explore]: [NAV] step=1196 mode=SEARCH fsm=SEARCH phase=EXPLORE_ALIGN mode=SEARCH | reason=semantic_explore_align | explore_phase=EXPLORE_ALIGN | search_mode=visual_handoff | cmd=wz=+0.050 | front=2.54m
[INFO] [1783540242.531555900] [shared_nav_semantic_explore]: [NAV] step=1197 mode=SEARCH fsm=SEARCH phase=EXPLORE_ALIGN mode=SEARCH | reason=semantic_explore_align | explore_phase=EXPLORE_ALIGN | search_mode=visual_handoff | cmd=wz=+0.050
[INFO] [1783540242.650887059] [shared_nav_semantic_explore]: [NAV] step=1198 mode=SEARCH fsm=SEARCH phase=EXPLORE_ALIGN mode=SEARCH | reason=semantic_explore_align | explore_phase=EXPLORE_ALIGN | search_mode=visual_handoff | cmd=wz=+0.050
[INFO] [1783540242.767418887] [shared_nav_semantic_explore]: [NAV] step=1199 mode=SEARCH fsm=SEARCH phase=EXPLORE_ALIGN mode=SEARCH | reason=semantic_explore_align | explore_phase=EXPLORE_ALIGN | search_mode=visual_handoff | cmd=wz=+0.050 | front=2.54m
[INFO] [1783540242.851855626] [shared_nav_semantic_explore]: [NAV] step=1200 mode=SEARCH fsm=SEARCH phase=EXPLORE_ALIGN mode=SEARCH | reason=semantic_explore_align | explore_phase=EXPLORE_ALIGN | search_mode=visual_handoff | cmd=wz=+0.050 | front=2.90m
[INFO] [1783540242.920950674] [shared_nav_semantic_explore]: [NAV] step=1201 mode=SEARCH fsm=SEARCH phase=EXPLORE_ALIGN mode=SEARCH | reason=semantic_explore_align | explore_phase=EXPLORE_ALIGN | search_mode=visual_handoff | cmd=wz=+0.050 | front=1.46m
[INFO] [1783540243.015512985] [shared_nav_semantic_explore]: [NAV] step=1202 mode=SEARCH fsm=SEARCH phase=EXPLORE_ALIGN mode=SEARCH | reason=semantic_explore_align | explore_phase=EXPLORE_ALIGN | search_mode=visual_handoff | cmd=wz=+0.050 | front=2.57m
[INFO] [1783540243.118310079] [shared_nav_semantic_explore]: [NAV] step=1203 mode=SEARCH fsm=SEARCH phase=EXPLORE_ALIGN mode=SEARCH | reason=semantic_explore_align | explore_phase=EXPLORE_ALIGN | search_mode=visual_handoff | cmd=wz=+0.050 | front=2.68m
[INFO] [1783540243.207142605] [shared_nav_semantic_explore]: [NAV] step=1204 mode=SEARCH fsm=SEARCH phase=EXPLORE_ALIGN mode=SEARCH | reason=semantic_explore_align | explore_phase=EXPLORE_ALIGN | search_mode=visual_handoff | cmd=wz=+0.050 | front=1.47m
[INFO] [1783540243.311534572] [shared_nav_semantic_explore]: [NAV] step=1205 mode=SEARCH fsm=SEARCH phase=EXPLORE_ALIGN mode=SEARCH | reason=semantic_explore_align | explore_phase=EXPLORE_ALIGN | search_mode=visual_handoff | cmd=wz=+0.050 | front=2.68m
[INFO] [1783540243.410767461] [shared_nav_semantic_explore]: [NAV] step=1206 mode=SEARCH fsm=SEARCH phase=EXPLORE_ALIGN mode=SEARCH | reason=semantic_explore_align | explore_phase=EXPLORE_ALIGN | search_mode=visual_handoff | cmd=wz=+0.050 | front=1.61m
[INFO] [1783540243.508011603] [shared_nav_semantic_explore]: [NAV] step=1207 mode=SEARCH fsm=SEARCH phase=EXPLORE_ALIGN mode=SEARCH | reason=semantic_explore_align | explore_phase=EXPLORE_ALIGN | search_mode=visual_handoff | cmd=wz=+0.050 | front=1.60m
[INFO] [1783540243.612565069] [shared_nav_semantic_explore]: [NAV] step=1208 mode=SEARCH fsm=SEARCH phase=EXPLORE_ALIGN mode=SEARCH | reason=semantic_explore_align | explore_phase=EXPLORE_ALIGN | search_mode=visual_handoff | cmd=wz=+0.050 | front=1.56m
[INFO] [1783540243.724649319] [shared_nav_semantic_explore]: [NAV] step=1209 mode=SEARCH fsm=SEARCH phase=EXPLORE_ALIGN mode=SEARCH | reason=semantic_explore_align | explore_phase=EXPLORE_ALIGN | search_mode=visual_handoff | cmd=wz=+0.050 | front=1.50m
[INFO] [1783540243.816882300] [shared_nav_semantic_explore]: [NAV] step=1210 mode=SEARCH fsm=SEARCH phase=EXPLORE_ALIGN mode=SEARCH | reason=semantic_explore_align | explore_phase=EXPLORE_ALIGN | search_mode=visual_handoff | cmd=wz=+0.050 | front=1.51m
[INFO] [1783540243.977118496] [shared_nav_semantic_explore]: [NAV] step=1211 mode=SEARCH fsm=SEARCH phase=EXPLORE_ALIGN mode=SEARCH | reason=semantic_explore_align | explore_phase=EXPLORE_ALIGN | search_mode=visual_handoff | cmd=wz=+0.050 | front=1.49m
[INFO] [1783540244.047396626] [shared_nav_semantic_explore]: [NAV] step=1212 mode=SEARCH fsm=SEARCH phase=EXPLORE_ALIGN mode=SEARCH | reason=semantic_explore_align | explore_phase=EXPLORE_ALIGN | search_mode=visual_handoff | cmd=wz=+0.050 | front=1.50m
[INFO] [1783540244.114817718] [shared_nav_semantic_explore]: [NAV] step=1213 mode=SEARCH fsm=SEARCH phase=EXPLORE_ALIGN mode=SEARCH | reason=semantic_explore_align | explore_phase=EXPLORE_ALIGN | search_mode=visual_handoff | cmd=wz=+0.050 | front=1.51m
[INFO] [1783540244.221226391] [shared_nav_semantic_explore]: [NAV] step=1214 mode=SEARCH fsm=SEARCH phase=EXPLORE_ALIGN mode=SEARCH | reason=semantic_explore_align | explore_phase=EXPLORE_ALIGN | search_mode=visual_handoff | cmd=wz=+0.050 | front=1.50m
[INFO] [1783540244.354100701] [shared_nav_semantic_explore]: [NAV] step=1215 mode=SEARCH fsm=SEARCH phase=EXPLORE_ALIGN mode=SEARCH | reason=semantic_explore_align | explore_phase=EXPLORE_ALIGN | search_mode=visual_handoff | cmd=wz=+0.050 | front=1.50m
[INFO] [1783540244.418900421] [shared_nav_semantic_explore]: [NAV] step=1216 mode=SEARCH fsm=SEARCH phase=EXPLORE_ALIGN mode=SEARCH | reason=semantic_explore_align | explore_phase=EXPLORE_ALIGN | search_mode=visual_handoff | cmd=wz=+0.050 | front=1.51m
[INFO] [1783540244.566534131] [shared_nav_semantic_explore]: [NAV] step=1217 mode=SEARCH fsm=SEARCH phase=EXPLORE_ALIGN mode=SEARCH | reason=semantic_explore_align | explore_phase=EXPLORE_ALIGN | search_mode=visual_handoff | cmd=wz=+0.050 | front=1.50m
[INFO] [1783540244.659348278] [shared_nav_semantic_explore]: [NAV] step=1218 mode=SEARCH fsm=SEARCH phase=EXPLORE_ALIGN mode=SEARCH | reason=semantic_explore_align | explore_phase=EXPLORE_ALIGN | search_mode=visual_handoff | cmd=wz=+0.050 | front=1.50m
[INFO] [1783540244.782502557] [shared_nav_semantic_explore]: [NAV] step=1219 mode=SEARCH fsm=SEARCH phase=EXPLORE_ALIGN mode=SEARCH | reason=semantic_explore_align | explore_phase=EXPLORE_ALIGN | search_mode=visual_handoff | cmd=wz=+0.050 | front=1.51m
[INFO] [1783540244.847178069] [shared_nav_semantic_explore]: [NAV] step=1220 mode=SEARCH fsm=SEARCH phase=EXPLORE_ALIGN mode=SEARCH | reason=semantic_explore_align | explore_phase=EXPLORE_ALIGN | search_mode=visual_handoff | cmd=wz=+0.050 | front=1.50m
[INFO] [1783540244.912824537] [shared_nav_semantic_explore]: [NAV] step=1221 mode=SEARCH fsm=SEARCH phase=EXPLORE_ALIGN mode=SEARCH | reason=semantic_explore_align | explore_phase=EXPLORE_ALIGN | search_mode=visual_handoff | cmd=wz=+0.050 | front=1.52m
[INFO] [1783540245.008623305] [shared_nav_semantic_explore]: [NAV] step=1222 mode=SEARCH fsm=SEARCH phase=EXPLORE_ALIGN mode=SEARCH | reason=semantic_explore_align | explore_phase=EXPLORE_ALIGN | search_mode=visual_handoff | cmd=wz=+0.050 | front=1.52m
[INFO] [1783540245.113681272] [shared_nav_semantic_explore]: [NAV] step=1223 mode=SEARCH fsm=SEARCH phase=EXPLORE_STEP mode=SEARCH | reason=semantic_explore_step | explore_phase=EXPLORE_STEP | search_mode=visual_handoff | cmd=vx=+0.040 | front=1.52m
[INFO] [1783540245.209153957] [shared_nav_semantic_explore]: [NAV] step=1224 mode=SEARCH fsm=SEARCH phase=EXPLORE_STEP mode=SEARCH | reason=semantic_explore_step | explore_phase=EXPLORE_STEP | search_mode=visual_handoff | cmd=vx=+0.040 | front=1.50m
[INFO] [1783540245.315275131] [shared_nav_semantic_explore]: [NAV] step=1225 mode=SEARCH fsm=SEARCH phase=EXPLORE_STEP mode=SEARCH | reason=semantic_explore_step | explore_phase=EXPLORE_STEP | search_mode=visual_handoff | cmd=vx=+0.040 | front=1.52m
[INFO] [1783540245.415495561] [shared_nav_semantic_explore]: [NAV] step=1226 mode=CANDIDATE_LOCK fsm=CANDIDATE_LOCK phase=EXPLORE_STEP mode=CANDIDATE_LOCK | reason=semantic_explore_step | explore_phase=EXPLORE_STEP | search_mode=visual_handoff | cmd=vx=+0.040
[INFO] [1783540245.516025074] [shared_nav_semantic_explore]: [NAV] step=1227 mode=CANDIDATE_LOCK fsm=CANDIDATE_LOCK phase=EXPLORE_STEP mode=CANDIDATE_LOCK | reason=semantic_explore_step | explore_phase=EXPLORE_STEP | search_mode=visual_handoff | cmd=vx=+0.040
[INFO] [1783540245.617064378] [shared_nav_semantic_explore]: [NAV] step=1228 mode=TRACK fsm=TRACK phase=EXPLORE_STEP mode=TRACK | reason=semantic_explore_step | explore_phase=EXPLORE_STEP | search_mode=visual_handoff | cmd=vx=+0.040
[INFO] [1783540245.711902023] [shared_nav_semantic_explore]: [NAV] step=1229 mode=TRACK fsm=TRACK phase=EXPLORE_STEP mode=TRACK | reason=semantic_explore_step | explore_phase=EXPLORE_STEP | search_mode=visual_handoff | cmd=vx=+0.040
[INFO] [1783540245.821531442] [shared_nav_semantic_explore]: [NAV] step=1230 mode=TRACK fsm=TRACK phase=EXPLORE_STEP mode=TRACK | reason=semantic_explore_step | explore_phase=EXPLORE_STEP | search_mode=visual_handoff | cmd=vx=+0.040
[INFO] [1783540245.921704498] [shared_nav_semantic_explore]: [NAV] step=1231 mode=TRACK fsm=TRACK phase=EXPLORE_STEP mode=TRACK | reason=semantic_explore_step | explore_phase=EXPLORE_STEP | search_mode=visual_handoff | cmd=vx=+0.040
[INFO] [1783540246.035555537] [shared_nav_semantic_explore]: [NAV] step=1232 mode=TRACK fsm=TRACK phase=EXPLORE_ALIGN mode=TRACK | reason=semantic_explore_align | explore_phase=EXPLORE_ALIGN | search_mode=visual_handoff | cmd=wz=-0.050
[INFO] [1783540246.119312236] [shared_nav_semantic_explore]: [NAV] step=1233 mode=TRACK fsm=TRACK phase=EXPLORE_ALIGN mode=TRACK | reason=semantic_explore_align | explore_phase=EXPLORE_ALIGN | search_mode=visual_handoff | cmd=wz=-0.050 | front=2.14m
[INFO] [1783540246.218415834] [shared_nav_semantic_explore]: [NAV] step=1234 mode=TRACK fsm=TRACK phase=EXPLORE_ALIGN mode=TRACK | reason=semantic_explore_align | explore_phase=EXPLORE_ALIGN | search_mode=visual_handoff | cmd=wz=-0.050 | front=2.13m
[INFO] [1783540246.325478757] [shared_nav_semantic_explore]: [NAV] step=1235 mode=TRACK fsm=TRACK phase=EXPLORE_ALIGN mode=TRACK | reason=semantic_explore_align | explore_phase=EXPLORE_ALIGN | search_mode=visual_handoff | cmd=wz=-0.050 | front=2.13m
[INFO] [1783540246.436483383] [shared_nav_semantic_explore]: [NAV] step=1236 mode=TRACK fsm=TRACK phase=EXPLORE_ALIGN mode=TRACK | reason=semantic_explore_align | explore_phase=EXPLORE_ALIGN | search_mode=visual_handoff | cmd=wz=-0.050
[INFO] [1783540246.522994912] [shared_nav_semantic_explore]: [NAV] step=1237 mode=TRACK fsm=TRACK phase=EXPLORE_ALIGN mode=TRACK | reason=semantic_explore_align | explore_phase=EXPLORE_ALIGN | search_mode=visual_handoff | cmd=wz=-0.050
[INFO] [1783540246.616725558] [shared_nav_semantic_explore]: [NAV] step=1238 mode=TRACK fsm=TRACK phase=EXPLORE_ALIGN mode=TRACK | reason=semantic_explore_align | explore_phase=EXPLORE_ALIGN | search_mode=visual_handoff | cmd=wz=-0.050
[INFO] [1783540246.731439639] [shared_nav_semantic_explore]: [NAV] step=1239 mode=TRACK fsm=TRACK phase=EXPLORE_ALIGN mode=TRACK | reason=semantic_explore_align | explore_phase=EXPLORE_ALIGN | search_mode=visual_handoff | cmd=wz=-0.050
[INFO] [1783540246.849168633] [shared_nav_semantic_explore]: [NAV] step=1240 mode=TRACK fsm=TRACK phase=EXPLORE_ALIGN mode=TRACK | reason=semantic_explore_align | explore_phase=EXPLORE_ALIGN | search_mode=visual_handoff | cmd=wz=-0.050
[INFO] [1783540246.934551455] [shared_nav_semantic_explore]: [NAV] step=1241 mode=TRACK fsm=TRACK phase=EXPLORE_ALIGN mode=TRACK | reason=semantic_explore_align | explore_phase=EXPLORE_ALIGN | search_mode=visual_handoff | cmd=wz=-0.050
[INFO] [1783540247.045477498] [shared_nav_semantic_explore]: [NAV] step=1242 mode=TRACK fsm=TRACK phase=EXPLORE_ALIGN mode=TRACK | reason=semantic_explore_align | explore_phase=EXPLORE_ALIGN | search_mode=visual_handoff | cmd=wz=-0.050
[INFO] [1783540247.114472421] [shared_nav_semantic_explore]: [NAV] step=1243 mode=TRACK fsm=TRACK phase=EXPLORE_ALIGN mode=TRACK | reason=semantic_explore_align | explore_phase=EXPLORE_ALIGN | search_mode=visual_handoff | cmd=wz=-0.050
[INFO] [1783540247.226667963] [shared_nav_semantic_explore]: [NAV] step=1244 mode=TRACK fsm=TRACK phase=EXPLORE_ALIGN mode=TRACK | reason=semantic_explore_align | explore_phase=EXPLORE_ALIGN | search_mode=visual_handoff | cmd=wz=-0.050 | front=1.46m
[INFO] [1783540247.313061492] [shared_nav_semantic_explore]: [NAV] step=1245 mode=TRACK fsm=TRACK phase=EXPLORE_ALIGN mode=TRACK | reason=semantic_explore_align | explore_phase=EXPLORE_ALIGN | search_mode=visual_handoff | cmd=wz=-0.050 | front=1.43m
[INFO] [1783540247.421825205] [shared_nav_semantic_explore]: [NAV] step=1246 mode=TRACK fsm=TRACK phase=EXPLORE_ALIGN mode=TRACK | reason=semantic_explore_align | explore_phase=EXPLORE_ALIGN | search_mode=visual_handoff | cmd=wz=-0.050 | front=1.43m
[INFO] [1783540247.537207993] [shared_nav_semantic_explore]: [NAV] step=1247 mode=TRACK fsm=TRACK phase=EXPLORE_ALIGN mode=TRACK | reason=semantic_explore_align | explore_phase=EXPLORE_ALIGN | search_mode=visual_handoff | cmd=wz=-0.050 | front=1.43m
[INFO] [1783540247.638519006] [shared_nav_semantic_explore]: [NAV] step=1248 mode=TRACK fsm=TRACK phase=EXPLORE_ALIGN mode=TRACK | reason=semantic_explore_align | explore_phase=EXPLORE_ALIGN | search_mode=visual_handoff | cmd=wz=-0.050 | front=1.42m
[INFO] [1783540247.738934561] [shared_nav_semantic_explore]: [NAV] step=1249 mode=TRACK fsm=TRACK phase=EXPLORE_ALIGN mode=TRACK | reason=semantic_explore_align | explore_phase=EXPLORE_ALIGN | search_mode=visual_handoff | cmd=wz=-0.050 | front=1.42m
[INFO] [1783540247.815361601] [shared_nav_semantic_explore]: [NAV] step=1250 mode=TRACK fsm=TRACK phase=EXPLORE_ALIGN mode=TRACK | reason=semantic_explore_align | explore_phase=EXPLORE_ALIGN | search_mode=visual_handoff | cmd=wz=-0.050 | front=1.42m
[INFO] [1783540247.929724599] [shared_nav_semantic_explore]: [NAV] step=1251 mode=TRACK fsm=TRACK phase=EXPLORE_ALIGN mode=TRACK | reason=semantic_explore_align | explore_phase=EXPLORE_ALIGN | search_mode=visual_handoff | cmd=wz=-0.050 | front=1.42m
[INFO] [1783540248.029524321] [shared_nav_semantic_explore]: [NAV] step=1252 mode=TRACK fsm=TRACK phase=EXPLORE_ALIGN mode=TRACK | reason=semantic_explore_align | explore_phase=EXPLORE_ALIGN | search_mode=visual_handoff | cmd=wz=-0.050 | front=1.42m
[INFO] [1783540248.145470818] [shared_nav_semantic_explore]: [NAV] step=1253 mode=TRACK fsm=TRACK phase=EXPLORE_ALIGN mode=TRACK | reason=semantic_explore_align | explore_phase=EXPLORE_ALIGN | search_mode=visual_handoff | cmd=wz=-0.050 | front=1.42m
[INFO] [1783540248.219066736] [shared_nav_semantic_explore]: [NAV] step=1254 mode=TRACK fsm=TRACK phase=EXPLORE_ALIGN mode=TRACK | reason=semantic_explore_align | explore_phase=EXPLORE_ALIGN | search_mode=visual_handoff | cmd=wz=-0.050 | front=1.41m
[INFO] [1783540248.324662327] [shared_nav_semantic_explore]: [NAV] step=1255 mode=TRACK fsm=TRACK phase=EXPLORE_ALIGN mode=TRACK | reason=semantic_explore_align | explore_phase=EXPLORE_ALIGN | search_mode=visual_handoff | cmd=wz=-0.050 | front=1.41m
[INFO] [1783540248.436491953] [shared_nav_semantic_explore]: [NAV] step=1256 mode=TRACK fsm=TRACK phase=EXPLORE_ALIGN mode=TRACK | reason=semantic_explore_align | explore_phase=EXPLORE_ALIGN | search_mode=visual_handoff | cmd=wz=-0.050 | front=1.40m
[INFO] [1783540248.537550341] [shared_nav_semantic_explore]: [NAV] step=1257 mode=TRACK fsm=TRACK phase=EXPLORE_ALIGN mode=TRACK | reason=semantic_explore_align | explore_phase=EXPLORE_ALIGN | search_mode=visual_handoff | cmd=wz=-0.050 | front=1.40m
[INFO] [1783540248.627057991] [shared_nav_semantic_explore]: [NAV] step=1258 mode=TRACK fsm=TRACK phase=EXPLORE_ALIGN mode=TRACK | reason=semantic_explore_align | explore_phase=EXPLORE_ALIGN | search_mode=visual_handoff | cmd=wz=-0.050 | front=1.40m
[INFO] [1783540248.720332680] [shared_nav_semantic_explore]: [NAV] step=1259 mode=TRACK fsm=TRACK phase=EXPLORE_ALIGN mode=TRACK | reason=semantic_explore_align | explore_phase=EXPLORE_ALIGN | search_mode=visual_handoff | cmd=wz=-0.050 | front=1.40m
[INFO] [1783540248.822958441] [shared_nav_semantic_explore]: [NAV] step=1260 mode=TRACK fsm=TRACK phase=EXPLORE_ALIGN mode=TRACK | reason=semantic_explore_align | explore_phase=EXPLORE_ALIGN | search_mode=visual_handoff | cmd=wz=-0.050 | front=1.40m
[INFO] [1783540248.924604953] [shared_nav_semantic_explore]: [NAV] step=1261 mode=TRACK fsm=TRACK phase=EXPLORE_STEP mode=TRACK | reason=semantic_explore_step | explore_phase=EXPLORE_STEP | search_mode=visual_handoff | cmd=vx=+0.040 | front=1.39m
[INFO] [1783540249.023243593] [shared_nav_semantic_explore]: [NAV] step=1262 mode=TRACK fsm=TRACK phase=EXPLORE_STEP mode=TRACK | reason=semantic_explore_step | explore_phase=EXPLORE_STEP | search_mode=visual_handoff | cmd=vx=+0.040 | front=1.39m
[INFO] [1783540249.112367078] [shared_nav_semantic_explore]: [NAV] step=1263 mode=TRACK fsm=TRACK phase=EXPLORE_STEP mode=TRACK | reason=semantic_explore_step | explore_phase=EXPLORE_STEP | search_mode=visual_handoff | cmd=vx=+0.040 | front=1.39m
[INFO] [1783540249.215586380] [shared_nav_semantic_explore]: [NAV] step=1264 mode=TRACK fsm=TRACK phase=EXPLORE_STEP mode=TRACK | reason=semantic_explore_step | explore_phase=EXPLORE_STEP | search_mode=visual_handoff | cmd=vx=+0.040 | front=1.41m
[INFO] [1783540249.314690520] [shared_nav_semantic_explore]: [NAV] step=1265 mode=TRACK fsm=TRACK phase=EXPLORE_STEP mode=TRACK | reason=semantic_explore_step | explore_phase=EXPLORE_STEP | search_mode=visual_handoff | cmd=vx=+0.040 | front=1.40m
[INFO] [1783540249.415907991] [shared_nav_semantic_explore]: [NAV] step=1266 mode=TRACK fsm=TRACK phase=EXPLORE_STEP mode=TRACK | reason=semantic_explore_step | explore_phase=EXPLORE_STEP | search_mode=visual_handoff | cmd=vx=+0.040 | front=1.40m
[INFO] [1783540249.512314093] [shared_nav_semantic_explore]: [NAV] step=1267 mode=TRACK fsm=TRACK phase=EXPLORE_STEP mode=TRACK | reason=semantic_explore_step | explore_phase=EXPLORE_STEP | search_mode=visual_handoff | cmd=vx=+0.040 | front=1.47m
[INFO] [1783540249.608768652] [shared_nav_semantic_explore]: [NAV] step=1268 mode=TRACK fsm=TRACK phase=EXPLORE_STEP mode=TRACK | reason=semantic_explore_step | explore_phase=EXPLORE_STEP | search_mode=visual_handoff | cmd=vx=+0.040 | front=1.47m
[INFO] [1783540249.715012743] [shared_nav_semantic_explore]: [NAV] step=1269 mode=TRACK fsm=TRACK phase=EXPLORE_STEP mode=TRACK | reason=semantic_explore_step | explore_phase=EXPLORE_STEP | search_mode=visual_handoff | cmd=vx=+0.040 | front=1.47m
[INFO] [1783540249.821614708] [shared_nav_semantic_explore]: [NAV] step=1270 mode=TRACK fsm=TRACK phase=EXPLORE_STEP mode=TRACK | reason=semantic_explore_step | explore_phase=EXPLORE_STEP | search_mode=visual_handoff | cmd=vx=+0.040 | front=1.45m
[INFO] [1783540249.918970892] [shared_nav_semantic_explore]: [NAV] step=1271 mode=TRACK fsm=TRACK phase=EXPLORE_STEP mode=TRACK | reason=semantic_explore_step | explore_phase=EXPLORE_STEP | search_mode=visual_handoff | cmd=vx=+0.040 | front=1.44m
[INFO] [1783540250.012734496] [shared_nav_semantic_explore]: [NAV] step=1272 mode=TRACK fsm=TRACK phase=EXPLORE_STEP mode=TRACK | reason=semantic_explore_step | explore_phase=EXPLORE_STEP | search_mode=visual_handoff | cmd=vx=+0.040 | front=1.45m
[INFO] [1783540250.112862343] [shared_nav_semantic_explore]: [NAV] step=1273 mode=TRACK fsm=TRACK phase=EXPLORE_ALIGN mode=TRACK | reason=semantic_explore_align | explore_phase=EXPLORE_ALIGN | search_mode=visual_handoff | cmd=wz=+0.050 | front=1.42m
[INFO] [1783540250.209293528] [shared_nav_semantic_explore]: [NAV] step=1274 mode=TRACK fsm=TRACK phase=EXPLORE_ALIGN mode=TRACK | reason=semantic_explore_align | explore_phase=EXPLORE_ALIGN | search_mode=visual_handoff | cmd=wz=+0.050 | front=1.43m
[INFO] [1783540250.318544782] [shared_nav_semantic_explore]: [NAV] step=1275 mode=TRACK fsm=TRACK phase=EXPLORE_ALIGN mode=TRACK | reason=semantic_explore_align | explore_phase=EXPLORE_ALIGN | search_mode=visual_handoff | cmd=wz=+0.050 | front=1.41m
[INFO] [1783540250.409959181] [shared_nav_semantic_explore]: [NAV] step=1276 mode=TRACK fsm=TRACK phase=EXPLORE_ALIGN mode=TRACK | reason=semantic_explore_align | explore_phase=EXPLORE_ALIGN | search_mode=visual_handoff | cmd=wz=+0.050 | front=1.40m
[INFO] [1783540250.512278943] [shared_nav_semantic_explore]: [NAV] step=1277 mode=TRACK fsm=TRACK phase=EXPLORE_ALIGN mode=TRACK | reason=semantic_explore_align | explore_phase=EXPLORE_ALIGN | search_mode=visual_handoff | cmd=wz=+0.050 | front=1.39m
[INFO] [1783540250.607142212] [shared_nav_semantic_explore]: [NAV] step=1278 mode=TRACK fsm=TRACK phase=EXPLORE_ALIGN mode=TRACK | reason=semantic_explore_align | explore_phase=EXPLORE_ALIGN | search_mode=visual_handoff | cmd=wz=+0.050 | front=1.34m
[INFO] [1783540250.714480260] [shared_nav_semantic_explore]: [NAV] step=1279 mode=TRACK fsm=TRACK phase=EXPLORE_ALIGN mode=TRACK | reason=semantic_explore_align | explore_phase=EXPLORE_ALIGN | search_mode=visual_handoff | cmd=wz=+0.050 | front=1.34m
[INFO] [1783540250.811769277] [shared_nav_semantic_explore]: [NAV] step=1280 mode=TRACK fsm=TRACK phase=EXPLORE_ALIGN mode=TRACK | reason=semantic_explore_align | explore_phase=EXPLORE_ALIGN | search_mode=visual_handoff | cmd=wz=+0.050 | front=1.31m
[INFO] [1783540250.917835743] [shared_nav_semantic_explore]: [NAV] step=1281 mode=TRACK fsm=TRACK phase=EXPLORE_ALIGN mode=TRACK | reason=semantic_explore_align | explore_phase=EXPLORE_ALIGN | search_mode=visual_handoff | cmd=wz=+0.050 | front=1.31m
[INFO] [1783540251.048143890] [shared_nav_semantic_explore]: [NAV] step=1282 mode=TRACK fsm=TRACK phase=EXPLORE_ALIGN mode=TRACK | reason=semantic_explore_align | explore_phase=EXPLORE_ALIGN | search_mode=visual_handoff | cmd=wz=+0.050 | front=1.31m
[INFO] [1783540251.161629307] [shared_nav_semantic_explore]: [NAV] step=1283 mode=TRACK fsm=TRACK phase=EXPLORE_ALIGN mode=TRACK | reason=semantic_explore_align | explore_phase=EXPLORE_ALIGN | search_mode=visual_handoff | cmd=wz=+0.050 | front=1.31m
[INFO] [1783540251.250182458] [shared_nav_semantic_explore]: [NAV] step=1284 mode=TRACK fsm=TRACK phase=EXPLORE_ALIGN mode=TRACK | reason=semantic_explore_align | explore_phase=EXPLORE_ALIGN | search_mode=visual_handoff | cmd=wz=+0.050 | front=1.30m
[INFO] [1783540251.342029898] [shared_nav_semantic_explore]: [NAV] step=1285 mode=TRACK fsm=TRACK phase=EXPLORE_ALIGN mode=TRACK | reason=semantic_explore_align | explore_phase=EXPLORE_ALIGN | search_mode=visual_handoff | cmd=wz=+0.050 | front=1.31m
[INFO] [1783540251.424351599] [shared_nav_semantic_explore]: [NAV] step=1286 mode=TRACK fsm=TRACK phase=EXPLORE_ALIGN mode=TRACK | reason=semantic_explore_align | explore_phase=EXPLORE_ALIGN | search_mode=visual_handoff | cmd=wz=+0.050 | front=1.31m
[INFO] [1783540251.519980285] [shared_nav_semantic_explore]: [NAV] step=1287 mode=LOST_RECOVERY fsm=LOST_RECOVERY phase=EXPLORE_ALIGN mode=LOST_RECOVERY | reason=lost_recovery_semantic_explore_align | explore_phase=EXPLORE_ALIGN | search_mode=visual_handoff | cmd=wz=+0.050 | front=1.31m
[INFO] [1783540251.631034537] [shared_nav_semantic_explore]: [NAV] step=1288 mode=LOST_RECOVERY fsm=LOST_RECOVERY phase=EXPLORE_STEP mode=LOST_RECOVERY | reason=lost_recovery_semantic_explore_step | explore_phase=EXPLORE_STEP | search_mode=visual_handoff | cmd=vx=+0.040 | front=1.31m
[INFO] [1783540251.738387376] [shared_nav_semantic_explore]: [NAV] step=1289 mode=LOST_RECOVERY fsm=LOST_RECOVERY phase=EXPLORE_STEP mode=LOST_RECOVERY | reason=lost_recovery_semantic_explore_step | explore_phase=EXPLORE_STEP | search_mode=visual_handoff | cmd=vx=+0.040 | front=1.30m
[INFO] [1783540251.827859569] [shared_nav_semantic_explore]: [NAV] step=1290 mode=LOST_RECOVERY fsm=LOST_RECOVERY phase=EXPLORE_STEP mode=LOST_RECOVERY | reason=lost_recovery_semantic_explore_step | explore_phase=EXPLORE_STEP | search_mode=visual_handoff | cmd=vx=+0.040 | front=1.31m
[INFO] [1783540251.947357770] [shared_nav_semantic_explore]: [NAV] step=1291 mode=LOST_RECOVERY fsm=LOST_RECOVERY phase=EXPLORE_STEP mode=LOST_RECOVERY | reason=lost_recovery_semantic_explore_step | explore_phase=EXPLORE_STEP | search_mode=visual_handoff | cmd=vx=+0.040 | front=1.32m
[INFO] [1783540252.092608859] [shared_nav_semantic_explore]: [NAV] step=1292 mode=LOST_RECOVERY fsm=LOST_RECOVERY phase=EXPLORE_STEP mode=LOST_RECOVERY | reason=lost_recovery_semantic_explore_step | explore_phase=EXPLORE_STEP | search_mode=visual_handoff | cmd=vx=+0.040 | front=1.33m
[INFO] [1783540252.154764624] [shared_nav_semantic_explore]: [NAV] step=1293 mode=LOST_RECOVERY fsm=LOST_RECOVERY phase=EXPLORE_STEP mode=LOST_RECOVERY | reason=lost_recovery_semantic_explore_step | explore_phase=EXPLORE_STEP | search_mode=visual_handoff | cmd=vx=+0.040 | front=1.39m
[INFO] [1783540252.225665712] [shared_nav_semantic_explore]: [NAV] step=1294 mode=LOST_RECOVERY fsm=LOST_RECOVERY phase=EXPLORE_STEP mode=LOST_RECOVERY | reason=lost_recovery_semantic_explore_step | explore_phase=EXPLORE_STEP | search_mode=visual_handoff | cmd=vx=+0.040 | front=1.48m
[INFO] [1783540252.308201954] [shared_nav_semantic_explore]: [NAV] step=1295 mode=LOST_RECOVERY fsm=LOST_RECOVERY phase=EXPLORE_STEP mode=LOST_RECOVERY | reason=lost_recovery_semantic_explore_step | explore_phase=EXPLORE_STEP | search_mode=visual_handoff | cmd=vx=+0.040 | front=3.94m
[INFO] [1783540252.410831924] [shared_nav_semantic_explore]: [NAV] step=1296 mode=LOST_RECOVERY fsm=LOST_RECOVERY phase=EXPLORE_STEP mode=LOST_RECOVERY | reason=lost_recovery_semantic_explore_step | explore_phase=EXPLORE_STEP | search_mode=visual_handoff | cmd=vx=+0.040
[INFO] [1783540252.512029937] [shared_nav_semantic_explore]: [NAV] step=1297 mode=LOST_RECOVERY fsm=LOST_RECOVERY phase=EXPLORE_STEP mode=LOST_RECOVERY | reason=lost_recovery_semantic_explore_step | explore_phase=EXPLORE_STEP | search_mode=visual_handoff | cmd=vx=+0.040
[INFO] [1783540252.616145530] [shared_nav_semantic_explore]: [NAV] step=1298 mode=LOST_RECOVERY fsm=LOST_RECOVERY phase=EXPLORE_STEP mode=LOST_RECOVERY | reason=lost_recovery_semantic_explore_step | explore_phase=EXPLORE_STEP | search_mode=visual_handoff | cmd=vx=+0.040 | front=3.92m
[INFO] [1783540252.715693212] [shared_nav_semantic_explore]: [NAV] step=1299 mode=LOST_RECOVERY fsm=LOST_RECOVERY phase=EXPLORE_STEP mode=LOST_RECOVERY | reason=lost_recovery_semantic_explore_step | explore_phase=EXPLORE_STEP | search_mode=visual_handoff | cmd=vx=+0.040 | front=3.92m
[INFO] [1783540252.812142522] [shared_nav_semantic_explore]: [NAV] step=1300 mode=LOST_RECOVERY fsm=LOST_RECOVERY phase=EXPLORE_STEP mode=LOST_RECOVERY | reason=lost_recovery_semantic_explore_step | explore_phase=EXPLORE_STEP | search_mode=visual_handoff | cmd=vx=+0.040 | front=3.91m
[INFO] [1783540252.912052745] [shared_nav_semantic_explore]: [NAV] step=1301 mode=CANDIDATE_LOCK fsm=CANDIDATE_LOCK phase=EXPLORE_STEP mode=CANDIDATE_LOCK | reason=semantic_explore_step | explore_phase=EXPLORE_STEP | search_mode=visual_handoff | cmd=vx=+0.040 | front=3.89m
[INFO] [1783540253.018325335] [shared_nav_semantic_explore]: [NAV] step=1302 mode=CANDIDATE_LOCK fsm=CANDIDATE_LOCK phase=EXPLORE_STEP mode=CANDIDATE_LOCK | reason=semantic_explore_step | explore_phase=EXPLORE_STEP | search_mode=visual_handoff | cmd=vx=+0.040 | front=3.90m
[INFO] [1783540253.110420317] [shared_nav_semantic_explore]: [NAV] step=1303 mode=TRACK fsm=TRACK phase=EXPLORE_STEP mode=TRACK | reason=semantic_explore_step | explore_phase=EXPLORE_STEP | search_mode=visual_handoff | cmd=vx=+0.040 | front=3.89m
[INFO] [1783540253.251962327] [shared_nav_semantic_explore]: [NAV] step=1304 mode=TRACK fsm=TRACK phase=EXPLORE_STEP mode=TRACK | reason=semantic_explore_step | explore_phase=EXPLORE_STEP | search_mode=visual_handoff | cmd=vx=+0.040 | front=3.88m
[INFO] [1783540253.327058078] [shared_nav_semantic_explore]: [NAV] step=1305 mode=TRACK fsm=TRACK phase=EXPLORE_STEP mode=TRACK | reason=semantic_explore_step | explore_phase=EXPLORE_STEP | search_mode=visual_handoff | cmd=vx=+0.040 | front=3.86m
[INFO] [1783540253.428314299] [shared_nav_semantic_explore]: [NAV] step=1306 mode=TRACK fsm=TRACK phase=EXPLORE_STEP mode=TRACK | reason=semantic_explore_step | explore_phase=EXPLORE_STEP | search_mode=visual_handoff | cmd=vx=+0.040 | front=3.86m
[INFO] [1783540253.519609490] [shared_nav_semantic_explore]: [NAV] step=1307 mode=TRACK fsm=TRACK phase=EXPLORE_STEP mode=TRACK | reason=semantic_explore_step | explore_phase=EXPLORE_STEP | search_mode=visual_handoff | cmd=vx=+0.040 | front=3.86m
[INFO] [1783540253.625094832] [shared_nav_semantic_explore]: [NAV] step=1308 mode=TRACK fsm=TRACK phase=EXPLORE_STEP mode=TRACK | reason=semantic_explore_step | explore_phase=EXPLORE_STEP | search_mode=visual_handoff | cmd=vx=+0.040 | front=3.85m
[INFO] [1783540253.722799140] [shared_nav_semantic_explore]: [NAV] step=1309 mode=TRACK fsm=TRACK phase=EXPLORE_STEP mode=TRACK | reason=semantic_explore_step | explore_phase=EXPLORE_STEP | search_mode=visual_handoff | cmd=vx=+0.040 | front=3.84m
[INFO] [1783540253.821955114] [shared_nav_semantic_explore]: [NAV] step=1310 mode=TRACK fsm=TRACK phase=EXPLORE_STEP mode=TRACK | reason=semantic_explore_step | explore_phase=EXPLORE_STEP | search_mode=visual_handoff | cmd=vx=+0.040 | front=3.82m
[INFO] [1783540253.925578166] [shared_nav_semantic_explore]: [NAV] step=1311 mode=TRACK fsm=TRACK phase=EXPLORE_STEP mode=TRACK | reason=semantic_explore_step | explore_phase=EXPLORE_STEP | search_mode=visual_handoff | cmd=vx=+0.040 | front=3.83m
[INFO] [1783540254.020925644] [shared_nav_semantic_explore]: [NAV] step=1312 mode=TRACK fsm=TRACK phase=EXPLORE_ALIGN mode=TRACK | reason=semantic_explore_align | explore_phase=EXPLORE_ALIGN | search_mode=visual_handoff | cmd=wz=-0.050 | front=3.83m
[INFO] [1783540254.132844521] [shared_nav_semantic_explore]: [NAV] step=1313 mode=TRACK fsm=TRACK phase=EXPLORE_ALIGN mode=TRACK | reason=semantic_explore_align | explore_phase=EXPLORE_ALIGN | search_mode=visual_handoff | cmd=wz=-0.050 | front=3.80m
[INFO] [1783540254.212686141] [shared_nav_semantic_explore]: [NAV] step=1314 mode=TRACK fsm=TRACK phase=EXPLORE_ALIGN mode=TRACK | reason=semantic_explore_align | explore_phase=EXPLORE_ALIGN | search_mode=visual_handoff | cmd=wz=-0.050 | front=3.79m
[INFO] [1783540254.312821864] [shared_nav_semantic_explore]: [NAV] step=1315 mode=TRACK fsm=TRACK phase=EXPLORE_ALIGN mode=TRACK | reason=semantic_explore_align | explore_phase=EXPLORE_ALIGN | search_mode=visual_handoff | cmd=wz=-0.050 | front=3.80m
[INFO] [1783540254.428308528] [shared_nav_semantic_explore]: [NAV] step=1316 mode=TRACK fsm=TRACK phase=EXPLORE_ALIGN mode=TRACK | reason=semantic_explore_align | explore_phase=EXPLORE_ALIGN | search_mode=visual_handoff | cmd=wz=-0.050 | front=3.78m
[INFO] [1783540254.511430519] [shared_nav_semantic_explore]: [NAV] step=1317 mode=TRACK fsm=TRACK phase=EXPLORE_ALIGN mode=TRACK | reason=semantic_explore_align | explore_phase=EXPLORE_ALIGN | search_mode=visual_handoff | cmd=wz=-0.050 | front=3.76m
[INFO] [1783540254.609095703] [shared_nav_semantic_explore]: [NAV] step=1318 mode=TRACK fsm=TRACK phase=EXPLORE_ALIGN mode=TRACK | reason=semantic_explore_align | explore_phase=EXPLORE_ALIGN | search_mode=visual_handoff | cmd=wz=-0.050 | front=3.76m
[INFO] [1783540254.712155381] [shared_nav_semantic_explore]: [NAV] step=1319 mode=TRACK fsm=TRACK phase=EXPLORE_ALIGN mode=TRACK | reason=semantic_explore_align | explore_phase=EXPLORE_ALIGN | search_mode=visual_handoff | cmd=wz=-0.050 | front=3.76m
[INFO] [1783540254.807765901] [shared_nav_semantic_explore]: [NAV] step=1320 mode=TRACK fsm=TRACK phase=EXPLORE_ALIGN mode=TRACK | reason=semantic_explore_align | explore_phase=EXPLORE_ALIGN | search_mode=visual_handoff | cmd=wz=-0.050 | front=1.55m
[INFO] [1783540254.936585008] [shared_nav_semantic_explore]: [NAV] step=1321 mode=TRACK fsm=TRACK phase=EXPLORE_ALIGN mode=TRACK | reason=semantic_explore_align | explore_phase=EXPLORE_ALIGN | search_mode=visual_handoff | cmd=wz=-0.050 | front=1.52m
[INFO] [1783540255.019269584] [shared_nav_semantic_explore]: [NAV] step=1322 mode=TRACK fsm=TRACK phase=EXPLORE_ALIGN mode=TRACK | reason=semantic_explore_align | explore_phase=EXPLORE_ALIGN | search_mode=visual_handoff | cmd=wz=-0.050 | front=1.52m
[INFO] [1783540255.121134888] [shared_nav_semantic_explore]: [NAV] step=1323 mode=TRACK fsm=TRACK phase=EXPLORE_ALIGN mode=TRACK | reason=semantic_explore_align | explore_phase=EXPLORE_ALIGN | search_mode=visual_handoff | cmd=wz=-0.050 | front=1.53m
[INFO] [1783540255.212707912] [shared_nav_semantic_explore]: [NAV] step=1324 mode=TRACK fsm=TRACK phase=EXPLORE_STEP mode=TRACK | reason=semantic_explore_step | explore_phase=EXPLORE_STEP | search_mode=visual_handoff | cmd=vx=+0.040 | front=1.53m
[INFO] [1783540255.326371870] [shared_nav_semantic_explore]: [NAV] step=1325 mode=TRACK fsm=TRACK phase=EXPLORE_STEP mode=TRACK | reason=semantic_explore_step | explore_phase=EXPLORE_STEP | search_mode=visual_handoff | cmd=vx=+0.040 | front=1.53m
[INFO] [1783540255.423713179] [shared_nav_semantic_explore]: [NAV] step=1326 mode=TRACK fsm=TRACK phase=EXPLORE_STEP mode=TRACK | reason=semantic_explore_step | explore_phase=EXPLORE_STEP | search_mode=visual_handoff | cmd=vx=+0.040 | front=1.57m
[INFO] [1783540255.562828526] [shared_nav_semantic_explore]: [NAV] step=1327 mode=TRACK fsm=TRACK phase=EXPLORE_STEP mode=TRACK | reason=semantic_explore_step | explore_phase=EXPLORE_STEP | search_mode=visual_handoff | cmd=vx=+0.040 | front=1.57m
[INFO] [1783540255.618760172] [shared_nav_semantic_explore]: [NAV] step=1328 mode=TRACK fsm=TRACK phase=EXPLORE_STEP mode=TRACK | reason=semantic_explore_step | explore_phase=EXPLORE_STEP | search_mode=visual_handoff | cmd=vx=+0.040 | front=1.59m
[INFO] [1783540255.773447419] [shared_nav_semantic_explore]: [NAV] step=1329 mode=TRACK fsm=TRACK phase=EXPLORE_STEP mode=TRACK | reason=semantic_explore_step | explore_phase=EXPLORE_STEP | search_mode=visual_handoff | cmd=vx=+0.040 | front=1.60m
[INFO] [1783540255.859816782] [shared_nav_semantic_explore]: [NAV] step=1330 mode=TRACK fsm=TRACK phase=EXPLORE_STEP mode=TRACK | reason=semantic_explore_step | explore_phase=EXPLORE_STEP | search_mode=visual_handoff | cmd=vx=+0.040 | front=1.60m
[INFO] [1783540255.937470071] [shared_nav_semantic_explore]: [NAV] step=1331 mode=TRACK fsm=TRACK phase=EXPLORE_STEP mode=TRACK | reason=semantic_explore_step | explore_phase=EXPLORE_STEP | search_mode=visual_handoff | cmd=vx=+0.040 | front=1.59m
[INFO] [1783540256.035595379] [shared_nav_semantic_explore]: [NAV] step=1332 mode=TRACK fsm=TRACK phase=EXPLORE_STEP mode=TRACK | reason=semantic_explore_step | explore_phase=EXPLORE_STEP | search_mode=visual_handoff | cmd=vx=+0.040 | front=1.58m
[INFO] [1783540256.136224352] [shared_nav_semantic_explore]: [NAV] step=1333 mode=TRACK fsm=TRACK phase=EXPLORE_STEP mode=TRACK | reason=semantic_explore_step | explore_phase=EXPLORE_STEP | search_mode=visual_handoff | cmd=vx=+0.040 | front=1.58m
[INFO] [1783540256.234888035] [shared_nav_semantic_explore]: [NAV] step=1334 mode=TRACK fsm=TRACK phase=EXPLORE_STEP mode=TRACK | reason=semantic_explore_step | explore_phase=EXPLORE_STEP | search_mode=visual_handoff | cmd=vx=+0.040 | front=1.55m
[INFO] [1783540256.338132754] [shared_nav_semantic_explore]: [NAV] step=1335 mode=TRACK fsm=TRACK phase=EXPLORE_STEP mode=TRACK | reason=semantic_explore_step | explore_phase=EXPLORE_STEP | search_mode=visual_handoff | cmd=vx=+0.040 | front=1.56m
[INFO] [1783540256.428983279] [shared_nav_semantic_explore]: [NAV] step=1336 mode=TRACK fsm=TRACK phase=EXPLORE_STEP mode=TRACK | reason=semantic_explore_step | explore_phase=EXPLORE_STEP | search_mode=visual_handoff | cmd=vx=+0.040 | front=1.56m
[INFO] [1783540256.523760300] [shared_nav_semantic_explore]: [NAV] step=1337 mode=TRACK fsm=TRACK phase=EXPLORE_STEP mode=TRACK | reason=semantic_explore_step | explore_phase=EXPLORE_STEP | search_mode=visual_handoff | cmd=vx=+0.040 | front=1.55m
[INFO] [1783540256.607981082] [shared_nav_semantic_explore]: [NAV] step=1338 mode=TRACK fsm=TRACK phase=EXPLORE_STEP mode=TRACK | reason=semantic_explore_step | explore_phase=EXPLORE_STEP | search_mode=visual_handoff | cmd=vx=+0.040 | front=1.52m
[INFO] [1783540256.712010759] [shared_nav_semantic_explore]: [NAV] step=1339 mode=TRACK fsm=TRACK phase=EXPLORE_STEP mode=TRACK | reason=semantic_explore_step | explore_phase=EXPLORE_STEP | search_mode=visual_handoff | cmd=vx=+0.040 | front=1.52m
[INFO] [1783540256.817848434] [shared_nav_semantic_explore]: [NAV] step=1340 mode=TRACK fsm=TRACK phase=EXPLORE_STEP mode=TRACK | reason=semantic_explore_step | explore_phase=EXPLORE_STEP | search_mode=visual_handoff | cmd=vx=+0.040 | front=1.51m
[INFO] [1783540256.911952830] [shared_nav_semantic_explore]: [NAV] step=1341 mode=TRACK fsm=TRACK phase=EXPLORE_STEP mode=TRACK | reason=semantic_explore_step | explore_phase=EXPLORE_STEP | search_mode=visual_handoff | cmd=vx=+0.040 | front=1.51m
[INFO] [1783540257.010191472] [shared_nav_semantic_explore]: [NAV] step=1342 mode=TRACK fsm=TRACK phase=EXPLORE_STEP mode=TRACK | reason=semantic_explore_step | explore_phase=EXPLORE_STEP | search_mode=visual_handoff | cmd=vx=+0.040 | front=1.51m
[INFO] [1783540257.184752113] [shared_nav_semantic_explore]: [NAV] step=1343 mode=TRACK fsm=TRACK phase=EXPLORE_STEP mode=TRACK | reason=semantic_explore_step | explore_phase=EXPLORE_STEP | search_mode=visual_handoff | cmd=vx=+0.040 | front=1.52m
[INFO] [1783540257.233390726] [shared_nav_semantic_explore]: [NAV] step=1344 mode=TRACK fsm=TRACK phase=EXPLORE_STEP mode=TRACK | reason=semantic_explore_step | explore_phase=EXPLORE_STEP | search_mode=visual_handoff | cmd=vx=+0.040 | front=1.57m
[INFO] [1783540257.378035650] [shared_nav_semantic_explore]: [NAV] step=1345 mode=TRACK fsm=TRACK phase=EXPLORE_STEP mode=TRACK | reason=semantic_explore_step | explore_phase=EXPLORE_STEP | search_mode=visual_handoff | cmd=vx=+0.040 | front=1.58m
[INFO] [1783540257.468923967] [shared_nav_semantic_explore]: [NAV] step=1346 mode=TRACK fsm=TRACK phase=EXPLORE_STEP mode=TRACK | reason=semantic_explore_step | explore_phase=EXPLORE_STEP | search_mode=visual_handoff | cmd=vx=+0.040 | front=1.58m
[INFO] [1783540257.558561118] [shared_nav_semantic_explore]: [NAV] step=1347 mode=TRACK fsm=TRACK phase=EXPLORE_STEP mode=TRACK | reason=semantic_explore_step | explore_phase=EXPLORE_STEP | search_mode=visual_handoff | cmd=vx=+0.040 | front=1.55m
[INFO] [1783540257.646229647] [shared_nav_semantic_explore]: [NAV] step=1348 mode=TRACK fsm=TRACK phase=EXPLORE_STEP mode=TRACK | reason=semantic_explore_step | explore_phase=EXPLORE_STEP | search_mode=visual_handoff | cmd=vx=+0.040 | front=1.55m
[INFO] [1783540257.740783876] [shared_nav_semantic_explore]: [NAV] step=1349 mode=TRACK fsm=TRACK phase=EXPLORE_STEP mode=TRACK | reason=semantic_explore_step | explore_phase=EXPLORE_STEP | search_mode=visual_handoff | cmd=vx=+0.040 | front=1.54m
[INFO] [1783540257.817071250] [shared_nav_semantic_explore]: [NAV] step=1350 mode=TRACK fsm=TRACK phase=EXPLORE_STEP mode=TRACK | reason=semantic_explore_step | explore_phase=EXPLORE_STEP | search_mode=visual_handoff | cmd=vx=+0.040 | front=1.54m
[INFO] [1783540257.953640308] [shared_nav_semantic_explore]: [NAV] step=1351 mode=TRACK fsm=TRACK phase=EXPLORE_STEP mode=TRACK | reason=semantic_explore_step | explore_phase=EXPLORE_STEP | search_mode=visual_handoff | cmd=vx=+0.040 | front=1.52m
[INFO] [1783540258.058362235] [shared_nav_semantic_explore]: [NAV] step=1352 mode=TRACK fsm=TRACK phase=EXPLORE_STEP mode=TRACK | reason=semantic_explore_step | explore_phase=EXPLORE_STEP | search_mode=visual_handoff | cmd=vx=+0.040 | front=1.52m
[INFO] [1783540258.119017335] [shared_nav_semantic_explore]: [NAV] step=1353 mode=TRACK fsm=TRACK phase=EXPLORE_STEP mode=TRACK | reason=semantic_explore_step | explore_phase=EXPLORE_STEP | search_mode=visual_handoff | cmd=vx=+0.040 | front=1.51m
[INFO] [1783540258.254143728] [shared_nav_semantic_explore]: [NAV] step=1354 mode=TRACK fsm=TRACK phase=EXPLORE_STEP mode=TRACK | reason=semantic_explore_step | explore_phase=EXPLORE_STEP | search_mode=visual_handoff | cmd=vx=+0.040 | front=1.49m
[INFO] [1783540258.356019657] [shared_nav_semantic_explore]: [NAV] step=1355 mode=TRACK fsm=TRACK phase=EXPLORE_STEP mode=TRACK | reason=semantic_explore_step | explore_phase=EXPLORE_STEP | search_mode=visual_handoff | cmd=vx=+0.040 | front=1.50m
[INFO] [1783540258.410500681] [shared_nav_semantic_explore]: [NAV] step=1356 mode=TRACK fsm=TRACK phase=EXPLORE_STEP mode=TRACK | reason=semantic_explore_step | explore_phase=EXPLORE_STEP | search_mode=visual_handoff | cmd=vx=+0.040 | front=1.48m
[INFO] [1783540258.517176730] [shared_nav_semantic_explore]: [NAV] step=1357 mode=TRACK fsm=TRACK phase=EXPLORE_STEP mode=TRACK | reason=semantic_explore_step | explore_phase=EXPLORE_STEP | search_mode=visual_handoff | cmd=vx=+0.040 | front=1.50m
[INFO] [1783540258.610685377] [shared_nav_semantic_explore]: [NAV] step=1358 mode=TRACK fsm=TRACK phase=EXPLORE_STEP mode=TRACK | reason=semantic_explore_step | explore_phase=EXPLORE_STEP | search_mode=visual_handoff | cmd=vx=+0.040 | front=1.48m
[INFO] [1783540258.720287756] [shared_nav_semantic_explore]: [NAV] step=1359 mode=TRACK fsm=TRACK phase=EXPLORE_STEP mode=TRACK | reason=semantic_explore_step | explore_phase=EXPLORE_STEP | search_mode=visual_handoff | cmd=vx=+0.040 | front=1.45m
[INFO] [1783540258.854059193] [shared_nav_semantic_explore]: [NAV] step=1360 mode=TRACK fsm=TRACK phase=EXPLORE_STEP mode=TRACK | reason=semantic_explore_step | explore_phase=EXPLORE_STEP | search_mode=visual_handoff | cmd=vx=+0.040 | front=1.47m
[INFO] [1783540258.914545751] [shared_nav_semantic_explore]: [NAV] step=1361 mode=LOST_RECOVERY fsm=LOST_RECOVERY phase=EXPLORE_STEP mode=LOST_RECOVERY | reason=lost_recovery_semantic_explore_step | explore_phase=EXPLORE_STEP | search_mode=visual_handoff | cmd=vx=+0.040 | front=1.43m
[INFO] [1783540259.019763135] [shared_nav_semantic_explore]: [NAV] step=1362 mode=LOST_RECOVERY fsm=LOST_RECOVERY phase=EXPLORE_STEP mode=LOST_RECOVERY | reason=lost_recovery_semantic_explore_step | explore_phase=EXPLORE_STEP | search_mode=visual_handoff | cmd=vx=+0.040 | front=1.44m
[INFO] [1783540259.125841727] [shared_nav_semantic_explore]: [NAV] step=1363 mode=LOST_RECOVERY fsm=LOST_RECOVERY phase=EXPLORE_STEP mode=LOST_RECOVERY | reason=lost_recovery_semantic_explore_step | explore_phase=EXPLORE_STEP | search_mode=visual_handoff | cmd=vx=+0.040 | front=1.41m
[INFO] [1783540259.215150462] [shared_nav_semantic_explore]: [NAV] step=1364 mode=LOST_RECOVERY fsm=LOST_RECOVERY phase=EXPLORE_STEP mode=LOST_RECOVERY | reason=lost_recovery_semantic_explore_step | explore_phase=EXPLORE_STEP | search_mode=visual_handoff | cmd=vx=+0.040 | front=1.41m
[INFO] [1783540259.336342079] [shared_nav_semantic_explore]: [NAV] step=1365 mode=LOST_RECOVERY fsm=LOST_RECOVERY phase=EXPLORE_STEP mode=LOST_RECOVERY | reason=lost_recovery_semantic_explore_step | explore_phase=EXPLORE_STEP | search_mode=visual_handoff | cmd=vx=+0.040 | front=1.40m
[INFO] [1783540259.457087196] [shared_nav_semantic_explore]: [NAV] step=1366 mode=LOST_RECOVERY fsm=LOST_RECOVERY phase=EXPLORE_STEP mode=LOST_RECOVERY | reason=lost_recovery_semantic_explore_step | explore_phase=EXPLORE_STEP | search_mode=visual_handoff | cmd=vx=+0.040 | front=1.39m
[INFO] [1783540259.559640917] [shared_nav_semantic_explore]: [NAV] step=1367 mode=LOST_RECOVERY fsm=LOST_RECOVERY phase=EXPLORE_STEP mode=LOST_RECOVERY | reason=lost_recovery_semantic_explore_step | explore_phase=EXPLORE_STEP | search_mode=visual_handoff | cmd=vx=+0.040 | front=1.38m
[INFO] [1783540259.654152105] [shared_nav_semantic_explore]: [NAV] step=1368 mode=LOST_RECOVERY fsm=LOST_RECOVERY phase=EXPLORE_STEP mode=LOST_RECOVERY | reason=lost_recovery_semantic_explore_step | explore_phase=EXPLORE_STEP | search_mode=visual_handoff | cmd=vx=+0.040 | front=1.38m
[INFO] [1783540259.762127361] [shared_nav_semantic_explore]: [NAV] step=1369 mode=LOST_RECOVERY fsm=LOST_RECOVERY phase=EXPLORE_STEP mode=LOST_RECOVERY | reason=lost_recovery_semantic_explore_step | explore_phase=EXPLORE_STEP | search_mode=visual_handoff | cmd=vx=+0.040 | front=1.38m
[INFO] [1783540259.862898417] [shared_nav_semantic_explore]: [NAV] step=1370 mode=LOST_RECOVERY fsm=LOST_RECOVERY phase=EXPLORE_STEP mode=LOST_RECOVERY | reason=lost_recovery_semantic_explore_step | explore_phase=EXPLORE_STEP | search_mode=visual_handoff | cmd=vx=+0.040 | front=1.36m
[INFO] [1783540259.921197061] [shared_nav_semantic_explore]: [NAV] step=1371 mode=LOST_RECOVERY fsm=LOST_RECOVERY phase=EXPLORE_STEP mode=LOST_RECOVERY | reason=lost_recovery_semantic_explore_step | explore_phase=EXPLORE_STEP | search_mode=visual_handoff | cmd=vx=+0.040 | front=1.34m
[INFO] [1783540260.060741116] [shared_nav_semantic_explore]: [NAV] step=1372 mode=LOST_RECOVERY fsm=LOST_RECOVERY phase=EXPLORE_STEP mode=LOST_RECOVERY | reason=lost_recovery_semantic_explore_step | explore_phase=EXPLORE_STEP | search_mode=visual_handoff | cmd=vx=+0.040 | front=1.33m
[INFO] [1783540260.145142607] [shared_nav_semantic_explore]: [NAV] step=1373 mode=LOST_RECOVERY fsm=LOST_RECOVERY phase=EXPLORE_STEP mode=LOST_RECOVERY | reason=lost_recovery_semantic_explore_step | explore_phase=EXPLORE_STEP | search_mode=visual_handoff | cmd=vx=+0.040 | front=1.33m
[INFO] [1783540260.256439735] [shared_nav_semantic_explore]: [NAV] step=1374 mode=LOST_RECOVERY fsm=LOST_RECOVERY phase=EXPLORE_STEP mode=LOST_RECOVERY | reason=lost_recovery_semantic_explore_step | explore_phase=EXPLORE_STEP | search_mode=visual_handoff | cmd=vx=+0.040 | front=1.32m
[INFO] [1783540260.364489783] [shared_nav_semantic_explore]: [NAV] step=1375 mode=LOST_RECOVERY fsm=LOST_RECOVERY phase=EXPLORE_STEP mode=LOST_RECOVERY | reason=lost_recovery_semantic_explore_step | explore_phase=EXPLORE_STEP | search_mode=visual_handoff | cmd=vx=+0.040 | front=1.30m
[INFO] [1783540260.424750175] [shared_nav_semantic_explore]: [NAV] step=1376 mode=LOST_RECOVERY fsm=LOST_RECOVERY phase=EXPLORE_STEP mode=LOST_RECOVERY | reason=lost_recovery_semantic_explore_step | explore_phase=EXPLORE_STEP | search_mode=visual_handoff | cmd=vx=+0.040 | front=1.30m
[INFO] [1783540260.522183693] [shared_nav_semantic_explore]: [NAV] step=1377 mode=LOST_RECOVERY fsm=LOST_RECOVERY phase=EXPLORE_STEP mode=LOST_RECOVERY | reason=lost_recovery_semantic_explore_step | explore_phase=EXPLORE_STEP | search_mode=visual_handoff | cmd=vx=+0.040 | front=1.35m
[INFO] [1783540260.610707679] [shared_nav_semantic_explore]: [NAV] step=1378 mode=LOST_RECOVERY fsm=LOST_RECOVERY phase=EXPLORE_ALIGN mode=LOST_RECOVERY | reason=lost_recovery_semantic_explore_align | explore_phase=EXPLORE_ALIGN | search_mode=visual_handoff | cmd=wz=-0.050 | front=1.42m
[INFO] [1783540260.711249652] [shared_nav_semantic_explore]: [NAV] step=1379 mode=LOST_RECOVERY fsm=LOST_RECOVERY phase=EXPLORE_ALIGN mode=LOST_RECOVERY | reason=lost_recovery_semantic_explore_align | explore_phase=EXPLORE_ALIGN | search_mode=visual_handoff | cmd=wz=-0.050 | front=1.47m
[INFO] [1783540260.805674382] [shared_nav_semantic_explore]: [NAV] step=1380 mode=LOST_RECOVERY fsm=LOST_RECOVERY phase=EXPLORE_ALIGN mode=LOST_RECOVERY | reason=lost_recovery_semantic_explore_align | explore_phase=EXPLORE_ALIGN | search_mode=visual_handoff | cmd=wz=-0.050 | front=1.56m
[INFO] [1783540260.910943808] [shared_nav_semantic_explore]: [NAV] step=1381 mode=LOST_RECOVERY fsm=LOST_RECOVERY phase=EXPLORE_ALIGN mode=LOST_RECOVERY | reason=lost_recovery_semantic_explore_align | explore_phase=EXPLORE_ALIGN | search_mode=visual_handoff | cmd=wz=-0.050 | front=1.91m
[INFO] [1783540261.020529604] [shared_nav_semantic_explore]: [NAV] step=1382 mode=LOST_RECOVERY fsm=LOST_RECOVERY phase=EXPLORE_ALIGN mode=LOST_RECOVERY | reason=lost_recovery_semantic_explore_align | explore_phase=EXPLORE_ALIGN | search_mode=visual_handoff | cmd=wz=-0.050 | front=2.03m
[INFO] [1783540261.122427242] [shared_nav_semantic_explore]: [NAV] step=1383 mode=LOST_RECOVERY fsm=LOST_RECOVERY phase=EXPLORE_ALIGN mode=LOST_RECOVERY | reason=lost_recovery_semantic_explore_align | explore_phase=EXPLORE_ALIGN | search_mode=visual_handoff | cmd=wz=-0.050 | front=1.91m
[INFO] [1783540261.220414218] [shared_nav_semantic_explore]: [NAV] step=1384 mode=LOST_RECOVERY fsm=LOST_RECOVERY phase=EXPLORE_ALIGN mode=LOST_RECOVERY | reason=lost_recovery_semantic_explore_align | explore_phase=EXPLORE_ALIGN | search_mode=visual_handoff | cmd=wz=-0.050 | front=1.84m
[INFO] [1783540261.307268289] [shared_nav_semantic_explore]: [NAV] step=1385 mode=LOST_RECOVERY fsm=LOST_RECOVERY phase=EXPLORE_ALIGN mode=LOST_RECOVERY | reason=lost_recovery_semantic_explore_align | explore_phase=EXPLORE_ALIGN | search_mode=visual_handoff | cmd=wz=-0.050 | front=1.85m
[INFO] [1783540261.442658016] [shared_nav_semantic_explore]: [NAV] step=1386 mode=LOST_RECOVERY fsm=LOST_RECOVERY phase=EXPLORE_ALIGN mode=LOST_RECOVERY | reason=lost_recovery_semantic_explore_align | explore_phase=EXPLORE_ALIGN | search_mode=visual_handoff | cmd=wz=-0.050 | front=1.83m
[INFO] [1783540261.570783292] [shared_nav_semantic_explore]: [NAV] step=1387 mode=LOST_RECOVERY fsm=LOST_RECOVERY phase=EXPLORE_ALIGN mode=LOST_RECOVERY | reason=lost_recovery_semantic_explore_align | explore_phase=EXPLORE_ALIGN | search_mode=visual_handoff | cmd=wz=-0.050 | front=1.83m
[INFO] [1783540261.654173784] [shared_nav_semantic_explore]: [NAV] step=1388 mode=LOST_RECOVERY fsm=LOST_RECOVERY phase=EXPLORE_ALIGN mode=LOST_RECOVERY | reason=lost_recovery_semantic_explore_align | explore_phase=EXPLORE_ALIGN | search_mode=visual_handoff | cmd=wz=-0.050 | front=1.83m
[INFO] [1783540261.776195400] [shared_nav_semantic_explore]: [NAV] step=1389 mode=LOST_RECOVERY fsm=LOST_RECOVERY phase=EXPLORE_ALIGN mode=LOST_RECOVERY | reason=lost_recovery_semantic_explore_align | explore_phase=EXPLORE_ALIGN | search_mode=visual_handoff | cmd=wz=-0.050 | front=1.83m
[INFO] [1783540261.825729471] [shared_nav_semantic_explore]: [NAV] step=1390 mode=LOST_RECOVERY fsm=LOST_RECOVERY phase=EXPLORE_ALIGN mode=LOST_RECOVERY | reason=lost_recovery_semantic_explore_align | explore_phase=EXPLORE_ALIGN | search_mode=visual_handoff | cmd=wz=-0.050 | front=1.83m
[INFO] [1783540261.932824728] [shared_nav_semantic_explore]: [NAV] step=1391 mode=LOST_RECOVERY fsm=LOST_RECOVERY phase=EXPLORE_ALIGN mode=LOST_RECOVERY | reason=lost_recovery_semantic_explore_align | explore_phase=EXPLORE_ALIGN | search_mode=visual_handoff | cmd=wz=-0.050 | front=1.82m
[INFO] [1783540262.026592875] [shared_nav_semantic_explore]: [NAV] step=1392 mode=LOST_RECOVERY fsm=LOST_RECOVERY phase=EXPLORE_ALIGN mode=LOST_RECOVERY | reason=lost_recovery_semantic_explore_align | explore_phase=EXPLORE_ALIGN | search_mode=visual_handoff | cmd=wz=-0.050 | front=1.83m
[INFO] [1783540262.119746106] [shared_nav_semantic_explore]: [NAV] step=1393 mode=LOST_RECOVERY fsm=LOST_RECOVERY phase=EXPLORE_ALIGN mode=LOST_RECOVERY | reason=lost_recovery_semantic_explore_align | explore_phase=EXPLORE_ALIGN | search_mode=visual_handoff | cmd=wz=-0.050 | front=1.82m
[INFO] [1783540262.233247232] [shared_nav_semantic_explore]: [NAV] step=1394 mode=LOST_RECOVERY fsm=LOST_RECOVERY phase=EXPLORE_ALIGN mode=LOST_RECOVERY | reason=lost_recovery_semantic_explore_align | explore_phase=EXPLORE_ALIGN | search_mode=visual_handoff | cmd=wz=-0.050 | front=1.81m
[INFO] [1783540262.321241844] [shared_nav_semantic_explore]: [NAV] step=1395 mode=LOST_RECOVERY fsm=LOST_RECOVERY phase=EXPLORE_ALIGN mode=LOST_RECOVERY | reason=lost_recovery_semantic_explore_align | explore_phase=EXPLORE_ALIGN | search_mode=visual_handoff | cmd=wz=-0.050 | front=1.81m
[INFO] [1783540262.414218117] [shared_nav_semantic_explore]: [NAV] step=1396 mode=LOST_RECOVERY fsm=LOST_RECOVERY phase=EXPLORE_ALIGN mode=LOST_RECOVERY | reason=lost_recovery_semantic_explore_align | explore_phase=EXPLORE_ALIGN | search_mode=visual_handoff | cmd=wz=-0.050 | front=1.81m
[INFO] [1783540262.512060301] [shared_nav_semantic_explore]: [NAV] step=1397 mode=LOST_RECOVERY fsm=LOST_RECOVERY phase=EXPLORE_ALIGN mode=LOST_RECOVERY | reason=lost_recovery_semantic_explore_align | explore_phase=EXPLORE_ALIGN | search_mode=visual_handoff | cmd=wz=-0.050 | front=1.82m
[INFO] [1783540262.621726056] [shared_nav_semantic_explore]: [NAV] step=1398 mode=LOST_RECOVERY fsm=LOST_RECOVERY phase=EXPLORE_ALIGN mode=LOST_RECOVERY | reason=lost_recovery_semantic_explore_align | explore_phase=EXPLORE_ALIGN | search_mode=visual_handoff | cmd=wz=-0.050 | front=1.87m
[INFO] [1783540262.706357005] [shared_nav_semantic_explore]: [NAV] step=1399 mode=LOST_RECOVERY fsm=LOST_RECOVERY phase=EXPLORE_ALIGN mode=LOST_RECOVERY | reason=lost_recovery_semantic_explore_align | explore_phase=EXPLORE_ALIGN | search_mode=visual_handoff | cmd=wz=-0.050 | front=1.93m
[INFO] [1783540262.808250893] [shared_nav_semantic_explore]: [NAV] step=1400 mode=LOST_RECOVERY fsm=LOST_RECOVERY phase=EXPLORE_ALIGN mode=LOST_RECOVERY | reason=lost_recovery_semantic_explore_align | explore_phase=EXPLORE_ALIGN | search_mode=visual_handoff | cmd=wz=-0.050 | front=1.95m
[INFO] [1783540262.912947487] [shared_nav_semantic_explore]: [NAV] step=1401 mode=LOST_RECOVERY fsm=LOST_RECOVERY phase=EXPLORE_ALIGN mode=LOST_RECOVERY | reason=lost_recovery_semantic_explore_align | explore_phase=EXPLORE_ALIGN | search_mode=visual_handoff | cmd=wz=-0.050 | front=1.98m
[INFO] [1783540263.011513837] [shared_nav_semantic_explore]: [NAV] step=1402 mode=SEARCH fsm=SEARCH phase=EXPLORE_ALIGN mode=SEARCH | reason=semantic_explore_align | explore_phase=EXPLORE_ALIGN | search_mode=visual_handoff | cmd=wz=-0.050 | front=2.01m
[INFO] [1783540263.122884340] [shared_nav_semantic_explore]: [NAV] step=1403 mode=SEARCH fsm=SEARCH phase=EXPLORE_ALIGN mode=SEARCH | reason=semantic_explore_align | explore_phase=EXPLORE_ALIGN | search_mode=visual_handoff | cmd=wz=-0.050
[INFO] [1783540263.208713746] [shared_nav_semantic_explore]: [NAV] step=1404 mode=SEARCH fsm=SEARCH phase=EXPLORE_ALIGN mode=SEARCH | reason=semantic_explore_align | explore_phase=EXPLORE_ALIGN | search_mode=visual_handoff | cmd=wz=-0.050
[INFO] [1783540263.330457280] [shared_nav_semantic_explore]: [NAV] step=1405 mode=SEARCH fsm=SEARCH phase=EXPLORE_ALIGN mode=SEARCH | reason=semantic_explore_align | explore_phase=EXPLORE_ALIGN | search_mode=visual_handoff | cmd=wz=-0.050 | front=3.95m
[INFO] [1783540263.411384024] [shared_nav_semantic_explore]: [NAV] step=1406 mode=SEARCH fsm=SEARCH phase=EXPLORE_ALIGN mode=SEARCH | reason=semantic_explore_align | explore_phase=EXPLORE_ALIGN | search_mode=visual_handoff | cmd=wz=-0.050 | front=3.72m
[INFO] [1783540263.513706537] [shared_nav_semantic_explore]: [NAV] step=1407 mode=SEARCH fsm=SEARCH phase=EXPLORE_ALIGN mode=SEARCH | reason=semantic_explore_align | explore_phase=EXPLORE_ALIGN | search_mode=visual_handoff | cmd=wz=-0.050 | front=3.68m
[INFO] [1783540263.631661325] [shared_nav_semantic_explore]: [NAV] step=1408 mode=SEARCH fsm=SEARCH phase=EXPLORE_ALIGN mode=SEARCH | reason=semantic_explore_align | explore_phase=EXPLORE_ALIGN | search_mode=visual_handoff | cmd=wz=-0.050 | front=3.69m
[INFO] [1783540263.716751940] [shared_nav_semantic_explore]: [NAV] step=1409 mode=SEARCH fsm=SEARCH phase=EXPLORE_ALIGN mode=SEARCH | reason=semantic_explore_align | explore_phase=EXPLORE_ALIGN | search_mode=visual_handoff | cmd=wz=-0.050 | front=3.67m
[INFO] [1783540263.827936610] [shared_nav_semantic_explore]: [NAV] step=1410 mode=SEARCH fsm=SEARCH phase=EXPLORE_ALIGN mode=SEARCH | reason=semantic_explore_align | explore_phase=EXPLORE_ALIGN | search_mode=visual_handoff | cmd=wz=-0.050 | front=1.91m
[INFO] [1783540263.937071699] [shared_nav_semantic_explore]: [NAV] step=1411 mode=SEARCH fsm=SEARCH phase=EXPLORE_ALIGN mode=SEARCH | reason=semantic_explore_align | explore_phase=EXPLORE_ALIGN | search_mode=visual_handoff | cmd=wz=-0.050 | front=1.86m
[INFO] [1783540264.014672864] [shared_nav_semantic_explore]: [NAV] step=1412 mode=SEARCH fsm=SEARCH phase=EXPLORE_ALIGN mode=SEARCH | reason=semantic_explore_align | explore_phase=EXPLORE_ALIGN | search_mode=visual_handoff | cmd=wz=-0.050 | front=1.85m
[INFO] [1783540264.117236293] [shared_nav_semantic_explore]: [NAV] step=1413 mode=SEARCH fsm=SEARCH phase=EXPLORE_ALIGN mode=SEARCH | reason=semantic_explore_align | explore_phase=EXPLORE_ALIGN | search_mode=visual_handoff | cmd=wz=-0.050 | front=1.85m
[INFO] [1783540264.217779141] [shared_nav_semantic_explore]: [NAV] step=1414 mode=SEARCH fsm=SEARCH phase=EXPLORE_ALIGN mode=SEARCH | reason=semantic_explore_align | explore_phase=EXPLORE_ALIGN | search_mode=visual_handoff | cmd=wz=-0.050 | front=1.86m
[INFO] [1783540264.320706237] [shared_nav_semantic_explore]: [NAV] step=1415 mode=SEARCH fsm=SEARCH phase=EXPLORE_ALIGN mode=SEARCH | reason=semantic_explore_align | explore_phase=EXPLORE_ALIGN | search_mode=visual_handoff | cmd=wz=-0.050 | front=1.84m
[INFO] [1783540264.455357256] [shared_nav_semantic_explore]: [NAV] step=1416 mode=SEARCH fsm=SEARCH phase=EXPLORE_ALIGN mode=SEARCH | reason=semantic_explore_align | explore_phase=EXPLORE_ALIGN | search_mode=visual_handoff | cmd=wz=-0.050 | front=1.84m
[INFO] [1783540264.536060001] [shared_nav_semantic_explore]: [NAV] step=1417 mode=SEARCH fsm=SEARCH phase=EXPLORE_ALIGN mode=SEARCH | reason=semantic_explore_align | explore_phase=EXPLORE_ALIGN | search_mode=visual_handoff | cmd=wz=-0.050 | front=1.85m
[INFO] [1783540264.631191189] [shared_nav_semantic_explore]: [NAV] step=1418 mode=SEARCH fsm=SEARCH phase=EXPLORE_ALIGN mode=SEARCH | reason=semantic_explore_align | explore_phase=EXPLORE_ALIGN | search_mode=visual_handoff | cmd=wz=-0.050 | front=1.85m
[INFO] [1783540264.706855523] [shared_nav_semantic_explore]: [NAV] step=1419 mode=SEARCH fsm=SEARCH phase=EXPLORE_ALIGN mode=SEARCH | reason=semantic_explore_align | explore_phase=EXPLORE_ALIGN | search_mode=visual_handoff | cmd=wz=-0.050 | front=1.83m
[INFO] [1783540264.816353528] [shared_nav_semantic_explore]: [NAV] step=1420 mode=SEARCH fsm=SEARCH phase=EXPLORE_ALIGN mode=SEARCH | reason=semantic_explore_align | explore_phase=EXPLORE_ALIGN | search_mode=visual_handoff | cmd=wz=-0.050 | front=1.82m
[INFO] [1783540264.910286675] [shared_nav_semantic_explore]: [NAV] step=1421 mode=SEARCH fsm=SEARCH phase=EXPLORE_ALIGN mode=SEARCH | reason=semantic_explore_align | explore_phase=EXPLORE_ALIGN | search_mode=visual_handoff | cmd=wz=-0.050 | front=1.83m
[INFO] [1783540265.015911476] [shared_nav_semantic_explore]: [NAV] step=1422 mode=SEARCH fsm=SEARCH phase=EXPLORE_ALIGN mode=SEARCH | reason=semantic_explore_align | explore_phase=EXPLORE_ALIGN | search_mode=visual_handoff | cmd=wz=-0.050 | front=1.83m
[INFO] [1783540265.119467863] [shared_nav_semantic_explore]: [NAV] step=1423 mode=SEARCH fsm=SEARCH phase=EXPLORE_ALIGN mode=SEARCH | reason=semantic_explore_align | explore_phase=EXPLORE_ALIGN | search_mode=visual_handoff | cmd=wz=-0.050 | front=1.81m
[INFO] [1783540265.216264632] [shared_nav_semantic_explore]: [NAV] step=1424 mode=SEARCH fsm=SEARCH phase=EXPLORE_ALIGN mode=SEARCH | reason=semantic_explore_align | explore_phase=EXPLORE_ALIGN | search_mode=visual_handoff | cmd=wz=-0.050 | front=1.81m
[INFO] [1783540265.316362356] [shared_nav_semantic_explore]: [NAV] step=1425 mode=SEARCH fsm=SEARCH phase=EXPLORE_ALIGN mode=SEARCH | reason=semantic_explore_align | explore_phase=EXPLORE_ALIGN | search_mode=visual_handoff | cmd=wz=-0.050 | front=1.80m
[INFO] [1783540265.412761293] [shared_nav_semantic_explore]: [NAV] step=1426 mode=SEARCH fsm=SEARCH phase=EXPLORE_ALIGN mode=SEARCH | reason=semantic_explore_align | explore_phase=EXPLORE_ALIGN | search_mode=visual_handoff | cmd=wz=-0.050 | front=1.80m
[INFO] [1783540265.510043603] [shared_nav_semantic_explore]: [NAV] step=1427 mode=SEARCH fsm=SEARCH phase=EXPLORE_ALIGN mode=SEARCH | reason=semantic_explore_align | explore_phase=EXPLORE_ALIGN | search_mode=visual_handoff | cmd=wz=-0.050 | front=0.76m
[INFO] [1783540265.614612489] [shared_nav_semantic_explore]: [NAV] step=1428 mode=SEARCH fsm=SEARCH phase=EXPLORE_ALIGN mode=SEARCH | reason=semantic_explore_align | explore_phase=EXPLORE_ALIGN | search_mode=visual_handoff | cmd=wz=-0.050 | front=0.75m
[INFO] [1783540265.724875118] [shared_nav_semantic_explore]: [NAV] step=1429 mode=SEARCH fsm=SEARCH phase=EXPLORE_ALIGN mode=SEARCH | reason=semantic_explore_align | explore_phase=EXPLORE_ALIGN | search_mode=visual_handoff | cmd=wz=-0.050 | front=0.74m
[INFO] [1783540265.864139924] [shared_nav_semantic_explore]: [NAV] step=1430 mode=SEARCH fsm=SEARCH phase=EXPLORE_ALIGN mode=SEARCH | reason=semantic_explore_align | explore_phase=EXPLORE_ALIGN | search_mode=visual_handoff | cmd=wz=-0.050 | front=1.78m
[INFO] [1783540265.928935020] [shared_nav_semantic_explore]: [NAV] step=1431 mode=SEARCH fsm=SEARCH phase=EXPLORE_ALIGN mode=SEARCH | reason=semantic_explore_align | explore_phase=EXPLORE_ALIGN | search_mode=visual_handoff | cmd=wz=-0.050 | front=1.78m
[INFO] [1783540266.019352046] [shared_nav_semantic_explore]: [NAV] step=1432 mode=SEARCH fsm=SEARCH phase=EXPLORE_ALIGN mode=SEARCH | reason=semantic_explore_align | explore_phase=EXPLORE_ALIGN | search_mode=visual_handoff | cmd=wz=-0.050 | front=1.78m
[INFO] [1783540266.148014906] [shared_nav_semantic_explore]: [NAV] step=1433 mode=SEARCH fsm=SEARCH phase=EXPLORE_ALIGN mode=SEARCH | reason=semantic_explore_align | explore_phase=EXPLORE_ALIGN | search_mode=visual_handoff | cmd=wz=-0.050 | front=0.73m
[INFO] [1783540266.214353333] [shared_nav_semantic_explore]: [NAV] step=1434 mode=SEARCH fsm=SEARCH phase=EXPLORE_ALIGN mode=SEARCH | reason=semantic_explore_align | explore_phase=EXPLORE_ALIGN | search_mode=visual_handoff | cmd=wz=-0.050 | front=0.72m
[INFO] [1783540266.315981930] [shared_nav_semantic_explore]: [NAV] step=1435 mode=SEARCH fsm=SEARCH phase=EXPLORE_ALIGN mode=SEARCH | reason=semantic_explore_align | explore_phase=EXPLORE_ALIGN | search_mode=visual_handoff | cmd=wz=-0.050 | front=0.69m
[INFO] [1783540266.415032947] [shared_nav_semantic_explore]: [NAV] step=1436 mode=SEARCH fsm=SEARCH phase=EXPLORE_ALIGN mode=SEARCH | reason=semantic_explore_align | explore_phase=EXPLORE_ALIGN | search_mode=visual_handoff | cmd=wz=-0.050 | front=0.72m
[INFO] [1783540266.526505909] [shared_nav_semantic_explore]: [NAV] step=1437 mode=SEARCH fsm=SEARCH phase=EXPLORE_ALIGN mode=SEARCH | reason=semantic_explore_align | explore_phase=EXPLORE_ALIGN | search_mode=visual_handoff | cmd=wz=-0.050 | front=0.71m
[INFO] [1783540266.631978877] [shared_nav_semantic_explore]: [NAV] step=1438 mode=SEARCH fsm=SEARCH phase=EXPLORE_ALIGN mode=SEARCH | reason=semantic_explore_align | explore_phase=EXPLORE_ALIGN | search_mode=visual_handoff | cmd=wz=-0.050 | front=0.65m
[INFO] [1783540266.720006114] [shared_nav_semantic_explore]: [NAV] step=1439 mode=SEARCH fsm=SEARCH phase=EXPLORE_ALIGN mode=SEARCH | reason=semantic_explore_align | explore_phase=EXPLORE_ALIGN | search_mode=visual_handoff | cmd=wz=-0.050 | front=0.69m
[INFO] [1783540266.816316592] [shared_nav_semantic_explore]: [NAV] step=1440 mode=SEARCH fsm=SEARCH phase=EXPLORE_ALIGN mode=SEARCH | reason=semantic_explore_align | explore_phase=EXPLORE_ALIGN | search_mode=visual_handoff | cmd=wz=-0.050 | front=0.66m
[INFO] [1783540266.908578992] [shared_nav_semantic_explore]: [NAV] step=1441 mode=SEARCH fsm=SEARCH phase=EXPLORE_ALIGN mode=SEARCH | reason=semantic_explore_align | explore_phase=EXPLORE_ALIGN | search_mode=visual_handoff | cmd=wz=-0.050 | front=0.69m
[INFO] [1783540267.011593212] [shared_nav_semantic_explore]: [NAV] step=1442 mode=SEARCH fsm=SEARCH phase=EXPLORE_ALIGN mode=SEARCH | reason=semantic_explore_align | explore_phase=EXPLORE_ALIGN | search_mode=visual_handoff | cmd=wz=-0.050 | front=0.64m
[INFO] [1783540267.114049934] [shared_nav_semantic_explore]: [NAV] step=1443 mode=SEARCH fsm=SEARCH phase=EXPLORE_ALIGN mode=SEARCH | reason=semantic_explore_align | explore_phase=EXPLORE_ALIGN | search_mode=visual_handoff | cmd=wz=-0.050 | front=0.69m
[INFO] [1783540267.210378870] [shared_nav_semantic_explore]: [NAV] step=1444 mode=SEARCH fsm=SEARCH phase=EXPLORE_ALIGN mode=SEARCH | reason=semantic_explore_align | explore_phase=EXPLORE_ALIGN | search_mode=visual_handoff | cmd=wz=-0.050 | front=0.67m
[INFO] [1783540267.329421657] [shared_nav_semantic_explore]: [NAV] step=1445 mode=SEARCH fsm=SEARCH phase=EXPLORE_STEP mode=SEARCH | reason=semantic_explore_step | explore_phase=EXPLORE_STEP | search_mode=visual_handoff | cmd=vx=+0.040 | front=0.67m
[INFO] [1783540267.415423022] [shared_nav_semantic_explore]: [NAV] step=1446 mode=SEARCH fsm=SEARCH phase=EXPLORE_STEP mode=SEARCH | reason=semantic_explore_step | explore_phase=EXPLORE_STEP | search_mode=visual_handoff | cmd=vx=+0.040 | front=0.67m
[INFO] [1783540267.508206879] [shared_nav_semantic_explore]: [NAV] step=1447 mode=SEARCH fsm=SEARCH phase=EXPLORE_STEP mode=SEARCH | reason=semantic_explore_step | explore_phase=EXPLORE_STEP | search_mode=visual_handoff | cmd=vx=+0.040 | front=0.68m
[INFO] [1783540267.608974685] [shared_nav_semantic_explore]: [NAV] step=1448 mode=SEARCH fsm=SEARCH phase=EXPLORE_STEP mode=SEARCH | reason=semantic_explore_step | explore_phase=EXPLORE_STEP | search_mode=visual_handoff | cmd=vx=+0.040 | front=0.68m
[INFO] [1783540267.708991201] [shared_nav_semantic_explore]: [NAV] step=1449 mode=SEARCH fsm=SEARCH phase=EXPLORE_STEP mode=SEARCH | reason=semantic_explore_step | explore_phase=EXPLORE_STEP | search_mode=visual_handoff | cmd=vx=+0.040 | front=0.67m
[INFO] [1783540267.864361573] [shared_nav_semantic_explore]: [NAV] step=1450 mode=SEARCH fsm=SEARCH phase=EXPLORE_STEP mode=SEARCH | reason=semantic_explore_step | explore_phase=EXPLORE_STEP | search_mode=visual_handoff | cmd=vx=+0.040 | front=0.67m
[INFO] [1783540267.916350767] [shared_nav_semantic_explore]: [NAV] step=1451 mode=SEARCH fsm=SEARCH phase=EXPLORE_STEP mode=SEARCH | reason=semantic_explore_step | explore_phase=EXPLORE_STEP | search_mode=visual_handoff | cmd=vx=+0.040 | front=2.15m
[INFO] [1783540268.066110020] [shared_nav_semantic_explore]: [NAV] step=1452 mode=SEARCH fsm=SEARCH phase=EXPLORE_STEP mode=SEARCH | reason=semantic_explore_step | explore_phase=EXPLORE_STEP | search_mode=visual_handoff | cmd=vx=+0.040 | front=2.12m
[INFO] [1783540268.130547866] [shared_nav_semantic_explore]: [NAV] step=1453 mode=SEARCH fsm=SEARCH phase=EXPLORE_STEP mode=SEARCH | reason=semantic_explore_step | explore_phase=EXPLORE_STEP | search_mode=visual_handoff | cmd=vx=+0.040 | front=2.12m
[INFO] [1783540268.238582124] [shared_nav_semantic_explore]: [NAV] step=1454 mode=SEARCH fsm=SEARCH phase=EXPLORE_STEP mode=SEARCH | reason=semantic_explore_step | explore_phase=EXPLORE_STEP | search_mode=visual_handoff | cmd=vx=+0.040 | front=2.14m
[INFO] [1783540268.335731184] [shared_nav_semantic_explore]: [NAV] step=1455 mode=SEARCH fsm=SEARCH phase=EXPLORE_STEP mode=SEARCH | reason=semantic_explore_step | explore_phase=EXPLORE_STEP | search_mode=visual_handoff | cmd=vx=+0.040 | front=2.04m
[INFO] [1783540268.426608877] [shared_nav_semantic_explore]: [NAV] step=1456 mode=SEARCH fsm=SEARCH phase=EXPLORE_STEP mode=SEARCH | reason=semantic_explore_step | explore_phase=EXPLORE_STEP | search_mode=visual_handoff | cmd=vx=+0.040 | front=2.20m
[INFO] [1783540268.549264035] [shared_nav_semantic_explore]: [NAV] step=1457 mode=SEARCH fsm=SEARCH phase=EXPLORE_STEP mode=SEARCH | reason=semantic_explore_step | explore_phase=EXPLORE_STEP | search_mode=visual_handoff | cmd=vx=+0.040 | front=1.99m
[INFO] [1783540268.697208082] [shared_nav_semantic_explore]: [NAV] step=1458 mode=SEARCH fsm=SEARCH phase=EXPLORE_STEP mode=SEARCH | reason=semantic_explore_step | explore_phase=EXPLORE_STEP | search_mode=visual_handoff | cmd=vx=+0.040 | front=1.98m
[INFO] [1783540268.758418723] [shared_nav_semantic_explore]: [NAV] step=1459 mode=SEARCH fsm=SEARCH phase=EXPLORE_STEP mode=SEARCH | reason=semantic_explore_step | explore_phase=EXPLORE_STEP | search_mode=visual_handoff | cmd=vx=+0.040 | front=1.95m
[INFO] [1783540268.811044874] [shared_nav_semantic_explore]: [NAV] step=1460 mode=SEARCH fsm=SEARCH phase=EXPLORE_STEP mode=SEARCH | reason=semantic_explore_step | explore_phase=EXPLORE_STEP | search_mode=visual_handoff | cmd=vx=+0.040 | front=1.95m
[INFO] [1783540268.913346263] [shared_nav_semantic_explore]: [NAV] step=1461 mode=SEARCH fsm=SEARCH phase=EXPLORE_STEP mode=SEARCH | reason=semantic_explore_step | explore_phase=EXPLORE_STEP | search_mode=visual_handoff | cmd=vx=+0.040 | front=1.92m
[INFO] [1783540269.044886828] [shared_nav_semantic_explore]: [NAV] step=1462 mode=SEARCH fsm=SEARCH phase=EXPLORE_STEP mode=SEARCH | reason=semantic_explore_step | explore_phase=EXPLORE_STEP | search_mode=visual_handoff | cmd=vx=+0.040 | front=1.91m
[INFO] [1783540269.125050782] [shared_nav_semantic_explore]: [NAV] step=1463 mode=SEARCH fsm=SEARCH phase=EXPLORE_STEP mode=SEARCH | reason=semantic_explore_step | explore_phase=EXPLORE_STEP | search_mode=visual_handoff | cmd=vx=+0.040 | front=1.90m
[INFO] [1783540269.210432231] [shared_nav_semantic_explore]: [NAV] step=1464 mode=SEARCH fsm=SEARCH phase=EXPLORE_STEP mode=SEARCH | reason=semantic_explore_step | explore_phase=EXPLORE_STEP | search_mode=visual_handoff | cmd=vx=+0.040 | front=1.90m
[INFO] [1783540269.317033365] [shared_nav_semantic_explore]: [NAV] step=1465 mode=SEARCH fsm=SEARCH phase=EXPLORE_STEP mode=SEARCH | reason=semantic_explore_step | explore_phase=EXPLORE_STEP | search_mode=visual_handoff | cmd=vx=+0.040 | front=1.87m
[INFO] [1783540269.420690044] [shared_nav_semantic_explore]: [NAV] step=1466 mode=SEARCH fsm=SEARCH phase=EXPLORE_STEP mode=SEARCH | reason=semantic_explore_step | explore_phase=EXPLORE_STEP | search_mode=visual_handoff | cmd=vx=+0.040 | front=1.86m
[INFO] [1783540269.513843650] [shared_nav_semantic_explore]: [NAV] step=1467 mode=SEARCH fsm=SEARCH phase=EXPLORE_STEP mode=SEARCH | reason=semantic_explore_step | explore_phase=EXPLORE_STEP | search_mode=visual_handoff | cmd=vx=+0.040 | front=1.85m
[INFO] [1783540269.610399920] [shared_nav_semantic_explore]: [NAV] step=1468 mode=SEARCH fsm=SEARCH phase=EXPLORE_STEP mode=SEARCH | reason=semantic_explore_step | explore_phase=EXPLORE_STEP | search_mode=visual_handoff | cmd=vx=+0.040 | front=1.84m
[INFO] [1783540269.712678517] [shared_nav_semantic_explore]: [NAV] step=1469 mode=SEARCH fsm=SEARCH phase=EXPLORE_STEP mode=SEARCH | reason=semantic_explore_step | explore_phase=EXPLORE_STEP | search_mode=visual_handoff | cmd=vx=+0.040 | front=1.83m
[INFO] [1783540269.818180819] [shared_nav_semantic_explore]: [NAV] step=1470 mode=SEARCH fsm=SEARCH phase=EXPLORE_STEP mode=SEARCH | reason=semantic_explore_step | explore_phase=EXPLORE_STEP | search_mode=visual_handoff | cmd=vx=+0.040 | front=1.83m
[INFO] [1783540269.936898440] [shared_nav_semantic_explore]: [NAV] step=1471 mode=SEARCH fsm=SEARCH phase=EXPLORE_STEP mode=SEARCH | reason=semantic_explore_step | explore_phase=EXPLORE_STEP | search_mode=visual_handoff | cmd=vx=+0.040 | front=1.81m
[INFO] [1783540270.039338911] [shared_nav_semantic_explore]: [NAV] step=1472 mode=SEARCH fsm=SEARCH phase=EXPLORE_STEP mode=SEARCH | reason=semantic_explore_step | explore_phase=EXPLORE_STEP | search_mode=visual_handoff | cmd=vx=+0.040 | front=1.79m
[INFO] [1783540270.128669481] [shared_nav_semantic_explore]: [NAV] step=1473 mode=SEARCH fsm=SEARCH phase=EXPLORE_STEP mode=SEARCH | reason=semantic_explore_step | explore_phase=EXPLORE_STEP | search_mode=visual_handoff | cmd=vx=+0.040 | front=1.77m
[INFO] [1783540270.225937417] [shared_nav_semantic_explore]: [NAV] step=1474 mode=SEARCH fsm=SEARCH phase=EXPLORE_ALIGN mode=SEARCH | reason=semantic_explore_align | explore_phase=EXPLORE_ALIGN | search_mode=visual_handoff | cmd=wz=+0.050 | front=1.76m
[INFO] [1783540270.323107144] [shared_nav_semantic_explore]: [NAV] step=1475 mode=SEARCH fsm=SEARCH phase=EXPLORE_ALIGN mode=SEARCH | reason=semantic_explore_align | explore_phase=EXPLORE_ALIGN | search_mode=visual_handoff | cmd=wz=+0.050 | front=1.74m
[INFO] [1783540270.417027167] [shared_nav_semantic_explore]: [NAV] step=1476 mode=SEARCH fsm=SEARCH phase=EXPLORE_ALIGN mode=SEARCH | reason=semantic_explore_idle_wait | explore_phase=EXPLORE_ALIGN | search_mode=visual_handoff | cmd=stop | front=1.75m
[INFO] [1783540270.539735200] [shared_nav_semantic_explore]: [NAV] step=1477 mode=SEARCH fsm=SEARCH phase=EXPLORE_ALIGN mode=SEARCH | reason=semantic_explore_idle_wait | explore_phase=EXPLORE_ALIGN | search_mode=visual_handoff | cmd=stop | front=1.72m
[INFO] [1783540270.630630101] [shared_nav_semantic_explore]: [NAV] step=1478 mode=SEARCH fsm=SEARCH phase=EXPLORE_ALIGN mode=SEARCH | reason=semantic_explore_idle_wait | explore_phase=EXPLORE_ALIGN | search_mode=visual_handoff | cmd=stop | front=1.72m
[INFO] [1783540270.717021840] [shared_nav_semantic_explore]: [NAV] step=1479 mode=SEARCH fsm=SEARCH phase=EXPLORE_ALIGN mode=SEARCH | reason=semantic_explore_idle_wait | explore_phase=EXPLORE_ALIGN | search_mode=visual_handoff | cmd=stop | front=1.71m
[INFO] [1783540270.811991862] [shared_nav_semantic_explore]: [NAV] step=1480 mode=SEARCH fsm=SEARCH phase=EXPLORE_ALIGN mode=SEARCH | reason=semantic_explore_idle_wait | explore_phase=EXPLORE_ALIGN | search_mode=visual_handoff | cmd=stop | front=1.70m
[INFO] [1783540270.909143215] [shared_nav_semantic_explore]: [NAV] step=1481 mode=SEARCH fsm=SEARCH phase=EXPLORE_ALIGN mode=SEARCH | reason=semantic_explore_idle_wait | explore_phase=EXPLORE_ALIGN | search_mode=visual_handoff | cmd=stop | front=1.71m
[INFO] [1783540271.017153639] [shared_nav_semantic_explore]: [NAV] step=1482 mode=SEARCH fsm=SEARCH phase=EXPLORE_ALIGN mode=SEARCH | reason=semantic_explore_idle_wait | explore_phase=EXPLORE_ALIGN | search_mode=visual_handoff | cmd=stop | front=1.71m
[INFO] [1783540271.114853991] [shared_nav_semantic_explore]: [NAV] step=1483 mode=SEARCH fsm=SEARCH phase=EXPLORE_ALIGN mode=SEARCH | reason=semantic_explore_idle_wait | explore_phase=EXPLORE_ALIGN | search_mode=visual_handoff | cmd=stop | front=1.71m
[INFO] [1783540271.207851890] [shared_nav_semantic_explore]: [NAV] step=1484 mode=SEARCH fsm=SEARCH phase=EXPLORE_ALIGN mode=SEARCH | reason=semantic_explore_idle_wait | explore_phase=EXPLORE_ALIGN | search_mode=visual_handoff | cmd=stop | front=1.72m
[INFO] [1783540271.329425133] [shared_nav_semantic_explore]: [NAV] step=1485 mode=SEARCH fsm=SEARCH phase=EXPLORE_ALIGN mode=SEARCH | reason=semantic_explore_idle_wait | explore_phase=EXPLORE_ALIGN | search_mode=visual_handoff | cmd=stop | front=1.70m
[INFO] [1783540271.404633801] [shared_nav_semantic_explore]: [NAV] step=1486 mode=SEARCH fsm=SEARCH phase=EXPLORE_ALIGN mode=SEARCH | reason=semantic_explore_idle_wait | explore_phase=EXPLORE_ALIGN | search_mode=visual_handoff | cmd=stop | front=1.72m
[INFO] [1783540271.517893761] [shared_nav_semantic_explore]: [NAV] step=1487 mode=SEARCH fsm=SEARCH phase=EXPLORE_ALIGN mode=SEARCH | reason=semantic_explore_idle_wait | explore_phase=EXPLORE_ALIGN | search_mode=visual_handoff | cmd=stop | front=1.71m
[INFO] [1783540271.609850161] [shared_nav_semantic_explore]: [NAV] step=1488 mode=SEARCH fsm=SEARCH phase=EXPLORE_ALIGN mode=SEARCH | reason=semantic_explore_idle_wait | explore_phase=EXPLORE_ALIGN | search_mode=visual_handoff | cmd=stop | front=1.72m
[INFO] [1783540271.707647763] [shared_nav_semantic_explore]: [NAV] step=1489 mode=SEARCH fsm=SEARCH phase=EXPLORE_ALIGN mode=SEARCH | reason=semantic_explore_idle_wait | explore_phase=EXPLORE_ALIGN | search_mode=visual_handoff | cmd=stop | front=1.71m
[INFO] [1783540271.807232613] [shared_nav_semantic_explore]: [NAV] step=1490 mode=SEARCH fsm=SEARCH phase=EXPLORE_ALIGN mode=SEARCH | reason=semantic_explore_idle_wait | explore_phase=EXPLORE_ALIGN | search_mode=visual_handoff | cmd=stop | front=1.70m
[INFO] [1783540271.915421662] [shared_nav_semantic_explore]: [NAV] step=1491 mode=SEARCH fsm=SEARCH phase=EXPLORE_ALIGN mode=SEARCH | reason=semantic_explore_idle_wait | explore_phase=EXPLORE_ALIGN | search_mode=visual_handoff | cmd=stop | front=1.72m
[INFO] [1783540272.012973014] [shared_nav_semantic_explore]: [NAV] step=1492 mode=SEARCH fsm=SEARCH phase=EXPLORE_ALIGN mode=SEARCH | reason=semantic_explore_idle_wait | explore_phase=EXPLORE_ALIGN | search_mode=visual_handoff | cmd=stop | front=1.70m
[INFO] [1783540272.136089381] [shared_nav_semantic_explore]: [NAV] step=1493 mode=SEARCH fsm=SEARCH phase=EXPLORE_ALIGN mode=SEARCH | reason=semantic_explore_idle_wait | explore_phase=EXPLORE_ALIGN | search_mode=visual_handoff | cmd=stop | front=1.71m
[INFO] [1783540272.215735419] [shared_nav_semantic_explore]: [NAV] step=1494 mode=SEARCH fsm=SEARCH phase=EXPLORE_ALIGN mode=SEARCH | reason=semantic_explore_idle_wait | explore_phase=EXPLORE_ALIGN | search_mode=visual_handoff | cmd=stop | front=1.71m
[INFO] [1783540272.367168088] [shared_nav_semantic_explore]: [NAV] step=1495 mode=SEARCH fsm=SEARCH phase=EXPLORE_ALIGN mode=SEARCH | reason=semantic_explore_idle_wait | explore_phase=EXPLORE_ALIGN | search_mode=visual_handoff | cmd=stop | front=1.71m
[INFO] [1783540272.417015534] [shared_nav_semantic_explore]: [NAV] step=1496 mode=SEARCH fsm=SEARCH phase=EXPLORE_ALIGN mode=SEARCH | reason=semantic_explore_idle_wait | explore_phase=EXPLORE_ALIGN | search_mode=visual_handoff | cmd=stop | front=1.71m
[INFO] [1783540272.520261172] [shared_nav_semantic_explore]: [NAV] step=1497 mode=SEARCH fsm=SEARCH phase=EXPLORE_ALIGN mode=SEARCH | reason=semantic_explore_idle_wait | explore_phase=EXPLORE_ALIGN | search_mode=visual_handoff | cmd=stop | front=1.72m
[INFO] [1783540272.619758105] [shared_nav_semantic_explore]: [NAV] step=1498 mode=SEARCH fsm=SEARCH phase=EXPLORE_ALIGN mode=SEARCH | reason=semantic_explore_idle_wait | explore_phase=EXPLORE_ALIGN | search_mode=visual_handoff | cmd=stop | front=1.72m
[INFO] [1783540272.725883406] [shared_nav_semantic_explore]: [NAV] step=1499 mode=SEARCH fsm=SEARCH phase=EXPLORE_ALIGN mode=SEARCH | reason=semantic_explore_idle_wait | explore_phase=EXPLORE_ALIGN | search_mode=visual_handoff | cmd=stop | front=1.70m
[INFO] [1783540272.834134914] [shared_nav_semantic_explore]: [NAV] step=1500 mode=SEARCH fsm=SEARCH phase=EXPLORE_ALIGN mode=SEARCH | reason=semantic_explore_idle_wait | explore_phase=EXPLORE_ALIGN | search_mode=visual_handoff | cmd=stop | front=1.72m
[INFO] [1783540272.925162440] [shared_nav_semantic_explore]: [NAV] step=1501 mode=SEARCH fsm=SEARCH phase=EXPLORE_ALIGN mode=SEARCH | reason=semantic_explore_idle_wait | explore_phase=EXPLORE_ALIGN | search_mode=visual_handoff | cmd=stop | front=1.72m
[INFO] [1783540273.009065515] [shared_nav_semantic_explore]: [NAV] step=1502 mode=SEARCH fsm=SEARCH phase=EXPLORE_ALIGN mode=SEARCH | reason=semantic_explore_idle_wait | explore_phase=EXPLORE_ALIGN | search_mode=visual_handoff | cmd=stop | front=1.72m
[INFO] [1783540273.111816571] [shared_nav_semantic_explore]: [NAV] step=1503 mode=SEARCH fsm=SEARCH phase=EXPLORE_ALIGN mode=SEARCH | reason=semantic_explore_idle_wait | explore_phase=EXPLORE_ALIGN | search_mode=visual_handoff | cmd=stop | front=1.72m
[INFO] [1783540273.208752882] [shared_nav_semantic_explore]: [NAV] step=1504 mode=SEARCH fsm=SEARCH phase=EXPLORE_ALIGN mode=SEARCH | reason=semantic_explore_idle_wait | explore_phase=EXPLORE_ALIGN | search_mode=visual_handoff | cmd=stop | front=1.70m
[INFO] [1783540273.311085938] [shared_nav_semantic_explore]: [NAV] step=1505 mode=SEARCH fsm=SEARCH phase=EXPLORE_ALIGN mode=SEARCH | reason=semantic_explore_idle_wait | explore_phase=EXPLORE_ALIGN | search_mode=visual_handoff | cmd=stop | front=1.70m
[INFO] [1783540273.405455002] [shared_nav_semantic_explore]: [NAV] step=1506 mode=SEARCH fsm=SEARCH phase=EXPLORE_ALIGN mode=SEARCH | reason=semantic_explore_idle_wait | explore_phase=EXPLORE_ALIGN | search_mode=visual_handoff | cmd=stop | front=1.72m
[INFO] [1783540273.513430718] [shared_nav_semantic_explore]: [NAV] step=1507 mode=SEARCH fsm=SEARCH phase=EXPLORE_ALIGN mode=SEARCH | reason=semantic_explore_idle_wait | explore_phase=EXPLORE_ALIGN | search_mode=visual_handoff | cmd=stop | front=1.71m
[INFO] [1783540273.608434698] [shared_nav_semantic_explore]: [NAV] step=1508 mode=SEARCH fsm=SEARCH phase=EXPLORE_ALIGN mode=SEARCH | reason=semantic_explore_idle_wait | explore_phase=EXPLORE_ALIGN | search_mode=visual_handoff | cmd=stop | front=1.71m
[INFO] [1783540273.715015291] [shared_nav_semantic_explore]: [NAV] step=1509 mode=SEARCH fsm=SEARCH phase=EXPLORE_ALIGN mode=SEARCH | reason=semantic_explore_idle_wait | explore_phase=EXPLORE_ALIGN | search_mode=visual_handoff | cmd=stop | front=1.70m
[INFO] [1783540273.811505978] [shared_nav_semantic_explore]: [NAV] step=1510 mode=SEARCH fsm=SEARCH phase=EXPLORE_ALIGN mode=SEARCH | reason=semantic_explore_idle_wait | explore_phase=EXPLORE_ALIGN | search_mode=visual_handoff | cmd=stop | front=1.72m
[INFO] [1783540273.908700622] [shared_nav_semantic_explore]: [NAV] step=1511 mode=SEARCH fsm=SEARCH phase=EXPLORE_ALIGN mode=SEARCH | reason=semantic_explore_idle_wait | explore_phase=EXPLORE_ALIGN | search_mode=visual_handoff | cmd=stop | front=1.72m
[INFO] [1783540274.013788300] [shared_nav_semantic_explore]: [NAV] step=1512 mode=SEARCH fsm=SEARCH phase=EXPLORE_ALIGN mode=SEARCH | reason=semantic_explore_idle_wait | explore_phase=EXPLORE_ALIGN | search_mode=visual_handoff | cmd=stop | front=1.70m
[INFO] [1783540274.121800516] [shared_nav_semantic_explore]: [NAV] step=1513 mode=SEARCH fsm=SEARCH phase=EXPLORE_ALIGN mode=SEARCH | reason=semantic_explore_idle_wait | explore_phase=EXPLORE_ALIGN | search_mode=visual_handoff | cmd=stop | front=1.70m
[INFO] [1783540274.222920406] [shared_nav_semantic_explore]: [NAV] step=1514 mode=SEARCH fsm=SEARCH phase=EXPLORE_ALIGN mode=SEARCH | reason=semantic_explore_idle_wait | explore_phase=EXPLORE_ALIGN | search_mode=visual_handoff | cmd=stop | front=1.72m
[INFO] [1783540274.369579997] [shared_nav_semantic_explore]: [NAV] step=1515 mode=SEARCH fsm=SEARCH phase=EXPLORE_ALIGN mode=SEARCH | reason=semantic_explore_idle_wait | explore_phase=EXPLORE_ALIGN | search_mode=visual_handoff | cmd=stop | front=1.70m
[INFO] [1783540274.433739428] [shared_nav_semantic_explore]: [NAV] step=1516 mode=SEARCH fsm=SEARCH phase=EXPLORE_ALIGN mode=SEARCH | reason=semantic_explore_idle_wait | explore_phase=EXPLORE_ALIGN | search_mode=visual_handoff | cmd=stop | front=1.70m
[INFO] [1783540274.520333209] [shared_nav_semantic_explore]: [NAV] step=1517 mode=SEARCH fsm=SEARCH phase=EXPLORE_ALIGN mode=SEARCH | reason=semantic_explore_idle_wait | explore_phase=EXPLORE_ALIGN | search_mode=visual_handoff | cmd=stop | front=1.70m
[INFO] [1783540274.666179342] [shared_nav_semantic_explore]: [NAV] step=1518 mode=SEARCH fsm=SEARCH phase=EXPLORE_ALIGN mode=SEARCH | reason=semantic_explore_idle_wait | explore_phase=EXPLORE_ALIGN | search_mode=visual_handoff | cmd=stop | front=1.70m
[INFO] [1783540274.775776099] [shared_nav_semantic_explore]: [NAV] step=1519 mode=SEARCH fsm=SEARCH phase=EXPLORE_ALIGN mode=SEARCH | reason=semantic_explore_idle_wait | explore_phase=EXPLORE_ALIGN | search_mode=visual_handoff | cmd=stop | front=1.70m
[INFO] [1783540274.837717698] [shared_nav_semantic_explore]: [NAV] step=1520 mode=SEARCH fsm=SEARCH phase=EXPLORE_ALIGN mode=SEARCH | reason=semantic_explore_idle_wait | explore_phase=EXPLORE_ALIGN | search_mode=visual_handoff | cmd=stop | front=1.71m
[INFO] [1783540274.938796547] [shared_nav_semantic_explore]: [NAV] step=1521 mode=SEARCH fsm=SEARCH phase=EXPLORE_ALIGN mode=SEARCH | reason=semantic_explore_idle_wait | explore_phase=EXPLORE_ALIGN | search_mode=visual_handoff | cmd=stop | front=1.71m
[INFO] [1783540275.041787435] [shared_nav_semantic_explore]: [NAV] step=1522 mode=SEARCH fsm=SEARCH phase=EXPLORE_ALIGN mode=SEARCH | reason=semantic_explore_idle_wait | explore_phase=EXPLORE_ALIGN | search_mode=visual_handoff | cmd=stop | front=1.71m
[INFO] [1783540275.110965444] [shared_nav_semantic_explore]: [NAV] step=1523 mode=SEARCH fsm=SEARCH phase=EXPLORE_ALIGN mode=SEARCH | reason=semantic_explore_idle_wait | explore_phase=EXPLORE_ALIGN | search_mode=visual_handoff | cmd=stop | front=1.71m
[INFO] [1783540275.225741694] [shared_nav_semantic_explore]: [NAV] step=1524 mode=SEARCH fsm=SEARCH phase=EXPLORE_ALIGN mode=SEARCH | reason=semantic_explore_idle_wait | explore_phase=EXPLORE_ALIGN | search_mode=visual_handoff | cmd=stop | front=1.72m
[INFO] [1783540275.363669920] [shared_nav_semantic_explore]: [NAV] step=1525 mode=SEARCH fsm=SEARCH phase=EXPLORE_ALIGN mode=SEARCH | reason=semantic_explore_idle_wait | explore_phase=EXPLORE_ALIGN | search_mode=visual_handoff | cmd=stop | front=1.71m
[INFO] [1783540275.425470978] [shared_nav_semantic_explore]: [NAV] step=1526 mode=SEARCH fsm=SEARCH phase=EXPLORE_ALIGN mode=SEARCH | reason=semantic_explore_idle_wait | explore_phase=EXPLORE_ALIGN | search_mode=visual_handoff | cmd=stop | front=1.71m
[INFO] [1783540275.518089211] [shared_nav_semantic_explore]: [NAV] step=1527 mode=SEARCH fsm=SEARCH phase=EXPLORE_ALIGN mode=SEARCH | reason=semantic_explore_idle_wait | explore_phase=EXPLORE_ALIGN | search_mode=visual_handoff | cmd=stop | front=1.73m
[INFO] [1783540275.634797251] [shared_nav_semantic_explore]: [NAV] step=1528 mode=SEARCH fsm=SEARCH phase=EXPLORE_ALIGN mode=SEARCH | reason=semantic_explore_idle_wait | explore_phase=EXPLORE_ALIGN | search_mode=visual_handoff | cmd=stop | front=1.71m
[INFO] [1783540275.724580529] [shared_nav_semantic_explore]: [NAV] step=1529 mode=SEARCH fsm=SEARCH phase=EXPLORE_ALIGN mode=SEARCH | reason=semantic_explore_idle_wait | explore_phase=EXPLORE_ALIGN | search_mode=visual_handoff | cmd=stop | front=1.70m
[INFO] [1783540275.824685754] [shared_nav_semantic_explore]: [NAV] step=1530 mode=SEARCH fsm=SEARCH phase=EXPLORE_ALIGN mode=SEARCH | reason=semantic_explore_idle_wait | explore_phase=EXPLORE_ALIGN | search_mode=visual_handoff | cmd=stop | front=1.71m
[INFO] [1783540275.936826590] [shared_nav_semantic_explore]: [NAV] step=1531 mode=SEARCH fsm=SEARCH phase=EXPLORE_ALIGN mode=SEARCH | reason=semantic_explore_idle_wait | explore_phase=EXPLORE_ALIGN | search_mode=visual_handoff | cmd=stop | front=1.71m
[INFO] [1783540276.042259226] [shared_nav_semantic_explore]: [NAV] step=1532 mode=SEARCH fsm=SEARCH phase=EXPLORE_ALIGN mode=SEARCH | reason=semantic_explore_idle_wait | explore_phase=EXPLORE_ALIGN | search_mode=visual_handoff | cmd=stop | front=1.70m
[INFO] [1783540276.142679742] [shared_nav_semantic_explore]: [NAV] step=1533 mode=SEARCH fsm=SEARCH phase=EXPLORE_ALIGN mode=SEARCH | reason=semantic_explore_idle_wait | explore_phase=EXPLORE_ALIGN | search_mode=visual_handoff | cmd=stop | front=1.71m
[INFO] [1783540276.345118648] [shared_nav_semantic_explore]: [NAV] step=1534 mode=SEARCH fsm=SEARCH phase=EXPLORE_ALIGN mode=SEARCH | reason=semantic_explore_idle_wait | explore_phase=EXPLORE_ALIGN | search_mode=visual_handoff | cmd=stop | front=1.70m
[INFO] [1783540276.450547284] [shared_nav_semantic_explore]: [NAV] step=1535 mode=SEARCH fsm=SEARCH phase=EXPLORE_ALIGN mode=SEARCH | reason=semantic_explore_idle_wait | explore_phase=EXPLORE_ALIGN | search_mode=visual_handoff | cmd=stop | front=1.71m
[INFO] [1783540276.549379219] [shared_nav_semantic_explore]: [NAV] step=1536 mode=SEARCH fsm=SEARCH phase=EXPLORE_ALIGN mode=SEARCH | reason=semantic_explore_idle_wait | explore_phase=EXPLORE_ALIGN | search_mode=visual_handoff | cmd=stop | front=1.72m
[INFO] [1783540276.677758747] [shared_nav_semantic_explore]: [NAV] step=1537 mode=SEARCH fsm=SEARCH phase=EXPLORE_ALIGN mode=SEARCH | reason=semantic_explore_idle_wait | explore_phase=EXPLORE_ALIGN | search_mode=visual_handoff | cmd=stop | front=1.71m
[INFO] [1783540276.777214389] [shared_nav_semantic_explore]: [NAV] step=1538 mode=SEARCH fsm=SEARCH phase=EXPLORE_ALIGN mode=SEARCH | reason=semantic_explore_idle_wait | explore_phase=EXPLORE_ALIGN | search_mode=visual_handoff | cmd=stop | front=1.70m
[INFO] [1783540276.810493478] [shared_nav_semantic_explore]: [NAV] step=1539 mode=SEARCH fsm=SEARCH phase=EXPLORE_ALIGN mode=SEARCH | reason=semantic_explore_idle_wait | explore_phase=EXPLORE_ALIGN | search_mode=visual_handoff | cmd=stop | front=1.71m
[INFO] [1783540276.927537643] [shared_nav_semantic_explore]: [NAV] step=1540 mode=SEARCH fsm=SEARCH phase=EXPLORE_ALIGN mode=SEARCH | reason=semantic_explore_idle_wait | explore_phase=EXPLORE_ALIGN | search_mode=visual_handoff | cmd=stop | front=1.69m
[INFO] [1783540277.037080566] [shared_nav_semantic_explore]: [NAV] step=1541 mode=SEARCH fsm=SEARCH phase=EXPLORE_ALIGN mode=SEARCH | reason=semantic_explore_idle_wait | explore_phase=EXPLORE_ALIGN | search_mode=visual_handoff | cmd=stop | front=1.71m
[INFO] [1783540277.127095094] [shared_nav_semantic_explore]: [NAV] step=1542 mode=SEARCH fsm=SEARCH phase=EXPLORE_ALIGN mode=SEARCH | reason=semantic_explore_idle_wait | explore_phase=EXPLORE_ALIGN | search_mode=visual_handoff | cmd=stop | front=1.70m
[INFO] [1783540277.230825648] [shared_nav_semantic_explore]: [NAV] step=1543 mode=SEARCH fsm=SEARCH phase=EXPLORE_ALIGN mode=SEARCH | reason=semantic_explore_idle_wait | explore_phase=EXPLORE_ALIGN | search_mode=visual_handoff | cmd=stop | front=1.72m
[INFO] [1783540277.314330141] [shared_nav_semantic_explore]: [NAV] step=1544 mode=SEARCH fsm=SEARCH phase=EXPLORE_ALIGN mode=SEARCH | reason=semantic_explore_idle_wait | explore_phase=EXPLORE_ALIGN | search_mode=visual_handoff | cmd=stop | front=1.72m
[INFO] [1783540277.422910107] [shared_nav_semantic_explore]: [NAV] step=1545 mode=SEARCH fsm=SEARCH phase=EXPLORE_ALIGN mode=SEARCH | reason=semantic_explore_idle_wait | explore_phase=EXPLORE_ALIGN | search_mode=visual_handoff | cmd=stop | front=1.72m
[INFO] [1783540277.514922674] [shared_nav_semantic_explore]: [NAV] step=1546 mode=SEARCH fsm=SEARCH phase=EXPLORE_ALIGN mode=SEARCH | reason=semantic_explore_idle_wait | explore_phase=EXPLORE_ALIGN | search_mode=visual_handoff | cmd=stop | front=1.70m
[INFO] [1783540277.617341063] [shared_nav_semantic_explore]: [NAV] step=1547 mode=SEARCH fsm=SEARCH phase=EXPLORE_ALIGN mode=SEARCH | reason=semantic_explore_idle_wait | explore_phase=EXPLORE_ALIGN | search_mode=visual_handoff | cmd=stop | front=1.71m
[INFO] [1783540277.724039906] [shared_nav_semantic_explore]: [NAV] step=1548 mode=SEARCH fsm=SEARCH phase=EXPLORE_ALIGN mode=SEARCH | reason=semantic_explore_idle_wait | explore_phase=EXPLORE_ALIGN | search_mode=visual_handoff | cmd=stop | front=1.70m
[INFO] [1783540277.818244429] [shared_nav_semantic_explore]: [NAV] step=1549 mode=SEARCH fsm=SEARCH phase=EXPLORE_ALIGN mode=SEARCH | reason=semantic_explore_idle_wait | explore_phase=EXPLORE_ALIGN | search_mode=visual_handoff | cmd=stop | front=1.72m
[INFO] [1783540277.913628618] [shared_nav_semantic_explore]: [NAV] step=1550 mode=SEARCH fsm=SEARCH phase=EXPLORE_ALIGN mode=SEARCH | reason=semantic_explore_idle_wait | explore_phase=EXPLORE_ALIGN | search_mode=visual_handoff | cmd=stop | front=1.71m
[INFO] [1783540278.012968552] [shared_nav_semantic_explore]: [NAV] step=1551 mode=SEARCH fsm=SEARCH phase=EXPLORE_ALIGN mode=SEARCH | reason=semantic_explore_idle_wait | explore_phase=EXPLORE_ALIGN | search_mode=visual_handoff | cmd=stop | front=1.71m
[INFO] [1783540278.110670947] [shared_nav_semantic_explore]: [NAV] step=1552 mode=SEARCH fsm=SEARCH phase=EXPLORE_ALIGN mode=SEARCH | reason=semantic_explore_idle_wait | explore_phase=EXPLORE_ALIGN | search_mode=visual_handoff | cmd=stop | front=1.70m
[INFO] [1783540278.232482940] [shared_nav_semantic_explore]: [NAV] step=1553 mode=SEARCH fsm=SEARCH phase=EXPLORE_ALIGN mode=SEARCH | reason=semantic_explore_idle_wait | explore_phase=EXPLORE_ALIGN | search_mode=visual_handoff | cmd=stop | front=1.72m
[INFO] [1783540278.331972416] [shared_nav_semantic_explore]: [NAV] step=1554 mode=SEARCH fsm=SEARCH phase=EXPLORE_ALIGN mode=SEARCH | reason=semantic_explore_idle_wait | explore_phase=EXPLORE_ALIGN | search_mode=visual_handoff | cmd=stop | front=1.71m
[INFO] [1783540278.427114771] [shared_nav_semantic_explore]: [NAV] step=1555 mode=SEARCH fsm=SEARCH phase=EXPLORE_ALIGN mode=SEARCH | reason=semantic_explore_idle_wait | explore_phase=EXPLORE_ALIGN | search_mode=visual_handoff | cmd=stop | front=1.72m
[INFO] [1783540278.528550953] [shared_nav_semantic_explore]: [NAV] step=1556 mode=SEARCH fsm=SEARCH phase=EXPLORE_ALIGN mode=SEARCH | reason=semantic_explore_idle_wait | explore_phase=EXPLORE_ALIGN | search_mode=visual_handoff | cmd=stop | front=1.70m
[INFO] [1783540278.626802930] [shared_nav_semantic_explore]: [NAV] step=1557 mode=SEARCH fsm=SEARCH phase=EXPLORE_ALIGN mode=SEARCH | reason=semantic_explore_idle_wait | explore_phase=EXPLORE_ALIGN | search_mode=visual_handoff | cmd=stop | front=1.69m
[INFO] [1783540278.728807320] [shared_nav_semantic_explore]: [NAV] step=1558 mode=SEARCH fsm=SEARCH phase=EXPLORE_ALIGN mode=SEARCH | reason=semantic_explore_idle_wait | explore_phase=EXPLORE_ALIGN | search_mode=visual_handoff | cmd=stop | front=1.71m
[INFO] [1783540278.819861139] [shared_nav_semantic_explore]: [NAV] step=1559 mode=SEARCH fsm=SEARCH phase=EXPLORE_ALIGN mode=SEARCH | reason=semantic_explore_idle_wait | explore_phase=EXPLORE_ALIGN | search_mode=visual_handoff | cmd=stop | front=1.69m
[INFO] [1783540278.918679032] [shared_nav_semantic_explore]: [NAV] step=1560 mode=SEARCH fsm=SEARCH phase=EXPLORE_ALIGN mode=SEARCH | reason=semantic_explore_idle_wait | explore_phase=EXPLORE_ALIGN | search_mode=visual_handoff | cmd=stop | front=1.69m
[INFO] [1783540279.026760040] [shared_nav_semantic_explore]: [NAV] step=1561 mode=SEARCH fsm=SEARCH phase=EXPLORE_ALIGN mode=SEARCH | reason=semantic_explore_idle_wait | explore_phase=EXPLORE_ALIGN | search_mode=visual_handoff | cmd=stop | front=1.67m
[INFO] [1783540279.149773657] [shared_nav_semantic_explore]: [NAV] step=1562 mode=SEARCH fsm=SEARCH phase=EXPLORE_ALIGN mode=SEARCH | reason=semantic_explore_idle_wait | explore_phase=EXPLORE_ALIGN | search_mode=visual_handoff | cmd=stop | front=1.67m
[INFO] [1783540279.211968048] [shared_nav_semantic_explore]: [NAV] step=1563 mode=SEARCH fsm=SEARCH phase=EXPLORE_ALIGN mode=SEARCH | reason=semantic_explore_idle_wait | explore_phase=EXPLORE_ALIGN | search_mode=visual_handoff | cmd=stop | front=1.65m
[INFO] [1783540279.309557735] [shared_nav_semantic_explore]: [NAV] step=1564 mode=SEARCH fsm=SEARCH phase=EXPLORE_ALIGN mode=SEARCH | reason=semantic_explore_idle_wait | explore_phase=EXPLORE_ALIGN | search_mode=visual_handoff | cmd=stop | front=1.64m
[INFO] [1783540279.414745288] [shared_nav_semantic_explore]: [NAV] step=1565 mode=SEARCH fsm=SEARCH phase=EXPLORE_ALIGN mode=SEARCH | reason=semantic_explore_idle_wait | explore_phase=EXPLORE_ALIGN | search_mode=visual_handoff | cmd=stop | front=1.64m
[INFO] [1783540279.507515563] [shared_nav_semantic_explore]: [NAV] step=1566 mode=SEARCH fsm=SEARCH phase=EXPLORE_ALIGN mode=SEARCH | reason=semantic_explore_idle_wait | explore_phase=EXPLORE_ALIGN | search_mode=visual_handoff | cmd=stop | front=1.64m
[INFO] [1783540279.621083648] [shared_nav_semantic_explore]: [NAV] step=1567 mode=SEARCH fsm=SEARCH phase=EXPLORE_ALIGN mode=SEARCH | reason=semantic_explore_idle_wait | explore_phase=EXPLORE_ALIGN | search_mode=visual_handoff | cmd=stop | front=1.62m
[INFO] [1783540279.711796217] [shared_nav_semantic_explore]: [NAV] step=1568 mode=SEARCH fsm=SEARCH phase=EXPLORE_ALIGN mode=SEARCH | reason=semantic_explore_idle_wait | explore_phase=EXPLORE_ALIGN | search_mode=visual_handoff | cmd=stop | front=1.62m
[INFO] [1783540279.810732360] [shared_nav_semantic_explore]: [NAV] step=1569 mode=SEARCH fsm=SEARCH phase=EXPLORE_ALIGN mode=SEARCH | reason=semantic_explore_idle_wait | explore_phase=EXPLORE_ALIGN | search_mode=visual_handoff | cmd=stop | front=1.61m
[INFO] [1783540279.908550130] [shared_nav_semantic_explore]: [NAV] step=1570 mode=SEARCH fsm=SEARCH phase=EXPLORE_ALIGN mode=SEARCH | reason=semantic_explore_idle_wait | explore_phase=EXPLORE_ALIGN | search_mode=visual_handoff | cmd=stop | front=1.60m
[INFO] [1783540280.016873221] [shared_nav_semantic_explore]: [NAV] step=1571 mode=SEARCH fsm=SEARCH phase=EXPLORE_ALIGN mode=SEARCH | reason=semantic_explore_idle_wait | explore_phase=EXPLORE_ALIGN | search_mode=visual_handoff | cmd=stop | front=1.60m
[INFO] [1783540280.108593205] [shared_nav_semantic_explore]: [NAV] step=1572 mode=SEARCH fsm=SEARCH phase=EXPLORE_ALIGN mode=SEARCH | reason=semantic_explore_idle_wait | explore_phase=EXPLORE_ALIGN | search_mode=visual_handoff | cmd=stop | front=1.60m
[INFO] [1783540280.232043739] [shared_nav_semantic_explore]: [NAV] step=1573 mode=SEARCH fsm=SEARCH phase=EXPLORE_ALIGN mode=SEARCH | reason=semantic_explore_idle_wait | explore_phase=EXPLORE_ALIGN | search_mode=visual_handoff | cmd=stop | front=1.58m
[INFO] [1783540280.324609014] [shared_nav_semantic_explore]: [NAV] step=1574 mode=SEARCH fsm=SEARCH phase=EXPLORE_ALIGN mode=SEARCH | reason=semantic_explore_idle_wait | explore_phase=EXPLORE_ALIGN | search_mode=visual_handoff | cmd=stop | front=1.55m
[INFO] [1783540280.424174990] [shared_nav_semantic_explore]: [NAV] step=1575 mode=SEARCH fsm=SEARCH phase=EXPLORE_ALIGN mode=SEARCH | reason=semantic_explore_idle_wait | explore_phase=EXPLORE_ALIGN | search_mode=visual_handoff | cmd=stop | front=1.52m
[INFO] [1783540280.512809853] [shared_nav_semantic_explore]: [NAV] step=1576 mode=SEARCH fsm=SEARCH phase=EXPLORE_ALIGN mode=SEARCH | reason=semantic_explore_idle_wait | explore_phase=EXPLORE_ALIGN | search_mode=visual_handoff | cmd=stop | front=1.50m
[INFO] [1783540280.612629537] [shared_nav_semantic_explore]: [NAV] step=1577 mode=SEARCH fsm=SEARCH phase=EXPLORE_ALIGN mode=SEARCH | reason=semantic_explore_idle_wait | explore_phase=EXPLORE_ALIGN | search_mode=visual_handoff | cmd=stop | front=1.48m
[INFO] [1783540280.722812751] [shared_nav_semantic_explore]: [NAV] step=1578 mode=SEARCH fsm=SEARCH phase=EXPLORE_ALIGN mode=SEARCH | reason=semantic_explore_idle_wait | explore_phase=EXPLORE_ALIGN | search_mode=visual_handoff | cmd=stop | front=1.46m
[INFO] [1783540280.828740679] [shared_nav_semantic_explore]: [NAV] step=1579 mode=SEARCH fsm=SEARCH phase=EXPLORE_ALIGN mode=SEARCH | reason=semantic_explore_idle_wait | explore_phase=EXPLORE_ALIGN | search_mode=visual_handoff | cmd=stop | front=1.41m
[INFO] [1783540280.949516757] [shared_nav_semantic_explore]: [NAV] step=1580 mode=SEARCH fsm=SEARCH phase=EXPLORE_ALIGN mode=SEARCH | reason=semantic_explore_idle_wait | explore_phase=EXPLORE_ALIGN | search_mode=visual_handoff | cmd=stop | front=1.39m
[INFO] [1783540281.026538215] [shared_nav_semantic_explore]: [NAV] step=1581 mode=SEARCH fsm=SEARCH phase=EXPLORE_ALIGN mode=SEARCH | reason=semantic_explore_idle_wait | explore_phase=EXPLORE_ALIGN | search_mode=visual_handoff | cmd=stop | front=1.36m
[INFO] [1783540281.133532475] [shared_nav_semantic_explore]: [NAV] step=1582 mode=SEARCH fsm=SEARCH phase=EXPLORE_ALIGN mode=SEARCH | reason=semantic_explore_idle_wait | explore_phase=EXPLORE_ALIGN | search_mode=visual_handoff | cmd=stop | front=1.34m
[INFO] [1783540281.235271949] [shared_nav_semantic_explore]: [NAV] step=1583 mode=SEARCH fsm=SEARCH phase=EXPLORE_ALIGN mode=SEARCH | reason=semantic_explore_idle_wait | explore_phase=EXPLORE_ALIGN | search_mode=visual_handoff | cmd=stop | front=1.33m
[INFO] [1783540281.321863605] [shared_nav_semantic_explore]: [NAV] step=1584 mode=SEARCH fsm=SEARCH phase=EXPLORE_ALIGN mode=SEARCH | reason=semantic_explore_idle_wait | explore_phase=EXPLORE_ALIGN | search_mode=visual_handoff | cmd=stop | front=1.30m
[INFO] [1783540281.417270586] [shared_nav_semantic_explore]: [NAV] step=1585 mode=SEARCH fsm=SEARCH phase=EXPLORE_ALIGN mode=SEARCH | reason=semantic_explore_idle_wait | explore_phase=EXPLORE_ALIGN | search_mode=visual_handoff | cmd=stop | front=1.28m
[INFO] [1783540281.513520482] [shared_nav_semantic_explore]: [NAV] step=1586 mode=SEARCH fsm=SEARCH phase=EXPLORE_ALIGN mode=SEARCH | reason=semantic_explore_idle_wait | explore_phase=EXPLORE_ALIGN | search_mode=visual_handoff | cmd=stop | front=1.25m
[INFO] [1783540281.604623217] [shared_nav_semantic_explore]: [NAV] step=1587 mode=SEARCH fsm=SEARCH phase=EXPLORE_ALIGN mode=SEARCH | reason=semantic_explore_idle_wait | explore_phase=EXPLORE_ALIGN | search_mode=visual_handoff | cmd=stop | front=1.25m
[INFO] [1783540281.708826855] [shared_nav_semantic_explore]: [NAV] step=1588 mode=SEARCH fsm=SEARCH phase=EXPLORE_ALIGN mode=SEARCH | reason=semantic_explore_idle_wait | explore_phase=EXPLORE_ALIGN | search_mode=visual_handoff | cmd=stop | front=1.23m
[INFO] [1783540281.807818457] [shared_nav_semantic_explore]: [NAV] step=1589 mode=SEARCH fsm=SEARCH phase=EXPLORE_ALIGN mode=SEARCH | reason=semantic_explore_idle_wait | explore_phase=EXPLORE_ALIGN | search_mode=visual_handoff | cmd=stop | front=1.22m
[INFO] [1783540281.914231300] [shared_nav_semantic_explore]: [NAV] step=1590 mode=SEARCH fsm=SEARCH phase=EXPLORE_ALIGN mode=SEARCH | reason=semantic_explore_idle_wait | explore_phase=EXPLORE_ALIGN | search_mode=visual_handoff | cmd=stop | front=1.21m
[INFO] [1783540282.013778901] [shared_nav_semantic_explore]: [NAV] step=1591 mode=SEARCH fsm=SEARCH phase=EXPLORE_ALIGN mode=SEARCH | reason=semantic_explore_idle_wait | explore_phase=EXPLORE_ALIGN | search_mode=visual_handoff | cmd=stop | front=1.20m
[INFO] [1783540282.126979321] [shared_nav_semantic_explore]: [NAV] step=1592 mode=SEARCH fsm=SEARCH phase=EXPLORE_ALIGN mode=SEARCH | reason=semantic_explore_idle_wait | explore_phase=EXPLORE_ALIGN | search_mode=visual_handoff | cmd=stop | front=1.18m
[INFO] [1783540282.211880980] [shared_nav_semantic_explore]: [NAV] step=1593 mode=SEARCH fsm=SEARCH phase=EXPLORE_ALIGN mode=SEARCH | reason=semantic_explore_idle_wait | explore_phase=EXPLORE_ALIGN | search_mode=visual_handoff | cmd=stop | front=1.17m
[INFO] [1783540282.410919515] [shared_nav_semantic_explore]: [NAV] step=1594 mode=SEARCH fsm=SEARCH phase=EXPLORE_ALIGN mode=SEARCH | reason=semantic_explore_idle_wait | explore_phase=EXPLORE_ALIGN | search_mode=visual_handoff | cmd=stop | front=1.15m
[INFO] [1783540282.460964795] [shared_nav_semantic_explore]: [NAV] step=1595 mode=SEARCH fsm=SEARCH phase=EXPLORE_ALIGN mode=SEARCH | reason=semantic_explore_idle_wait | explore_phase=EXPLORE_ALIGN | search_mode=visual_handoff | cmd=stop | front=1.14m
[INFO] [1783540282.540673584] [shared_nav_semantic_explore]: [NAV] step=1596 mode=SEARCH fsm=SEARCH phase=EXPLORE_ALIGN mode=SEARCH | reason=semantic_explore_idle_wait | explore_phase=EXPLORE_ALIGN | search_mode=visual_handoff | cmd=stop | front=1.13m
[INFO] [1783540282.624663369] [shared_nav_semantic_explore]: [NAV] step=1597 mode=SEARCH fsm=SEARCH phase=EXPLORE_ALIGN mode=SEARCH | reason=semantic_explore_idle_wait | explore_phase=EXPLORE_ALIGN | search_mode=visual_handoff | cmd=stop | front=1.11m
[INFO] [1783540282.748742068] [shared_nav_semantic_explore]: [NAV] step=1598 mode=SEARCH fsm=SEARCH phase=EXPLORE_ALIGN mode=SEARCH | reason=semantic_explore_idle_wait | explore_phase=EXPLORE_ALIGN | search_mode=visual_handoff | cmd=stop | front=1.11m
[INFO] [1783540282.821295574] [shared_nav_semantic_explore]: [NAV] step=1599 mode=SEARCH fsm=SEARCH phase=EXPLORE_ALIGN mode=SEARCH | reason=semantic_explore_idle_wait | explore_phase=EXPLORE_ALIGN | search_mode=visual_handoff | cmd=stop | front=1.09m
[INFO] [1783540282.937469073] [shared_nav_semantic_explore]: [NAV] step=1600 mode=SEARCH fsm=SEARCH phase=EXPLORE_ALIGN mode=SEARCH | reason=semantic_explore_idle_wait | explore_phase=EXPLORE_ALIGN | search_mode=visual_handoff | cmd=stop | front=1.08m
[INFO] [1783540283.044349125] [shared_nav_semantic_explore]: [NAV] step=1601 mode=SEARCH fsm=SEARCH phase=EXPLORE_ALIGN mode=SEARCH | reason=semantic_explore_idle_wait | explore_phase=EXPLORE_ALIGN | search_mode=visual_handoff | cmd=stop | front=1.08m
[INFO] [1783540283.132792613] [shared_nav_semantic_explore]: [NAV] step=1602 mode=SEARCH fsm=SEARCH phase=EXPLORE_ALIGN mode=SEARCH | reason=semantic_explore_idle_wait | explore_phase=EXPLORE_ALIGN | search_mode=visual_handoff | cmd=stop | front=1.06m
[INFO] [1783540283.229511676] [shared_nav_semantic_explore]: [NAV] step=1603 mode=SEARCH fsm=SEARCH phase=EXPLORE_ALIGN mode=SEARCH | reason=semantic_explore_idle_wait | explore_phase=EXPLORE_ALIGN | search_mode=visual_handoff | cmd=stop | front=1.05m
[INFO] [1783540283.326625946] [shared_nav_semantic_explore]: [NAV] step=1604 mode=SEARCH fsm=SEARCH phase=EXPLORE_ALIGN mode=SEARCH | reason=semantic_explore_idle_wait | explore_phase=EXPLORE_ALIGN | search_mode=visual_handoff | cmd=stop | front=1.05m
[INFO] [1783540283.417534807] [shared_nav_semantic_explore]: [NAV] step=1605 mode=SEARCH fsm=SEARCH phase=EXPLORE_ALIGN mode=SEARCH | reason=semantic_explore_idle_wait | explore_phase=EXPLORE_ALIGN | search_mode=visual_handoff | cmd=stop | front=1.04m
[INFO] [1783540283.511883914] [shared_nav_semantic_explore]: [NAV] step=1606 mode=SEARCH fsm=SEARCH phase=EXPLORE_ALIGN mode=SEARCH | reason=semantic_explore_idle_wait | explore_phase=EXPLORE_ALIGN | search_mode=visual_handoff | cmd=stop | front=1.02m
[INFO] [1783540283.620437172] [shared_nav_semantic_explore]: [NAV] step=1607 mode=SEARCH fsm=SEARCH phase=EXPLORE_ALIGN mode=SEARCH | reason=semantic_explore_idle_wait | explore_phase=EXPLORE_ALIGN | search_mode=visual_handoff | cmd=stop | front=1.02m
[INFO] [1783540283.724251519] [shared_nav_semantic_explore]: [NAV] step=1608 mode=SEARCH fsm=SEARCH phase=EXPLORE_ALIGN mode=SEARCH | reason=semantic_explore_idle_wait | explore_phase=EXPLORE_ALIGN | search_mode=visual_handoff | cmd=stop | front=1.01m
[INFO] [1783540283.817526585] [shared_nav_semantic_explore]: [NAV] step=1609 mode=SEARCH fsm=SEARCH phase=EXPLORE_ALIGN mode=SEARCH | reason=semantic_explore_idle_wait | explore_phase=EXPLORE_ALIGN | search_mode=visual_handoff | cmd=stop | front=1.01m
[INFO] [1783540283.927987174] [shared_nav_semantic_explore]: [NAV] step=1610 mode=SEARCH fsm=SEARCH phase=EXPLORE_ALIGN mode=SEARCH | reason=semantic_explore_idle_wait | explore_phase=EXPLORE_ALIGN | search_mode=visual_handoff | cmd=stop | front=0.99m
[INFO] [1783540284.012471334] [shared_nav_semantic_explore]: [NAV] step=1611 mode=SEARCH fsm=SEARCH phase=EXPLORE_ALIGN mode=SEARCH | reason=semantic_explore_idle_wait | explore_phase=EXPLORE_ALIGN | search_mode=visual_handoff | cmd=stop | front=0.99m
[INFO] [1783540284.104953943] [shared_nav_semantic_explore]: [NAV] step=1612 mode=SEARCH fsm=SEARCH phase=EXPLORE_ALIGN mode=SEARCH | reason=semantic_explore_idle_wait | explore_phase=EXPLORE_ALIGN | search_mode=visual_handoff | cmd=stop | front=0.99m
[INFO] [1783540284.209451830] [shared_nav_semantic_explore]: [NAV] step=1613 mode=SEARCH fsm=SEARCH phase=EXPLORE_ALIGN mode=SEARCH | reason=semantic_explore_idle_wait | explore_phase=EXPLORE_ALIGN | search_mode=visual_handoff | cmd=stop | front=0.98m
[INFO] [1783540284.307188517] [shared_nav_semantic_explore]: [NAV] step=1614 mode=SEARCH fsm=SEARCH phase=EXPLORE_ALIGN mode=SEARCH | reason=semantic_explore_idle_wait | explore_phase=EXPLORE_ALIGN | search_mode=visual_handoff | cmd=stop | front=0.97m
[INFO] [1783540284.428686261] [shared_nav_semantic_explore]: [NAV] step=1615 mode=SEARCH fsm=SEARCH phase=EXPLORE_ALIGN mode=SEARCH | reason=semantic_explore_idle_wait | explore_phase=EXPLORE_ALIGN | search_mode=visual_handoff | cmd=stop | front=0.96m
[INFO] [1783540284.544952261] [shared_nav_semantic_explore]: [NAV] step=1616 mode=SEARCH fsm=SEARCH phase=EXPLORE_ALIGN mode=SEARCH | reason=semantic_explore_idle_wait | explore_phase=EXPLORE_ALIGN | search_mode=visual_handoff | cmd=stop | front=0.96m
[INFO] [1783540284.637131871] [shared_nav_semantic_explore]: [NAV] step=1617 mode=SEARCH fsm=SEARCH phase=EXPLORE_ALIGN mode=SEARCH | reason=semantic_explore_idle_wait | explore_phase=EXPLORE_ALIGN | search_mode=visual_handoff | cmd=stop | front=0.96m
[INFO] [1783540284.740827051] [shared_nav_semantic_explore]: [NAV] step=1618 mode=SEARCH fsm=SEARCH phase=EXPLORE_ALIGN mode=SEARCH | reason=semantic_explore_idle_wait | explore_phase=EXPLORE_ALIGN | search_mode=visual_handoff | cmd=stop | front=0.95m
[INFO] [1783540284.827195583] [shared_nav_semantic_explore]: [NAV] step=1619 mode=SEARCH fsm=SEARCH phase=EXPLORE_ALIGN mode=SEARCH | reason=semantic_explore_idle_wait | explore_phase=EXPLORE_ALIGN | search_mode=visual_handoff | cmd=stop | front=0.95m
[INFO] [1783540284.927110434] [shared_nav_semantic_explore]: [NAV] step=1620 mode=SEARCH fsm=SEARCH phase=EXPLORE_ALIGN mode=SEARCH | reason=semantic_explore_idle_wait | explore_phase=EXPLORE_ALIGN | search_mode=visual_handoff | cmd=stop | front=0.94m
[INFO] [1783540285.021347499] [shared_nav_semantic_explore]: [NAV] step=1621 mode=SEARCH fsm=SEARCH phase=EXPLORE_ALIGN mode=SEARCH | reason=semantic_explore_idle_wait | explore_phase=EXPLORE_ALIGN | search_mode=visual_handoff | cmd=stop | front=0.94m
[INFO] [1783540285.155109147] [shared_nav_semantic_explore]: [NAV] step=1622 mode=SEARCH fsm=SEARCH phase=EXPLORE_ALIGN mode=SEARCH | reason=semantic_explore_idle_wait | explore_phase=EXPLORE_ALIGN | search_mode=visual_handoff | cmd=stop | front=0.94m
[INFO] [1783540285.223046533] [shared_nav_semantic_explore]: [NAV] step=1623 mode=SEARCH fsm=SEARCH phase=EXPLORE_ALIGN mode=SEARCH | reason=semantic_explore_idle_wait | explore_phase=EXPLORE_ALIGN | search_mode=visual_handoff | cmd=stop | front=0.94m
[INFO] [1783540285.330301667] [shared_nav_semantic_explore]: [NAV] step=1624 mode=SEARCH fsm=SEARCH phase=EXPLORE_ALIGN mode=SEARCH | reason=semantic_explore_idle_wait | explore_phase=EXPLORE_ALIGN | search_mode=visual_handoff | cmd=stop | front=0.94m
[INFO] [1783540285.418799781] [shared_nav_semantic_explore]: [NAV] step=1625 mode=SEARCH fsm=SEARCH phase=EXPLORE_ALIGN mode=SEARCH | reason=semantic_explore_idle_wait | explore_phase=EXPLORE_ALIGN | search_mode=visual_handoff | cmd=stop | front=0.93m
[INFO] [1783540285.519850922] [shared_nav_semantic_explore]: [NAV] step=1626 mode=SEARCH fsm=SEARCH phase=EXPLORE_ALIGN mode=SEARCH | reason=semantic_explore_idle_wait | explore_phase=EXPLORE_ALIGN | search_mode=visual_handoff | cmd=stop | front=0.94m
[INFO] [1783540285.605340289] [shared_nav_semantic_explore]: [NAV] step=1627 mode=SEARCH fsm=SEARCH phase=EXPLORE_ALIGN mode=SEARCH | reason=semantic_explore_idle_wait | explore_phase=EXPLORE_ALIGN | search_mode=visual_handoff | cmd=stop | front=0.94m
[INFO] [1783540285.725817951] [shared_nav_semantic_explore]: [NAV] step=1628 mode=SEARCH fsm=SEARCH phase=EXPLORE_ALIGN mode=SEARCH | reason=semantic_explore_idle_wait | explore_phase=EXPLORE_ALIGN | search_mode=visual_handoff | cmd=stop | front=0.94m
[INFO] [1783540285.809380320] [shared_nav_semantic_explore]: [NAV] step=1629 mode=SEARCH fsm=SEARCH phase=EXPLORE_ALIGN mode=SEARCH | reason=semantic_explore_idle_wait | explore_phase=EXPLORE_ALIGN | search_mode=visual_handoff | cmd=stop | front=0.94m
[INFO] [1783540285.914039749] [shared_nav_semantic_explore]: [NAV] step=1630 mode=SEARCH fsm=SEARCH phase=EXPLORE_ALIGN mode=SEARCH | reason=semantic_explore_idle_wait | explore_phase=EXPLORE_ALIGN | search_mode=visual_handoff | cmd=stop | front=0.94m
[INFO] [1783540286.015085432] [shared_nav_semantic_explore]: [NAV] step=1631 mode=SEARCH fsm=SEARCH phase=EXPLORE_ALIGN mode=SEARCH | reason=semantic_explore_idle_wait | explore_phase=EXPLORE_ALIGN | search_mode=visual_handoff | cmd=stop | front=0.94m
[INFO] [1783540286.120830402] [shared_nav_semantic_explore]: [NAV] step=1632 mode=SEARCH fsm=SEARCH phase=EXPLORE_ALIGN mode=SEARCH | reason=semantic_explore_idle_wait | explore_phase=EXPLORE_ALIGN | search_mode=visual_handoff | cmd=stop | front=0.94m
[INFO] [1783540286.208321391] [shared_nav_semantic_explore]: [NAV] step=1633 mode=SEARCH fsm=SEARCH phase=EXPLORE_ALIGN mode=SEARCH | reason=semantic_explore_idle_wait | explore_phase=EXPLORE_ALIGN | search_mode=visual_handoff | cmd=stop | front=0.94m
[INFO] [1783540286.304970329] [shared_nav_semantic_explore]: [NAV] step=1634 mode=SEARCH fsm=SEARCH phase=EXPLORE_ALIGN mode=SEARCH | reason=semantic_explore_idle_wait | explore_phase=EXPLORE_ALIGN | search_mode=visual_handoff | cmd=stop | front=0.92m
[INFO] [1783540286.410857674] [shared_nav_semantic_explore]: [NAV] step=1635 mode=SEARCH fsm=SEARCH phase=EXPLORE_ALIGN mode=SEARCH | reason=semantic_explore_idle_wait | explore_phase=EXPLORE_ALIGN | search_mode=visual_handoff | cmd=stop | front=0.94m
[INFO] [1783540286.515613770] [shared_nav_semantic_explore]: [NAV] step=1636 mode=SEARCH fsm=SEARCH phase=EXPLORE_ALIGN mode=SEARCH | reason=semantic_explore_idle_wait | explore_phase=EXPLORE_ALIGN | search_mode=visual_handoff | cmd=stop | front=0.94m
[INFO] [1783540286.632949019] [shared_nav_semantic_explore]: [NAV] step=1637 mode=SEARCH fsm=SEARCH phase=EXPLORE_ALIGN mode=SEARCH | reason=semantic_explore_idle_wait | explore_phase=EXPLORE_ALIGN | search_mode=visual_handoff | cmd=stop | front=0.94m
[INFO] [1783540286.732933079] [shared_nav_semantic_explore]: [NAV] step=1638 mode=SEARCH fsm=SEARCH phase=EXPLORE_ALIGN mode=SEARCH | reason=semantic_explore_idle_wait | explore_phase=EXPLORE_ALIGN | search_mode=visual_handoff | cmd=stop | front=0.94m
[INFO] [1783540286.816309781] [shared_nav_semantic_explore]: [NAV] step=1639 mode=SEARCH fsm=SEARCH phase=EXPLORE_ALIGN mode=SEARCH | reason=semantic_explore_idle_wait | explore_phase=EXPLORE_ALIGN | search_mode=visual_handoff | cmd=stop | front=0.94m
[INFO] [1783540286.950857970] [shared_nav_semantic_explore]: [NAV] step=1640 mode=SEARCH fsm=SEARCH phase=EXPLORE_ALIGN mode=SEARCH | reason=semantic_explore_idle_wait | explore_phase=EXPLORE_ALIGN | search_mode=visual_handoff | cmd=stop | front=0.94m
[INFO] [1783540287.073937713] [shared_nav_semantic_explore]: [NAV] step=1641 mode=SEARCH fsm=SEARCH phase=EXPLORE_ALIGN mode=SEARCH | reason=semantic_explore_idle_wait | explore_phase=EXPLORE_ALIGN | search_mode=visual_handoff | cmd=stop | front=0.94m
[INFO] [1783540287.158674539] [shared_nav_semantic_explore]: [NAV] step=1642 mode=SEARCH fsm=SEARCH phase=EXPLORE_ALIGN mode=SEARCH | reason=semantic_explore_idle_wait | explore_phase=EXPLORE_ALIGN | search_mode=visual_handoff | cmd=stop | front=0.94m
[INFO] [1783540287.291454313] [shared_nav_semantic_explore]: [NAV] step=1643 mode=SEARCH fsm=SEARCH phase=EXPLORE_ALIGN mode=SEARCH | reason=semantic_explore_idle_wait | explore_phase=EXPLORE_ALIGN | search_mode=visual_handoff | cmd=stop | front=0.94m
[INFO] [1783540287.362660945] [shared_nav_semantic_explore]: [NAV] step=1644 mode=SEARCH fsm=SEARCH phase=EXPLORE_ALIGN mode=SEARCH | reason=semantic_explore_idle_wait | explore_phase=EXPLORE_ALIGN | search_mode=visual_handoff | cmd=stop | front=0.93m
[INFO] [1783540287.476967072] [shared_nav_semantic_explore]: [NAV] step=1645 mode=SEARCH fsm=SEARCH phase=EXPLORE_ALIGN mode=SEARCH | reason=semantic_explore_idle_wait | explore_phase=EXPLORE_ALIGN | search_mode=visual_handoff | cmd=stop | front=0.94m
[INFO] [1783540287.531747139] [shared_nav_semantic_explore]: [NAV] step=1646 mode=SEARCH fsm=SEARCH phase=EXPLORE_ALIGN mode=SEARCH | reason=semantic_explore_idle_wait | explore_phase=EXPLORE_ALIGN | search_mode=visual_handoff | cmd=stop | front=0.94m
[INFO] [1783540287.621968750] [shared_nav_semantic_explore]: [NAV] step=1647 mode=SEARCH fsm=SEARCH phase=EXPLORE_ALIGN mode=SEARCH | reason=semantic_explore_idle_wait | explore_phase=EXPLORE_ALIGN | search_mode=visual_handoff | cmd=stop | front=0.94m
[INFO] [1783540287.726874221] [shared_nav_semantic_explore]: [NAV] step=1648 mode=SEARCH fsm=SEARCH phase=EXPLORE_ALIGN mode=SEARCH | reason=semantic_explore_idle_wait | explore_phase=EXPLORE_ALIGN | search_mode=visual_handoff | cmd=stop | front=0.94m
[INFO] [1783540287.815374251] [shared_nav_semantic_explore]: [NAV] step=1649 mode=SEARCH fsm=SEARCH phase=EXPLORE_ALIGN mode=SEARCH | reason=semantic_explore_idle_wait | explore_phase=EXPLORE_ALIGN | search_mode=visual_handoff | cmd=stop | front=0.94m
[INFO] [1783540287.920103139] [shared_nav_semantic_explore]: [NAV] step=1650 mode=SEARCH fsm=SEARCH phase=EXPLORE_ALIGN mode=SEARCH | reason=semantic_explore_idle_wait | explore_phase=EXPLORE_ALIGN | search_mode=visual_handoff | cmd=stop | front=0.93m
[INFO] [1783540288.015442412] [shared_nav_semantic_explore]: [NAV] step=1651 mode=SEARCH fsm=SEARCH phase=EXPLORE_ALIGN mode=SEARCH | reason=semantic_explore_idle_wait | explore_phase=EXPLORE_ALIGN | search_mode=visual_handoff | cmd=stop | front=0.94m
[INFO] [1783540288.135688825] [shared_nav_semantic_explore]: [NAV] step=1652 mode=SEARCH fsm=SEARCH phase=EXPLORE_ALIGN mode=SEARCH | reason=semantic_explore_idle_wait | explore_phase=EXPLORE_ALIGN | search_mode=visual_handoff | cmd=stop | front=0.92m
[INFO] [1783540288.216996696] [shared_nav_semantic_explore]: [NAV] step=1653 mode=SEARCH fsm=SEARCH phase=EXPLORE_ALIGN mode=SEARCH | reason=semantic_explore_idle_wait | explore_phase=EXPLORE_ALIGN | search_mode=visual_handoff | cmd=stop | front=0.94m
[INFO] [1783540288.316335548] [shared_nav_semantic_explore]: [NAV] step=1654 mode=SEARCH fsm=SEARCH phase=EXPLORE_ALIGN mode=SEARCH | reason=semantic_explore_idle_wait | explore_phase=EXPLORE_ALIGN | search_mode=visual_handoff | cmd=stop | front=0.94m
[INFO] [1783540288.414997567] [shared_nav_semantic_explore]: [NAV] step=1655 mode=SEARCH fsm=SEARCH phase=EXPLORE_ALIGN mode=SEARCH | reason=semantic_explore_idle_wait | explore_phase=EXPLORE_ALIGN | search_mode=visual_handoff | cmd=stop | front=0.94m
[INFO] [1783540288.506359928] [shared_nav_semantic_explore]: [NAV] step=1656 mode=SEARCH fsm=SEARCH phase=EXPLORE_ALIGN mode=SEARCH | reason=semantic_explore_idle_wait | explore_phase=EXPLORE_ALIGN | search_mode=visual_handoff | cmd=stop | front=0.94m
[INFO] [1783540288.641380992] [shared_nav_semantic_explore]: [NAV] step=1657 mode=SEARCH fsm=SEARCH phase=EXPLORE_ALIGN mode=SEARCH | reason=semantic_explore_idle_wait | explore_phase=EXPLORE_ALIGN | search_mode=visual_handoff | cmd=stop | front=0.94m
[INFO] [1783540288.716972911] [shared_nav_semantic_explore]: [NAV] step=1658 mode=SEARCH fsm=SEARCH phase=EXPLORE_ALIGN mode=SEARCH | reason=semantic_explore_idle_wait | explore_phase=EXPLORE_ALIGN | search_mode=visual_handoff | cmd=stop | front=0.94m
[INFO] [1783540288.820700133] [shared_nav_semantic_explore]: [NAV] step=1659 mode=SEARCH fsm=SEARCH phase=EXPLORE_ALIGN mode=SEARCH | reason=semantic_explore_idle_wait | explore_phase=EXPLORE_ALIGN | search_mode=visual_handoff | cmd=stop | front=0.94m
[INFO] [1783540288.943609585] [shared_nav_semantic_explore]: [NAV] step=1660 mode=SEARCH fsm=SEARCH phase=EXPLORE_ALIGN mode=SEARCH | reason=semantic_explore_idle_wait | explore_phase=EXPLORE_ALIGN | search_mode=visual_handoff | cmd=stop | front=0.94m
[INFO] [1783540289.015202175] [shared_nav_semantic_explore]: [NAV] step=1661 mode=SEARCH fsm=SEARCH phase=EXPLORE_ALIGN mode=SEARCH | reason=semantic_explore_idle_wait | explore_phase=EXPLORE_ALIGN | search_mode=visual_handoff | cmd=stop | front=0.94m
[INFO] [1783540289.127982679] [shared_nav_semantic_explore]: [NAV] step=1662 mode=SEARCH fsm=SEARCH phase=EXPLORE_ALIGN mode=SEARCH | reason=semantic_explore_idle_wait | explore_phase=EXPLORE_ALIGN | search_mode=visual_handoff | cmd=stop | front=0.93m
[INFO] [1783540289.216330418] [shared_nav_semantic_explore]: [NAV] step=1663 mode=SEARCH fsm=SEARCH phase=EXPLORE_ALIGN mode=SEARCH | reason=semantic_explore_idle_wait | explore_phase=EXPLORE_ALIGN | search_mode=visual_handoff | cmd=stop | front=0.92m
[INFO] [1783540289.318380767] [shared_nav_semantic_explore]: [NAV] step=1664 mode=SEARCH fsm=SEARCH phase=EXPLORE_ALIGN mode=SEARCH | reason=semantic_explore_idle_wait | explore_phase=EXPLORE_ALIGN | search_mode=visual_handoff | cmd=stop | front=0.92m
[INFO] [1783540289.417607661] [shared_nav_semantic_explore]: [NAV] step=1665 mode=SEARCH fsm=SEARCH phase=EXPLORE_ALIGN mode=SEARCH | reason=semantic_explore_idle_wait | explore_phase=EXPLORE_ALIGN | search_mode=visual_handoff | cmd=stop | front=0.94m
[INFO] [1783540289.514726140] [shared_nav_semantic_explore]: [NAV] step=1666 mode=SEARCH fsm=SEARCH phase=EXPLORE_ALIGN mode=SEARCH | reason=semantic_explore_idle_wait | explore_phase=EXPLORE_ALIGN | search_mode=visual_handoff | cmd=stop | front=0.93m
[INFO] [1783540289.625568521] [shared_nav_semantic_explore]: [NAV] step=1667 mode=SEARCH fsm=SEARCH phase=EXPLORE_ALIGN mode=SEARCH | reason=semantic_explore_idle_wait | explore_phase=EXPLORE_ALIGN | search_mode=visual_handoff | cmd=stop | front=0.93m
[INFO] [1783540289.711932137] [shared_nav_semantic_explore]: [NAV] step=1668 mode=SEARCH fsm=SEARCH phase=EXPLORE_ALIGN mode=SEARCH | reason=semantic_explore_idle_wait | explore_phase=EXPLORE_ALIGN | search_mode=visual_handoff | cmd=stop | front=0.94m
[INFO] [1783540289.826397848] [shared_nav_semantic_explore]: [NAV] step=1669 mode=SEARCH fsm=SEARCH phase=EXPLORE_ALIGN mode=SEARCH | reason=semantic_explore_idle_wait | explore_phase=EXPLORE_ALIGN | search_mode=visual_handoff | cmd=stop | front=0.94m
[INFO] [1783540289.910497258] [shared_nav_semantic_explore]: [NAV] step=1670 mode=SEARCH fsm=SEARCH phase=EXPLORE_ALIGN mode=SEARCH | reason=semantic_explore_idle_wait | explore_phase=EXPLORE_ALIGN | search_mode=visual_handoff | cmd=stop | front=0.93m
[INFO] [1783540290.018358559] [shared_nav_semantic_explore]: [NAV] step=1671 mode=SEARCH fsm=SEARCH phase=EXPLORE_ALIGN mode=SEARCH | reason=semantic_explore_idle_wait | explore_phase=EXPLORE_ALIGN | search_mode=visual_handoff | cmd=stop | front=0.93m
[INFO] [1783540290.133008437] [shared_nav_semantic_explore]: [NAV] step=1672 mode=SEARCH fsm=SEARCH phase=EXPLORE_ALIGN mode=SEARCH | reason=semantic_explore_idle_wait | explore_phase=EXPLORE_ALIGN | search_mode=visual_handoff | cmd=stop | front=0.93m
[INFO] [1783540290.253543683] [shared_nav_semantic_explore]: [NAV] step=1673 mode=SEARCH fsm=SEARCH phase=EXPLORE_ALIGN mode=SEARCH | reason=semantic_explore_idle_wait | explore_phase=EXPLORE_ALIGN | search_mode=visual_handoff | cmd=stop | front=0.92m
[INFO] [1783540290.321714402] [shared_nav_semantic_explore]: [NAV] step=1674 mode=SEARCH fsm=SEARCH phase=EXPLORE_ALIGN mode=SEARCH | reason=semantic_explore_idle_wait | explore_phase=EXPLORE_ALIGN | search_mode=visual_handoff | cmd=stop | front=0.92m
[INFO] [1783540290.426852498] [shared_nav_semantic_explore]: [NAV] step=1675 mode=SEARCH fsm=SEARCH phase=EXPLORE_ALIGN mode=SEARCH | reason=semantic_explore_idle_wait | explore_phase=EXPLORE_ALIGN | search_mode=visual_handoff | cmd=stop | front=0.92m
[INFO] [1783540290.548888742] [shared_nav_semantic_explore]: [NAV] step=1676 mode=SEARCH fsm=SEARCH phase=EXPLORE_ALIGN mode=SEARCH | reason=semantic_explore_idle_wait | explore_phase=EXPLORE_ALIGN | search_mode=visual_handoff | cmd=stop | front=0.91m
[INFO] [1783540290.613871631] [shared_nav_semantic_explore]: [NAV] step=1677 mode=SEARCH fsm=SEARCH phase=EXPLORE_ALIGN mode=SEARCH | reason=semantic_explore_idle_wait | explore_phase=EXPLORE_ALIGN | search_mode=visual_handoff | cmd=stop | front=0.90m
[INFO] [1783540290.718429519] [shared_nav_semantic_explore]: [NAV] step=1678 mode=SEARCH fsm=SEARCH phase=EXPLORE_ALIGN mode=SEARCH | reason=semantic_explore_idle_wait | explore_phase=EXPLORE_ALIGN | search_mode=visual_handoff | cmd=stop | front=0.90m
[INFO] [1783540290.866190320] [shared_nav_semantic_explore]: [NAV] step=1679 mode=SEARCH fsm=SEARCH phase=EXPLORE_ALIGN mode=SEARCH | reason=semantic_explore_idle_wait | explore_phase=EXPLORE_ALIGN | search_mode=visual_handoff | cmd=stop | front=0.90m
[INFO] [1783540290.955961599] [shared_nav_semantic_explore]: [NAV] step=1680 mode=SEARCH fsm=SEARCH phase=EXPLORE_ALIGN mode=SEARCH | reason=semantic_explore_idle_wait | explore_phase=EXPLORE_ALIGN | search_mode=visual_handoff | cmd=stop | front=0.90m
[INFO] [1783540291.048734583] [shared_nav_semantic_explore]: [NAV] step=1681 mode=SEARCH fsm=SEARCH phase=EXPLORE_ALIGN mode=SEARCH | reason=semantic_explore_idle_wait | explore_phase=EXPLORE_ALIGN | search_mode=visual_handoff | cmd=stop | front=0.89m
[INFO] [1783540291.159214465] [shared_nav_semantic_explore]: [NAV] step=1682 mode=SEARCH fsm=SEARCH phase=EXPLORE_ALIGN mode=SEARCH | reason=semantic_explore_idle_wait | explore_phase=EXPLORE_ALIGN | search_mode=visual_handoff | cmd=stop | front=0.89m
[INFO] [1783540291.252861198] [shared_nav_semantic_explore]: [NAV] step=1683 mode=SEARCH fsm=SEARCH phase=EXPLORE_ALIGN mode=SEARCH | reason=semantic_explore_idle_wait | explore_phase=EXPLORE_ALIGN | search_mode=visual_handoff | cmd=stop | front=0.88m
[INFO] [1783540291.352543675] [shared_nav_semantic_explore]: [NAV] step=1684 mode=SEARCH fsm=SEARCH phase=EXPLORE_ALIGN mode=SEARCH | reason=semantic_explore_idle_wait | explore_phase=EXPLORE_ALIGN | search_mode=visual_handoff | cmd=stop | front=0.89m
[INFO] [1783540291.471218882] [shared_nav_semantic_explore]: [NAV] step=1685 mode=SEARCH fsm=SEARCH phase=EXPLORE_ALIGN mode=SEARCH | reason=semantic_explore_idle_wait | explore_phase=EXPLORE_ALIGN | search_mode=visual_handoff | cmd=stop | front=0.88m
[INFO] [1783540291.525745198] [shared_nav_semantic_explore]: [NAV] step=1686 mode=SEARCH fsm=SEARCH phase=EXPLORE_ALIGN mode=SEARCH | reason=semantic_explore_idle_wait | explore_phase=EXPLORE_ALIGN | search_mode=visual_handoff | cmd=stop | front=0.88m
[INFO] [1783540291.622067721] [shared_nav_semantic_explore]: [NAV] step=1687 mode=SEARCH fsm=SEARCH phase=EXPLORE_ALIGN mode=SEARCH | reason=semantic_explore_idle_wait | explore_phase=EXPLORE_ALIGN | search_mode=visual_handoff | cmd=stop | front=0.88m
[INFO] [1783540291.717712535] [shared_nav_semantic_explore]: [NAV] step=1688 mode=SEARCH fsm=SEARCH phase=EXPLORE_ALIGN mode=SEARCH | reason=semantic_explore_idle_wait | explore_phase=EXPLORE_ALIGN | search_mode=visual_handoff | cmd=stop | front=0.88m
[INFO] [1783540291.815022556] [shared_nav_semantic_explore]: [NAV] step=1689 mode=SEARCH fsm=SEARCH phase=EXPLORE_ALIGN mode=SEARCH | reason=semantic_explore_idle_wait | explore_phase=EXPLORE_ALIGN | search_mode=visual_handoff | cmd=stop | front=0.87m
[INFO] [1783540291.913358909] [shared_nav_semantic_explore]: [NAV] step=1690 mode=SEARCH fsm=SEARCH phase=EXPLORE_ALIGN mode=SEARCH | reason=semantic_explore_idle_wait | explore_phase=EXPLORE_ALIGN | search_mode=visual_handoff | cmd=stop | front=0.87m
[INFO] [1783540292.010929514] [shared_nav_semantic_explore]: [NAV] step=1691 mode=SEARCH fsm=SEARCH phase=EXPLORE_ALIGN mode=SEARCH | reason=semantic_explore_idle_wait | explore_phase=EXPLORE_ALIGN | search_mode=visual_handoff | cmd=stop | front=0.88m
[INFO] [1783540292.111150948] [shared_nav_semantic_explore]: [NAV] step=1692 mode=SEARCH fsm=SEARCH phase=EXPLORE_ALIGN mode=SEARCH | reason=semantic_explore_idle_wait | explore_phase=EXPLORE_ALIGN | search_mode=visual_handoff | cmd=stop
[INFO] [1783540292.208508386] [shared_nav_semantic_explore]: [NAV] step=1693 mode=SEARCH fsm=SEARCH phase=EXPLORE_ALIGN mode=SEARCH | reason=semantic_explore_idle_wait | explore_phase=EXPLORE_ALIGN | search_mode=visual_handoff | cmd=stop
[INFO] [1783540292.314224273] [shared_nav_semantic_explore]: [NAV] step=1694 mode=SEARCH fsm=SEARCH phase=EXPLORE_ALIGN mode=SEARCH | reason=semantic_explore_idle_wait | explore_phase=EXPLORE_ALIGN | search_mode=visual_handoff | cmd=stop
[INFO] [1783540292.407200049] [shared_nav_semantic_explore]: [NAV] step=1695 mode=SEARCH fsm=SEARCH phase=EXPLORE_ALIGN mode=SEARCH | reason=semantic_explore_idle_wait | explore_phase=EXPLORE_ALIGN | search_mode=visual_handoff | cmd=stop
[INFO] [1783540292.530817084] [shared_nav_semantic_explore]: [NAV] step=1696 mode=SEARCH fsm=SEARCH phase=EXPLORE_ALIGN mode=SEARCH | reason=semantic_explore_idle_wait | explore_phase=EXPLORE_ALIGN | search_mode=visual_handoff | cmd=stop
[INFO] [1783540292.623833443] [shared_nav_semantic_explore]: [NAV] step=1697 mode=SEARCH fsm=SEARCH phase=EXPLORE_ALIGN mode=SEARCH | reason=semantic_explore_idle_wait | explore_phase=EXPLORE_ALIGN | search_mode=visual_handoff | cmd=stop
[INFO] [1783540292.718343800] [shared_nav_semantic_explore]: [NAV] step=1698 mode=SEARCH fsm=SEARCH phase=EXPLORE_ALIGN mode=SEARCH | reason=semantic_explore_idle_wait | explore_phase=EXPLORE_ALIGN | search_mode=visual_handoff | cmd=stop
[INFO] [1783540292.821235566] [shared_nav_semantic_explore]: [NAV] step=1699 mode=SEARCH fsm=SEARCH phase=EXPLORE_ALIGN mode=SEARCH | reason=semantic_explore_idle_wait | explore_phase=EXPLORE_ALIGN | search_mode=visual_handoff | cmd=stop
[INFO] [1783540292.922274749] [shared_nav_semantic_explore]: [NAV] step=1700 mode=SEARCH fsm=SEARCH phase=EXPLORE_ALIGN mode=SEARCH | reason=semantic_explore_idle_wait | explore_phase=EXPLORE_ALIGN | search_mode=visual_handoff | cmd=stop
[INFO] [1783540293.034732338] [shared_nav_semantic_explore]: [NAV] step=1701 mode=SEARCH fsm=SEARCH phase=EXPLORE_ALIGN mode=SEARCH | reason=semantic_explore_idle_wait | explore_phase=EXPLORE_ALIGN | search_mode=visual_handoff | cmd=stop
[INFO] [1783540293.108941300] [shared_nav_semantic_explore]: [NAV] step=1702 mode=SEARCH fsm=SEARCH phase=EXPLORE_ALIGN mode=SEARCH | reason=semantic_explore_idle_wait | explore_phase=EXPLORE_ALIGN | search_mode=visual_handoff | cmd=stop
[INFO] [1783540293.228294590] [shared_nav_semantic_explore]: [NAV] step=1703 mode=SEARCH fsm=SEARCH phase=EXPLORE_ALIGN mode=SEARCH | reason=semantic_explore_idle_wait | explore_phase=EXPLORE_ALIGN | search_mode=visual_handoff | cmd=stop
[INFO] [1783540293.311066085] [shared_nav_semantic_explore]: [NAV] step=1704 mode=SEARCH fsm=SEARCH phase=EXPLORE_ALIGN mode=SEARCH | reason=semantic_explore_idle_wait | explore_phase=EXPLORE_ALIGN | search_mode=visual_handoff | cmd=stop
[INFO] [1783540293.433725371] [shared_nav_semantic_explore]: [NAV] step=1705 mode=SEARCH fsm=SEARCH phase=EXPLORE_ALIGN mode=SEARCH | reason=semantic_explore_idle_wait | explore_phase=EXPLORE_ALIGN | search_mode=visual_handoff | cmd=stop
[INFO] [1783540293.515940200] [shared_nav_semantic_explore]: [NAV] step=1706 mode=SEARCH fsm=SEARCH phase=EXPLORE_ALIGN mode=SEARCH | reason=semantic_explore_idle_wait | explore_phase=EXPLORE_ALIGN | search_mode=visual_handoff | cmd=stop
[INFO] [1783540293.642388481] [shared_nav_semantic_explore]: [NAV] step=1707 mode=SEARCH fsm=SEARCH phase=EXPLORE_ALIGN mode=SEARCH | reason=semantic_explore_idle_wait | explore_phase=EXPLORE_ALIGN | search_mode=visual_handoff | cmd=stop
[INFO] [1783540293.725179477] [shared_nav_semantic_explore]: [NAV] step=1708 mode=SEARCH fsm=SEARCH phase=EXPLORE_ALIGN mode=SEARCH | reason=semantic_explore_idle_wait | explore_phase=EXPLORE_ALIGN | search_mode=visual_handoff | cmd=stop | front=3.31m
[INFO] [1783540293.820206667] [shared_nav_semantic_explore]: [NAV] step=1709 mode=SEARCH fsm=SEARCH phase=EXPLORE_ALIGN mode=SEARCH | reason=semantic_explore_idle_wait | explore_phase=EXPLORE_ALIGN | search_mode=visual_handoff | cmd=stop | front=3.30m
[INFO] [1783540293.924438181] [shared_nav_semantic_explore]: [NAV] step=1710 mode=SEARCH fsm=SEARCH phase=EXPLORE_ALIGN mode=SEARCH | reason=semantic_explore_idle_wait | explore_phase=EXPLORE_ALIGN | search_mode=visual_handoff | cmd=stop | front=3.29m
[INFO] [1783540294.011922046] [shared_nav_semantic_explore]: [NAV] step=1711 mode=SEARCH fsm=SEARCH phase=EXPLORE_ALIGN mode=SEARCH | reason=semantic_explore_idle_wait | explore_phase=EXPLORE_ALIGN | search_mode=visual_handoff | cmd=stop | front=3.29m
[INFO] [1783540294.115470644] [shared_nav_semantic_explore]: [NAV] step=1712 mode=SEARCH fsm=SEARCH phase=EXPLORE_ALIGN mode=SEARCH | reason=semantic_explore_idle_wait | explore_phase=EXPLORE_ALIGN | search_mode=visual_handoff | cmd=stop
[INFO] [1783540294.209072794] [shared_nav_semantic_explore]: [NAV] step=1713 mode=SEARCH fsm=SEARCH phase=EXPLORE_ALIGN mode=SEARCH | reason=semantic_explore_idle_wait | explore_phase=EXPLORE_ALIGN | search_mode=visual_handoff | cmd=stop | front=3.28m
[INFO] [1783540294.308913229] [shared_nav_semantic_explore]: [NAV] step=1714 mode=SEARCH fsm=SEARCH phase=EXPLORE_ALIGN mode=SEARCH | reason=semantic_explore_idle_wait | explore_phase=EXPLORE_ALIGN | search_mode=visual_handoff | cmd=stop | front=3.26m
[INFO] [1783540294.410847871] [shared_nav_semantic_explore]: [NAV] step=1715 mode=SEARCH fsm=SEARCH phase=EXPLORE_ALIGN mode=SEARCH | reason=semantic_explore_idle_wait | explore_phase=EXPLORE_ALIGN | search_mode=visual_handoff | cmd=stop | front=3.25m
[INFO] [1783540294.520419504] [shared_nav_semantic_explore]: [NAV] step=1716 mode=SEARCH fsm=SEARCH phase=EXPLORE_ALIGN mode=SEARCH | reason=semantic_explore_idle_wait | explore_phase=EXPLORE_ALIGN | search_mode=visual_handoff | cmd=stop | front=3.25m
[INFO] [1783540294.608621660] [shared_nav_semantic_explore]: [NAV] step=1717 mode=SEARCH fsm=SEARCH phase=EXPLORE_ALIGN mode=SEARCH | reason=semantic_explore_idle_wait | explore_phase=EXPLORE_ALIGN | search_mode=visual_handoff | cmd=stop | front=3.25m
[INFO] [1783540294.715990796] [shared_nav_semantic_explore]: [NAV] step=1718 mode=SEARCH fsm=SEARCH phase=EXPLORE_ALIGN mode=SEARCH | reason=semantic_explore_idle_wait | explore_phase=EXPLORE_ALIGN | search_mode=visual_handoff | cmd=stop | front=3.26m
[INFO] [1783540294.847069364] [shared_nav_semantic_explore]: [NAV] step=1719 mode=SEARCH fsm=SEARCH phase=EXPLORE_ALIGN mode=SEARCH | reason=semantic_explore_idle_wait | explore_phase=EXPLORE_ALIGN | search_mode=visual_handoff | cmd=stop | front=3.26m
[INFO] [1783540294.933591731] [shared_nav_semantic_explore]: [NAV] step=1720 mode=SEARCH fsm=SEARCH phase=EXPLORE_ALIGN mode=SEARCH | reason=semantic_explore_idle_wait | explore_phase=EXPLORE_ALIGN | search_mode=visual_handoff | cmd=stop | front=3.29m
[INFO] [1783540295.034057499] [shared_nav_semantic_explore]: [NAV] step=1721 mode=SEARCH fsm=SEARCH phase=EXPLORE_ALIGN mode=SEARCH | reason=semantic_explore_idle_wait | explore_phase=EXPLORE_ALIGN | search_mode=visual_handoff | cmd=stop | front=3.20m
[INFO] [1783540295.140392385] [shared_nav_semantic_explore]: [NAV] step=1722 mode=SEARCH fsm=SEARCH phase=EXPLORE_ALIGN mode=SEARCH | reason=semantic_explore_idle_wait | explore_phase=EXPLORE_ALIGN | search_mode=visual_handoff | cmd=stop | front=3.26m
[INFO] [1783540295.213645308] [shared_nav_semantic_explore]: [NAV] step=1723 mode=SEARCH fsm=SEARCH phase=EXPLORE_ALIGN mode=SEARCH | reason=semantic_explore_idle_wait | explore_phase=EXPLORE_ALIGN | search_mode=visual_handoff | cmd=stop | front=3.23m
[INFO] [1783540295.395849072] [shared_nav_semantic_explore]: [NAV] step=1724 mode=SEARCH fsm=SEARCH phase=EXPLORE_ALIGN mode=SEARCH | reason=semantic_explore_idle_wait | explore_phase=EXPLORE_ALIGN | search_mode=visual_handoff | cmd=stop | front=3.20m
[INFO] [1783540295.435981071] [shared_nav_semantic_explore]: [NAV] step=1725 mode=SEARCH fsm=SEARCH phase=EXPLORE_ALIGN mode=SEARCH | reason=semantic_explore_idle_wait | explore_phase=EXPLORE_ALIGN | search_mode=visual_handoff | cmd=stop | front=3.23m
[INFO] [1783540295.520588564] [shared_nav_semantic_explore]: [NAV] step=1726 mode=SEARCH fsm=SEARCH phase=EXPLORE_ALIGN mode=SEARCH | reason=semantic_explore_idle_wait | explore_phase=EXPLORE_ALIGN | search_mode=visual_handoff | cmd=stop | front=3.16m
[INFO] [1783540295.642989267] [shared_nav_semantic_explore]: [NAV] step=1727 mode=SEARCH fsm=SEARCH phase=EXPLORE_ALIGN mode=SEARCH | reason=semantic_explore_idle_wait | explore_phase=EXPLORE_ALIGN | search_mode=visual_handoff | cmd=stop | front=3.21m
[INFO] [1783540295.750812694] [shared_nav_semantic_explore]: [NAV] step=1728 mode=SEARCH fsm=SEARCH phase=EXPLORE_ALIGN mode=SEARCH | reason=semantic_explore_idle_wait | explore_phase=EXPLORE_ALIGN | search_mode=visual_handoff | cmd=stop | front=3.14m
[INFO] [1783540295.831698233] [shared_nav_semantic_explore]: [NAV] step=1729 mode=SEARCH fsm=SEARCH phase=EXPLORE_ALIGN mode=SEARCH | reason=semantic_explore_idle_wait | explore_phase=EXPLORE_ALIGN | search_mode=visual_handoff | cmd=stop | front=3.23m
[INFO] [1783540295.913517771] [shared_nav_semantic_explore]: [NAV] step=1730 mode=SEARCH fsm=SEARCH phase=EXPLORE_ALIGN mode=SEARCH | reason=semantic_explore_idle_wait | explore_phase=EXPLORE_ALIGN | search_mode=visual_handoff | cmd=stop | front=3.17m
[INFO] [1783540296.008392253] [shared_nav_semantic_explore]: [NAV] step=1731 mode=SEARCH fsm=SEARCH phase=EXPLORE_ALIGN mode=SEARCH | reason=semantic_explore_idle_wait | explore_phase=EXPLORE_ALIGN | search_mode=visual_handoff | cmd=stop | front=3.15m
[INFO] [1783540296.113072309] [shared_nav_semantic_explore]: [NAV] step=1732 mode=SEARCH fsm=SEARCH phase=EXPLORE_ALIGN mode=SEARCH | reason=semantic_explore_idle_wait | explore_phase=EXPLORE_ALIGN | search_mode=visual_handoff | cmd=stop | front=3.10m
[INFO] [1783540296.209864289] [shared_nav_semantic_explore]: [NAV] step=1733 mode=SEARCH fsm=SEARCH phase=EXPLORE_ALIGN mode=SEARCH | reason=semantic_explore_idle_wait | explore_phase=EXPLORE_ALIGN | search_mode=visual_handoff | cmd=stop | front=3.10m
[INFO] [1783540296.315368802] [shared_nav_semantic_explore]: [NAV] step=1734 mode=SEARCH fsm=SEARCH phase=EXPLORE_ALIGN mode=SEARCH | reason=semantic_explore_idle_wait | explore_phase=EXPLORE_ALIGN | search_mode=visual_handoff | cmd=stop | front=3.10m
[INFO] [1783540296.408878744] [shared_nav_semantic_explore]: [NAV] step=1735 mode=SEARCH fsm=SEARCH phase=EXPLORE_ALIGN mode=SEARCH | reason=semantic_explore_idle_wait | explore_phase=EXPLORE_ALIGN | search_mode=visual_handoff | cmd=stop | front=3.08m
[INFO] [1783540296.516817046] [shared_nav_semantic_explore]: [NAV] step=1736 mode=SEARCH fsm=SEARCH phase=EXPLORE_ALIGN mode=SEARCH | reason=semantic_explore_idle_wait | explore_phase=EXPLORE_ALIGN | search_mode=visual_handoff | cmd=stop | front=3.08m
[INFO] [1783540296.614032068] [shared_nav_semantic_explore]: [NAV] step=1737 mode=SEARCH fsm=SEARCH phase=EXPLORE_ALIGN mode=SEARCH | reason=semantic_explore_idle_wait | explore_phase=EXPLORE_ALIGN | search_mode=visual_handoff | cmd=stop | front=3.11m
[INFO] [1783540296.720044080] [shared_nav_semantic_explore]: [NAV] step=1738 mode=SEARCH fsm=SEARCH phase=EXPLORE_ALIGN mode=SEARCH | reason=semantic_explore_idle_wait | explore_phase=EXPLORE_ALIGN | search_mode=visual_handoff | cmd=stop | front=3.17m
[INFO] [1783540296.808971985] [shared_nav_semantic_explore]: [NAV] step=1739 mode=SEARCH fsm=SEARCH phase=EXPLORE_ALIGN mode=SEARCH | reason=semantic_explore_idle_wait | explore_phase=EXPLORE_ALIGN | search_mode=visual_handoff | cmd=stop | front=3.17m
[INFO] [1783540296.954983955] [shared_nav_semantic_explore]: [NAV] step=1740 mode=SEARCH fsm=SEARCH phase=EXPLORE_ALIGN mode=SEARCH | reason=semantic_explore_idle_wait | explore_phase=EXPLORE_ALIGN | search_mode=visual_handoff | cmd=stop | front=3.17m
[INFO] [1783540297.019288928] [shared_nav_semantic_explore]: [NAV] step=1741 mode=SEARCH fsm=SEARCH phase=EXPLORE_ALIGN mode=SEARCH | reason=semantic_explore_idle_wait | explore_phase=EXPLORE_ALIGN | search_mode=visual_handoff | cmd=stop | front=3.17m
[INFO] [1783540297.121182112] [shared_nav_semantic_explore]: [NAV] step=1742 mode=SEARCH fsm=SEARCH phase=EXPLORE_ALIGN mode=SEARCH | reason=semantic_explore_idle_wait | explore_phase=EXPLORE_ALIGN | search_mode=visual_handoff | cmd=stop | front=3.06m
[INFO] [1783540297.228335956] [shared_nav_semantic_explore]: [NAV] step=1743 mode=SEARCH fsm=SEARCH phase=EXPLORE_ALIGN mode=SEARCH | reason=semantic_explore_idle_wait | explore_phase=EXPLORE_ALIGN | search_mode=visual_handoff | cmd=stop | front=3.13m
[INFO] [1783540297.338668214] [shared_nav_semantic_explore]: [NAV] step=1744 mode=SEARCH fsm=SEARCH phase=EXPLORE_ALIGN mode=SEARCH | reason=semantic_explore_idle_wait | explore_phase=EXPLORE_ALIGN | search_mode=visual_handoff | cmd=stop | front=3.07m
[INFO] [1783540297.442334187] [shared_nav_semantic_explore]: [NAV] step=1745 mode=SEARCH fsm=SEARCH phase=EXPLORE_ALIGN mode=SEARCH | reason=semantic_explore_idle_wait | explore_phase=EXPLORE_ALIGN | search_mode=visual_handoff | cmd=stop
[INFO] [1783540297.585299577] [shared_nav_semantic_explore]: [NAV] step=1746 mode=SEARCH fsm=SEARCH phase=EXPLORE_ALIGN mode=SEARCH | reason=semantic_explore_idle_wait | explore_phase=EXPLORE_ALIGN | search_mode=visual_handoff | cmd=stop
[INFO] [1783540297.624802243] [shared_nav_semantic_explore]: [NAV] step=1747 mode=SEARCH fsm=SEARCH phase=EXPLORE_ALIGN mode=SEARCH | reason=semantic_explore_idle_wait | explore_phase=EXPLORE_ALIGN | search_mode=visual_handoff | cmd=stop
[INFO] [1783540297.729217882] [shared_nav_semantic_explore]: [NAV] step=1748 mode=SEARCH fsm=SEARCH phase=EXPLORE_ALIGN mode=SEARCH | reason=semantic_explore_idle_wait | explore_phase=EXPLORE_ALIGN | search_mode=visual_handoff | cmd=stop
[INFO] [1783540297.853703584] [shared_nav_semantic_explore]: [NAV] step=1749 mode=SEARCH fsm=SEARCH phase=EXPLORE_ALIGN mode=SEARCH | reason=semantic_explore_idle_wait | explore_phase=EXPLORE_ALIGN | search_mode=visual_handoff | cmd=stop
[INFO] [1783540297.925725174] [shared_nav_semantic_explore]: [NAV] step=1750 mode=SEARCH fsm=SEARCH phase=EXPLORE_ALIGN mode=SEARCH | reason=semantic_explore_idle_wait | explore_phase=EXPLORE_ALIGN | search_mode=visual_handoff | cmd=stop
[INFO] [1783540298.012485957] [shared_nav_semantic_explore]: [NAV] step=1751 mode=SEARCH fsm=SEARCH phase=EXPLORE_ALIGN mode=SEARCH | reason=semantic_explore_idle_wait | explore_phase=EXPLORE_ALIGN | search_mode=visual_handoff | cmd=stop
[INFO] [1783540298.123888547] [shared_nav_semantic_explore]: [NAV] step=1752 mode=SEARCH fsm=SEARCH phase=EXPLORE_ALIGN mode=SEARCH | reason=semantic_explore_idle_wait | explore_phase=EXPLORE_ALIGN | search_mode=visual_handoff | cmd=stop
[INFO] [1783540298.222395817] [shared_nav_semantic_explore]: [NAV] step=1753 mode=SEARCH fsm=SEARCH phase=EXPLORE_ALIGN mode=SEARCH | reason=semantic_explore_idle_wait | explore_phase=EXPLORE_ALIGN | search_mode=visual_handoff | cmd=stop
[INFO] [1783540298.309876183] [shared_nav_semantic_explore]: [NAV] step=1754 mode=SEARCH fsm=SEARCH phase=EXPLORE_ALIGN mode=SEARCH | reason=semantic_explore_idle_wait | explore_phase=EXPLORE_ALIGN | search_mode=visual_handoff | cmd=stop
[INFO] [1783540298.417179819] [shared_nav_semantic_explore]: [NAV] step=1755 mode=SEARCH fsm=SEARCH phase=EXPLORE_ALIGN mode=SEARCH | reason=semantic_explore_idle_wait | explore_phase=EXPLORE_ALIGN | search_mode=visual_handoff | cmd=stop
[INFO] [1783540298.511880843] [shared_nav_semantic_explore]: [NAV] step=1756 mode=SEARCH fsm=SEARCH phase=EXPLORE_ALIGN mode=SEARCH | reason=semantic_explore_idle_wait | explore_phase=EXPLORE_ALIGN | search_mode=visual_handoff | cmd=stop
[INFO] [1783540298.604678536] [shared_nav_semantic_explore]: [NAV] step=1757 mode=SEARCH fsm=SEARCH phase=EXPLORE_ALIGN mode=SEARCH | reason=semantic_explore_idle_wait | explore_phase=EXPLORE_ALIGN | search_mode=visual_handoff | cmd=stop
[INFO] [1783540298.715192586] [shared_nav_semantic_explore]: [NAV] step=1758 mode=SEARCH fsm=SEARCH phase=EXPLORE_ALIGN mode=SEARCH | reason=semantic_explore_idle_wait | explore_phase=EXPLORE_ALIGN | search_mode=visual_handoff | cmd=stop
[INFO] [1783540298.809514235] [shared_nav_semantic_explore]: [NAV] step=1759 mode=SEARCH fsm=SEARCH phase=EXPLORE_ALIGN mode=SEARCH | reason=semantic_explore_idle_wait | explore_phase=EXPLORE_ALIGN | search_mode=visual_handoff | cmd=stop
[INFO] [1783540298.909342213] [shared_nav_semantic_explore]: [NAV] step=1760 mode=SEARCH fsm=SEARCH phase=EXPLORE_ALIGN mode=SEARCH | reason=semantic_explore_idle_wait | explore_phase=EXPLORE_ALIGN | search_mode=visual_handoff | cmd=stop
[INFO] [1783540299.013079269] [shared_nav_semantic_explore]: [NAV] step=1761 mode=SEARCH fsm=SEARCH phase=EXPLORE_ALIGN mode=SEARCH | reason=semantic_explore_idle_wait | explore_phase=EXPLORE_ALIGN | search_mode=visual_handoff | cmd=stop
[INFO] [1783540299.120889738] [shared_nav_semantic_explore]: [NAV] step=1762 mode=SEARCH fsm=SEARCH phase=EXPLORE_ALIGN mode=SEARCH | reason=semantic_explore_idle_wait | explore_phase=EXPLORE_ALIGN | search_mode=visual_handoff | cmd=stop
[INFO] [1783540299.213398474] [shared_nav_semantic_explore]: [NAV] step=1763 mode=SEARCH fsm=SEARCH phase=EXPLORE_ALIGN mode=SEARCH | reason=semantic_explore_idle_wait | explore_phase=EXPLORE_ALIGN | search_mode=visual_handoff | cmd=stop
[INFO] [1783540299.327216728] [shared_nav_semantic_explore]: [NAV] step=1764 mode=SEARCH fsm=SEARCH phase=EXPLORE_ALIGN mode=SEARCH | reason=semantic_explore_idle_wait | explore_phase=EXPLORE_ALIGN | search_mode=visual_handoff | cmd=stop
[INFO] [1783540299.427346830] [shared_nav_semantic_explore]: [NAV] step=1765 mode=SEARCH fsm=SEARCH phase=EXPLORE_ALIGN mode=SEARCH | reason=semantic_explore_idle_wait | explore_phase=EXPLORE_ALIGN | search_mode=visual_handoff | cmd=stop
[INFO] [1783540299.533702301] [shared_nav_semantic_explore]: [NAV] step=1766 mode=SEARCH fsm=SEARCH phase=EXPLORE_ALIGN mode=SEARCH | reason=semantic_explore_idle_wait | explore_phase=EXPLORE_ALIGN | search_mode=visual_handoff | cmd=stop
[INFO] [1783540299.647304847] [shared_nav_semantic_explore]: [NAV] step=1767 mode=SEARCH fsm=SEARCH phase=EXPLORE_ALIGN mode=SEARCH | reason=semantic_explore_idle_wait | explore_phase=EXPLORE_ALIGN | search_mode=visual_handoff | cmd=stop
[INFO] [1783540299.742949662] [shared_nav_semantic_explore]: [NAV] step=1768 mode=SEARCH fsm=SEARCH phase=EXPLORE_ALIGN mode=SEARCH | reason=semantic_explore_idle_wait | explore_phase=EXPLORE_ALIGN | search_mode=visual_handoff | cmd=stop
[INFO] [1783540299.832661234] [shared_nav_semantic_explore]: [NAV] step=1769 mode=SEARCH fsm=SEARCH phase=EXPLORE_ALIGN mode=SEARCH | reason=semantic_explore_idle_wait | explore_phase=EXPLORE_ALIGN | search_mode=visual_handoff | cmd=stop
[INFO] [1783540299.910932901] [shared_nav_semantic_explore]: [NAV] step=1770 mode=SEARCH fsm=SEARCH phase=EXPLORE_ALIGN mode=SEARCH | reason=semantic_explore_idle_wait | explore_phase=EXPLORE_ALIGN | search_mode=visual_handoff | cmd=stop
[INFO] [1783540300.010001712] [shared_nav_semantic_explore]: [NAV] step=1771 mode=SEARCH fsm=SEARCH phase=EXPLORE_ALIGN mode=SEARCH | reason=semantic_explore_idle_wait | explore_phase=EXPLORE_ALIGN | search_mode=visual_handoff | cmd=stop
[INFO] [1783540300.111501896] [shared_nav_semantic_explore]: [NAV] step=1772 mode=SEARCH fsm=SEARCH phase=EXPLORE_ALIGN mode=SEARCH | reason=semantic_explore_idle_wait | explore_phase=EXPLORE_ALIGN | search_mode=visual_handoff | cmd=stop
[INFO] [1783540300.207674294] [shared_nav_semantic_explore]: [NAV] step=1773 mode=SEARCH fsm=SEARCH phase=EXPLORE_ALIGN mode=SEARCH | reason=semantic_explore_idle_wait | explore_phase=EXPLORE_ALIGN | search_mode=visual_handoff | cmd=stop
[INFO] [1783540300.307846563] [shared_nav_semantic_explore]: [NAV] step=1774 mode=SEARCH fsm=SEARCH phase=EXPLORE_ALIGN mode=SEARCH | reason=semantic_explore_idle_wait | explore_phase=EXPLORE_ALIGN | search_mode=visual_handoff | cmd=stop
[INFO] [1783540300.405502293] [shared_nav_semantic_explore]: [NAV] step=1775 mode=SEARCH fsm=SEARCH phase=EXPLORE_ALIGN mode=SEARCH | reason=semantic_explore_idle_wait | explore_phase=EXPLORE_ALIGN | search_mode=visual_handoff | cmd=stop
[INFO] [1783540300.523321627] [shared_nav_semantic_explore]: [NAV] step=1776 mode=SEARCH fsm=SEARCH phase=EXPLORE_ALIGN mode=SEARCH | reason=semantic_explore_idle_wait | explore_phase=EXPLORE_ALIGN | search_mode=visual_handoff | cmd=stop
[INFO] [1783540300.619718233] [shared_nav_semantic_explore]: [NAV] step=1777 mode=SEARCH fsm=SEARCH phase=EXPLORE_ALIGN mode=SEARCH | reason=semantic_explore_idle_wait | explore_phase=EXPLORE_ALIGN | search_mode=visual_handoff | cmd=stop
[INFO] [1783540300.707337390] [shared_nav_semantic_explore]: [NAV] step=1778 mode=SEARCH fsm=SEARCH phase=EXPLORE_ALIGN mode=SEARCH | reason=semantic_explore_idle_wait | explore_phase=EXPLORE_ALIGN | search_mode=visual_handoff | cmd=stop
[INFO] [1783540300.811559321] [shared_nav_semantic_explore]: [NAV] step=1779 mode=SEARCH fsm=SEARCH phase=EXPLORE_ALIGN mode=SEARCH | reason=semantic_explore_idle_wait | explore_phase=EXPLORE_ALIGN | search_mode=visual_handoff | cmd=stop
[INFO] [1783540300.913925004] [shared_nav_semantic_explore]: [NAV] step=1780 mode=SEARCH fsm=SEARCH phase=EXPLORE_ALIGN mode=SEARCH | reason=semantic_explore_idle_wait | explore_phase=EXPLORE_ALIGN | search_mode=visual_handoff | cmd=stop
[INFO] [1783540301.016111563] [shared_nav_semantic_explore]: [NAV] step=1781 mode=SEARCH fsm=SEARCH phase=EXPLORE_ALIGN mode=SEARCH | reason=semantic_explore_idle_wait | explore_phase=EXPLORE_ALIGN | search_mode=visual_handoff | cmd=stop
[INFO] [1783540301.115630582] [shared_nav_semantic_explore]: [NAV] step=1782 mode=SEARCH fsm=SEARCH phase=EXPLORE_ALIGN mode=SEARCH | reason=semantic_explore_idle_wait | explore_phase=EXPLORE_ALIGN | search_mode=visual_handoff | cmd=stop
[INFO] [1783540301.219453764] [shared_nav_semantic_explore]: [NAV] step=1783 mode=SEARCH fsm=SEARCH phase=EXPLORE_ALIGN mode=SEARCH | reason=semantic_explore_idle_wait | explore_phase=EXPLORE_ALIGN | search_mode=visual_handoff | cmd=stop
[INFO] [1783540301.316212287] [shared_nav_semantic_explore]: [NAV] step=1784 mode=SEARCH fsm=SEARCH phase=EXPLORE_ALIGN mode=SEARCH | reason=semantic_explore_idle_wait | explore_phase=EXPLORE_ALIGN | search_mode=visual_handoff | cmd=stop
[INFO] [1783540301.431964456] [shared_nav_semantic_explore]: [NAV] step=1785 mode=SEARCH fsm=SEARCH phase=EXPLORE_ALIGN mode=SEARCH | reason=semantic_explore_idle_wait | explore_phase=EXPLORE_ALIGN | search_mode=visual_handoff | cmd=stop
[INFO] [1783540301.511529455] [shared_nav_semantic_explore]: [NAV] step=1786 mode=SEARCH fsm=SEARCH phase=EXPLORE_ALIGN mode=SEARCH | reason=semantic_explore_idle_wait | explore_phase=EXPLORE_ALIGN | search_mode=visual_handoff | cmd=stop
[INFO] [1783540301.660571547] [shared_nav_semantic_explore]: [NAV] step=1787 mode=SEARCH fsm=SEARCH phase=EXPLORE_ALIGN mode=SEARCH | reason=semantic_explore_idle_wait | explore_phase=EXPLORE_ALIGN | search_mode=visual_handoff | cmd=stop
[INFO] [1783540301.720785483] [shared_nav_semantic_explore]: [NAV] step=1788 mode=SEARCH fsm=SEARCH phase=EXPLORE_ALIGN mode=SEARCH | reason=semantic_explore_idle_wait | explore_phase=EXPLORE_ALIGN | search_mode=visual_handoff | cmd=stop
[INFO] [1783540301.815051675] [shared_nav_semantic_explore]: [NAV] step=1789 mode=SEARCH fsm=SEARCH phase=EXPLORE_ALIGN mode=SEARCH | reason=semantic_explore_idle_wait | explore_phase=EXPLORE_ALIGN | search_mode=visual_handoff | cmd=stop
[INFO] [1783540301.929465513] [shared_nav_semantic_explore]: [NAV] step=1790 mode=SEARCH fsm=SEARCH phase=EXPLORE_ALIGN mode=SEARCH | reason=semantic_explore_idle_wait | explore_phase=EXPLORE_ALIGN | search_mode=visual_handoff | cmd=stop
[INFO] [1783540302.019954625] [shared_nav_semantic_explore]: [NAV] step=1791 mode=SEARCH fsm=SEARCH phase=EXPLORE_ALIGN mode=SEARCH | reason=semantic_explore_idle_wait | explore_phase=EXPLORE_ALIGN | search_mode=visual_handoff | cmd=stop
[INFO] [1783540302.126622512] [shared_nav_semantic_explore]: [NAV] step=1792 mode=SEARCH fsm=SEARCH phase=EXPLORE_ALIGN mode=SEARCH | reason=semantic_explore_idle_wait | explore_phase=EXPLORE_ALIGN | search_mode=visual_handoff | cmd=stop
[INFO] [1783540302.222278286] [shared_nav_semantic_explore]: [NAV] step=1793 mode=SEARCH fsm=SEARCH phase=EXPLORE_ALIGN mode=SEARCH | reason=semantic_explore_idle_wait | explore_phase=EXPLORE_ALIGN | search_mode=visual_handoff | cmd=stop
[INFO] [1783540302.309738735] [shared_nav_semantic_explore]: [NAV] step=1794 mode=SEARCH fsm=SEARCH phase=EXPLORE_ALIGN mode=SEARCH | reason=semantic_explore_idle_wait | explore_phase=EXPLORE_ALIGN | search_mode=visual_handoff | cmd=stop
[INFO] [1783540302.404985593] [shared_nav_semantic_explore]: [NAV] step=1795 mode=SEARCH fsm=SEARCH phase=EXPLORE_ALIGN mode=SEARCH | reason=semantic_explore_idle_wait | explore_phase=EXPLORE_ALIGN | search_mode=visual_handoff | cmd=stop
[INFO] [1783540302.512699604] [shared_nav_semantic_explore]: [NAV] step=1796 mode=SEARCH fsm=SEARCH phase=EXPLORE_ALIGN mode=SEARCH | reason=semantic_explore_idle_wait | explore_phase=EXPLORE_ALIGN | search_mode=visual_handoff | cmd=stop
[INFO] [1783540302.605931964] [shared_nav_semantic_explore]: [NAV] step=1797 mode=SEARCH fsm=SEARCH phase=EXPLORE_ALIGN mode=SEARCH | reason=semantic_explore_idle_wait | explore_phase=EXPLORE_ALIGN | search_mode=visual_handoff | cmd=stop
[INFO] [1783540302.722606674] [shared_nav_semantic_explore]: [NAV] step=1798 mode=SEARCH fsm=SEARCH phase=EXPLORE_ALIGN mode=SEARCH | reason=semantic_explore_idle_wait | explore_phase=EXPLORE_ALIGN | search_mode=visual_handoff | cmd=stop
[INFO] [1783540302.819391821] [shared_nav_semantic_explore]: [NAV] step=1799 mode=SEARCH fsm=SEARCH phase=EXPLORE_ALIGN mode=SEARCH | reason=semantic_explore_idle_wait | explore_phase=EXPLORE_ALIGN | search_mode=visual_handoff | cmd=stop
[INFO] [1783540302.910422225] [shared_nav_semantic_explore]: [NAV] step=1800 mode=SEARCH fsm=SEARCH phase=EXPLORE_ALIGN mode=SEARCH | reason=semantic_explore_idle_wait | explore_phase=EXPLORE_ALIGN | search_mode=visual_handoff | cmd=stop
[INFO] [1783540303.013524366] [shared_nav_semantic_explore]: [NAV] step=1801 mode=SEARCH fsm=SEARCH phase=EXPLORE_ALIGN mode=SEARCH | reason=semantic_explore_idle_wait | explore_phase=EXPLORE_ALIGN | search_mode=visual_handoff | cmd=stop
[INFO] [1783540303.129385327] [shared_nav_semantic_explore]: [NAV] step=1802 mode=SEARCH fsm=SEARCH phase=EXPLORE_ALIGN mode=SEARCH | reason=semantic_explore_idle_wait | explore_phase=EXPLORE_ALIGN | search_mode=visual_handoff | cmd=stop
[INFO] [1783540303.245100038] [shared_nav_semantic_explore]: [NAV] step=1803 mode=SEARCH fsm=SEARCH phase=EXPLORE_ALIGN mode=SEARCH | reason=semantic_explore_idle_wait | explore_phase=EXPLORE_ALIGN | search_mode=visual_handoff | cmd=stop
[INFO] [1783540303.358485751] [shared_nav_semantic_explore]: [NAV] step=1804 mode=SEARCH fsm=SEARCH phase=EXPLORE_ALIGN mode=SEARCH | reason=semantic_explore_idle_wait | explore_phase=EXPLORE_ALIGN | search_mode=visual_handoff | cmd=stop
[INFO] [1783540303.436734835] [shared_nav_semantic_explore]: [NAV] step=1805 mode=SEARCH fsm=SEARCH phase=EXPLORE_ALIGN mode=SEARCH | reason=semantic_explore_idle_wait | explore_phase=EXPLORE_ALIGN | search_mode=visual_handoff | cmd=stop
[INFO] [1783540303.525370408] [shared_nav_semantic_explore]: [NAV] step=1806 mode=SEARCH fsm=SEARCH phase=EXPLORE_ALIGN mode=SEARCH | reason=semantic_explore_idle_wait | explore_phase=EXPLORE_ALIGN | search_mode=visual_handoff | cmd=stop
[INFO] [1783540303.634916334] [shared_nav_semantic_explore]: [NAV] step=1807 mode=SEARCH fsm=SEARCH phase=EXPLORE_ALIGN mode=SEARCH | reason=semantic_explore_idle_wait | explore_phase=EXPLORE_ALIGN | search_mode=visual_handoff | cmd=stop
[INFO] [1783540303.725768988] [shared_nav_semantic_explore]: [NAV] step=1808 mode=SEARCH fsm=SEARCH phase=EXPLORE_ALIGN mode=SEARCH | reason=semantic_explore_idle_wait | explore_phase=EXPLORE_ALIGN | search_mode=visual_handoff | cmd=stop
[INFO] [1783540303.840344742] [shared_nav_semantic_explore]: [NAV] step=1809 mode=SEARCH fsm=SEARCH phase=EXPLORE_ALIGN mode=SEARCH | reason=semantic_explore_idle_wait | explore_phase=EXPLORE_ALIGN | search_mode=visual_handoff | cmd=stop
[INFO] [1783540303.927724983] [shared_nav_semantic_explore]: [NAV] step=1810 mode=SEARCH fsm=SEARCH phase=EXPLORE_ALIGN mode=SEARCH | reason=semantic_explore_idle_wait | explore_phase=EXPLORE_ALIGN | search_mode=visual_handoff | cmd=stop
[INFO] [1783540304.026861712] [shared_nav_semantic_explore]: [NAV] step=1811 mode=SEARCH fsm=SEARCH phase=EXPLORE_ALIGN mode=SEARCH | reason=semantic_explore_idle_wait | explore_phase=EXPLORE_ALIGN | search_mode=visual_handoff | cmd=stop
[INFO] [1783540304.131209477] [shared_nav_semantic_explore]: [NAV] step=1812 mode=SEARCH fsm=SEARCH phase=EXPLORE_ALIGN mode=SEARCH | reason=semantic_explore_idle_wait | explore_phase=EXPLORE_ALIGN | search_mode=visual_handoff | cmd=stop
[INFO] [1783540304.226939625] [shared_nav_semantic_explore]: [NAV] step=1813 mode=SEARCH fsm=SEARCH phase=EXPLORE_ALIGN mode=SEARCH | reason=semantic_explore_idle_wait | explore_phase=EXPLORE_ALIGN | search_mode=visual_handoff | cmd=stop
[INFO] [1783540304.343677836] [shared_nav_semantic_explore]: [NAV] step=1814 mode=SEARCH fsm=SEARCH phase=EXPLORE_ALIGN mode=SEARCH | reason=semantic_explore_idle_wait | explore_phase=EXPLORE_ALIGN | search_mode=visual_handoff | cmd=stop
[INFO] [1783540304.430804910] [shared_nav_semantic_explore]: [NAV] step=1815 mode=SEARCH fsm=SEARCH phase=EXPLORE_ALIGN mode=SEARCH | reason=semantic_explore_idle_wait | explore_phase=EXPLORE_ALIGN | search_mode=visual_handoff | cmd=stop
[INFO] [1783540304.536028632] [shared_nav_semantic_explore]: [NAV] step=1816 mode=SEARCH fsm=SEARCH phase=EXPLORE_ALIGN mode=SEARCH | reason=semantic_explore_idle_wait | explore_phase=EXPLORE_ALIGN | search_mode=visual_handoff | cmd=stop
[INFO] [1783540304.616170256] [shared_nav_semantic_explore]: [NAV] step=1817 mode=SEARCH fsm=SEARCH phase=EXPLORE_ALIGN mode=SEARCH | reason=semantic_explore_idle_wait | explore_phase=EXPLORE_ALIGN | search_mode=visual_handoff | cmd=stop
[INFO] [1783540304.713485612] [shared_nav_semantic_explore]: [NAV] step=1818 mode=SEARCH fsm=SEARCH phase=EXPLORE_ALIGN mode=SEARCH | reason=semantic_explore_idle_wait | explore_phase=EXPLORE_ALIGN | search_mode=visual_handoff | cmd=stop
[INFO] [1783540304.841550268] [shared_nav_semantic_explore]: [NAV] step=1819 mode=SEARCH fsm=SEARCH phase=EXPLORE_ALIGN mode=SEARCH | reason=semantic_explore_idle_wait | explore_phase=EXPLORE_ALIGN | search_mode=visual_handoff | cmd=stop
[INFO] [1783540304.938302916] [shared_nav_semantic_explore]: [NAV] step=1820 mode=SEARCH fsm=SEARCH phase=EXPLORE_ALIGN mode=SEARCH | reason=semantic_explore_idle_wait | explore_phase=EXPLORE_ALIGN | search_mode=visual_handoff | cmd=stop
[INFO] [1783540305.016288667] [shared_nav_semantic_explore]: [NAV] step=1821 mode=SEARCH fsm=SEARCH phase=EXPLORE_ALIGN mode=SEARCH | reason=semantic_explore_idle_wait | explore_phase=EXPLORE_ALIGN | search_mode=visual_handoff | cmd=stop
[INFO] [1783540305.112283482] [shared_nav_semantic_explore]: [NAV] step=1822 mode=SEARCH fsm=SEARCH phase=EXPLORE_ALIGN mode=SEARCH | reason=semantic_explore_idle_wait | explore_phase=EXPLORE_ALIGN | search_mode=visual_handoff | cmd=stop
[INFO] [1783540305.218869245] [shared_nav_semantic_explore]: [NAV] step=1823 mode=SEARCH fsm=SEARCH phase=EXPLORE_ALIGN mode=SEARCH | reason=semantic_explore_idle_wait | explore_phase=EXPLORE_ALIGN | search_mode=visual_handoff | cmd=stop
[INFO] [1783540305.313460645] [shared_nav_semantic_explore]: [NAV] step=1824 mode=SEARCH fsm=SEARCH phase=EXPLORE_ALIGN mode=SEARCH | reason=semantic_explore_idle_wait | explore_phase=EXPLORE_ALIGN | search_mode=visual_handoff | cmd=stop
[INFO] [1783540305.415331496] [shared_nav_semantic_explore]: [NAV] step=1825 mode=SEARCH fsm=SEARCH phase=EXPLORE_ALIGN mode=SEARCH | reason=semantic_explore_idle_wait | explore_phase=EXPLORE_ALIGN | search_mode=visual_handoff | cmd=stop
[INFO] [1783540305.517879721] [shared_nav_semantic_explore]: [NAV] step=1826 mode=SEARCH fsm=SEARCH phase=EXPLORE_ALIGN mode=SEARCH | reason=semantic_explore_idle_wait | explore_phase=EXPLORE_ALIGN | search_mode=visual_handoff | cmd=stop
[INFO] [1783540305.619410114] [shared_nav_semantic_explore]: [NAV] step=1827 mode=SEARCH fsm=SEARCH phase=EXPLORE_ALIGN mode=SEARCH | reason=semantic_explore_idle_wait | explore_phase=EXPLORE_ALIGN | search_mode=visual_handoff | cmd=stop
[INFO] [1783540305.737733739] [shared_nav_semantic_explore]: [NAV] step=1828 mode=SEARCH fsm=SEARCH phase=EXPLORE_ALIGN mode=SEARCH | reason=semantic_explore_idle_wait | explore_phase=EXPLORE_ALIGN | search_mode=visual_handoff | cmd=stop
[INFO] [1783540305.819000320] [shared_nav_semantic_explore]: [NAV] step=1829 mode=SEARCH fsm=SEARCH phase=EXPLORE_ALIGN mode=SEARCH | reason=semantic_explore_idle_wait | explore_phase=EXPLORE_ALIGN | search_mode=visual_handoff | cmd=stop
[INFO] [1783540305.926641165] [shared_nav_semantic_explore]: [NAV] step=1830 mode=SEARCH fsm=SEARCH phase=EXPLORE_ALIGN mode=SEARCH | reason=semantic_explore_idle_wait | explore_phase=EXPLORE_ALIGN | search_mode=visual_handoff | cmd=stop
[INFO] [1783540306.024374020] [shared_nav_semantic_explore]: [NAV] step=1831 mode=SEARCH fsm=SEARCH phase=EXPLORE_ALIGN mode=SEARCH | reason=semantic_explore_idle_wait | explore_phase=EXPLORE_ALIGN | search_mode=visual_handoff | cmd=stop
[INFO] [1783540306.130012909] [shared_nav_semantic_explore]: [NAV] step=1832 mode=SEARCH fsm=SEARCH phase=EXPLORE_ALIGN mode=SEARCH | reason=semantic_explore_idle_wait | explore_phase=EXPLORE_ALIGN | search_mode=visual_handoff | cmd=stop
[INFO] [1783540306.217952233] [shared_nav_semantic_explore]: [NAV] step=1833 mode=SEARCH fsm=SEARCH phase=EXPLORE_ALIGN mode=SEARCH | reason=semantic_explore_idle_wait | explore_phase=EXPLORE_ALIGN | search_mode=visual_handoff | cmd=stop
[INFO] [1783540306.322139332] [shared_nav_semantic_explore]: [NAV] step=1834 mode=SEARCH fsm=SEARCH phase=EXPLORE_ALIGN mode=SEARCH | reason=semantic_explore_idle_wait | explore_phase=EXPLORE_ALIGN | search_mode=visual_handoff | cmd=stop
[INFO] [1783540306.413106736] [shared_nav_semantic_explore]: [NAV] step=1835 mode=SEARCH fsm=SEARCH phase=EXPLORE_ALIGN mode=SEARCH | reason=semantic_explore_idle_wait | explore_phase=EXPLORE_ALIGN | search_mode=visual_handoff | cmd=stop
[INFO] [1783540306.516557085] [shared_nav_semantic_explore]: [NAV] step=1836 mode=SEARCH fsm=SEARCH phase=EXPLORE_ALIGN mode=SEARCH | reason=semantic_explore_idle_wait | explore_phase=EXPLORE_ALIGN | search_mode=visual_handoff | cmd=stop
[INFO] [1783540306.606644990] [shared_nav_semantic_explore]: [NAV] step=1837 mode=SEARCH fsm=SEARCH phase=EXPLORE_ALIGN mode=SEARCH | reason=semantic_explore_idle_wait | explore_phase=EXPLORE_ALIGN | search_mode=visual_handoff | cmd=stop
[INFO] [1783540306.716936874] [shared_nav_semantic_explore]: [NAV] step=1838 mode=SEARCH fsm=SEARCH phase=EXPLORE_ALIGN mode=SEARCH | reason=semantic_explore_idle_wait | explore_phase=EXPLORE_ALIGN | search_mode=visual_handoff | cmd=stop
[INFO] [1783540306.814400854] [shared_nav_semantic_explore]: [NAV] step=1839 mode=SEARCH fsm=SEARCH phase=EXPLORE_ALIGN mode=SEARCH | reason=semantic_explore_idle_wait | explore_phase=EXPLORE_ALIGN | search_mode=visual_handoff | cmd=stop
[INFO] [1783540306.920233368] [shared_nav_semantic_explore]: [NAV] step=1840 mode=SEARCH fsm=SEARCH phase=EXPLORE_ALIGN mode=SEARCH | reason=semantic_explore_idle_wait | explore_phase=EXPLORE_ALIGN | search_mode=visual_handoff | cmd=stop
[INFO] [1783540307.016988891] [shared_nav_semantic_explore]: [NAV] step=1841 mode=SEARCH fsm=SEARCH phase=EXPLORE_ALIGN mode=SEARCH | reason=semantic_explore_idle_wait | explore_phase=EXPLORE_ALIGN | search_mode=visual_handoff | cmd=stop
[INFO] [1783540307.126722484] [shared_nav_semantic_explore]: [NAV] step=1842 mode=SEARCH fsm=SEARCH phase=EXPLORE_ALIGN mode=SEARCH | reason=semantic_explore_idle_wait | explore_phase=EXPLORE_ALIGN | search_mode=visual_handoff | cmd=stop
[INFO] [1783540307.215226724] [shared_nav_semantic_explore]: [NAV] step=1843 mode=SEARCH fsm=SEARCH phase=EXPLORE_ALIGN mode=SEARCH | reason=semantic_explore_idle_wait | explore_phase=EXPLORE_ALIGN | search_mode=visual_handoff | cmd=stop
[INFO] [1783540307.361173612] [shared_nav_semantic_explore]: [NAV] step=1844 mode=SEARCH fsm=SEARCH phase=EXPLORE_ALIGN mode=SEARCH | reason=semantic_explore_idle_wait | explore_phase=EXPLORE_ALIGN | search_mode=visual_handoff | cmd=stop
[INFO] [1783540307.438510780] [shared_nav_semantic_explore]: [NAV] step=1845 mode=SEARCH fsm=SEARCH phase=EXPLORE_ALIGN mode=SEARCH | reason=semantic_explore_idle_wait | explore_phase=EXPLORE_ALIGN | search_mode=visual_handoff | cmd=stop
[INFO] [1783540307.528260936] [shared_nav_semantic_explore]: [NAV] step=1846 mode=SEARCH fsm=SEARCH phase=EXPLORE_ALIGN mode=SEARCH | reason=semantic_explore_idle_wait | explore_phase=EXPLORE_ALIGN | search_mode=visual_handoff | cmd=stop
[INFO] [1783540307.642857065] [shared_nav_semantic_explore]: [NAV] step=1847 mode=SEARCH fsm=SEARCH phase=EXPLORE_ALIGN mode=SEARCH | reason=semantic_explore_idle_wait | explore_phase=EXPLORE_ALIGN | search_mode=visual_handoff | cmd=stop
[INFO] [1783540307.744617041] [shared_nav_semantic_explore]: [NAV] step=1848 mode=SEARCH fsm=SEARCH phase=EXPLORE_ALIGN mode=SEARCH | reason=semantic_explore_idle_wait | explore_phase=EXPLORE_ALIGN | search_mode=visual_handoff | cmd=stop
[INFO] [1783540307.836591820] [shared_nav_semantic_explore]: [NAV] step=1849 mode=SEARCH fsm=SEARCH phase=EXPLORE_ALIGN mode=SEARCH | reason=semantic_explore_idle_wait | explore_phase=EXPLORE_ALIGN | search_mode=visual_handoff | cmd=stop
[INFO] [1783540307.938687587] [shared_nav_semantic_explore]: [NAV] step=1850 mode=SEARCH fsm=SEARCH phase=EXPLORE_ALIGN mode=SEARCH | reason=semantic_explore_idle_wait | explore_phase=EXPLORE_ALIGN | search_mode=visual_handoff | cmd=stop
[INFO] [1783540308.023239748] [shared_nav_semantic_explore]: [NAV] step=1851 mode=SEARCH fsm=SEARCH phase=EXPLORE_ALIGN mode=SEARCH | reason=semantic_explore_idle_wait | explore_phase=EXPLORE_ALIGN | search_mode=visual_handoff | cmd=stop
[INFO] [1783540308.146930660] [shared_nav_semantic_explore]: [NAV] step=1852 mode=SEARCH fsm=SEARCH phase=EXPLORE_ALIGN mode=SEARCH | reason=semantic_explore_idle_wait | explore_phase=EXPLORE_ALIGN | search_mode=visual_handoff | cmd=stop
[INFO] [1783540308.216169170] [shared_nav_semantic_explore]: [NAV] step=1853 mode=SEARCH fsm=SEARCH phase=EXPLORE_ALIGN mode=SEARCH | reason=semantic_explore_idle_wait | explore_phase=EXPLORE_ALIGN | search_mode=visual_handoff | cmd=stop
[INFO] [1783540308.307421032] [shared_nav_semantic_explore]: [NAV] step=1854 mode=SEARCH fsm=SEARCH phase=EXPLORE_ALIGN mode=SEARCH | reason=semantic_explore_idle_wait | explore_phase=EXPLORE_ALIGN | search_mode=visual_handoff | cmd=stop
[INFO] [1783540308.422952161] [shared_nav_semantic_explore]: [NAV] step=1855 mode=SEARCH fsm=SEARCH phase=EXPLORE_ALIGN mode=SEARCH | reason=semantic_explore_idle_wait | explore_phase=EXPLORE_ALIGN | search_mode=visual_handoff | cmd=stop
[INFO] [1783540308.512332233] [shared_nav_semantic_explore]: [NAV] step=1856 mode=SEARCH fsm=SEARCH phase=EXPLORE_ALIGN mode=SEARCH | reason=semantic_explore_idle_wait | explore_phase=EXPLORE_ALIGN | search_mode=visual_handoff | cmd=stop
[INFO] [1783540308.610583005] [shared_nav_semantic_explore]: [NAV] step=1857 mode=SEARCH fsm=SEARCH phase=EXPLORE_ALIGN mode=SEARCH | reason=semantic_explore_idle_wait | explore_phase=EXPLORE_ALIGN | search_mode=visual_handoff | cmd=stop
[INFO] [1783540308.721453263] [shared_nav_semantic_explore]: [NAV] step=1858 mode=SEARCH fsm=SEARCH phase=EXPLORE_ALIGN mode=SEARCH | reason=semantic_explore_idle_wait | explore_phase=EXPLORE_ALIGN | search_mode=visual_handoff | cmd=stop
[INFO] [1783540308.809359504] [shared_nav_semantic_explore]: [NAV] step=1859 mode=SEARCH fsm=SEARCH phase=EXPLORE_ALIGN mode=SEARCH | reason=semantic_explore_idle_wait | explore_phase=EXPLORE_ALIGN | search_mode=visual_handoff | cmd=stop
[INFO] [1783540308.908250859] [shared_nav_semantic_explore]: [NAV] step=1860 mode=SEARCH fsm=SEARCH phase=EXPLORE_ALIGN mode=SEARCH | reason=semantic_explore_idle_wait | explore_phase=EXPLORE_ALIGN | search_mode=visual_handoff | cmd=stop
[INFO] [1783540309.007788046] [shared_nav_semantic_explore]: [NAV] step=1861 mode=SEARCH fsm=SEARCH phase=EXPLORE_ALIGN mode=SEARCH | reason=semantic_explore_idle_wait | explore_phase=EXPLORE_ALIGN | search_mode=visual_handoff | cmd=stop
[INFO] [1783540309.121080426] [shared_nav_semantic_explore]: [NAV] step=1862 mode=SEARCH fsm=SEARCH phase=EXPLORE_ALIGN mode=SEARCH | reason=semantic_explore_idle_wait | explore_phase=EXPLORE_ALIGN | search_mode=visual_handoff | cmd=stop | front=3.72m
[INFO] [1783540309.216304826] [shared_nav_semantic_explore]: [NAV] step=1863 mode=SEARCH fsm=SEARCH phase=EXPLORE_ALIGN mode=SEARCH | reason=semantic_explore_idle_wait | explore_phase=EXPLORE_ALIGN | search_mode=visual_handoff | cmd=stop | front=3.72m
[INFO] [1783540309.306934814] [shared_nav_semantic_explore]: [NAV] step=1864 mode=SEARCH fsm=SEARCH phase=EXPLORE_ALIGN mode=SEARCH | reason=semantic_explore_idle_wait | explore_phase=EXPLORE_ALIGN | search_mode=visual_handoff | cmd=stop
[INFO] [1783540309.437950135] [shared_nav_semantic_explore]: [NAV] step=1865 mode=SEARCH fsm=SEARCH phase=EXPLORE_ALIGN mode=SEARCH | reason=semantic_explore_idle_wait | explore_phase=EXPLORE_ALIGN | search_mode=visual_handoff | cmd=stop
[INFO] [1783540309.565680292] [shared_nav_semantic_explore]: [NAV] step=1866 mode=SEARCH fsm=SEARCH phase=EXPLORE_ALIGN mode=SEARCH | reason=semantic_explore_idle_wait | explore_phase=EXPLORE_ALIGN | search_mode=visual_handoff | cmd=stop | front=3.68m
[INFO] [1783540309.629731392] [shared_nav_semantic_explore]: [NAV] step=1867 mode=SEARCH fsm=SEARCH phase=EXPLORE_ALIGN mode=SEARCH | reason=semantic_explore_idle_wait | explore_phase=EXPLORE_ALIGN | search_mode=visual_handoff | cmd=stop | front=3.70m
[INFO] [1783540309.732064951] [shared_nav_semantic_explore]: [NAV] step=1868 mode=SEARCH fsm=SEARCH phase=EXPLORE_ALIGN mode=SEARCH | reason=semantic_explore_idle_wait | explore_phase=EXPLORE_ALIGN | search_mode=visual_handoff | cmd=stop
[INFO] [1783540309.848324120] [shared_nav_semantic_explore]: [NAV] step=1869 mode=SEARCH fsm=SEARCH phase=EXPLORE_ALIGN mode=SEARCH | reason=semantic_explore_idle_wait | explore_phase=EXPLORE_ALIGN | search_mode=visual_handoff | cmd=stop | front=3.67m
[INFO] [1783540309.918352588] [shared_nav_semantic_explore]: [NAV] step=1870 mode=SEARCH fsm=SEARCH phase=EXPLORE_ALIGN mode=SEARCH | reason=semantic_explore_idle_wait | explore_phase=EXPLORE_ALIGN | search_mode=visual_handoff | cmd=stop | front=3.67m
[INFO] [1783540310.041579167] [shared_nav_semantic_explore]: [NAV] step=1871 mode=SEARCH fsm=SEARCH phase=EXPLORE_ALIGN mode=SEARCH | reason=semantic_explore_idle_wait | explore_phase=EXPLORE_ALIGN | search_mode=visual_handoff | cmd=stop
[INFO] [1783540310.145064850] [shared_nav_semantic_explore]: [NAV] step=1872 mode=SEARCH fsm=SEARCH phase=EXPLORE_ALIGN mode=SEARCH | reason=semantic_explore_idle_wait | explore_phase=EXPLORE_ALIGN | search_mode=visual_handoff | cmd=stop
[INFO] [1783540310.233466632] [shared_nav_semantic_explore]: [NAV] step=1873 mode=SEARCH fsm=SEARCH phase=EXPLORE_ALIGN mode=SEARCH | reason=semantic_explore_idle_wait | explore_phase=EXPLORE_ALIGN | search_mode=visual_handoff | cmd=stop | front=3.61m
[INFO] [1783540310.323005288] [shared_nav_semantic_explore]: [NAV] step=1874 mode=SEARCH fsm=SEARCH phase=EXPLORE_ALIGN mode=SEARCH | reason=semantic_explore_idle_wait | explore_phase=EXPLORE_ALIGN | search_mode=visual_handoff | cmd=stop | front=3.66m
[INFO] [1783540310.411955153] [shared_nav_semantic_explore]: [NAV] step=1875 mode=SEARCH fsm=SEARCH phase=EXPLORE_ALIGN mode=SEARCH | reason=semantic_explore_idle_wait | explore_phase=EXPLORE_ALIGN | search_mode=visual_handoff | cmd=stop | front=3.66m
[INFO] [1783540310.508668843] [shared_nav_semantic_explore]: [NAV] step=1876 mode=SEARCH fsm=SEARCH phase=EXPLORE_ALIGN mode=SEARCH | reason=semantic_explore_idle_wait | explore_phase=EXPLORE_ALIGN | search_mode=visual_handoff | cmd=stop | front=3.66m
[INFO] [1783540310.609569321] [shared_nav_semantic_explore]: [NAV] step=1877 mode=SEARCH fsm=SEARCH phase=EXPLORE_ALIGN mode=SEARCH | reason=semantic_explore_idle_wait | explore_phase=EXPLORE_ALIGN | search_mode=visual_handoff | cmd=stop | front=3.62m
[INFO] [1783540310.721990078] [shared_nav_semantic_explore]: [NAV] step=1878 mode=SEARCH fsm=SEARCH phase=EXPLORE_ALIGN mode=SEARCH | reason=semantic_explore_idle_wait | explore_phase=EXPLORE_ALIGN | search_mode=visual_handoff | cmd=stop | front=3.62m
[INFO] [1783540310.806779322] [shared_nav_semantic_explore]: [NAV] step=1879 mode=SEARCH fsm=SEARCH phase=EXPLORE_ALIGN mode=SEARCH | reason=semantic_explore_idle_wait | explore_phase=EXPLORE_ALIGN | search_mode=visual_handoff | cmd=stop | front=3.59m
[INFO] [1783540310.912199295] [shared_nav_semantic_explore]: [NAV] step=1880 mode=SEARCH fsm=SEARCH phase=EXPLORE_ALIGN mode=SEARCH | reason=semantic_explore_idle_wait | explore_phase=EXPLORE_ALIGN | search_mode=visual_handoff | cmd=stop | front=3.57m
[INFO] [1783540311.009022443] [shared_nav_semantic_explore]: [NAV] step=1881 mode=SEARCH fsm=SEARCH phase=EXPLORE_ALIGN mode=SEARCH | reason=semantic_explore_idle_wait | explore_phase=EXPLORE_ALIGN | search_mode=visual_handoff | cmd=stop | front=3.57m
[INFO] [1783540311.127441694] [shared_nav_semantic_explore]: [NAV] step=1882 mode=SEARCH fsm=SEARCH phase=EXPLORE_ALIGN mode=SEARCH | reason=semantic_explore_idle_wait | explore_phase=EXPLORE_ALIGN | search_mode=visual_handoff | cmd=stop | front=3.57m
[INFO] [1783540311.215584935] [shared_nav_semantic_explore]: [NAV] step=1883 mode=SEARCH fsm=SEARCH phase=EXPLORE_ALIGN mode=SEARCH | reason=semantic_explore_idle_wait | explore_phase=EXPLORE_ALIGN | search_mode=visual_handoff | cmd=stop | front=3.56m
[INFO] [1783540311.308356129] [shared_nav_semantic_explore]: [NAV] step=1884 mode=SEARCH fsm=SEARCH phase=EXPLORE_ALIGN mode=SEARCH | reason=semantic_explore_idle_wait | explore_phase=EXPLORE_ALIGN | search_mode=visual_handoff | cmd=stop | front=3.52m
[INFO] [1783540311.426294297] [shared_nav_semantic_explore]: [NAV] step=1885 mode=SEARCH fsm=SEARCH phase=EXPLORE_ALIGN mode=SEARCH | reason=semantic_explore_idle_wait | explore_phase=EXPLORE_ALIGN | search_mode=visual_handoff | cmd=stop | front=3.52m
[INFO] [1783540311.512174498] [shared_nav_semantic_explore]: [NAV] step=1886 mode=SEARCH fsm=SEARCH phase=EXPLORE_ALIGN mode=SEARCH | reason=semantic_explore_idle_wait | explore_phase=EXPLORE_ALIGN | search_mode=visual_handoff | cmd=stop
[INFO] [1783540311.628862584] [shared_nav_semantic_explore]: [NAV] step=1887 mode=SEARCH fsm=SEARCH phase=EXPLORE_ALIGN mode=SEARCH | reason=semantic_explore_idle_wait | explore_phase=EXPLORE_ALIGN | search_mode=visual_handoff | cmd=stop | front=3.52m
[INFO] [1783540311.742920173] [shared_nav_semantic_explore]: [NAV] step=1888 mode=SEARCH fsm=SEARCH phase=EXPLORE_ALIGN mode=SEARCH | reason=semantic_explore_idle_wait | explore_phase=EXPLORE_ALIGN | search_mode=visual_handoff | cmd=stop
[INFO] [1783540311.821881923] [shared_nav_semantic_explore]: [NAV] step=1889 mode=SEARCH fsm=SEARCH phase=EXPLORE_ALIGN mode=SEARCH | reason=semantic_explore_idle_wait | explore_phase=EXPLORE_ALIGN | search_mode=visual_handoff | cmd=stop
[INFO] [1783540311.914658951] [shared_nav_semantic_explore]: [NAV] step=1890 mode=SEARCH fsm=SEARCH phase=EXPLORE_ALIGN mode=SEARCH | reason=semantic_explore_idle_wait | explore_phase=EXPLORE_ALIGN | search_mode=visual_handoff | cmd=stop
[INFO] [1783540312.046338813] [shared_nav_semantic_explore]: [NAV] step=1891 mode=SEARCH fsm=SEARCH phase=EXPLORE_ALIGN mode=SEARCH | reason=semantic_explore_idle_wait | explore_phase=EXPLORE_ALIGN | search_mode=visual_handoff | cmd=stop
[INFO] [1783540312.126861020] [shared_nav_semantic_explore]: [NAV] step=1892 mode=SEARCH fsm=SEARCH phase=EXPLORE_ALIGN mode=SEARCH | reason=semantic_explore_idle_wait | explore_phase=EXPLORE_ALIGN | search_mode=visual_handoff | cmd=stop
[INFO] [1783540312.243920314] [shared_nav_semantic_explore]: [NAV] step=1893 mode=SEARCH fsm=SEARCH phase=EXPLORE_ALIGN mode=SEARCH | reason=semantic_explore_idle_wait | explore_phase=EXPLORE_ALIGN | search_mode=visual_handoff | cmd=stop
[INFO] [1783540312.324444521] [shared_nav_semantic_explore]: [NAV] step=1894 mode=SEARCH fsm=SEARCH phase=EXPLORE_ALIGN mode=SEARCH | reason=semantic_explore_idle_wait | explore_phase=EXPLORE_ALIGN | search_mode=visual_handoff | cmd=stop
[INFO] [1783540312.414366802] [shared_nav_semantic_explore]: [NAV] step=1895 mode=SEARCH fsm=SEARCH phase=EXPLORE_ALIGN mode=SEARCH | reason=semantic_explore_idle_wait | explore_phase=EXPLORE_ALIGN | search_mode=visual_handoff | cmd=stop
[INFO] [1783540312.505426582] [shared_nav_semantic_explore]: [NAV] step=1896 mode=SEARCH fsm=SEARCH phase=EXPLORE_ALIGN mode=SEARCH | reason=semantic_explore_idle_wait | explore_phase=EXPLORE_ALIGN | search_mode=visual_handoff | cmd=stop
[INFO] [1783540312.608104182] [shared_nav_semantic_explore]: [NAV] step=1897 mode=SEARCH fsm=SEARCH phase=EXPLORE_ALIGN mode=SEARCH | reason=semantic_explore_idle_wait | explore_phase=EXPLORE_ALIGN | search_mode=visual_handoff | cmd=stop
[INFO] [1783540312.716955068] [shared_nav_semantic_explore]: [NAV] step=1898 mode=SEARCH fsm=SEARCH phase=EXPLORE_ALIGN mode=SEARCH | reason=semantic_explore_idle_wait | explore_phase=EXPLORE_ALIGN | search_mode=visual_handoff | cmd=stop | front=3.47m
[INFO] [1783540312.817129422] [shared_nav_semantic_explore]: [NAV] step=1899 mode=SEARCH fsm=SEARCH phase=EXPLORE_ALIGN mode=SEARCH | reason=semantic_explore_idle_wait | explore_phase=EXPLORE_ALIGN | search_mode=visual_handoff | cmd=stop | front=3.47m
[INFO] [1783540312.908020910] [shared_nav_semantic_explore]: [NAV] step=1900 mode=SEARCH fsm=SEARCH phase=EXPLORE_ALIGN mode=SEARCH | reason=semantic_explore_idle_wait | explore_phase=EXPLORE_ALIGN | search_mode=visual_handoff | cmd=stop | front=3.47m
[INFO] [1783540313.011932926] [shared_nav_semantic_explore]: [NAV] step=1901 mode=SEARCH fsm=SEARCH phase=EXPLORE_ALIGN mode=SEARCH | reason=semantic_explore_idle_wait | explore_phase=EXPLORE_ALIGN | search_mode=visual_handoff | cmd=stop | front=3.47m
[INFO] [1783540313.110558197] [shared_nav_semantic_explore]: [NAV] step=1902 mode=SEARCH fsm=SEARCH phase=EXPLORE_ALIGN mode=SEARCH | reason=semantic_explore_idle_wait | explore_phase=EXPLORE_ALIGN | search_mode=visual_handoff | cmd=stop | front=3.46m
[INFO] [1783540313.217422460] [shared_nav_semantic_explore]: [NAV] step=1903 mode=SEARCH fsm=SEARCH phase=EXPLORE_ALIGN mode=SEARCH | reason=semantic_explore_idle_wait | explore_phase=EXPLORE_ALIGN | search_mode=visual_handoff | cmd=stop | front=3.46m
[INFO] [1783540313.314509942] [shared_nav_semantic_explore]: [NAV] step=1904 mode=SEARCH fsm=SEARCH phase=EXPLORE_ALIGN mode=SEARCH | reason=semantic_explore_idle_wait | explore_phase=EXPLORE_ALIGN | search_mode=visual_handoff | cmd=stop
[INFO] [1783540313.430025154] [shared_nav_semantic_explore]: [NAV] step=1905 mode=SEARCH fsm=SEARCH phase=EXPLORE_ALIGN mode=SEARCH | reason=semantic_explore_idle_wait | explore_phase=EXPLORE_ALIGN | search_mode=visual_handoff | cmd=stop | front=3.46m
[INFO] [1783540313.572203006] [shared_nav_semantic_explore]: [NAV] step=1906 mode=SEARCH fsm=SEARCH phase=EXPLORE_ALIGN mode=SEARCH | reason=semantic_explore_idle_wait | explore_phase=EXPLORE_ALIGN | search_mode=visual_handoff | cmd=stop | front=3.47m
[INFO] [1783540313.620960204] [shared_nav_semantic_explore]: [NAV] step=1907 mode=SEARCH fsm=SEARCH phase=EXPLORE_ALIGN mode=SEARCH | reason=semantic_explore_idle_wait | explore_phase=EXPLORE_ALIGN | search_mode=visual_handoff | cmd=stop | front=3.47m
[INFO] [1783540313.716536729] [shared_nav_semantic_explore]: [NAV] step=1908 mode=SEARCH fsm=SEARCH phase=EXPLORE_ALIGN mode=SEARCH | reason=semantic_explore_idle_wait | explore_phase=EXPLORE_ALIGN | search_mode=visual_handoff | cmd=stop | front=3.45m
[INFO] [1783540313.849317632] [shared_nav_semantic_explore]: [NAV] step=1909 mode=SEARCH fsm=SEARCH phase=EXPLORE_ALIGN mode=SEARCH | reason=semantic_explore_idle_wait | explore_phase=EXPLORE_ALIGN | search_mode=visual_handoff | cmd=stop
[INFO] [1783540313.976082874] [shared_nav_semantic_explore]: [NAV] step=1910 mode=SEARCH fsm=SEARCH phase=EXPLORE_ALIGN mode=SEARCH | reason=semantic_explore_idle_wait | explore_phase=EXPLORE_ALIGN | search_mode=visual_handoff | cmd=stop
[INFO] [1783540314.044633552] [shared_nav_semantic_explore]: [NAV] step=1911 mode=SEARCH fsm=SEARCH phase=EXPLORE_ALIGN mode=SEARCH | reason=semantic_explore_idle_wait | explore_phase=EXPLORE_ALIGN | search_mode=visual_handoff | cmd=stop
[INFO] [1783540314.164791177] [shared_nav_semantic_explore]: [NAV] step=1912 mode=SEARCH fsm=SEARCH phase=EXPLORE_ALIGN mode=SEARCH | reason=semantic_explore_idle_wait | explore_phase=EXPLORE_ALIGN | search_mode=visual_handoff | cmd=stop
[INFO] [1783540314.273888063] [shared_nav_semantic_explore]: [NAV] step=1913 mode=SEARCH fsm=SEARCH phase=EXPLORE_ALIGN mode=SEARCH | reason=semantic_explore_idle_wait | explore_phase=EXPLORE_ALIGN | search_mode=visual_handoff | cmd=stop
[INFO] [1783540314.376529538] [shared_nav_semantic_explore]: [NAV] step=1914 mode=SEARCH fsm=SEARCH phase=EXPLORE_ALIGN mode=SEARCH | reason=semantic_explore_idle_wait | explore_phase=EXPLORE_ALIGN | search_mode=visual_handoff | cmd=stop | front=3.47m
[INFO] [1783540314.451205669] [shared_nav_semantic_explore]: [NAV] step=1915 mode=SEARCH fsm=SEARCH phase=EXPLORE_ALIGN mode=SEARCH | reason=semantic_explore_idle_wait | explore_phase=EXPLORE_ALIGN | search_mode=visual_handoff | cmd=stop | front=3.47m
[INFO] [1783540314.518185224] [shared_nav_semantic_explore]: [NAV] step=1916 mode=SEARCH fsm=SEARCH phase=EXPLORE_ALIGN mode=SEARCH | reason=semantic_explore_idle_wait | explore_phase=EXPLORE_ALIGN | search_mode=visual_handoff | cmd=stop | front=3.47m
[INFO] [1783540314.667452234] [shared_nav_semantic_explore]: [NAV] step=1917 mode=SEARCH fsm=SEARCH phase=EXPLORE_ALIGN mode=SEARCH | reason=semantic_explore_idle_wait | explore_phase=EXPLORE_ALIGN | search_mode=visual_handoff | cmd=stop | front=3.47m
[INFO] [1783540314.711204772] [shared_nav_semantic_explore]: [NAV] step=1918 mode=SEARCH fsm=SEARCH phase=EXPLORE_ALIGN mode=SEARCH | reason=semantic_explore_idle_wait | explore_phase=EXPLORE_ALIGN | search_mode=visual_handoff | cmd=stop
[INFO] [1783540314.818018368] [shared_nav_semantic_explore]: [NAV] step=1919 mode=SEARCH fsm=SEARCH phase=EXPLORE_ALIGN mode=SEARCH | reason=semantic_explore_idle_wait | explore_phase=EXPLORE_ALIGN | search_mode=visual_handoff | cmd=stop | front=3.45m
[INFO] [1783540314.907387608] [shared_nav_semantic_explore]: [NAV] step=1920 mode=SEARCH fsm=SEARCH phase=EXPLORE_ALIGN mode=SEARCH | reason=semantic_explore_idle_wait | explore_phase=EXPLORE_ALIGN | search_mode=visual_handoff | cmd=stop | front=3.42m
[INFO] [1783540315.034773058] [shared_nav_semantic_explore]: [NAV] step=1921 mode=SEARCH fsm=SEARCH phase=EXPLORE_ALIGN mode=SEARCH | reason=semantic_explore_idle_wait | explore_phase=EXPLORE_ALIGN | search_mode=visual_handoff | cmd=stop | front=3.43m
[INFO] [1783540315.109372022] [shared_nav_semantic_explore]: [NAV] step=1922 mode=SEARCH fsm=SEARCH phase=EXPLORE_ALIGN mode=SEARCH | reason=semantic_explore_idle_wait | explore_phase=EXPLORE_ALIGN | search_mode=visual_handoff | cmd=stop | front=3.43m
[INFO] [1783540315.215289119] [shared_nav_semantic_explore]: [NAV] step=1923 mode=SEARCH fsm=SEARCH phase=EXPLORE_ALIGN mode=SEARCH | reason=semantic_explore_idle_wait | explore_phase=EXPLORE_ALIGN | search_mode=visual_handoff | cmd=stop
[INFO] [1783540315.319161636] [shared_nav_semantic_explore]: [NAV] step=1924 mode=SEARCH fsm=SEARCH phase=EXPLORE_ALIGN mode=SEARCH | reason=semantic_explore_idle_wait | explore_phase=EXPLORE_ALIGN | search_mode=visual_handoff | cmd=stop
[INFO] [1783540315.410629748] [shared_nav_semantic_explore]: [NAV] step=1925 mode=SEARCH fsm=SEARCH phase=EXPLORE_ALIGN mode=SEARCH | reason=semantic_explore_idle_wait | explore_phase=EXPLORE_ALIGN | search_mode=visual_handoff | cmd=stop | front=3.41m
[INFO] [1783540315.514611556] [shared_nav_semantic_explore]: [NAV] step=1926 mode=SEARCH fsm=SEARCH phase=EXPLORE_ALIGN mode=SEARCH | reason=semantic_explore_idle_wait | explore_phase=EXPLORE_ALIGN | search_mode=visual_handoff | cmd=stop | front=3.42m
[INFO] [1783540315.614762952] [shared_nav_semantic_explore]: [NAV] step=1927 mode=SEARCH fsm=SEARCH phase=EXPLORE_ALIGN mode=SEARCH | reason=semantic_explore_idle_wait | explore_phase=EXPLORE_ALIGN | search_mode=visual_handoff | cmd=stop | front=3.42m
[INFO] [1783540315.728243083] [shared_nav_semantic_explore]: [NAV] step=1928 mode=SEARCH fsm=SEARCH phase=EXPLORE_ALIGN mode=SEARCH | reason=semantic_explore_idle_wait | explore_phase=EXPLORE_ALIGN | search_mode=visual_handoff | cmd=stop
[INFO] [1783540315.823800983] [shared_nav_semantic_explore]: [NAV] step=1929 mode=SEARCH fsm=SEARCH phase=EXPLORE_ALIGN mode=SEARCH | reason=semantic_explore_idle_wait | explore_phase=EXPLORE_ALIGN | search_mode=visual_handoff | cmd=stop
[INFO] [1783540315.940101111] [shared_nav_semantic_explore]: [NAV] step=1930 mode=SEARCH fsm=SEARCH phase=EXPLORE_ALIGN mode=SEARCH | reason=semantic_explore_idle_wait | explore_phase=EXPLORE_ALIGN | search_mode=visual_handoff | cmd=stop | front=3.38m
[INFO] [1783540316.027372145] [shared_nav_semantic_explore]: [NAV] step=1931 mode=SEARCH fsm=SEARCH phase=EXPLORE_ALIGN mode=SEARCH | reason=semantic_explore_idle_wait | explore_phase=EXPLORE_ALIGN | search_mode=visual_handoff | cmd=stop | front=3.40m
[INFO] [1783540316.121342922] [shared_nav_semantic_explore]: [NAV] step=1932 mode=SEARCH fsm=SEARCH phase=EXPLORE_ALIGN mode=SEARCH | reason=semantic_explore_idle_wait | explore_phase=EXPLORE_ALIGN | search_mode=visual_handoff | cmd=stop | front=3.40m
[INFO] [1783540316.229573351] [shared_nav_semantic_explore]: [NAV] step=1933 mode=SEARCH fsm=SEARCH phase=EXPLORE_ALIGN mode=SEARCH | reason=semantic_explore_idle_wait | explore_phase=EXPLORE_ALIGN | search_mode=visual_handoff | cmd=stop
[INFO] [1783540316.334431616] [shared_nav_semantic_explore]: [NAV] step=1934 mode=SEARCH fsm=SEARCH phase=EXPLORE_ALIGN mode=SEARCH | reason=semantic_explore_idle_wait | explore_phase=EXPLORE_ALIGN | search_mode=visual_handoff | cmd=stop
[INFO] [1783540316.440053381] [shared_nav_semantic_explore]: [NAV] step=1935 mode=SEARCH fsm=SEARCH phase=EXPLORE_ALIGN mode=SEARCH | reason=semantic_explore_idle_wait | explore_phase=EXPLORE_ALIGN | search_mode=visual_handoff | cmd=stop
[INFO] [1783540316.525800458] [shared_nav_semantic_explore]: [NAV] step=1936 mode=SEARCH fsm=SEARCH phase=EXPLORE_ALIGN mode=SEARCH | reason=semantic_explore_idle_wait | explore_phase=EXPLORE_ALIGN | search_mode=visual_handoff | cmd=stop | front=3.40m
[INFO] [1783540316.605693541] [shared_nav_semantic_explore]: [NAV] step=1937 mode=SEARCH fsm=SEARCH phase=EXPLORE_ALIGN mode=SEARCH | reason=semantic_explore_idle_wait | explore_phase=EXPLORE_ALIGN | search_mode=visual_handoff | cmd=stop | front=3.40m
[INFO] [1783540316.714494844] [shared_nav_semantic_explore]: [NAV] step=1938 mode=SEARCH fsm=SEARCH phase=EXPLORE_ALIGN mode=SEARCH | reason=semantic_explore_idle_wait | explore_phase=EXPLORE_ALIGN | search_mode=visual_handoff | cmd=stop | front=3.41m
[INFO] [1783540316.812983408] [shared_nav_semantic_explore]: [NAV] step=1939 mode=SEARCH fsm=SEARCH phase=EXPLORE_ALIGN mode=SEARCH | reason=semantic_explore_idle_wait | explore_phase=EXPLORE_ALIGN | search_mode=visual_handoff | cmd=stop | front=3.41m
[INFO] [1783540316.905307228] [shared_nav_semantic_explore]: [NAV] step=1940 mode=SEARCH fsm=SEARCH phase=EXPLORE_ALIGN mode=SEARCH | reason=semantic_explore_idle_wait | explore_phase=EXPLORE_ALIGN | search_mode=visual_handoff | cmd=stop
[INFO] [1783540317.011811534] [shared_nav_semantic_explore]: [NAV] step=1941 mode=SEARCH fsm=SEARCH phase=EXPLORE_ALIGN mode=SEARCH | reason=semantic_explore_idle_wait | explore_phase=EXPLORE_ALIGN | search_mode=visual_handoff | cmd=stop
[INFO] [1783540317.117753923] [shared_nav_semantic_explore]: [NAV] step=1942 mode=SEARCH fsm=SEARCH phase=EXPLORE_ALIGN mode=SEARCH | reason=semantic_explore_idle_wait | explore_phase=EXPLORE_ALIGN | search_mode=visual_handoff | cmd=stop | front=3.38m
[INFO] [1783540317.222512022] [shared_nav_semantic_explore]: [NAV] step=1943 mode=SEARCH fsm=SEARCH phase=EXPLORE_ALIGN mode=SEARCH | reason=semantic_explore_idle_wait | explore_phase=EXPLORE_ALIGN | search_mode=visual_handoff | cmd=stop | front=3.38m
[INFO] [1783540317.320453170] [shared_nav_semantic_explore]: [NAV] step=1944 mode=SEARCH fsm=SEARCH phase=EXPLORE_ALIGN mode=SEARCH | reason=semantic_explore_idle_wait | explore_phase=EXPLORE_ALIGN | search_mode=visual_handoff | cmd=stop
[INFO] [1783540317.408932244] [shared_nav_semantic_explore]: [NAV] step=1945 mode=SEARCH fsm=SEARCH phase=EXPLORE_ALIGN mode=SEARCH | reason=semantic_explore_idle_wait | explore_phase=EXPLORE_ALIGN | search_mode=visual_handoff | cmd=stop | front=3.41m
[INFO] [1783540317.507223142] [shared_nav_semantic_explore]: [NAV] step=1946 mode=SEARCH fsm=SEARCH phase=EXPLORE_ALIGN mode=SEARCH | reason=semantic_explore_idle_wait | explore_phase=EXPLORE_ALIGN | search_mode=visual_handoff | cmd=stop | front=3.41m
[INFO] [1783540317.609764201] [shared_nav_semantic_explore]: [NAV] step=1947 mode=SEARCH fsm=SEARCH phase=EXPLORE_ALIGN mode=SEARCH | reason=semantic_explore_idle_wait | explore_phase=EXPLORE_ALIGN | search_mode=visual_handoff | cmd=stop
[INFO] [1783540317.716734090] [shared_nav_semantic_explore]: [NAV] step=1948 mode=SEARCH fsm=SEARCH phase=EXPLORE_ALIGN mode=SEARCH | reason=semantic_explore_idle_wait | explore_phase=EXPLORE_ALIGN | search_mode=visual_handoff | cmd=stop
[INFO] [1783540317.846318038] [shared_nav_semantic_explore]: [NAV] step=1949 mode=SEARCH fsm=SEARCH phase=EXPLORE_ALIGN mode=SEARCH | reason=semantic_explore_idle_wait | explore_phase=EXPLORE_ALIGN | search_mode=visual_handoff | cmd=stop
[INFO] [1783540317.991609303] [shared_nav_semantic_explore]: [NAV] step=1950 mode=SEARCH fsm=SEARCH phase=EXPLORE_ALIGN mode=SEARCH | reason=semantic_explore_idle_wait | explore_phase=EXPLORE_ALIGN | search_mode=visual_handoff | cmd=stop
[INFO] [1783540318.071923927] [shared_nav_semantic_explore]: [NAV] step=1951 mode=SEARCH fsm=SEARCH phase=EXPLORE_ALIGN mode=SEARCH | reason=semantic_explore_idle_wait | explore_phase=EXPLORE_ALIGN | search_mode=visual_handoff | cmd=stop | front=3.42m
[INFO] [1783540318.244696039] [shared_nav_semantic_explore]: [NAV] step=1952 mode=SEARCH fsm=SEARCH phase=EXPLORE_ALIGN mode=SEARCH | reason=semantic_explore_idle_wait | explore_phase=EXPLORE_ALIGN | search_mode=visual_handoff | cmd=stop | front=3.42m
[INFO] [1783540318.328601951] [shared_nav_semantic_explore]: [NAV] step=1953 mode=SEARCH fsm=SEARCH phase=EXPLORE_ALIGN mode=SEARCH | reason=semantic_explore_idle_wait | explore_phase=EXPLORE_ALIGN | search_mode=visual_handoff | cmd=stop | front=3.36m
[INFO] [1783540318.453232155] [shared_nav_semantic_explore]: [NAV] step=1954 mode=SEARCH fsm=SEARCH phase=EXPLORE_ALIGN mode=SEARCH | reason=semantic_explore_idle_wait | explore_phase=EXPLORE_ALIGN | search_mode=visual_handoff | cmd=stop
[INFO] [1783540318.519849377] [shared_nav_semantic_explore]: [NAV] step=1955 mode=SEARCH fsm=SEARCH phase=EXPLORE_ALIGN mode=SEARCH | reason=semantic_explore_idle_wait | explore_phase=EXPLORE_ALIGN | search_mode=visual_handoff | cmd=stop
[INFO] [1783540318.616283610] [shared_nav_semantic_explore]: [NAV] step=1956 mode=SEARCH fsm=SEARCH phase=EXPLORE_ALIGN mode=SEARCH | reason=semantic_explore_idle_wait | explore_phase=EXPLORE_ALIGN | search_mode=visual_handoff | cmd=stop
[INFO] [1783540318.714866674] [shared_nav_semantic_explore]: [NAV] step=1957 mode=SEARCH fsm=SEARCH phase=EXPLORE_ALIGN mode=SEARCH | reason=semantic_explore_idle_wait | explore_phase=EXPLORE_ALIGN | search_mode=visual_handoff | cmd=stop
[INFO] [1783540318.824405143] [shared_nav_semantic_explore]: [NAV] step=1958 mode=SEARCH fsm=SEARCH phase=EXPLORE_ALIGN mode=SEARCH | reason=semantic_explore_idle_wait | explore_phase=EXPLORE_ALIGN | search_mode=visual_handoff | cmd=stop | front=3.41m
[INFO] [1783540318.916044339] [shared_nav_semantic_explore]: [NAV] step=1959 mode=SEARCH fsm=SEARCH phase=EXPLORE_ALIGN mode=SEARCH | reason=semantic_explore_idle_wait | explore_phase=EXPLORE_ALIGN | search_mode=visual_handoff | cmd=stop | front=3.40m
[INFO] [1783540319.009879949] [shared_nav_semantic_explore]: [NAV] step=1960 mode=SEARCH fsm=SEARCH phase=EXPLORE_ALIGN mode=SEARCH | reason=semantic_explore_idle_wait | explore_phase=EXPLORE_ALIGN | search_mode=visual_handoff | cmd=stop | front=3.39m
[INFO] [1783540319.126269120] [shared_nav_semantic_explore]: [NAV] step=1961 mode=SEARCH fsm=SEARCH phase=EXPLORE_ALIGN mode=SEARCH | reason=semantic_explore_idle_wait | explore_phase=EXPLORE_ALIGN | search_mode=visual_handoff | cmd=stop | front=3.41m
[INFO] [1783540319.209188075] [shared_nav_semantic_explore]: [NAV] step=1962 mode=SEARCH fsm=SEARCH phase=EXPLORE_ALIGN mode=SEARCH | reason=semantic_explore_idle_wait | explore_phase=EXPLORE_ALIGN | search_mode=visual_handoff | cmd=stop | front=3.40m
[INFO] [1783540319.319098585] [shared_nav_semantic_explore]: [NAV] step=1963 mode=SEARCH fsm=SEARCH phase=EXPLORE_ALIGN mode=SEARCH | reason=semantic_explore_idle_wait | explore_phase=EXPLORE_ALIGN | search_mode=visual_handoff | cmd=stop | front=3.40m
[INFO] [1783540319.417520650] [shared_nav_semantic_explore]: [NAV] step=1964 mode=SEARCH fsm=SEARCH phase=EXPLORE_ALIGN mode=SEARCH | reason=semantic_explore_idle_wait | explore_phase=EXPLORE_ALIGN | search_mode=visual_handoff | cmd=stop | front=3.41m
[INFO] [1783540319.505153850] [shared_nav_semantic_explore]: [NAV] step=1965 mode=SEARCH fsm=SEARCH phase=EXPLORE_ALIGN mode=SEARCH | reason=semantic_explore_idle_wait | explore_phase=EXPLORE_ALIGN | search_mode=visual_handoff | cmd=stop | front=3.41m
[INFO] [1783540319.605584079] [shared_nav_semantic_explore]: [NAV] step=1966 mode=SEARCH fsm=SEARCH phase=EXPLORE_ALIGN mode=SEARCH | reason=semantic_explore_idle_wait | explore_phase=EXPLORE_ALIGN | search_mode=visual_handoff | cmd=stop | front=3.41m
[INFO] [1783540319.706944681] [shared_nav_semantic_explore]: [NAV] step=1967 mode=SEARCH fsm=SEARCH phase=EXPLORE_ALIGN mode=SEARCH | reason=semantic_explore_idle_wait | explore_phase=EXPLORE_ALIGN | search_mode=visual_handoff | cmd=stop
[INFO] [1783540319.833433300] [shared_nav_semantic_explore]: [NAV] step=1968 mode=SEARCH fsm=SEARCH phase=EXPLORE_ALIGN mode=SEARCH | reason=semantic_explore_idle_wait | explore_phase=EXPLORE_ALIGN | search_mode=visual_handoff | cmd=stop | front=3.40m
[INFO] [1783540319.913758841] [shared_nav_semantic_explore]: [NAV] step=1969 mode=SEARCH fsm=SEARCH phase=EXPLORE_ALIGN mode=SEARCH | reason=semantic_explore_idle_wait | explore_phase=EXPLORE_ALIGN | search_mode=visual_handoff | cmd=stop | front=3.40m
[INFO] [1783540320.021623270] [shared_nav_semantic_explore]: [NAV] step=1970 mode=SEARCH fsm=SEARCH phase=EXPLORE_ALIGN mode=SEARCH | reason=semantic_explore_idle_wait | explore_phase=EXPLORE_ALIGN | search_mode=visual_handoff | cmd=stop
[INFO] [1783540320.124052872] [shared_nav_semantic_explore]: [NAV] step=1971 mode=SEARCH fsm=SEARCH phase=EXPLORE_ALIGN mode=SEARCH | reason=semantic_explore_idle_wait | explore_phase=EXPLORE_ALIGN | search_mode=visual_handoff | cmd=stop
[INFO] [1783540320.236007880] [shared_nav_semantic_explore]: [NAV] step=1972 mode=SEARCH fsm=SEARCH phase=EXPLORE_ALIGN mode=SEARCH | reason=semantic_explore_idle_wait | explore_phase=EXPLORE_ALIGN | search_mode=visual_handoff | cmd=stop
[INFO] [1783540320.330702948] [shared_nav_semantic_explore]: [NAV] step=1973 mode=SEARCH fsm=SEARCH phase=EXPLORE_ALIGN mode=SEARCH | reason=semantic_explore_idle_wait | explore_phase=EXPLORE_ALIGN | search_mode=visual_handoff | cmd=stop
[INFO] [1783540320.498245941] [shared_nav_semantic_explore]: [NAV] step=1974 mode=SEARCH fsm=SEARCH phase=EXPLORE_ALIGN mode=SEARCH | reason=semantic_explore_idle_wait | explore_phase=EXPLORE_ALIGN | search_mode=visual_handoff | cmd=stop
[INFO] [1783540320.615226361] [shared_nav_semantic_explore]: [NAV] step=1975 mode=SEARCH fsm=SEARCH phase=EXPLORE_ALIGN mode=SEARCH | reason=semantic_explore_idle_wait | explore_phase=EXPLORE_ALIGN | search_mode=visual_handoff | cmd=stop
[INFO] [1783540320.712404343] [shared_nav_semantic_explore]: [NAV] step=1976 mode=SEARCH fsm=SEARCH phase=EXPLORE_ALIGN mode=SEARCH | reason=semantic_explore_idle_wait | explore_phase=EXPLORE_ALIGN | search_mode=visual_handoff | cmd=stop | front=3.36m
[INFO] [1783540320.814682570] [shared_nav_semantic_explore]: [NAV] step=1977 mode=SEARCH fsm=SEARCH phase=EXPLORE_ALIGN mode=SEARCH | reason=semantic_explore_idle_wait | explore_phase=EXPLORE_ALIGN | search_mode=visual_handoff | cmd=stop | front=3.41m
[INFO] [1783540320.930884532] [shared_nav_semantic_explore]: [NAV] step=1978 mode=SEARCH fsm=SEARCH phase=EXPLORE_ALIGN mode=SEARCH | reason=semantic_explore_idle_wait | explore_phase=EXPLORE_ALIGN | search_mode=visual_handoff | cmd=stop | front=3.41m
[INFO] [1783540321.006124454] [shared_nav_semantic_explore]: [NAV] step=1979 mode=SEARCH fsm=SEARCH phase=EXPLORE_ALIGN mode=SEARCH | reason=semantic_explore_idle_wait | explore_phase=EXPLORE_ALIGN | search_mode=visual_handoff | cmd=stop
[INFO] [1783540321.108572597] [shared_nav_semantic_explore]: [NAV] step=1980 mode=SEARCH fsm=SEARCH phase=EXPLORE_ALIGN mode=SEARCH | reason=semantic_explore_idle_wait | explore_phase=EXPLORE_ALIGN | search_mode=visual_handoff | cmd=stop | front=3.42m
[INFO] [1783540321.208454327] [shared_nav_semantic_explore]: [NAV] step=1981 mode=SEARCH fsm=SEARCH phase=EXPLORE_ALIGN mode=SEARCH | reason=semantic_explore_idle_wait | explore_phase=EXPLORE_ALIGN | search_mode=visual_handoff | cmd=stop | front=3.42m
[INFO] [1783540321.314367217] [shared_nav_semantic_explore]: [NAV] step=1982 mode=SEARCH fsm=SEARCH phase=EXPLORE_ALIGN mode=SEARCH | reason=semantic_explore_idle_wait | explore_phase=EXPLORE_ALIGN | search_mode=visual_handoff | cmd=stop | front=3.40m
[INFO] [1783540321.418047109] [shared_nav_semantic_explore]: [NAV] step=1983 mode=SEARCH fsm=SEARCH phase=EXPLORE_ALIGN mode=SEARCH | reason=semantic_explore_idle_wait | explore_phase=EXPLORE_ALIGN | search_mode=visual_handoff | cmd=stop | front=3.38m
[INFO] [1783540321.517010298] [shared_nav_semantic_explore]: [NAV] step=1984 mode=SEARCH fsm=SEARCH phase=EXPLORE_ALIGN mode=SEARCH | reason=semantic_explore_idle_wait | explore_phase=EXPLORE_ALIGN | search_mode=visual_handoff | cmd=stop | front=3.38m
[INFO] [1783540321.625138310] [shared_nav_semantic_explore]: [NAV] step=1985 mode=SEARCH fsm=SEARCH phase=EXPLORE_ALIGN mode=SEARCH | reason=semantic_explore_idle_wait | explore_phase=EXPLORE_ALIGN | search_mode=visual_handoff | cmd=stop | front=3.38m
[INFO] [1783540321.708967348] [shared_nav_semantic_explore]: [NAV] step=1986 mode=SEARCH fsm=SEARCH phase=EXPLORE_ALIGN mode=SEARCH | reason=semantic_explore_idle_wait | explore_phase=EXPLORE_ALIGN | search_mode=visual_handoff | cmd=stop | front=3.39m
[INFO] [1783540321.816608028] [shared_nav_semantic_explore]: [NAV] step=1987 mode=SEARCH fsm=SEARCH phase=EXPLORE_ALIGN mode=SEARCH | reason=semantic_explore_idle_wait | explore_phase=EXPLORE_ALIGN | search_mode=visual_handoff | cmd=stop | front=3.40m
[INFO] [1783540321.927945745] [shared_nav_semantic_explore]: [NAV] step=1988 mode=SEARCH fsm=SEARCH phase=EXPLORE_ALIGN mode=SEARCH | reason=semantic_explore_idle_wait | explore_phase=EXPLORE_ALIGN | search_mode=visual_handoff | cmd=stop | front=3.40m
[INFO] [1783540322.012419574] [shared_nav_semantic_explore]: [NAV] step=1989 mode=SEARCH fsm=SEARCH phase=EXPLORE_ALIGN mode=SEARCH | reason=semantic_explore_idle_wait | explore_phase=EXPLORE_ALIGN | search_mode=visual_handoff | cmd=stop | front=3.41m
[INFO] [1783540322.133838323] [shared_nav_semantic_explore]: [NAV] step=1990 mode=SEARCH fsm=SEARCH phase=EXPLORE_ALIGN mode=SEARCH | reason=semantic_explore_idle_wait | explore_phase=EXPLORE_ALIGN | search_mode=visual_handoff | cmd=stop
[INFO] [1783540322.261258565] [shared_nav_semantic_explore]: [NAV] step=1991 mode=SEARCH fsm=SEARCH phase=EXPLORE_ALIGN mode=SEARCH | reason=semantic_explore_idle_wait | explore_phase=EXPLORE_ALIGN | search_mode=visual_handoff | cmd=stop
[INFO] [1783540322.318678839] [shared_nav_semantic_explore]: [NAV] step=1992 mode=SEARCH fsm=SEARCH phase=EXPLORE_ALIGN mode=SEARCH | reason=semantic_explore_idle_wait | explore_phase=EXPLORE_ALIGN | search_mode=visual_handoff | cmd=stop
[INFO] [1783540322.428397017] [shared_nav_semantic_explore]: [NAV] step=1993 mode=SEARCH fsm=SEARCH phase=EXPLORE_ALIGN mode=SEARCH | reason=semantic_explore_idle_wait | explore_phase=EXPLORE_ALIGN | search_mode=visual_handoff | cmd=stop
[INFO] [1783540322.524967291] [shared_nav_semantic_explore]: [NAV] step=1994 mode=SEARCH fsm=SEARCH phase=EXPLORE_ALIGN mode=SEARCH | reason=semantic_explore_idle_wait | explore_phase=EXPLORE_ALIGN | search_mode=visual_handoff | cmd=stop
[INFO] [1783540322.623476481] [shared_nav_semantic_explore]: [NAV] step=1995 mode=SEARCH fsm=SEARCH phase=EXPLORE_ALIGN mode=SEARCH | reason=semantic_explore_idle_wait | explore_phase=EXPLORE_ALIGN | search_mode=visual_handoff | cmd=stop
[INFO] [1783540322.812370076] [shared_nav_semantic_explore]: [NAV] step=1996 mode=SEARCH fsm=SEARCH phase=EXPLORE_ALIGN mode=SEARCH | reason=semantic_explore_idle_wait | explore_phase=EXPLORE_ALIGN | search_mode=visual_handoff | cmd=stop
[INFO] [1783540322.849567871] [shared_nav_semantic_explore]: [NAV] step=1997 mode=SEARCH fsm=SEARCH phase=EXPLORE_ALIGN mode=SEARCH | reason=semantic_explore_idle_wait | explore_phase=EXPLORE_ALIGN | search_mode=visual_handoff | cmd=stop
[INFO] [1783540322.907510561] [shared_nav_semantic_explore]: [NAV] step=1998 mode=SEARCH fsm=SEARCH phase=EXPLORE_ALIGN mode=SEARCH | reason=semantic_explore_idle_wait | explore_phase=EXPLORE_ALIGN | search_mode=visual_handoff | cmd=stop
[INFO] [1783540323.008056290] [shared_nav_semantic_explore]: [NAV] step=1999 mode=SEARCH fsm=SEARCH phase=EXPLORE_ALIGN mode=SEARCH | reason=semantic_explore_idle_wait | explore_phase=EXPLORE_ALIGN | search_mode=visual_handoff | cmd=stop | front=3.40m
[INFO] [1783540323.130246204] [shared_nav_semantic_explore]: [NAV] step=2000 mode=SEARCH fsm=SEARCH phase=EXPLORE_ALIGN mode=SEARCH | reason=semantic_explore_idle_wait | explore_phase=EXPLORE_ALIGN | search_mode=visual_handoff | cmd=stop | front=3.40m
[INFO] [1783540323.206273417] [shared_nav_semantic_explore]: [NAV] step=2001 mode=SEARCH fsm=SEARCH phase=EXPLORE_ALIGN mode=SEARCH | reason=semantic_explore_idle_wait | explore_phase=EXPLORE_ALIGN | search_mode=visual_handoff | cmd=stop | front=3.40m
[INFO] [1783540323.314026180] [shared_nav_semantic_explore]: [NAV] step=2002 mode=SEARCH fsm=SEARCH phase=EXPLORE_ALIGN mode=SEARCH | reason=semantic_explore_idle_wait | explore_phase=EXPLORE_ALIGN | search_mode=visual_handoff | cmd=stop | front=3.41m
[INFO] [1783540323.413519077] [shared_nav_semantic_explore]: [NAV] step=2003 mode=SEARCH fsm=SEARCH phase=EXPLORE_ALIGN mode=SEARCH | reason=semantic_explore_idle_wait | explore_phase=EXPLORE_ALIGN | search_mode=visual_handoff | cmd=stop | front=3.41m
[INFO] [1783540323.512467224] [shared_nav_semantic_explore]: [NAV] step=2004 mode=SEARCH fsm=SEARCH phase=EXPLORE_ALIGN mode=SEARCH | reason=semantic_explore_idle_wait | explore_phase=EXPLORE_ALIGN | search_mode=visual_handoff | cmd=stop | front=3.42m
[INFO] [1783540323.617434199] [shared_nav_semantic_explore]: [NAV] step=2005 mode=SEARCH fsm=SEARCH phase=EXPLORE_ALIGN mode=SEARCH | reason=semantic_explore_idle_wait | explore_phase=EXPLORE_ALIGN | search_mode=visual_handoff | cmd=stop | front=3.42m
[INFO] [1783540323.705974982] [shared_nav_semantic_explore]: [NAV] step=2006 mode=SEARCH fsm=SEARCH phase=EXPLORE_ALIGN mode=SEARCH | reason=semantic_explore_idle_wait | explore_phase=EXPLORE_ALIGN | search_mode=visual_handoff | cmd=stop | front=3.41m
[INFO] [1783540323.808247167] [shared_nav_semantic_explore]: [NAV] step=2007 mode=SEARCH fsm=SEARCH phase=EXPLORE_ALIGN mode=SEARCH | reason=semantic_explore_idle_wait | explore_phase=EXPLORE_ALIGN | search_mode=visual_handoff | cmd=stop | front=3.42m
[INFO] [1783540323.928475834] [shared_nav_semantic_explore]: [NAV] step=2008 mode=SEARCH fsm=SEARCH phase=EXPLORE_ALIGN mode=SEARCH | reason=semantic_explore_idle_wait | explore_phase=EXPLORE_ALIGN | search_mode=visual_handoff | cmd=stop | front=3.39m
[INFO] [1783540324.022392070] [shared_nav_semantic_explore]: [NAV] step=2009 mode=SEARCH fsm=SEARCH phase=EXPLORE_ALIGN mode=SEARCH | reason=semantic_explore_idle_wait | explore_phase=EXPLORE_ALIGN | search_mode=visual_handoff | cmd=stop | front=3.39m
[INFO] [1783540324.158815970] [shared_nav_semantic_explore]: [NAV] step=2010 mode=SEARCH fsm=SEARCH phase=EXPLORE_ALIGN mode=SEARCH | reason=semantic_explore_idle_wait | explore_phase=EXPLORE_ALIGN | search_mode=visual_handoff | cmd=stop | front=3.41m
[INFO] [1783540324.214182246] [shared_nav_semantic_explore]: [NAV] step=2011 mode=SEARCH fsm=SEARCH phase=EXPLORE_ALIGN mode=SEARCH | reason=semantic_explore_idle_wait | explore_phase=EXPLORE_ALIGN | search_mode=visual_handoff | cmd=stop | front=3.41m
[INFO] [1783540324.315803932] [shared_nav_semantic_explore]: [NAV] step=2012 mode=SEARCH fsm=SEARCH phase=EXPLORE_ALIGN mode=SEARCH | reason=semantic_explore_idle_wait | explore_phase=EXPLORE_ALIGN | search_mode=visual_handoff | cmd=stop | front=3.41m
[INFO] [1783540324.415219579] [shared_nav_semantic_explore]: [NAV] step=2013 mode=SEARCH fsm=SEARCH phase=EXPLORE_ALIGN mode=SEARCH | reason=semantic_explore_idle_wait | explore_phase=EXPLORE_ALIGN | search_mode=visual_handoff | cmd=stop | front=3.41m
[INFO] [1783540324.525013382] [shared_nav_semantic_explore]: [NAV] step=2014 mode=SEARCH fsm=SEARCH phase=EXPLORE_ALIGN mode=SEARCH | reason=semantic_explore_idle_wait | explore_phase=EXPLORE_ALIGN | search_mode=visual_handoff | cmd=stop
[INFO] [1783540324.616394620] [shared_nav_semantic_explore]: [NAV] step=2015 mode=SEARCH fsm=SEARCH phase=EXPLORE_ALIGN mode=SEARCH | reason=semantic_explore_idle_wait | explore_phase=EXPLORE_ALIGN | search_mode=visual_handoff | cmd=stop
[INFO] [1783540324.727435839] [shared_nav_semantic_explore]: [NAV] step=2016 mode=SEARCH fsm=SEARCH phase=EXPLORE_ALIGN mode=SEARCH | reason=semantic_explore_idle_wait | explore_phase=EXPLORE_ALIGN | search_mode=visual_handoff | cmd=stop
[INFO] [1783540324.819426368] [shared_nav_semantic_explore]: [NAV] step=2017 mode=SEARCH fsm=SEARCH phase=EXPLORE_ALIGN mode=SEARCH | reason=semantic_explore_idle_wait | explore_phase=EXPLORE_ALIGN | search_mode=visual_handoff | cmd=stop
[INFO] [1783540324.918314349] [shared_nav_semantic_explore]: [NAV] step=2018 mode=SEARCH fsm=SEARCH phase=EXPLORE_ALIGN mode=SEARCH | reason=semantic_explore_idle_wait | explore_phase=EXPLORE_ALIGN | search_mode=visual_handoff | cmd=stop
[INFO] [1783540325.018007871] [shared_nav_semantic_explore]: [NAV] step=2019 mode=SEARCH fsm=SEARCH phase=EXPLORE_ALIGN mode=SEARCH | reason=semantic_explore_idle_wait | explore_phase=EXPLORE_ALIGN | search_mode=visual_handoff | cmd=stop | front=3.41m
[INFO] [1783540325.114893979] [shared_nav_semantic_explore]: [NAV] step=2020 mode=SEARCH fsm=SEARCH phase=EXPLORE_ALIGN mode=SEARCH | reason=semantic_explore_idle_wait | explore_phase=EXPLORE_ALIGN | search_mode=visual_handoff | cmd=stop | front=3.41m
[INFO] [1783540325.215107250] [shared_nav_semantic_explore]: [NAV] step=2021 mode=SEARCH fsm=SEARCH phase=EXPLORE_ALIGN mode=SEARCH | reason=semantic_explore_idle_wait | explore_phase=EXPLORE_ALIGN | search_mode=visual_handoff | cmd=stop
[INFO] [1783540325.314302064] [shared_nav_semantic_explore]: [NAV] step=2022 mode=SEARCH fsm=SEARCH phase=EXPLORE_ALIGN mode=SEARCH | reason=semantic_explore_idle_wait | explore_phase=EXPLORE_ALIGN | search_mode=visual_handoff | cmd=stop | front=3.42m
[INFO] [1783540325.408549674] [shared_nav_semantic_explore]: [NAV] step=2023 mode=SEARCH fsm=SEARCH phase=EXPLORE_ALIGN mode=SEARCH | reason=semantic_explore_idle_wait | explore_phase=EXPLORE_ALIGN | search_mode=visual_handoff | cmd=stop | front=3.42m
[INFO] [1783540325.509299445] [shared_nav_semantic_explore]: [NAV] step=2024 mode=SEARCH fsm=SEARCH phase=EXPLORE_ALIGN mode=SEARCH | reason=semantic_explore_idle_wait | explore_phase=EXPLORE_ALIGN | search_mode=visual_handoff | cmd=stop
[INFO] [1783540325.613254254] [shared_nav_semantic_explore]: [NAV] step=2025 mode=SEARCH fsm=SEARCH phase=EXPLORE_ALIGN mode=SEARCH | reason=semantic_explore_idle_wait | explore_phase=EXPLORE_ALIGN | search_mode=visual_handoff | cmd=stop | front=3.42m
[INFO] [1783540325.710363320] [shared_nav_semantic_explore]: [NAV] step=2026 mode=SEARCH fsm=SEARCH phase=EXPLORE_ALIGN mode=SEARCH | reason=semantic_explore_idle_wait | explore_phase=EXPLORE_ALIGN | search_mode=visual_handoff | cmd=stop | front=3.39m
[INFO] [1783540325.813869213] [shared_nav_semantic_explore]: [NAV] step=2027 mode=SEARCH fsm=SEARCH phase=EXPLORE_ALIGN mode=SEARCH | reason=semantic_explore_idle_wait | explore_phase=EXPLORE_ALIGN | search_mode=visual_handoff | cmd=stop | front=3.40m
[INFO] [1783540325.910290488] [shared_nav_semantic_explore]: [NAV] step=2028 mode=SEARCH fsm=SEARCH phase=EXPLORE_ALIGN mode=SEARCH | reason=semantic_explore_idle_wait | explore_phase=EXPLORE_ALIGN | search_mode=visual_handoff | cmd=stop | front=3.40m
[INFO] [1783540326.015118212] [shared_nav_semantic_explore]: [NAV] step=2029 mode=SEARCH fsm=SEARCH phase=EXPLORE_ALIGN mode=SEARCH | reason=semantic_explore_idle_wait | explore_phase=EXPLORE_ALIGN | search_mode=visual_handoff | cmd=stop
[INFO] [1783540326.118350939] [shared_nav_semantic_explore]: [NAV] step=2030 mode=SEARCH fsm=SEARCH phase=EXPLORE_ALIGN mode=SEARCH | reason=semantic_explore_idle_wait | explore_phase=EXPLORE_ALIGN | search_mode=visual_handoff | cmd=stop
[INFO] [1783540326.214140215] [shared_nav_semantic_explore]: [NAV] step=2031 mode=SEARCH fsm=SEARCH phase=EXPLORE_ALIGN mode=SEARCH | reason=semantic_explore_idle_wait | explore_phase=EXPLORE_ALIGN | search_mode=visual_handoff | cmd=stop
[INFO] [1783540326.354404861] [shared_nav_semantic_explore]: [NAV] step=2032 mode=SEARCH fsm=SEARCH phase=EXPLORE_ALIGN mode=SEARCH | reason=semantic_explore_idle_wait | explore_phase=EXPLORE_ALIGN | search_mode=visual_handoff | cmd=stop
[INFO] [1783540326.417178338] [shared_nav_semantic_explore]: [NAV] step=2033 mode=SEARCH fsm=SEARCH phase=EXPLORE_ALIGN mode=SEARCH | reason=semantic_explore_idle_wait | explore_phase=EXPLORE_ALIGN | search_mode=visual_handoff | cmd=stop
[INFO] [1783540326.547933369] [shared_nav_semantic_explore]: [NAV] step=2034 mode=SEARCH fsm=SEARCH phase=EXPLORE_ALIGN mode=SEARCH | reason=semantic_explore_idle_wait | explore_phase=EXPLORE_ALIGN | search_mode=visual_handoff | cmd=stop
[INFO] [1783540326.649721805] [shared_nav_semantic_explore]: [NAV] step=2035 mode=SEARCH fsm=SEARCH phase=EXPLORE_ALIGN mode=SEARCH | reason=semantic_explore_idle_wait | explore_phase=EXPLORE_ALIGN | search_mode=visual_handoff | cmd=stop
[INFO] [1783540326.752125116] [shared_nav_semantic_explore]: [NAV] step=2036 mode=SEARCH fsm=SEARCH phase=EXPLORE_ALIGN mode=SEARCH | reason=semantic_explore_idle_wait | explore_phase=EXPLORE_ALIGN | search_mode=visual_handoff | cmd=stop
[INFO] [1783540326.836178904] [shared_nav_semantic_explore]: [NAV] step=2037 mode=SEARCH fsm=SEARCH phase=EXPLORE_ALIGN mode=SEARCH | reason=semantic_explore_idle_wait | explore_phase=EXPLORE_ALIGN | search_mode=visual_handoff | cmd=stop | front=3.40m
[INFO] [1783540326.911882326] [shared_nav_semantic_explore]: [NAV] step=2038 mode=SEARCH fsm=SEARCH phase=EXPLORE_ALIGN mode=SEARCH | reason=semantic_explore_idle_wait | explore_phase=EXPLORE_ALIGN | search_mode=visual_handoff | cmd=stop | front=3.40m
[INFO] [1783540327.009491766] [shared_nav_semantic_explore]: [NAV] step=2039 mode=SEARCH fsm=SEARCH phase=EXPLORE_ALIGN mode=SEARCH | reason=semantic_explore_idle_wait | explore_phase=EXPLORE_ALIGN | search_mode=visual_handoff | cmd=stop
[INFO] [1783540327.114505616] [shared_nav_semantic_explore]: [NAV] step=2040 mode=SEARCH fsm=SEARCH phase=EXPLORE_ALIGN mode=SEARCH | reason=semantic_explore_idle_wait | explore_phase=EXPLORE_ALIGN | search_mode=visual_handoff | cmd=stop
[INFO] [1783540327.229741788] [shared_nav_semantic_explore]: [NAV] step=2041 mode=SEARCH fsm=SEARCH phase=EXPLORE_ALIGN mode=SEARCH | reason=semantic_explore_idle_wait | explore_phase=EXPLORE_ALIGN | search_mode=visual_handoff | cmd=stop
[INFO] [1783540327.307287125] [shared_nav_semantic_explore]: [NAV] step=2042 mode=SEARCH fsm=SEARCH phase=EXPLORE_ALIGN mode=SEARCH | reason=semantic_explore_idle_wait | explore_phase=EXPLORE_ALIGN | search_mode=visual_handoff | cmd=stop | front=3.38m
[INFO] [1783540327.413350598] [shared_nav_semantic_explore]: [NAV] step=2043 mode=SEARCH fsm=SEARCH phase=EXPLORE_ALIGN mode=SEARCH | reason=semantic_explore_idle_wait | explore_phase=EXPLORE_ALIGN | search_mode=visual_handoff | cmd=stop | front=3.39m
[INFO] [1783540327.523678401] [shared_nav_semantic_explore]: [NAV] step=2044 mode=SEARCH fsm=SEARCH phase=EXPLORE_ALIGN mode=SEARCH | reason=semantic_explore_idle_wait | explore_phase=EXPLORE_ALIGN | search_mode=visual_handoff | cmd=stop | front=3.41m
[INFO] [1783540327.617417929] [shared_nav_semantic_explore]: [NAV] step=2045 mode=SEARCH fsm=SEARCH phase=EXPLORE_ALIGN mode=SEARCH | reason=semantic_explore_idle_wait | explore_phase=EXPLORE_ALIGN | search_mode=visual_handoff | cmd=stop | front=3.41m
[INFO] [1783540327.711615540] [shared_nav_semantic_explore]: [NAV] step=2046 mode=SEARCH fsm=SEARCH phase=EXPLORE_ALIGN mode=SEARCH | reason=semantic_explore_idle_wait | explore_phase=EXPLORE_ALIGN | search_mode=visual_handoff | cmd=stop | front=3.38m
[INFO] [1783540327.807171066] [shared_nav_semantic_explore]: [NAV] step=2047 mode=SEARCH fsm=SEARCH phase=EXPLORE_ALIGN mode=SEARCH | reason=semantic_explore_idle_wait | explore_phase=EXPLORE_ALIGN | search_mode=visual_handoff | cmd=stop | front=3.38m
[INFO] [1783540327.927685816] [shared_nav_semantic_explore]: [NAV] step=2048 mode=SEARCH fsm=SEARCH phase=EXPLORE_ALIGN mode=SEARCH | reason=semantic_explore_idle_wait | explore_phase=EXPLORE_ALIGN | search_mode=visual_handoff | cmd=stop | front=3.41m
[INFO] [1783540328.015066101] [shared_nav_semantic_explore]: [NAV] step=2049 mode=SEARCH fsm=SEARCH phase=EXPLORE_ALIGN mode=SEARCH | reason=semantic_explore_idle_wait | explore_phase=EXPLORE_ALIGN | search_mode=visual_handoff | cmd=stop | front=3.39m
[INFO] [1783540328.121264991] [shared_nav_semantic_explore]: [NAV] step=2050 mode=SEARCH fsm=SEARCH phase=EXPLORE_ALIGN mode=SEARCH | reason=semantic_explore_idle_wait | explore_phase=EXPLORE_ALIGN | search_mode=visual_handoff | cmd=stop | front=3.39m
[INFO] [1783540328.216584559] [shared_nav_semantic_explore]: [NAV] step=2051 mode=SEARCH fsm=SEARCH phase=EXPLORE_ALIGN mode=SEARCH | reason=semantic_explore_idle_wait | explore_phase=EXPLORE_ALIGN | search_mode=visual_handoff | cmd=stop
[INFO] [1783540328.311668294] [shared_nav_semantic_explore]: [NAV] step=2052 mode=SEARCH fsm=SEARCH phase=EXPLORE_ALIGN mode=SEARCH | reason=semantic_explore_idle_wait | explore_phase=EXPLORE_ALIGN | search_mode=visual_handoff | cmd=stop
[INFO] [1783540328.416863769] [shared_nav_semantic_explore]: [NAV] step=2053 mode=SEARCH fsm=SEARCH phase=EXPLORE_ALIGN mode=SEARCH | reason=semantic_explore_idle_wait | explore_phase=EXPLORE_ALIGN | search_mode=visual_handoff | cmd=stop
[INFO] [1783540328.522478618] [shared_nav_semantic_explore]: [NAV] step=2054 mode=SEARCH fsm=SEARCH phase=EXPLORE_ALIGN mode=SEARCH | reason=semantic_explore_idle_wait | explore_phase=EXPLORE_ALIGN | search_mode=visual_handoff | cmd=stop
[INFO] [1783540328.633254545] [shared_nav_semantic_explore]: [NAV] step=2055 mode=SEARCH fsm=SEARCH phase=EXPLORE_ALIGN mode=SEARCH | reason=semantic_explore_idle_wait | explore_phase=EXPLORE_ALIGN | search_mode=visual_handoff | cmd=stop
[INFO] [1783540328.723652702] [shared_nav_semantic_explore]: [NAV] step=2056 mode=SEARCH fsm=SEARCH phase=EXPLORE_ALIGN mode=SEARCH | reason=semantic_explore_idle_wait | explore_phase=EXPLORE_ALIGN | search_mode=visual_handoff | cmd=stop | front=3.41m
[INFO] [1783540328.811176445] [shared_nav_semantic_explore]: [NAV] step=2057 mode=SEARCH fsm=SEARCH phase=EXPLORE_ALIGN mode=SEARCH | reason=semantic_explore_idle_wait | explore_phase=EXPLORE_ALIGN | search_mode=visual_handoff | cmd=stop
[INFO] [1783540328.922093789] [shared_nav_semantic_explore]: [NAV] step=2058 mode=SEARCH fsm=SEARCH phase=EXPLORE_ALIGN mode=SEARCH | reason=semantic_explore_idle_wait | explore_phase=EXPLORE_ALIGN | search_mode=visual_handoff | cmd=stop
[INFO] [1783540329.042712456] [shared_nav_semantic_explore]: [NAV] step=2059 mode=SEARCH fsm=SEARCH phase=EXPLORE_ALIGN mode=SEARCH | reason=semantic_explore_idle_wait | explore_phase=EXPLORE_ALIGN | search_mode=visual_handoff | cmd=stop
[INFO] [1783540329.121308541] [shared_nav_semantic_explore]: [NAV] step=2060 mode=SEARCH fsm=SEARCH phase=EXPLORE_ALIGN mode=SEARCH | reason=semantic_explore_idle_wait | explore_phase=EXPLORE_ALIGN | search_mode=visual_handoff | cmd=stop | front=3.40m
[INFO] [1783540329.207720952] [shared_nav_semantic_explore]: [NAV] step=2061 mode=SEARCH fsm=SEARCH phase=EXPLORE_ALIGN mode=SEARCH | reason=semantic_explore_idle_wait | explore_phase=EXPLORE_ALIGN | search_mode=visual_handoff | cmd=stop | front=3.41m
[INFO] [1783540329.310839845] [shared_nav_semantic_explore]: [NAV] step=2062 mode=SEARCH fsm=SEARCH phase=EXPLORE_ALIGN mode=SEARCH | reason=semantic_explore_idle_wait | explore_phase=EXPLORE_ALIGN | search_mode=visual_handoff | cmd=stop | front=3.38m
[INFO] [1783540329.408223912] [shared_nav_semantic_explore]: [NAV] step=2063 mode=SEARCH fsm=SEARCH phase=EXPLORE_ALIGN mode=SEARCH | reason=semantic_explore_idle_wait | explore_phase=EXPLORE_ALIGN | search_mode=visual_handoff | cmd=stop | front=3.38m
[INFO] [1783540329.517439882] [shared_nav_semantic_explore]: [NAV] step=2064 mode=SEARCH fsm=SEARCH phase=EXPLORE_ALIGN mode=SEARCH | reason=semantic_explore_idle_wait | explore_phase=EXPLORE_ALIGN | search_mode=visual_handoff | cmd=stop | front=3.40m
[INFO] [1783540329.607403956] [shared_nav_semantic_explore]: [NAV] step=2065 mode=SEARCH fsm=SEARCH phase=EXPLORE_ALIGN mode=SEARCH | reason=semantic_explore_idle_wait | explore_phase=EXPLORE_ALIGN | search_mode=visual_handoff | cmd=stop | front=3.40m
[INFO] [1783540329.709256642] [shared_nav_semantic_explore]: [NAV] step=2066 mode=SEARCH fsm=SEARCH phase=EXPLORE_ALIGN mode=SEARCH | reason=semantic_explore_idle_wait | explore_phase=EXPLORE_ALIGN | search_mode=visual_handoff | cmd=stop
[INFO] [1783540329.813134868] [shared_nav_semantic_explore]: [NAV] step=2067 mode=SEARCH fsm=SEARCH phase=EXPLORE_ALIGN mode=SEARCH | reason=semantic_explore_idle_wait | explore_phase=EXPLORE_ALIGN | search_mode=visual_handoff | cmd=stop | front=3.40m
[INFO] [1783540329.929450957] [shared_nav_semantic_explore]: [NAV] step=2068 mode=SEARCH fsm=SEARCH phase=EXPLORE_ALIGN mode=SEARCH | reason=semantic_explore_idle_wait | explore_phase=EXPLORE_ALIGN | search_mode=visual_handoff | cmd=stop | front=3.36m
[INFO] [1783540330.008066042] [shared_nav_semantic_explore]: [NAV] step=2069 mode=SEARCH fsm=SEARCH phase=EXPLORE_ALIGN mode=SEARCH | reason=semantic_explore_idle_wait | explore_phase=EXPLORE_ALIGN | search_mode=visual_handoff | cmd=stop | front=3.36m
[INFO] [1783540330.111997185] [shared_nav_semantic_explore]: [NAV] step=2070 mode=SEARCH fsm=SEARCH phase=EXPLORE_ALIGN mode=SEARCH | reason=semantic_explore_idle_wait | explore_phase=EXPLORE_ALIGN | search_mode=visual_handoff | cmd=stop
[INFO] [1783540330.216837243] [shared_nav_semantic_explore]: [NAV] step=2071 mode=SEARCH fsm=SEARCH phase=EXPLORE_ALIGN mode=SEARCH | reason=semantic_explore_idle_wait | explore_phase=EXPLORE_ALIGN | search_mode=visual_handoff | cmd=stop
[INFO] [1783540330.327932587] [shared_nav_semantic_explore]: [NAV] step=2072 mode=SEARCH fsm=SEARCH phase=EXPLORE_ALIGN mode=SEARCH | reason=semantic_explore_idle_wait | explore_phase=EXPLORE_ALIGN | search_mode=visual_handoff | cmd=stop
[INFO] [1783540330.427337901] [shared_nav_semantic_explore]: [NAV] step=2073 mode=SEARCH fsm=SEARCH phase=EXPLORE_ALIGN mode=SEARCH | reason=semantic_explore_idle_wait | explore_phase=EXPLORE_ALIGN | search_mode=visual_handoff | cmd=stop
[INFO] [1783540330.522745095] [shared_nav_semantic_explore]: [NAV] step=2074 mode=SEARCH fsm=SEARCH phase=EXPLORE_ALIGN mode=SEARCH | reason=semantic_explore_idle_wait | explore_phase=EXPLORE_ALIGN | search_mode=visual_handoff | cmd=stop
[INFO] [1783540330.614134875] [shared_nav_semantic_explore]: [NAV] step=2075 mode=SEARCH fsm=SEARCH phase=EXPLORE_ALIGN mode=SEARCH | reason=semantic_explore_idle_wait | explore_phase=EXPLORE_ALIGN | search_mode=visual_handoff | cmd=stop
[INFO] [1783540330.721666181] [shared_nav_semantic_explore]: [NAV] step=2076 mode=SEARCH fsm=SEARCH phase=EXPLORE_ALIGN mode=SEARCH | reason=semantic_explore_idle_wait | explore_phase=EXPLORE_ALIGN | search_mode=visual_handoff | cmd=stop
[INFO] [1783540330.815616209] [shared_nav_semantic_explore]: [NAV] step=2077 mode=SEARCH fsm=SEARCH phase=EXPLORE_ALIGN mode=SEARCH | reason=semantic_explore_idle_wait | explore_phase=EXPLORE_ALIGN | search_mode=visual_handoff | cmd=stop
[INFO] [1783540330.912045485] [shared_nav_semantic_explore]: [NAV] step=2078 mode=SEARCH fsm=SEARCH phase=EXPLORE_ALIGN mode=SEARCH | reason=semantic_explore_idle_wait | explore_phase=EXPLORE_ALIGN | search_mode=visual_handoff | cmd=stop
[INFO] [1783540331.028603489] [shared_nav_semantic_explore]: [NAV] step=2079 mode=SEARCH fsm=SEARCH phase=EXPLORE_ALIGN mode=SEARCH | reason=semantic_explore_idle_wait | explore_phase=EXPLORE_ALIGN | search_mode=visual_handoff | cmd=stop
[INFO] [1783540331.139900333] [shared_nav_semantic_explore]: [NAV] step=2080 mode=SEARCH fsm=SEARCH phase=EXPLORE_ALIGN mode=SEARCH | reason=semantic_explore_idle_wait | explore_phase=EXPLORE_ALIGN | search_mode=visual_handoff | cmd=stop
[INFO] [1783540331.210773968] [shared_nav_semantic_explore]: [NAV] step=2081 mode=SEARCH fsm=SEARCH phase=EXPLORE_ALIGN mode=SEARCH | reason=semantic_explore_idle_wait | explore_phase=EXPLORE_ALIGN | search_mode=visual_handoff | cmd=stop
[INFO] [1783540331.315192069] [shared_nav_semantic_explore]: [NAV] step=2082 mode=SEARCH fsm=SEARCH phase=EXPLORE_ALIGN mode=SEARCH | reason=semantic_explore_idle_wait | explore_phase=EXPLORE_ALIGN | search_mode=visual_handoff | cmd=stop
[INFO] [1783540331.416333048] [shared_nav_semantic_explore]: [NAV] step=2083 mode=SEARCH fsm=SEARCH phase=EXPLORE_ALIGN mode=SEARCH | reason=semantic_explore_idle_wait | explore_phase=EXPLORE_ALIGN | search_mode=visual_handoff | cmd=stop
[INFO] [1783540331.520273608] [shared_nav_semantic_explore]: [NAV] step=2084 mode=SEARCH fsm=SEARCH phase=EXPLORE_ALIGN mode=SEARCH | reason=semantic_explore_idle_wait | explore_phase=EXPLORE_ALIGN | search_mode=visual_handoff | cmd=stop
[INFO] [1783540331.612654679] [shared_nav_semantic_explore]: [NAV] step=2085 mode=SEARCH fsm=SEARCH phase=EXPLORE_ALIGN mode=SEARCH | reason=semantic_explore_idle_wait | explore_phase=EXPLORE_ALIGN | search_mode=visual_handoff | cmd=stop
[INFO] [1783540331.720531776] [shared_nav_semantic_explore]: [NAV] step=2086 mode=SEARCH fsm=SEARCH phase=EXPLORE_ALIGN mode=SEARCH | reason=semantic_explore_idle_wait | explore_phase=EXPLORE_ALIGN | search_mode=visual_handoff | cmd=stop | front=3.39m
[INFO] [1783540331.820298298] [shared_nav_semantic_explore]: [NAV] step=2087 mode=SEARCH fsm=SEARCH phase=EXPLORE_ALIGN mode=SEARCH | reason=semantic_explore_idle_wait | explore_phase=EXPLORE_ALIGN | search_mode=visual_handoff | cmd=stop | front=3.39m
[INFO] [1783540331.916499283] [shared_nav_semantic_explore]: [NAV] step=2088 mode=SEARCH fsm=SEARCH phase=EXPLORE_ALIGN mode=SEARCH | reason=semantic_explore_idle_wait | explore_phase=EXPLORE_ALIGN | search_mode=visual_handoff | cmd=stop | front=3.39m
[INFO] [1783540332.009103854] [shared_nav_semantic_explore]: [NAV] step=2089 mode=SEARCH fsm=SEARCH phase=EXPLORE_ALIGN mode=SEARCH | reason=semantic_explore_idle_wait | explore_phase=EXPLORE_ALIGN | search_mode=visual_handoff | cmd=stop | front=3.39m
[INFO] [1783540332.113274330] [shared_nav_semantic_explore]: [NAV] step=2090 mode=SEARCH fsm=SEARCH phase=EXPLORE_ALIGN mode=SEARCH | reason=semantic_explore_idle_wait | explore_phase=EXPLORE_ALIGN | search_mode=visual_handoff | cmd=stop
[INFO] [1783540332.216668432] [shared_nav_semantic_explore]: [NAV] step=2091 mode=SEARCH fsm=SEARCH phase=EXPLORE_ALIGN mode=SEARCH | reason=semantic_explore_idle_wait | explore_phase=EXPLORE_ALIGN | search_mode=visual_handoff | cmd=stop
[INFO] [1783540332.343201968] [shared_nav_semantic_explore]: [NAV] step=2092 mode=SEARCH fsm=SEARCH phase=EXPLORE_ALIGN mode=SEARCH | reason=semantic_explore_idle_wait | explore_phase=EXPLORE_ALIGN | search_mode=visual_handoff | cmd=stop
[INFO] [1783540332.484227323] [shared_nav_semantic_explore]: [NAV] step=2093 mode=SEARCH fsm=SEARCH phase=EXPLORE_ALIGN mode=SEARCH | reason=semantic_explore_idle_wait | explore_phase=EXPLORE_ALIGN | search_mode=visual_handoff | cmd=stop | front=3.41m
[INFO] [1783540332.514493167] [shared_nav_semantic_explore]: [NAV] step=2094 mode=SEARCH fsm=SEARCH phase=EXPLORE_ALIGN mode=SEARCH | reason=semantic_explore_idle_wait | explore_phase=EXPLORE_ALIGN | search_mode=visual_handoff | cmd=stop | front=3.41m
[INFO] [1783540332.613776564] [shared_nav_semantic_explore]: [NAV] step=2095 mode=SEARCH fsm=SEARCH phase=EXPLORE_ALIGN mode=SEARCH | reason=semantic_explore_idle_wait | explore_phase=EXPLORE_ALIGN | search_mode=visual_handoff | cmd=stop
[INFO] [1783540332.718028999] [shared_nav_semantic_explore]: [NAV] step=2096 mode=SEARCH fsm=SEARCH phase=EXPLORE_ALIGN mode=SEARCH | reason=semantic_explore_idle_wait | explore_phase=EXPLORE_ALIGN | search_mode=visual_handoff | cmd=stop
[INFO] [1783540332.854048775] [shared_nav_semantic_explore]: [NAV] step=2097 mode=SEARCH fsm=SEARCH phase=EXPLORE_ALIGN mode=SEARCH | reason=semantic_explore_idle_wait | explore_phase=EXPLORE_ALIGN | search_mode=visual_handoff | cmd=stop
[INFO] [1783540332.982573143] [shared_nav_semantic_explore]: [NAV] step=2098 mode=SEARCH fsm=SEARCH phase=EXPLORE_ALIGN mode=SEARCH | reason=semantic_explore_idle_wait | explore_phase=EXPLORE_ALIGN | search_mode=visual_handoff | cmd=stop
[INFO] [1783540333.018855231] [shared_nav_semantic_explore]: [NAV] step=2099 mode=SEARCH fsm=SEARCH phase=EXPLORE_ALIGN mode=SEARCH | reason=semantic_explore_idle_wait | explore_phase=EXPLORE_ALIGN | search_mode=visual_handoff | cmd=stop
[INFO] [1783540333.137375567] [shared_nav_semantic_explore]: [NAV] step=2100 mode=SEARCH fsm=SEARCH phase=EXPLORE_ALIGN mode=SEARCH | reason=semantic_explore_idle_wait | explore_phase=EXPLORE_ALIGN | search_mode=visual_handoff | cmd=stop | front=3.43m
[INFO] [1783540333.238357130] [shared_nav_semantic_explore]: [NAV] step=2101 mode=SEARCH fsm=SEARCH phase=EXPLORE_ALIGN mode=SEARCH | reason=semantic_explore_idle_wait | explore_phase=EXPLORE_ALIGN | search_mode=visual_handoff | cmd=stop
[INFO] [1783540333.330992743] [shared_nav_semantic_explore]: [NAV] step=2102 mode=SEARCH fsm=SEARCH phase=EXPLORE_ALIGN mode=SEARCH | reason=semantic_explore_idle_wait | explore_phase=EXPLORE_ALIGN | search_mode=visual_handoff | cmd=stop | front=3.44m
[INFO] [1783540333.409105329] [shared_nav_semantic_explore]: [NAV] step=2103 mode=SEARCH fsm=SEARCH phase=EXPLORE_ALIGN mode=SEARCH | reason=semantic_explore_idle_wait | explore_phase=EXPLORE_ALIGN | search_mode=visual_handoff | cmd=stop
[INFO] [1783540333.537478114] [shared_nav_semantic_explore]: [NAV] step=2104 mode=SEARCH fsm=SEARCH phase=EXPLORE_ALIGN mode=SEARCH | reason=semantic_explore_idle_wait | explore_phase=EXPLORE_ALIGN | search_mode=visual_handoff | cmd=stop | front=3.40m
[INFO] [1783540333.605931335] [shared_nav_semantic_explore]: [NAV] step=2105 mode=SEARCH fsm=SEARCH phase=EXPLORE_ALIGN mode=SEARCH | reason=semantic_explore_idle_wait | explore_phase=EXPLORE_ALIGN | search_mode=visual_handoff | cmd=stop | front=3.40m
[INFO] [1783540333.710669727] [shared_nav_semantic_explore]: [NAV] step=2106 mode=SEARCH fsm=SEARCH phase=EXPLORE_ALIGN mode=SEARCH | reason=semantic_explore_idle_wait | explore_phase=EXPLORE_ALIGN | search_mode=visual_handoff | cmd=stop | front=3.40m
[INFO] [1783540333.807977585] [shared_nav_semantic_explore]: [NAV] step=2107 mode=SEARCH fsm=SEARCH phase=EXPLORE_ALIGN mode=SEARCH | reason=semantic_explore_idle_wait | explore_phase=EXPLORE_ALIGN | search_mode=visual_handoff | cmd=stop | front=3.40m
[INFO] [1783540333.914696809] [shared_nav_semantic_explore]: [NAV] step=2108 mode=SEARCH fsm=SEARCH phase=EXPLORE_ALIGN mode=SEARCH | reason=semantic_explore_idle_wait | explore_phase=EXPLORE_ALIGN | search_mode=visual_handoff | cmd=stop
[INFO] [1783540334.010048669] [shared_nav_semantic_explore]: [NAV] step=2109 mode=SEARCH fsm=SEARCH phase=EXPLORE_ALIGN mode=SEARCH | reason=semantic_explore_idle_wait | explore_phase=EXPLORE_ALIGN | search_mode=visual_handoff | cmd=stop | front=3.40m
[INFO] [1783540334.111279232] [shared_nav_semantic_explore]: [NAV] step=2110 mode=SEARCH fsm=SEARCH phase=EXPLORE_ALIGN mode=SEARCH | reason=semantic_explore_idle_wait | explore_phase=EXPLORE_ALIGN | search_mode=visual_handoff | cmd=stop | front=3.40m
[INFO] [1783540334.205606260] [shared_nav_semantic_explore]: [NAV] step=2111 mode=SEARCH fsm=SEARCH phase=EXPLORE_ALIGN mode=SEARCH | reason=semantic_explore_idle_wait | explore_phase=EXPLORE_ALIGN | search_mode=visual_handoff | cmd=stop | front=3.40m
[INFO] [1783540334.330202048] [shared_nav_semantic_explore]: [NAV] step=2112 mode=SEARCH fsm=SEARCH phase=EXPLORE_ALIGN mode=SEARCH | reason=semantic_explore_idle_wait | explore_phase=EXPLORE_ALIGN | search_mode=visual_handoff | cmd=stop | front=3.44m
[INFO] [1783540334.445984888] [shared_nav_semantic_explore]: [NAV] step=2113 mode=SEARCH fsm=SEARCH phase=EXPLORE_ALIGN mode=SEARCH | reason=semantic_explore_idle_wait | explore_phase=EXPLORE_ALIGN | search_mode=visual_handoff | cmd=stop | front=3.44m
[INFO] [1783540334.522068684] [shared_nav_semantic_explore]: [NAV] step=2114 mode=SEARCH fsm=SEARCH phase=EXPLORE_ALIGN mode=SEARCH | reason=semantic_explore_idle_wait | explore_phase=EXPLORE_ALIGN | search_mode=visual_handoff | cmd=stop | front=3.44m
[INFO] [1783540334.650686552] [shared_nav_semantic_explore]: [NAV] step=2115 mode=SEARCH fsm=SEARCH phase=EXPLORE_ALIGN mode=SEARCH | reason=semantic_explore_idle_wait | explore_phase=EXPLORE_ALIGN | search_mode=visual_handoff | cmd=stop
[INFO] [1783540334.752501656] [shared_nav_semantic_explore]: [NAV] step=2116 mode=SEARCH fsm=SEARCH phase=EXPLORE_ALIGN mode=SEARCH | reason=semantic_explore_idle_wait | explore_phase=EXPLORE_ALIGN | search_mode=visual_handoff | cmd=stop
[INFO] [1783540334.826817496] [shared_nav_semantic_explore]: [NAV] step=2117 mode=SEARCH fsm=SEARCH phase=EXPLORE_ALIGN mode=SEARCH | reason=semantic_explore_idle_wait | explore_phase=EXPLORE_ALIGN | search_mode=visual_handoff | cmd=stop
[INFO] [1783540334.918291694] [shared_nav_semantic_explore]: [NAV] step=2118 mode=SEARCH fsm=SEARCH phase=EXPLORE_ALIGN mode=SEARCH | reason=semantic_explore_idle_wait | explore_phase=EXPLORE_ALIGN | search_mode=visual_handoff | cmd=stop
[INFO] [1783540335.014712261] [shared_nav_semantic_explore]: [NAV] step=2119 mode=SEARCH fsm=SEARCH phase=EXPLORE_ALIGN mode=SEARCH | reason=semantic_explore_idle_wait | explore_phase=EXPLORE_ALIGN | search_mode=visual_handoff | cmd=stop | front=3.40m
[INFO] [1783540335.122387317] [shared_nav_semantic_explore]: [NAV] step=2120 mode=SEARCH fsm=SEARCH phase=EXPLORE_ALIGN mode=SEARCH | reason=semantic_explore_idle_wait | explore_phase=EXPLORE_ALIGN | search_mode=visual_handoff | cmd=stop | front=3.41m
[INFO] [1783540335.249702895] [shared_nav_semantic_explore]: [NAV] step=2121 mode=SEARCH fsm=SEARCH phase=EXPLORE_ALIGN mode=SEARCH | reason=semantic_explore_idle_wait | explore_phase=EXPLORE_ALIGN | search_mode=visual_handoff | cmd=stop | front=3.40m
[INFO] [1783540335.324792943] [shared_nav_semantic_explore]: [NAV] step=2122 mode=SEARCH fsm=SEARCH phase=EXPLORE_ALIGN mode=SEARCH | reason=semantic_explore_idle_wait | explore_phase=EXPLORE_ALIGN | search_mode=visual_handoff | cmd=stop | front=3.40m
[INFO] [1783540335.440153699] [shared_nav_semantic_explore]: [NAV] step=2123 mode=SEARCH fsm=SEARCH phase=EXPLORE_ALIGN mode=SEARCH | reason=semantic_explore_idle_wait | explore_phase=EXPLORE_ALIGN | search_mode=visual_handoff | cmd=stop
[INFO] [1783540335.525175029] [shared_nav_semantic_explore]: [NAV] step=2124 mode=SEARCH fsm=SEARCH phase=EXPLORE_ALIGN mode=SEARCH | reason=semantic_explore_idle_wait | explore_phase=EXPLORE_ALIGN | search_mode=visual_handoff | cmd=stop
[INFO] [1783540335.610585816] [shared_nav_semantic_explore]: [NAV] step=2125 mode=SEARCH fsm=SEARCH phase=EXPLORE_ALIGN mode=SEARCH | reason=semantic_explore_idle_wait | explore_phase=EXPLORE_ALIGN | search_mode=visual_handoff | cmd=stop
[INFO] [1783540335.732577774] [shared_nav_semantic_explore]: [NAV] step=2126 mode=SEARCH fsm=SEARCH phase=EXPLORE_ALIGN mode=SEARCH | reason=semantic_explore_idle_wait | explore_phase=EXPLORE_ALIGN | search_mode=visual_handoff | cmd=stop | front=3.41m
[INFO] [1783540335.807892405] [shared_nav_semantic_explore]: [NAV] step=2127 mode=SEARCH fsm=SEARCH phase=EXPLORE_ALIGN mode=SEARCH | reason=semantic_explore_idle_wait | explore_phase=EXPLORE_ALIGN | search_mode=visual_handoff | cmd=stop | front=3.41m
[INFO] [1783540335.917280959] [shared_nav_semantic_explore]: [NAV] step=2128 mode=SEARCH fsm=SEARCH phase=EXPLORE_ALIGN mode=SEARCH | reason=semantic_explore_idle_wait | explore_phase=EXPLORE_ALIGN | search_mode=visual_handoff | cmd=stop | front=3.41m
[INFO] [1783540336.011524737] [shared_nav_semantic_explore]: [NAV] step=2129 mode=SEARCH fsm=SEARCH phase=EXPLORE_ALIGN mode=SEARCH | reason=semantic_explore_idle_wait | explore_phase=EXPLORE_ALIGN | search_mode=visual_handoff | cmd=stop | front=3.40m
[INFO] [1783540336.111964301] [shared_nav_semantic_explore]: [NAV] step=2130 mode=SEARCH fsm=SEARCH phase=EXPLORE_ALIGN mode=SEARCH | reason=semantic_explore_idle_wait | explore_phase=EXPLORE_ALIGN | search_mode=visual_handoff | cmd=stop | front=3.38m
[INFO] [1783540336.222138563] [shared_nav_semantic_explore]: [NAV] step=2131 mode=SEARCH fsm=SEARCH phase=EXPLORE_ALIGN mode=SEARCH | reason=semantic_explore_idle_wait | explore_phase=EXPLORE_ALIGN | search_mode=visual_handoff | cmd=stop | front=3.38m
[INFO] [1783540336.311671013] [shared_nav_semantic_explore]: [NAV] step=2132 mode=SEARCH fsm=SEARCH phase=EXPLORE_ALIGN mode=SEARCH | reason=semantic_explore_idle_wait | explore_phase=EXPLORE_ALIGN | search_mode=visual_handoff | cmd=stop | front=3.40m
[INFO] [1783540336.422691399] [shared_nav_semantic_explore]: [NAV] step=2133 mode=SEARCH fsm=SEARCH phase=EXPLORE_ALIGN mode=SEARCH | reason=semantic_explore_idle_wait | explore_phase=EXPLORE_ALIGN | search_mode=visual_handoff | cmd=stop | front=3.40m
[INFO] [1783540336.525760626] [shared_nav_semantic_explore]: [NAV] step=2134 mode=SEARCH fsm=SEARCH phase=EXPLORE_ALIGN mode=SEARCH | reason=semantic_explore_idle_wait | explore_phase=EXPLORE_ALIGN | search_mode=visual_handoff | cmd=stop | front=3.41m
[INFO] [1783540336.638476011] [shared_nav_semantic_explore]: [NAV] step=2135 mode=SEARCH fsm=SEARCH phase=EXPLORE_ALIGN mode=SEARCH | reason=semantic_explore_idle_wait | explore_phase=EXPLORE_ALIGN | search_mode=visual_handoff | cmd=stop | front=3.41m
[INFO] [1783540336.729599084] [shared_nav_semantic_explore]: [NAV] step=2136 mode=SEARCH fsm=SEARCH phase=EXPLORE_ALIGN mode=SEARCH | reason=semantic_explore_idle_wait | explore_phase=EXPLORE_ALIGN | search_mode=visual_handoff | cmd=stop
[INFO] [1783540336.826049652] [shared_nav_semantic_explore]: [NAV] step=2137 mode=SEARCH fsm=SEARCH phase=EXPLORE_ALIGN mode=SEARCH | reason=semantic_explore_idle_wait | explore_phase=EXPLORE_ALIGN | search_mode=visual_handoff | cmd=stop
[INFO] [1783540336.911416856] [shared_nav_semantic_explore]: [NAV] step=2138 mode=SEARCH fsm=SEARCH phase=EXPLORE_ALIGN mode=SEARCH | reason=semantic_explore_idle_wait | explore_phase=EXPLORE_ALIGN | search_mode=visual_handoff | cmd=stop
[INFO] [1783540337.014333208] [shared_nav_semantic_explore]: [NAV] step=2139 mode=SEARCH fsm=SEARCH phase=EXPLORE_ALIGN mode=SEARCH | reason=semantic_explore_idle_wait | explore_phase=EXPLORE_ALIGN | search_mode=visual_handoff | cmd=stop
[INFO] [1783540337.125098887] [shared_nav_semantic_explore]: [NAV] step=2140 mode=SEARCH fsm=SEARCH phase=EXPLORE_ALIGN mode=SEARCH | reason=semantic_explore_idle_wait | explore_phase=EXPLORE_ALIGN | search_mode=visual_handoff | cmd=stop
[INFO] [1783540337.232689568] [shared_nav_semantic_explore]: [NAV] step=2141 mode=SEARCH fsm=SEARCH phase=EXPLORE_ALIGN mode=SEARCH | reason=semantic_explore_idle_wait | explore_phase=EXPLORE_ALIGN | search_mode=visual_handoff | cmd=stop | front=3.46m
[INFO] [1783540337.310803529] [shared_nav_semantic_explore]: [NAV] step=2142 mode=SEARCH fsm=SEARCH phase=EXPLORE_ALIGN mode=SEARCH | reason=semantic_explore_idle_wait | explore_phase=EXPLORE_ALIGN | search_mode=visual_handoff | cmd=stop | front=3.46m
[INFO] [1783540337.417460920] [shared_nav_semantic_explore]: [NAV] step=2143 mode=SEARCH fsm=SEARCH phase=EXPLORE_ALIGN mode=SEARCH | reason=semantic_explore_idle_wait | explore_phase=EXPLORE_ALIGN | search_mode=visual_handoff | cmd=stop | front=3.39m
[INFO] [1783540337.515512403] [shared_nav_semantic_explore]: [NAV] step=2144 mode=SEARCH fsm=SEARCH phase=EXPLORE_ALIGN mode=SEARCH | reason=semantic_explore_idle_wait | explore_phase=EXPLORE_ALIGN | search_mode=visual_handoff | cmd=stop | front=3.40m
[INFO] [1783540337.628591412] [shared_nav_semantic_explore]: [NAV] step=2145 mode=SEARCH fsm=SEARCH phase=EXPLORE_ALIGN mode=SEARCH | reason=semantic_explore_idle_wait | explore_phase=EXPLORE_ALIGN | search_mode=visual_handoff | cmd=stop | front=3.41m
[INFO] [1783540337.711207786] [shared_nav_semantic_explore]: [NAV] step=2146 mode=SEARCH fsm=SEARCH phase=EXPLORE_ALIGN mode=SEARCH | reason=semantic_explore_idle_wait | explore_phase=EXPLORE_ALIGN | search_mode=visual_handoff | cmd=stop | front=3.41m
[INFO] [1783540337.809043144] [shared_nav_semantic_explore]: [NAV] step=2147 mode=SEARCH fsm=SEARCH phase=EXPLORE_ALIGN mode=SEARCH | reason=semantic_explore_idle_wait | explore_phase=EXPLORE_ALIGN | search_mode=visual_handoff | cmd=stop | front=3.39m
[INFO] [1783540337.918107449] [shared_nav_semantic_explore]: [NAV] step=2148 mode=SEARCH fsm=SEARCH phase=EXPLORE_ALIGN mode=SEARCH | reason=semantic_explore_idle_wait | explore_phase=EXPLORE_ALIGN | search_mode=visual_handoff | cmd=stop | front=3.39m
[INFO] [1783540338.042920904] [shared_nav_semantic_explore]: [NAV] step=2149 mode=SEARCH fsm=SEARCH phase=EXPLORE_ALIGN mode=SEARCH | reason=semantic_explore_idle_wait | explore_phase=EXPLORE_ALIGN | search_mode=visual_handoff | cmd=stop | front=3.40m
[INFO] [1783540338.114861789] [shared_nav_semantic_explore]: [NAV] step=2150 mode=SEARCH fsm=SEARCH phase=EXPLORE_ALIGN mode=SEARCH | reason=semantic_explore_idle_wait | explore_phase=EXPLORE_ALIGN | search_mode=visual_handoff | cmd=stop | front=3.38m
[INFO] [1783540338.222853761] [shared_nav_semantic_explore]: [NAV] step=2151 mode=SEARCH fsm=SEARCH phase=EXPLORE_ALIGN mode=SEARCH | reason=semantic_explore_idle_wait | explore_phase=EXPLORE_ALIGN | search_mode=visual_handoff | cmd=stop | front=3.40m
[INFO] [1783540338.308645132] [shared_nav_semantic_explore]: [NAV] step=2152 mode=SEARCH fsm=SEARCH phase=EXPLORE_ALIGN mode=SEARCH | reason=semantic_explore_idle_wait | explore_phase=EXPLORE_ALIGN | search_mode=visual_handoff | cmd=stop | front=3.41m
[INFO] [1783540338.411184402] [shared_nav_semantic_explore]: [NAV] step=2153 mode=SEARCH fsm=SEARCH phase=EXPLORE_ALIGN mode=SEARCH | reason=semantic_explore_idle_wait | explore_phase=EXPLORE_ALIGN | search_mode=visual_handoff | cmd=stop | front=3.40m
[INFO] [1783540338.548542594] [shared_nav_semantic_explore]: [NAV] step=2154 mode=SEARCH fsm=SEARCH phase=EXPLORE_ALIGN mode=SEARCH | reason=semantic_explore_idle_wait | explore_phase=EXPLORE_ALIGN | search_mode=visual_handoff | cmd=stop | front=3.46m
[INFO] [1783540338.625412682] [shared_nav_semantic_explore]: [NAV] step=2155 mode=SEARCH fsm=SEARCH phase=EXPLORE_ALIGN mode=SEARCH | reason=semantic_explore_idle_wait | explore_phase=EXPLORE_ALIGN | search_mode=visual_handoff | cmd=stop | front=3.46m
[INFO] [1783540338.774796738] [shared_nav_semantic_explore]: [NAV] step=2156 mode=SEARCH fsm=SEARCH phase=EXPLORE_ALIGN mode=SEARCH | reason=semantic_explore_idle_wait | explore_phase=EXPLORE_ALIGN | search_mode=visual_handoff | cmd=stop
[INFO] [1783540338.859203859] [shared_nav_semantic_explore]: [NAV] step=2157 mode=SEARCH fsm=SEARCH phase=EXPLORE_ALIGN mode=SEARCH | reason=semantic_explore_idle_wait | explore_phase=EXPLORE_ALIGN | search_mode=visual_handoff | cmd=stop
[INFO] [1783540338.942837774] [shared_nav_semantic_explore]: [NAV] step=2158 mode=SEARCH fsm=SEARCH phase=EXPLORE_ALIGN mode=SEARCH | reason=semantic_explore_idle_wait | explore_phase=EXPLORE_ALIGN | search_mode=visual_handoff | cmd=stop | front=3.45m
[INFO] [1783540339.021513735] [shared_nav_semantic_explore]: [NAV] step=2159 mode=SEARCH fsm=SEARCH phase=EXPLORE_ALIGN mode=SEARCH | reason=semantic_explore_idle_wait | explore_phase=EXPLORE_ALIGN | search_mode=visual_handoff | cmd=stop
[INFO] [1783540339.123430964] [shared_nav_semantic_explore]: [NAV] step=2160 mode=SEARCH fsm=SEARCH phase=EXPLORE_ALIGN mode=SEARCH | reason=semantic_explore_idle_wait | explore_phase=EXPLORE_ALIGN | search_mode=visual_handoff | cmd=stop
[INFO] [1783540339.241375593] [shared_nav_semantic_explore]: [NAV] step=2161 mode=SEARCH fsm=SEARCH phase=EXPLORE_ALIGN mode=SEARCH | reason=semantic_explore_idle_wait | explore_phase=EXPLORE_ALIGN | search_mode=visual_handoff | cmd=stop
[INFO] [1783540339.345144237] [shared_nav_semantic_explore]: [NAV] step=2162 mode=SEARCH fsm=SEARCH phase=EXPLORE_ALIGN mode=SEARCH | reason=semantic_explore_idle_wait | explore_phase=EXPLORE_ALIGN | search_mode=visual_handoff | cmd=stop
[INFO] [1783540339.409345088] [shared_nav_semantic_explore]: [NAV] step=2163 mode=SEARCH fsm=SEARCH phase=EXPLORE_ALIGN mode=SEARCH | reason=semantic_explore_idle_wait | explore_phase=EXPLORE_ALIGN | search_mode=visual_handoff | cmd=stop
[INFO] [1783540339.515450896] [shared_nav_semantic_explore]: [NAV] step=2164 mode=SEARCH fsm=SEARCH phase=EXPLORE_ALIGN mode=SEARCH | reason=semantic_explore_idle_wait | explore_phase=EXPLORE_ALIGN | search_mode=visual_handoff | cmd=stop
[INFO] [1783540339.624491993] [shared_nav_semantic_explore]: [NAV] step=2165 mode=SEARCH fsm=SEARCH phase=EXPLORE_ALIGN mode=SEARCH | reason=semantic_explore_idle_wait | explore_phase=EXPLORE_ALIGN | search_mode=visual_handoff | cmd=stop
[INFO] [1783540339.707530991] [shared_nav_semantic_explore]: [NAV] step=2166 mode=SEARCH fsm=SEARCH phase=EXPLORE_ALIGN mode=SEARCH | reason=semantic_explore_idle_wait | explore_phase=EXPLORE_ALIGN | search_mode=visual_handoff | cmd=stop | front=3.41m
[INFO] [1783540339.838032316] [shared_nav_semantic_explore]: [NAV] step=2167 mode=SEARCH fsm=SEARCH phase=EXPLORE_ALIGN mode=SEARCH | reason=semantic_explore_idle_wait | explore_phase=EXPLORE_ALIGN | search_mode=visual_handoff | cmd=stop | front=3.39m
[INFO] [1783540339.906816787] [shared_nav_semantic_explore]: [NAV] step=2168 mode=SEARCH fsm=SEARCH phase=EXPLORE_ALIGN mode=SEARCH | reason=semantic_explore_idle_wait | explore_phase=EXPLORE_ALIGN | search_mode=visual_handoff | cmd=stop | front=3.39m
[INFO] [1783540340.021551253] [shared_nav_semantic_explore]: [NAV] step=2169 mode=SEARCH fsm=SEARCH phase=EXPLORE_ALIGN mode=SEARCH | reason=semantic_explore_idle_wait | explore_phase=EXPLORE_ALIGN | search_mode=visual_handoff | cmd=stop | front=3.41m
[INFO] [1783540340.115255657] [shared_nav_semantic_explore]: [NAV] step=2170 mode=SEARCH fsm=SEARCH phase=EXPLORE_ALIGN mode=SEARCH | reason=semantic_explore_idle_wait | explore_phase=EXPLORE_ALIGN | search_mode=visual_handoff | cmd=stop | front=3.41m
[INFO] [1783540340.210717976] [shared_nav_semantic_explore]: [NAV] step=2171 mode=SEARCH fsm=SEARCH phase=EXPLORE_ALIGN mode=SEARCH | reason=semantic_explore_idle_wait | explore_phase=EXPLORE_ALIGN | search_mode=visual_handoff | cmd=stop | front=3.41m
[INFO] [1783540340.308155960] [shared_nav_semantic_explore]: [NAV] step=2172 mode=SEARCH fsm=SEARCH phase=EXPLORE_ALIGN mode=SEARCH | reason=semantic_explore_idle_wait | explore_phase=EXPLORE_ALIGN | search_mode=visual_handoff | cmd=stop | front=3.41m
[INFO] [1783540340.425189132] [shared_nav_semantic_explore]: [NAV] step=2173 mode=SEARCH fsm=SEARCH phase=EXPLORE_ALIGN mode=SEARCH | reason=semantic_explore_idle_wait | explore_phase=EXPLORE_ALIGN | search_mode=visual_handoff | cmd=stop | front=3.41m
[INFO] [1783540340.571596316] [shared_nav_semantic_explore]: [NAV] step=2174 mode=SEARCH fsm=SEARCH phase=EXPLORE_ALIGN mode=SEARCH | reason=semantic_explore_idle_wait | explore_phase=EXPLORE_ALIGN | search_mode=visual_handoff | cmd=stop | front=3.41m
[INFO] [1783540340.675447251] [shared_nav_semantic_explore]: [NAV] step=2175 mode=SEARCH fsm=SEARCH phase=EXPLORE_ALIGN mode=SEARCH | reason=semantic_explore_idle_wait | explore_phase=EXPLORE_ALIGN | search_mode=visual_handoff | cmd=stop | front=3.40m
[INFO] [1783540340.759978873] [shared_nav_semantic_explore]: [NAV] step=2176 mode=SEARCH fsm=SEARCH phase=EXPLORE_ALIGN mode=SEARCH | reason=semantic_explore_idle_wait | explore_phase=EXPLORE_ALIGN | search_mode=visual_handoff | cmd=stop | front=3.40m
[INFO] [1783540340.846971284] [shared_nav_semantic_explore]: [NAV] step=2177 mode=SEARCH fsm=SEARCH phase=EXPLORE_ALIGN mode=SEARCH | reason=semantic_explore_idle_wait | explore_phase=EXPLORE_ALIGN | search_mode=visual_handoff | cmd=stop | front=3.40m
[INFO] [1783540340.951291261] [shared_nav_semantic_explore]: [NAV] step=2178 mode=SEARCH fsm=SEARCH phase=EXPLORE_ALIGN mode=SEARCH | reason=semantic_explore_idle_wait | explore_phase=EXPLORE_ALIGN | search_mode=visual_handoff | cmd=stop
[INFO] [1783540341.033769551] [shared_nav_semantic_explore]: [NAV] step=2179 mode=SEARCH fsm=SEARCH phase=EXPLORE_ALIGN mode=SEARCH | reason=semantic_explore_idle_wait | explore_phase=EXPLORE_ALIGN | search_mode=visual_handoff | cmd=stop
[INFO] [1783540341.124992167] [shared_nav_semantic_explore]: [NAV] step=2180 mode=SEARCH fsm=SEARCH phase=EXPLORE_ALIGN mode=SEARCH | reason=semantic_explore_idle_wait | explore_phase=EXPLORE_ALIGN | search_mode=visual_handoff | cmd=stop
[INFO] [1783540341.237545760] [shared_nav_semantic_explore]: [NAV] step=2181 mode=SEARCH fsm=SEARCH phase=EXPLORE_ALIGN mode=SEARCH | reason=semantic_explore_idle_wait | explore_phase=EXPLORE_ALIGN | search_mode=visual_handoff | cmd=stop
[INFO] [1783540341.326116669] [shared_nav_semantic_explore]: [NAV] step=2182 mode=SEARCH fsm=SEARCH phase=EXPLORE_ALIGN mode=SEARCH | reason=semantic_explore_idle_wait | explore_phase=EXPLORE_ALIGN | search_mode=visual_handoff | cmd=stop
[INFO] [1783540341.415238912] [shared_nav_semantic_explore]: [NAV] step=2183 mode=SEARCH fsm=SEARCH phase=EXPLORE_ALIGN mode=SEARCH | reason=semantic_explore_idle_wait | explore_phase=EXPLORE_ALIGN | search_mode=visual_handoff | cmd=stop | front=3.43m
[INFO] [1783540341.525157758] [shared_nav_semantic_explore]: [NAV] step=2184 mode=SEARCH fsm=SEARCH phase=EXPLORE_ALIGN mode=SEARCH | reason=semantic_explore_idle_wait | explore_phase=EXPLORE_ALIGN | search_mode=visual_handoff | cmd=stop | front=3.43m
[INFO] [1783540341.616934539] [shared_nav_semantic_explore]: [NAV] step=2185 mode=SEARCH fsm=SEARCH phase=EXPLORE_ALIGN mode=SEARCH | reason=semantic_explore_idle_wait | explore_phase=EXPLORE_ALIGN | search_mode=visual_handoff | cmd=stop
[INFO] [1783540341.727906592] [shared_nav_semantic_explore]: [NAV] step=2186 mode=SEARCH fsm=SEARCH phase=EXPLORE_ALIGN mode=SEARCH | reason=semantic_explore_idle_wait | explore_phase=EXPLORE_ALIGN | search_mode=visual_handoff | cmd=stop | front=3.46m
[INFO] [1783540341.811135216] [shared_nav_semantic_explore]: [NAV] step=2187 mode=SEARCH fsm=SEARCH phase=EXPLORE_ALIGN mode=SEARCH | reason=semantic_explore_idle_wait | explore_phase=EXPLORE_ALIGN | search_mode=visual_handoff | cmd=stop | front=3.39m
[INFO] [1783540341.920774437] [shared_nav_semantic_explore]: [NAV] step=2188 mode=SEARCH fsm=SEARCH phase=EXPLORE_ALIGN mode=SEARCH | reason=semantic_explore_idle_wait | explore_phase=EXPLORE_ALIGN | search_mode=visual_handoff | cmd=stop | front=3.38m
[INFO] [1783540342.007205015] [shared_nav_semantic_explore]: [NAV] step=2189 mode=SEARCH fsm=SEARCH phase=EXPLORE_ALIGN mode=SEARCH | reason=semantic_explore_idle_wait | explore_phase=EXPLORE_ALIGN | search_mode=visual_handoff | cmd=stop | front=3.38m
[INFO] [1783540342.122700689] [shared_nav_semantic_explore]: [NAV] step=2190 mode=SEARCH fsm=SEARCH phase=EXPLORE_ALIGN mode=SEARCH | reason=semantic_explore_idle_wait | explore_phase=EXPLORE_ALIGN | search_mode=visual_handoff | cmd=stop
[INFO] [1783540342.214628137] [shared_nav_semantic_explore]: [NAV] step=2191 mode=SEARCH fsm=SEARCH phase=EXPLORE_ALIGN mode=SEARCH | reason=semantic_explore_idle_wait | explore_phase=EXPLORE_ALIGN | search_mode=visual_handoff | cmd=stop | front=3.38m
[INFO] [1783540342.311773204] [shared_nav_semantic_explore]: [NAV] step=2192 mode=SEARCH fsm=SEARCH phase=EXPLORE_ALIGN mode=SEARCH | reason=semantic_explore_idle_wait | explore_phase=EXPLORE_ALIGN | search_mode=visual_handoff | cmd=stop | front=3.37m
[INFO] [1783540342.412934601] [shared_nav_semantic_explore]: [NAV] step=2193 mode=SEARCH fsm=SEARCH phase=EXPLORE_ALIGN mode=SEARCH | reason=semantic_explore_idle_wait | explore_phase=EXPLORE_ALIGN | search_mode=visual_handoff | cmd=stop | front=3.36m
[INFO] [1783540342.506152131] [shared_nav_semantic_explore]: [NAV] step=2194 mode=SEARCH fsm=SEARCH phase=EXPLORE_ALIGN mode=SEARCH | reason=semantic_explore_idle_wait | explore_phase=EXPLORE_ALIGN | search_mode=visual_handoff | cmd=stop | front=3.32m
[INFO] [1783540342.612675022] [shared_nav_semantic_explore]: [NAV] step=2195 mode=SEARCH fsm=SEARCH phase=EXPLORE_ALIGN mode=SEARCH | reason=semantic_explore_idle_wait | explore_phase=EXPLORE_ALIGN | search_mode=visual_handoff | cmd=stop | front=3.38m
[INFO] [1783540342.747423260] [shared_nav_semantic_explore]: [NAV] step=2196 mode=SEARCH fsm=SEARCH phase=EXPLORE_ALIGN mode=SEARCH | reason=semantic_explore_idle_wait | explore_phase=EXPLORE_ALIGN | search_mode=visual_handoff | cmd=stop | front=3.38m
[INFO] [1783540342.832258423] [shared_nav_semantic_explore]: [NAV] step=2197 mode=SEARCH fsm=SEARCH phase=EXPLORE_ALIGN mode=SEARCH | reason=semantic_explore_idle_wait | explore_phase=EXPLORE_ALIGN | search_mode=visual_handoff | cmd=stop
[INFO] [1783540342.912348175] [shared_nav_semantic_explore]: [NAV] step=2198 mode=SEARCH fsm=SEARCH phase=EXPLORE_ALIGN mode=SEARCH | reason=semantic_explore_idle_wait | explore_phase=EXPLORE_ALIGN | search_mode=visual_handoff | cmd=stop | front=3.33m
[INFO] [1783540343.029857055] [shared_nav_semantic_explore]: [NAV] step=2199 mode=SEARCH fsm=SEARCH phase=EXPLORE_ALIGN mode=SEARCH | reason=semantic_explore_idle_wait | explore_phase=EXPLORE_ALIGN | search_mode=visual_handoff | cmd=stop
[INFO] [1783540343.127255997] [shared_nav_semantic_explore]: [NAV] step=2200 mode=SEARCH fsm=SEARCH phase=EXPLORE_ALIGN mode=SEARCH | reason=semantic_explore_idle_wait | explore_phase=EXPLORE_ALIGN | search_mode=visual_handoff | cmd=stop
[INFO] [1783540343.233183514] [shared_nav_semantic_explore]: [NAV] step=2201 mode=SEARCH fsm=SEARCH phase=EXPLORE_ALIGN mode=SEARCH | reason=semantic_explore_idle_wait | explore_phase=EXPLORE_ALIGN | search_mode=visual_handoff | cmd=stop
[INFO] [1783540343.351763977] [shared_nav_semantic_explore]: [NAV] step=2202 mode=SEARCH fsm=SEARCH phase=EXPLORE_ALIGN mode=SEARCH | reason=semantic_explore_idle_wait | explore_phase=EXPLORE_ALIGN | search_mode=visual_handoff | cmd=stop
[INFO] [1783540343.414487913] [shared_nav_semantic_explore]: [NAV] step=2203 mode=SEARCH fsm=SEARCH phase=EXPLORE_ALIGN mode=SEARCH | reason=semantic_explore_idle_wait | explore_phase=EXPLORE_ALIGN | search_mode=visual_handoff | cmd=stop
[INFO] [1783540343.530703002] [shared_nav_semantic_explore]: [NAV] step=2204 mode=SEARCH fsm=SEARCH phase=EXPLORE_ALIGN mode=SEARCH | reason=semantic_explore_idle_wait | explore_phase=EXPLORE_ALIGN | search_mode=visual_handoff | cmd=stop
[INFO] [1783540343.616236290] [shared_nav_semantic_explore]: [NAV] step=2205 mode=SEARCH fsm=SEARCH phase=EXPLORE_ALIGN mode=SEARCH | reason=semantic_explore_idle_wait | explore_phase=EXPLORE_ALIGN | search_mode=visual_handoff | cmd=stop | front=3.33m
[INFO] [1783540343.721512974] [shared_nav_semantic_explore]: [NAV] step=2206 mode=SEARCH fsm=SEARCH phase=EXPLORE_ALIGN mode=SEARCH | reason=semantic_explore_idle_wait | explore_phase=EXPLORE_ALIGN | search_mode=visual_handoff | cmd=stop | front=3.29m
[INFO] [1783540343.827585575] [shared_nav_semantic_explore]: [NAV] step=2207 mode=SEARCH fsm=SEARCH phase=EXPLORE_ALIGN mode=SEARCH | reason=semantic_explore_idle_wait | explore_phase=EXPLORE_ALIGN | search_mode=visual_handoff | cmd=stop | front=3.28m
[INFO] [1783540343.919572356] [shared_nav_semantic_explore]: [NAV] step=2208 mode=SEARCH fsm=SEARCH phase=EXPLORE_ALIGN mode=SEARCH | reason=semantic_explore_idle_wait | explore_phase=EXPLORE_ALIGN | search_mode=visual_handoff | cmd=stop | front=3.28m
[INFO] [1783540344.008575598] [shared_nav_semantic_explore]: [NAV] step=2209 mode=SEARCH fsm=SEARCH phase=EXPLORE_ALIGN mode=SEARCH | reason=semantic_explore_idle_wait | explore_phase=EXPLORE_ALIGN | search_mode=visual_handoff | cmd=stop | front=3.33m
[INFO] [1783540344.105582958] [shared_nav_semantic_explore]: [NAV] step=2210 mode=SEARCH fsm=SEARCH phase=EXPLORE_ALIGN mode=SEARCH | reason=semantic_explore_idle_wait | explore_phase=EXPLORE_ALIGN | search_mode=visual_handoff | cmd=stop | front=3.33m
[INFO] [1783540344.207676896] [shared_nav_semantic_explore]: [NAV] step=2211 mode=SEARCH fsm=SEARCH phase=EXPLORE_ALIGN mode=SEARCH | reason=semantic_explore_idle_wait | explore_phase=EXPLORE_ALIGN | search_mode=visual_handoff | cmd=stop
[INFO] [1783540344.314001246] [shared_nav_semantic_explore]: [NAV] step=2212 mode=SEARCH fsm=SEARCH phase=EXPLORE_ALIGN mode=SEARCH | reason=semantic_explore_idle_wait | explore_phase=EXPLORE_ALIGN | search_mode=visual_handoff | cmd=stop | front=2.35m
[INFO] [1783540344.408233524] [shared_nav_semantic_explore]: [NAV] step=2213 mode=SEARCH fsm=SEARCH phase=EXPLORE_ALIGN mode=SEARCH | reason=semantic_explore_idle_wait | explore_phase=EXPLORE_ALIGN | search_mode=visual_handoff | cmd=stop | front=2.35m
[INFO] [1783540344.520968451] [shared_nav_semantic_explore]: [NAV] step=2214 mode=SEARCH fsm=SEARCH phase=EXPLORE_ALIGN mode=SEARCH | reason=semantic_explore_idle_wait | explore_phase=EXPLORE_ALIGN | search_mode=visual_handoff | cmd=stop
[INFO] [1783540344.608711695] [shared_nav_semantic_explore]: [NAV] step=2215 mode=SEARCH fsm=SEARCH phase=EXPLORE_ALIGN mode=SEARCH | reason=semantic_explore_idle_wait | explore_phase=EXPLORE_ALIGN | search_mode=visual_handoff | cmd=stop | front=3.26m
[INFO] [1783540344.732110445] [shared_nav_semantic_explore]: [NAV] step=2216 mode=SEARCH fsm=SEARCH phase=EXPLORE_ALIGN mode=SEARCH | reason=semantic_explore_idle_wait | explore_phase=EXPLORE_ALIGN | search_mode=visual_handoff | cmd=stop | front=3.26m
[INFO] [1783540344.830412761] [shared_nav_semantic_explore]: [NAV] step=2217 mode=SEARCH fsm=SEARCH phase=EXPLORE_ALIGN mode=SEARCH | reason=semantic_explore_idle_wait | explore_phase=EXPLORE_ALIGN | search_mode=visual_handoff | cmd=stop | front=3.27m
[INFO] [1783540344.939594566] [shared_nav_semantic_explore]: [NAV] step=2218 mode=SEARCH fsm=SEARCH phase=EXPLORE_ALIGN mode=SEARCH | reason=semantic_explore_idle_wait | explore_phase=EXPLORE_ALIGN | search_mode=visual_handoff | cmd=stop | front=3.27m
[INFO] [1783540345.027247852] [shared_nav_semantic_explore]: [NAV] step=2219 mode=SEARCH fsm=SEARCH phase=EXPLORE_ALIGN mode=SEARCH | reason=semantic_explore_idle_wait | explore_phase=EXPLORE_ALIGN | search_mode=visual_handoff | cmd=stop | front=3.27m
[INFO] [1783540345.117584802] [shared_nav_semantic_explore]: [NAV] step=2220 mode=SEARCH fsm=SEARCH phase=EXPLORE_ALIGN mode=SEARCH | reason=semantic_explore_idle_wait | explore_phase=EXPLORE_ALIGN | search_mode=visual_handoff | cmd=stop | front=3.26m
[INFO] [1783540345.213709871] [shared_nav_semantic_explore]: [NAV] step=2221 mode=SEARCH fsm=SEARCH phase=EXPLORE_ALIGN mode=SEARCH | reason=semantic_explore_idle_wait | explore_phase=EXPLORE_ALIGN | search_mode=visual_handoff | cmd=stop | front=3.23m
[INFO] [1783540345.347487068] [shared_nav_semantic_explore]: [NAV] step=2222 mode=SEARCH fsm=SEARCH phase=EXPLORE_ALIGN mode=SEARCH | reason=semantic_explore_idle_wait | explore_phase=EXPLORE_ALIGN | search_mode=visual_handoff | cmd=stop | front=3.23m
[INFO] [1783540345.432132523] [shared_nav_semantic_explore]: [NAV] step=2223 mode=SEARCH fsm=SEARCH phase=EXPLORE_ALIGN mode=SEARCH | reason=semantic_explore_idle_wait | explore_phase=EXPLORE_ALIGN | search_mode=visual_handoff | cmd=stop | front=2.13m
[INFO] [1783540345.543759493] [shared_nav_semantic_explore]: [NAV] step=2224 mode=SEARCH fsm=SEARCH phase=EXPLORE_ALIGN mode=SEARCH | reason=semantic_explore_idle_wait | explore_phase=EXPLORE_ALIGN | search_mode=visual_handoff | cmd=stop | front=2.13m
[INFO] [1783540345.651546633] [shared_nav_semantic_explore]: [NAV] step=2225 mode=SEARCH fsm=SEARCH phase=EXPLORE_ALIGN mode=SEARCH | reason=semantic_explore_idle_wait | explore_phase=EXPLORE_ALIGN | search_mode=visual_handoff | cmd=stop | front=2.23m
[INFO] [1783540345.742441624] [shared_nav_semantic_explore]: [NAV] step=2226 mode=SEARCH fsm=SEARCH phase=EXPLORE_ALIGN mode=SEARCH | reason=semantic_explore_idle_wait | explore_phase=EXPLORE_ALIGN | search_mode=visual_handoff | cmd=stop | front=2.18m
[INFO] [1783540345.810950471] [shared_nav_semantic_explore]: [NAV] step=2227 mode=SEARCH fsm=SEARCH phase=EXPLORE_ALIGN mode=SEARCH | reason=semantic_explore_idle_wait | explore_phase=EXPLORE_ALIGN | search_mode=visual_handoff | cmd=stop | front=2.23m
[INFO] [1783540345.924665439] [shared_nav_semantic_explore]: [NAV] step=2228 mode=SEARCH fsm=SEARCH phase=EXPLORE_ALIGN mode=SEARCH | reason=semantic_explore_idle_wait | explore_phase=EXPLORE_ALIGN | search_mode=visual_handoff | cmd=stop | front=2.20m
[INFO] [1783540346.030448081] [shared_nav_semantic_explore]: [NAV] step=2229 mode=SEARCH fsm=SEARCH phase=EXPLORE_ALIGN mode=SEARCH | reason=semantic_explore_idle_wait | explore_phase=EXPLORE_ALIGN | search_mode=visual_handoff | cmd=stop | front=2.24m
[INFO] [1783540346.108064252] [shared_nav_semantic_explore]: [NAV] step=2230 mode=SEARCH fsm=SEARCH phase=EXPLORE_ALIGN mode=SEARCH | reason=semantic_explore_idle_wait | explore_phase=EXPLORE_ALIGN | search_mode=visual_handoff | cmd=stop | front=2.19m
[INFO] [1783540346.211241022] [shared_nav_semantic_explore]: [NAV] step=2231 mode=SEARCH fsm=SEARCH phase=EXPLORE_ALIGN mode=SEARCH | reason=semantic_explore_idle_wait | explore_phase=EXPLORE_ALIGN | search_mode=visual_handoff | cmd=stop | front=2.20m
[INFO] [1783540346.308255715] [shared_nav_semantic_explore]: [NAV] step=2232 mode=SEARCH fsm=SEARCH phase=EXPLORE_ALIGN mode=SEARCH | reason=semantic_explore_idle_wait | explore_phase=EXPLORE_ALIGN | search_mode=visual_handoff | cmd=stop | front=2.21m
[INFO] [1783540346.425344554] [shared_nav_semantic_explore]: [NAV] step=2233 mode=SEARCH fsm=SEARCH phase=EXPLORE_ALIGN mode=SEARCH | reason=semantic_explore_idle_wait | explore_phase=EXPLORE_ALIGN | search_mode=visual_handoff | cmd=stop | front=2.20m
[INFO] [1783540346.512105883] [shared_nav_semantic_explore]: [NAV] step=2234 mode=SEARCH fsm=SEARCH phase=EXPLORE_ALIGN mode=SEARCH | reason=semantic_explore_idle_wait | explore_phase=EXPLORE_ALIGN | search_mode=visual_handoff | cmd=stop | front=2.12m
[INFO] [1783540346.606394245] [shared_nav_semantic_explore]: [NAV] step=2235 mode=SEARCH fsm=SEARCH phase=EXPLORE_ALIGN mode=SEARCH | reason=semantic_explore_idle_wait | explore_phase=EXPLORE_ALIGN | search_mode=visual_handoff | cmd=stop | front=2.13m
[INFO] [1783540346.707273518] [shared_nav_semantic_explore]: [NAV] step=2236 mode=SEARCH fsm=SEARCH phase=EXPLORE_ALIGN mode=SEARCH | reason=semantic_explore_idle_wait | explore_phase=EXPLORE_ALIGN | search_mode=visual_handoff | cmd=stop | front=2.09m
[INFO] [1783540346.851577704] [shared_nav_semantic_explore]: [NAV] step=2237 mode=SEARCH fsm=SEARCH phase=EXPLORE_ALIGN mode=SEARCH | reason=semantic_explore_idle_wait | explore_phase=EXPLORE_ALIGN | search_mode=visual_handoff | cmd=stop | front=2.09m
[INFO] [1783540346.913269891] [shared_nav_semantic_explore]: [NAV] step=2238 mode=SEARCH fsm=SEARCH phase=EXPLORE_ALIGN mode=SEARCH | reason=semantic_explore_idle_wait | explore_phase=EXPLORE_ALIGN | search_mode=visual_handoff | cmd=stop | front=2.08m
[INFO] [1783540347.058798410] [shared_nav_semantic_explore]: [NAV] step=2239 mode=SEARCH fsm=SEARCH phase=EXPLORE_ALIGN mode=SEARCH | reason=semantic_explore_idle_wait | explore_phase=EXPLORE_ALIGN | search_mode=visual_handoff | cmd=stop | front=2.08m
[INFO] [1783540347.142701700] [shared_nav_semantic_explore]: [NAV] step=2240 mode=SEARCH fsm=SEARCH phase=EXPLORE_ALIGN mode=SEARCH | reason=semantic_explore_idle_wait | explore_phase=EXPLORE_ALIGN | search_mode=visual_handoff | cmd=stop | front=2.08m
[INFO] [1783540347.220050288] [shared_nav_semantic_explore]: [NAV] step=2241 mode=SEARCH fsm=SEARCH phase=EXPLORE_ALIGN mode=SEARCH | reason=semantic_explore_idle_wait | explore_phase=EXPLORE_ALIGN | search_mode=visual_handoff | cmd=stop | front=2.08m
[INFO] [1783540347.364961391] [shared_nav_semantic_explore]: [NAV] step=2242 mode=SEARCH fsm=SEARCH phase=EXPLORE_ALIGN mode=SEARCH | reason=semantic_explore_idle_wait | explore_phase=EXPLORE_ALIGN | search_mode=visual_handoff | cmd=stop | front=2.09m
[INFO] [1783540347.453005968] [shared_nav_semantic_explore]: [NAV] step=2243 mode=SEARCH fsm=SEARCH phase=EXPLORE_ALIGN mode=SEARCH | reason=semantic_explore_idle_wait | explore_phase=EXPLORE_ALIGN | search_mode=visual_handoff | cmd=stop | front=2.09m
[INFO] [1783540347.549079703] [shared_nav_semantic_explore]: [NAV] step=2244 mode=SEARCH fsm=SEARCH phase=EXPLORE_ALIGN mode=SEARCH | reason=semantic_explore_idle_wait | explore_phase=EXPLORE_ALIGN | search_mode=visual_handoff | cmd=stop | front=2.07m
[INFO] [1783540347.657958760] [shared_nav_semantic_explore]: [NAV] step=2245 mode=SEARCH fsm=SEARCH phase=EXPLORE_ALIGN mode=SEARCH | reason=semantic_explore_idle_wait | explore_phase=EXPLORE_ALIGN | search_mode=visual_handoff | cmd=stop | front=2.06m
[INFO] [1783540347.750419374] [shared_nav_semantic_explore]: [NAV] step=2246 mode=SEARCH fsm=SEARCH phase=EXPLORE_ALIGN mode=SEARCH | reason=semantic_explore_idle_wait | explore_phase=EXPLORE_ALIGN | search_mode=visual_handoff | cmd=stop | front=2.06m
[INFO] [1783540347.805635984] [shared_nav_semantic_explore]: [NAV] step=2247 mode=SEARCH fsm=SEARCH phase=EXPLORE_ALIGN mode=SEARCH | reason=semantic_explore_idle_wait | explore_phase=EXPLORE_ALIGN | search_mode=visual_handoff | cmd=stop | front=2.06m
[INFO] [1783540347.906938340] [shared_nav_semantic_explore]: [NAV] step=2248 mode=SEARCH fsm=SEARCH phase=EXPLORE_ALIGN mode=SEARCH | reason=semantic_explore_idle_wait | explore_phase=EXPLORE_ALIGN | search_mode=visual_handoff | cmd=stop | front=2.10m
[INFO] [1783540348.007900654] [shared_nav_semantic_explore]: [NAV] step=2249 mode=SEARCH fsm=SEARCH phase=EXPLORE_ALIGN mode=SEARCH | reason=semantic_explore_idle_wait | explore_phase=EXPLORE_ALIGN | search_mode=visual_handoff | cmd=stop | front=2.15m
[INFO] [1783540348.107538678] [shared_nav_semantic_explore]: [NAV] step=2250 mode=SEARCH fsm=SEARCH phase=EXPLORE_ALIGN mode=SEARCH | reason=semantic_explore_idle_wait | explore_phase=EXPLORE_ALIGN | search_mode=visual_handoff | cmd=stop | front=2.20m
[INFO] [1783540348.221653812] [shared_nav_semantic_explore]: [NAV] step=2251 mode=SEARCH fsm=SEARCH phase=EXPLORE_ALIGN mode=SEARCH | reason=semantic_explore_idle_wait | explore_phase=EXPLORE_ALIGN | search_mode=visual_handoff | cmd=stop | front=2.24m
[INFO] [1783540348.315867091] [shared_nav_semantic_explore]: [NAV] step=2252 mode=SEARCH fsm=SEARCH phase=EXPLORE_ALIGN mode=SEARCH | reason=semantic_explore_idle_wait | explore_phase=EXPLORE_ALIGN | search_mode=visual_handoff | cmd=stop | front=2.25m
[INFO] [1783540348.417451488] [shared_nav_semantic_explore]: [NAV] step=2253 mode=SEARCH fsm=SEARCH phase=EXPLORE_ALIGN mode=SEARCH | reason=semantic_explore_idle_wait | explore_phase=EXPLORE_ALIGN | search_mode=visual_handoff | cmd=stop | front=3.68m
[INFO] [1783540348.514330556] [shared_nav_semantic_explore]: [NAV] step=2254 mode=SEARCH fsm=SEARCH phase=EXPLORE_ALIGN mode=SEARCH | reason=semantic_explore_idle_wait | explore_phase=EXPLORE_ALIGN | search_mode=visual_handoff | cmd=stop | front=3.67m
[INFO] [1783540348.607407170] [shared_nav_semantic_explore]: [NAV] step=2255 mode=SEARCH fsm=SEARCH phase=EXPLORE_ALIGN mode=SEARCH | reason=semantic_explore_idle_wait | explore_phase=EXPLORE_ALIGN | search_mode=visual_handoff | cmd=stop | front=3.65m
[INFO] [1783540348.712631147] [shared_nav_semantic_explore]: [NAV] step=2256 mode=SEARCH fsm=SEARCH phase=EXPLORE_ALIGN mode=SEARCH | reason=semantic_explore_idle_wait | explore_phase=EXPLORE_ALIGN | search_mode=visual_handoff | cmd=stop | front=3.63m
[INFO] [1783540348.811180463] [shared_nav_semantic_explore]: [NAV] step=2257 mode=SEARCH fsm=SEARCH phase=EXPLORE_ALIGN mode=SEARCH | reason=semantic_explore_idle_wait | explore_phase=EXPLORE_ALIGN | search_mode=visual_handoff | cmd=stop | front=3.62m
[INFO] [1783540348.923993349] [shared_nav_semantic_explore]: [NAV] step=2258 mode=SEARCH fsm=SEARCH phase=EXPLORE_ALIGN mode=SEARCH | reason=semantic_explore_idle_wait | explore_phase=EXPLORE_ALIGN | search_mode=visual_handoff | cmd=stop | front=3.61m
[INFO] [1783540349.015630464] [shared_nav_semantic_explore]: [NAV] step=2259 mode=SEARCH fsm=SEARCH phase=EXPLORE_ALIGN mode=SEARCH | reason=semantic_explore_idle_wait | explore_phase=EXPLORE_ALIGN | search_mode=visual_handoff | cmd=stop | front=3.59m
[INFO] [1783540349.115478488] [shared_nav_semantic_explore]: [NAV] step=2260 mode=SEARCH fsm=SEARCH phase=EXPLORE_ALIGN mode=SEARCH | reason=semantic_explore_idle_wait | explore_phase=EXPLORE_ALIGN | search_mode=visual_handoff | cmd=stop | front=3.58m
[INFO] [1783540349.217881467] [shared_nav_semantic_explore]: [NAV] step=2261 mode=SEARCH fsm=SEARCH phase=EXPLORE_ALIGN mode=SEARCH | reason=semantic_explore_idle_wait | explore_phase=EXPLORE_ALIGN | search_mode=visual_handoff | cmd=stop | front=3.58m
[INFO] [1783540349.358037825] [shared_nav_semantic_explore]: [NAV] step=2262 mode=SEARCH fsm=SEARCH phase=EXPLORE_ALIGN mode=SEARCH | reason=semantic_explore_idle_wait | explore_phase=EXPLORE_ALIGN | search_mode=visual_handoff | cmd=stop | front=3.57m
[INFO] [1783540349.419672304] [shared_nav_semantic_explore]: [NAV] step=2263 mode=SEARCH fsm=SEARCH phase=EXPLORE_ALIGN mode=SEARCH | reason=semantic_explore_idle_wait | explore_phase=EXPLORE_ALIGN | search_mode=visual_handoff | cmd=stop | front=3.56m
[INFO] [1783540349.543955178] [shared_nav_semantic_explore]: [NAV] step=2264 mode=SEARCH fsm=SEARCH phase=EXPLORE_ALIGN mode=SEARCH | reason=semantic_explore_idle_wait | explore_phase=EXPLORE_ALIGN | search_mode=visual_handoff | cmd=stop | front=3.54m
[INFO] [1783540349.623633597] [shared_nav_semantic_explore]: [NAV] step=2265 mode=SEARCH fsm=SEARCH phase=EXPLORE_ALIGN mode=SEARCH | reason=semantic_explore_idle_wait | explore_phase=EXPLORE_ALIGN | search_mode=visual_handoff | cmd=stop | front=3.54m
[INFO] [1783540349.713442548] [shared_nav_semantic_explore]: [NAV] step=2266 mode=SEARCH fsm=SEARCH phase=EXPLORE_ALIGN mode=SEARCH | reason=semantic_explore_idle_wait | explore_phase=EXPLORE_ALIGN | search_mode=visual_handoff | cmd=stop | front=0.95m
[INFO] [1783540349.824812643] [shared_nav_semantic_explore]: [NAV] step=2267 mode=SEARCH fsm=SEARCH phase=EXPLORE_ALIGN mode=SEARCH | reason=semantic_explore_idle_wait | explore_phase=EXPLORE_ALIGN | search_mode=visual_handoff | cmd=stop | front=0.93m
[INFO] [1783540349.913378887] [shared_nav_semantic_explore]: [NAV] step=2268 mode=SEARCH fsm=SEARCH phase=EXPLORE_ALIGN mode=SEARCH | reason=semantic_explore_idle_wait | explore_phase=EXPLORE_ALIGN | search_mode=visual_handoff | cmd=stop | front=0.93m
[INFO] [1783540350.012085037] [shared_nav_semantic_explore]: [NAV] step=2269 mode=SEARCH fsm=SEARCH phase=EXPLORE_ALIGN mode=SEARCH | reason=semantic_explore_idle_wait | explore_phase=EXPLORE_ALIGN | search_mode=visual_handoff | cmd=stop | front=0.94m
[INFO] [1783540350.111626769] [shared_nav_semantic_explore]: [NAV] step=2270 mode=SEARCH fsm=SEARCH phase=EXPLORE_ALIGN mode=SEARCH | reason=semantic_explore_idle_wait | explore_phase=EXPLORE_ALIGN | search_mode=visual_handoff | cmd=stop | front=0.66m
[INFO] [1783540350.212685833] [shared_nav_semantic_explore]: [NAV] step=2271 mode=SEARCH fsm=SEARCH phase=EXPLORE_ALIGN mode=SEARCH | reason=semantic_explore_idle_wait | explore_phase=EXPLORE_ALIGN | search_mode=visual_handoff | cmd=stop | front=0.66m
[INFO] [1783540350.330099173] [shared_nav_semantic_explore]: [NAV] step=2272 mode=SEARCH fsm=SEARCH phase=EXPLORE_ALIGN mode=SEARCH | reason=semantic_explore_idle_wait | explore_phase=EXPLORE_ALIGN | search_mode=visual_handoff | cmd=stop | front=0.65m
[INFO] [1783540350.452441590] [shared_nav_semantic_explore]: [NAV] step=2273 mode=SEARCH fsm=SEARCH phase=EXPLORE_ALIGN mode=SEARCH | reason=semantic_explore_idle_wait | explore_phase=EXPLORE_ALIGN | search_mode=visual_handoff | cmd=stop | front=0.65m
[INFO] [1783540350.514123486] [shared_nav_semantic_explore]: [NAV] step=2274 mode=SEARCH fsm=SEARCH phase=EXPLORE_ALIGN mode=SEARCH | reason=semantic_explore_idle_wait | explore_phase=EXPLORE_ALIGN | search_mode=visual_handoff | cmd=stop | front=0.65m
[INFO] [1783540350.610444055] [shared_nav_semantic_explore]: [NAV] step=2275 mode=SEARCH fsm=SEARCH phase=EXPLORE_ALIGN mode=SEARCH | reason=semantic_explore_idle_wait | explore_phase=EXPLORE_ALIGN | search_mode=visual_handoff | cmd=stop | front=0.64m
[INFO] [1783540350.711334536] [shared_nav_semantic_explore]: [NAV] step=2276 mode=SEARCH fsm=SEARCH phase=EXPLORE_ALIGN mode=SEARCH | reason=semantic_explore_idle_wait | explore_phase=EXPLORE_ALIGN | search_mode=visual_handoff | cmd=stop | front=0.64m
[INFO] [1783540350.838034700] [shared_nav_semantic_explore]: [NAV] step=2277 mode=SEARCH fsm=SEARCH phase=EXPLORE_ALIGN mode=SEARCH | reason=semantic_explore_idle_wait | explore_phase=EXPLORE_ALIGN | search_mode=visual_handoff | cmd=stop | front=0.65m
[INFO] [1783540350.933110645] [shared_nav_semantic_explore]: [NAV] step=2278 mode=SEARCH fsm=SEARCH phase=EXPLORE_ALIGN mode=SEARCH | reason=semantic_explore_idle_wait | explore_phase=EXPLORE_ALIGN | search_mode=visual_handoff | cmd=stop | front=0.63m
[INFO] [1783540351.105914970] [shared_nav_semantic_explore]: [NAV] step=2279 mode=SEARCH fsm=SEARCH phase=EXPLORE_ALIGN mode=SEARCH | reason=semantic_explore_idle_wait | explore_phase=EXPLORE_ALIGN | search_mode=visual_handoff | cmd=stop | front=0.63m
[INFO] [1783540351.178073272] [shared_nav_semantic_explore]: [NAV] step=2280 mode=SEARCH fsm=SEARCH phase=EXPLORE_ALIGN mode=SEARCH | reason=semantic_explore_idle_wait | explore_phase=EXPLORE_ALIGN | search_mode=visual_handoff | cmd=stop | front=0.63m
[INFO] [1783540351.239501210] [shared_nav_semantic_explore]: [NAV] step=2281 mode=SEARCH fsm=SEARCH phase=EXPLORE_ALIGN mode=SEARCH | reason=semantic_explore_idle_wait | explore_phase=EXPLORE_ALIGN | search_mode=visual_handoff | cmd=stop | front=0.62m
[INFO] [1783540351.320781711] [shared_nav_semantic_explore]: [NAV] step=2282 mode=SEARCH fsm=SEARCH phase=EXPLORE_ALIGN mode=SEARCH | reason=semantic_explore_idle_wait | explore_phase=EXPLORE_ALIGN | search_mode=visual_handoff | cmd=stop | front=0.62m
[INFO] [1783540351.416577447] [shared_nav_semantic_explore]: [NAV] step=2283 mode=SEARCH fsm=SEARCH phase=EXPLORE_ALIGN mode=SEARCH | reason=semantic_explore_idle_wait | explore_phase=EXPLORE_ALIGN | search_mode=visual_handoff | cmd=stop | front=0.61m
[INFO] [1783540351.532658871] [shared_nav_semantic_explore]: [NAV] step=2284 mode=SEARCH fsm=SEARCH phase=EXPLORE_ALIGN mode=SEARCH | reason=semantic_explore_idle_wait | explore_phase=EXPLORE_ALIGN | search_mode=visual_handoff | cmd=stop | front=0.61m
[INFO] [1783540351.619389700] [shared_nav_semantic_explore]: [NAV] step=2285 mode=SEARCH fsm=SEARCH phase=EXPLORE_ALIGN mode=SEARCH | reason=semantic_explore_idle_wait | explore_phase=EXPLORE_ALIGN | search_mode=visual_handoff | cmd=stop | front=0.61m
[INFO] [1783540351.723549594] [shared_nav_semantic_explore]: [NAV] step=2286 mode=SEARCH fsm=SEARCH phase=EXPLORE_ALIGN mode=SEARCH | reason=semantic_explore_idle_wait | explore_phase=EXPLORE_ALIGN | search_mode=visual_handoff | cmd=stop | front=0.60m
[INFO] [1783540351.853059880] [shared_nav_semantic_explore]: [NAV] step=2287 mode=SEARCH fsm=SEARCH phase=EXPLORE_ALIGN mode=SEARCH | reason=semantic_explore_idle_wait | explore_phase=EXPLORE_ALIGN | search_mode=visual_handoff | cmd=stop | front=0.60m
[INFO] [1783540351.950083407] [shared_nav_semantic_explore]: [NAV] step=2288 mode=SEARCH fsm=SEARCH phase=EXPLORE_ALIGN mode=SEARCH | reason=semantic_explore_idle_wait | explore_phase=EXPLORE_ALIGN | search_mode=visual_handoff | cmd=stop | front=0.60m
[INFO] [1783540352.053736843] [shared_nav_semantic_explore]: [NAV] step=2289 mode=SEARCH fsm=SEARCH phase=EXPLORE_ALIGN mode=SEARCH | reason=semantic_explore_idle_wait | explore_phase=EXPLORE_ALIGN | search_mode=visual_handoff | cmd=stop | front=0.60m
[INFO] [1783540352.145879917] [shared_nav_semantic_explore]: [NAV] step=2290 mode=SEARCH fsm=SEARCH phase=EXPLORE_ALIGN mode=SEARCH | reason=semantic_explore_idle_wait | explore_phase=EXPLORE_ALIGN | search_mode=visual_handoff | cmd=stop | front=0.59m
[INFO] [1783540352.228112000] [shared_nav_semantic_explore]: [NAV] step=2291 mode=SEARCH fsm=SEARCH phase=EXPLORE_ALIGN mode=SEARCH | reason=semantic_explore_idle_wait | explore_phase=EXPLORE_ALIGN | search_mode=visual_handoff | cmd=stop | front=0.58m
[INFO] [1783540352.334447393] [shared_nav_semantic_explore]: [NAV] step=2292 mode=SEARCH fsm=SEARCH phase=EXPLORE_ALIGN mode=SEARCH | reason=semantic_explore_idle_wait | explore_phase=EXPLORE_ALIGN | search_mode=visual_handoff | cmd=stop | front=0.58m
[INFO] [1783540352.422346054] [shared_nav_semantic_explore]: [NAV] step=2293 mode=SEARCH fsm=SEARCH phase=EXPLORE_ALIGN mode=SEARCH | reason=semantic_explore_idle_wait | explore_phase=EXPLORE_ALIGN | search_mode=visual_handoff | cmd=stop | front=0.58m
[INFO] [1783540352.515808209] [shared_nav_semantic_explore]: [NAV] step=2294 mode=SEARCH fsm=SEARCH phase=EXPLORE_ALIGN mode=SEARCH | reason=semantic_explore_idle_wait | explore_phase=EXPLORE_ALIGN | search_mode=visual_handoff | cmd=stop | front=0.58m
[INFO] [1783540352.613617527] [shared_nav_semantic_explore]: [NAV] step=2295 mode=SEARCH fsm=SEARCH phase=EXPLORE_ALIGN mode=SEARCH | reason=semantic_explore_idle_wait | explore_phase=EXPLORE_ALIGN | search_mode=visual_handoff | cmd=stop | front=0.58m
[INFO] [1783540352.710878429] [shared_nav_semantic_explore]: [NAV] step=2296 mode=SEARCH fsm=SEARCH phase=EXPLORE_ALIGN mode=SEARCH | reason=semantic_explore_idle_wait | explore_phase=EXPLORE_ALIGN | search_mode=visual_handoff | cmd=stop | front=0.58m
[INFO] [1783540352.806904707] [shared_nav_semantic_explore]: [NAV] step=2297 mode=SEARCH fsm=SEARCH phase=EXPLORE_ALIGN mode=SEARCH | reason=semantic_explore_idle_wait | explore_phase=EXPLORE_ALIGN | search_mode=visual_handoff | cmd=stop | front=0.58m
[INFO] [1783540352.927290835] [shared_nav_semantic_explore]: [NAV] step=2298 mode=SEARCH fsm=SEARCH phase=EXPLORE_ALIGN mode=SEARCH | reason=semantic_explore_idle_wait | explore_phase=EXPLORE_ALIGN | search_mode=visual_handoff | cmd=stop | front=0.58m
[INFO] [1783540353.019419033] [shared_nav_semantic_explore]: [NAV] step=2299 mode=SEARCH fsm=SEARCH phase=EXPLORE_ALIGN mode=SEARCH | reason=semantic_explore_idle_wait | explore_phase=EXPLORE_ALIGN | search_mode=visual_handoff | cmd=stop | front=0.58m
[INFO] [1783540353.148891527] [shared_nav_semantic_explore]: [NAV] step=2300 mode=SEARCH fsm=SEARCH phase=EXPLORE_ALIGN mode=SEARCH | reason=semantic_explore_idle_wait | explore_phase=EXPLORE_ALIGN | search_mode=visual_handoff | cmd=stop | front=0.58m
[INFO] [1783540353.258092709] [shared_nav_semantic_explore]: [NAV] step=2301 mode=SEARCH fsm=SEARCH phase=EXPLORE_ALIGN mode=SEARCH | reason=semantic_explore_idle_wait | explore_phase=EXPLORE_ALIGN | search_mode=visual_handoff | cmd=stop | front=0.58m
[INFO] [1783540353.387484411] [shared_nav_semantic_explore]: [NAV] step=2302 mode=SEARCH fsm=SEARCH phase=EXPLORE_ALIGN mode=SEARCH | reason=semantic_explore_idle_wait | explore_phase=EXPLORE_ALIGN | search_mode=visual_handoff | cmd=stop | front=0.57m
[INFO] [1783540353.510339995] [shared_nav_semantic_explore]: [NAV] step=2303 mode=SEARCH fsm=SEARCH phase=EXPLORE_ALIGN mode=SEARCH | reason=semantic_explore_idle_wait | explore_phase=EXPLORE_ALIGN | search_mode=visual_handoff | cmd=stop | front=0.57m
[INFO] [1783540353.642266779] [shared_nav_semantic_explore]: [NAV] step=2304 mode=SEARCH fsm=SEARCH phase=EXPLORE_ALIGN mode=SEARCH | reason=semantic_explore_idle_wait | explore_phase=EXPLORE_ALIGN | search_mode=visual_handoff | cmd=stop | front=0.57m
[INFO] [1783540353.735023560] [shared_nav_semantic_explore]: [NAV] step=2305 mode=SEARCH fsm=SEARCH phase=EXPLORE_ALIGN mode=SEARCH | reason=semantic_explore_idle_wait | explore_phase=EXPLORE_ALIGN | search_mode=visual_handoff | cmd=stop | front=0.57m
[INFO] [1783540353.829521339] [shared_nav_semantic_explore]: [NAV] step=2306 mode=SEARCH fsm=SEARCH phase=EXPLORE_ALIGN mode=SEARCH | reason=semantic_explore_idle_wait | explore_phase=EXPLORE_ALIGN | search_mode=visual_handoff | cmd=stop | front=0.57m
[INFO] [1783540353.939212520] [shared_nav_semantic_explore]: [NAV] step=2307 mode=SEARCH fsm=SEARCH phase=EXPLORE_ALIGN mode=SEARCH | reason=semantic_explore_idle_wait | explore_phase=EXPLORE_ALIGN | search_mode=visual_handoff | cmd=stop | front=0.57m
[INFO] [1783540354.027112306] [shared_nav_semantic_explore]: [NAV] step=2308 mode=SEARCH fsm=SEARCH phase=EXPLORE_ALIGN mode=SEARCH | reason=semantic_explore_idle_wait | explore_phase=EXPLORE_ALIGN | search_mode=visual_handoff | cmd=stop | front=0.57m
[INFO] [1783540354.134537615] [shared_nav_semantic_explore]: [NAV] step=2309 mode=SEARCH fsm=SEARCH phase=EXPLORE_ALIGN mode=SEARCH | reason=semantic_explore_idle_wait | explore_phase=EXPLORE_ALIGN | search_mode=visual_handoff | cmd=stop | front=0.58m
[INFO] [1783540354.213943534] [shared_nav_semantic_explore]: [NAV] step=2310 mode=SEARCH fsm=SEARCH phase=EXPLORE_ALIGN mode=SEARCH | reason=semantic_explore_idle_wait | explore_phase=EXPLORE_ALIGN | search_mode=visual_handoff | cmd=stop | front=0.58m
[INFO] [1783540354.308544689] [shared_nav_semantic_explore]: [NAV] step=2311 mode=SEARCH fsm=SEARCH phase=EXPLORE_ALIGN mode=SEARCH | reason=semantic_explore_idle_wait | explore_phase=EXPLORE_ALIGN | search_mode=visual_handoff | cmd=stop | front=0.58m
[INFO] [1783540354.416823454] [shared_nav_semantic_explore]: [NAV] step=2312 mode=SEARCH fsm=SEARCH phase=EXPLORE_ALIGN mode=SEARCH | reason=semantic_explore_idle_wait | explore_phase=EXPLORE_ALIGN | search_mode=visual_handoff | cmd=stop | front=0.58m
[INFO] [1783540354.523892888] [shared_nav_semantic_explore]: [NAV] step=2313 mode=SEARCH fsm=SEARCH phase=EXPLORE_ALIGN mode=SEARCH | reason=semantic_explore_idle_wait | explore_phase=EXPLORE_ALIGN | search_mode=visual_handoff | cmd=stop | front=0.58m
[INFO] [1783540354.625604619] [shared_nav_semantic_explore]: [NAV] step=2314 mode=SEARCH fsm=SEARCH phase=EXPLORE_ALIGN mode=SEARCH | reason=semantic_explore_idle_wait | explore_phase=EXPLORE_ALIGN | search_mode=visual_handoff | cmd=stop | front=0.59m
[INFO] [1783540354.709877825] [shared_nav_semantic_explore]: [NAV] step=2315 mode=SEARCH fsm=SEARCH phase=EXPLORE_ALIGN mode=SEARCH | reason=semantic_explore_idle_wait | explore_phase=EXPLORE_ALIGN | search_mode=visual_handoff | cmd=stop | front=0.59m
[INFO] [1783540354.812604971] [shared_nav_semantic_explore]: [NAV] step=2316 mode=SEARCH fsm=SEARCH phase=EXPLORE_ALIGN mode=SEARCH | reason=semantic_explore_idle_wait | explore_phase=EXPLORE_ALIGN | search_mode=visual_handoff | cmd=stop | front=0.59m
[INFO] [1783540354.905831836] [shared_nav_semantic_explore]: [NAV] step=2317 mode=SEARCH fsm=SEARCH phase=EXPLORE_ALIGN mode=SEARCH | reason=semantic_explore_idle_wait | explore_phase=EXPLORE_ALIGN | search_mode=visual_handoff | cmd=stop | front=0.60m
[INFO] [1783540355.009773106] [shared_nav_semantic_explore]: [NAV] step=2318 mode=SEARCH fsm=SEARCH phase=EXPLORE_ALIGN mode=SEARCH | reason=semantic_explore_idle_wait | explore_phase=EXPLORE_ALIGN | search_mode=visual_handoff | cmd=stop | front=0.60m
[INFO] [1783540355.117864122] [shared_nav_semantic_explore]: [NAV] step=2319 mode=SEARCH fsm=SEARCH phase=EXPLORE_ALIGN mode=SEARCH | reason=semantic_explore_idle_wait | explore_phase=EXPLORE_ALIGN | search_mode=visual_handoff | cmd=stop | front=0.61m
[INFO] [1783540355.260263186] [shared_nav_semantic_explore]: [NAV] step=2320 mode=SEARCH fsm=SEARCH phase=EXPLORE_ALIGN mode=SEARCH | reason=semantic_explore_idle_wait | explore_phase=EXPLORE_ALIGN | search_mode=visual_handoff | cmd=stop | front=0.62m
[INFO] [1783540355.331513114] [shared_nav_semantic_explore]: [NAV] step=2321 mode=SEARCH fsm=SEARCH phase=EXPLORE_ALIGN mode=SEARCH | reason=semantic_explore_idle_wait | explore_phase=EXPLORE_ALIGN | search_mode=visual_handoff | cmd=stop | front=0.62m
[INFO] [1783540355.418134777] [shared_nav_semantic_explore]: [NAV] step=2322 mode=SEARCH fsm=SEARCH phase=EXPLORE_ALIGN mode=SEARCH | reason=semantic_explore_idle_wait | explore_phase=EXPLORE_ALIGN | search_mode=visual_handoff | cmd=stop | front=0.61m
[INFO] [1783540355.526760084] [shared_nav_semantic_explore]: [NAV] step=2323 mode=SEARCH fsm=SEARCH phase=EXPLORE_ALIGN mode=SEARCH | reason=semantic_explore_idle_wait | explore_phase=EXPLORE_ALIGN | search_mode=visual_handoff | cmd=stop | front=0.64m
[INFO] [1783540355.626654442] [shared_nav_semantic_explore]: [NAV] step=2324 mode=SEARCH fsm=SEARCH phase=EXPLORE_ALIGN mode=SEARCH | reason=semantic_explore_idle_wait | explore_phase=EXPLORE_ALIGN | search_mode=visual_handoff | cmd=stop | front=0.64m
[INFO] [1783540355.718725557] [shared_nav_semantic_explore]: [NAV] step=2325 mode=SEARCH fsm=SEARCH phase=EXPLORE_ALIGN mode=SEARCH | reason=semantic_explore_idle_wait | explore_phase=EXPLORE_ALIGN | search_mode=visual_handoff | cmd=stop | front=1.47m
[INFO] [1783540355.869477363] [shared_nav_semantic_explore]: [NAV] step=2326 mode=SEARCH fsm=SEARCH phase=EXPLORE_ALIGN mode=SEARCH | reason=semantic_explore_idle_wait | explore_phase=EXPLORE_ALIGN | search_mode=visual_handoff | cmd=stop | front=1.44m
[INFO] [1783540355.914988567] [shared_nav_semantic_explore]: [NAV] step=2327 mode=SEARCH fsm=SEARCH phase=EXPLORE_ALIGN mode=SEARCH | reason=semantic_explore_idle_wait | explore_phase=EXPLORE_ALIGN | search_mode=visual_handoff | cmd=stop | front=1.44m
[INFO] [1783540356.016738173] [shared_nav_semantic_explore]: [NAV] step=2328 mode=SEARCH fsm=SEARCH phase=EXPLORE_ALIGN mode=SEARCH | reason=semantic_explore_idle_wait | explore_phase=EXPLORE_ALIGN | search_mode=visual_handoff | cmd=stop | front=1.44m
[INFO] [1783540356.121166734] [shared_nav_semantic_explore]: [NAV] step=2329 mode=SEARCH fsm=SEARCH phase=EXPLORE_ALIGN mode=SEARCH | reason=semantic_explore_idle_wait | explore_phase=EXPLORE_ALIGN | search_mode=visual_handoff | cmd=stop | front=1.44m
[INFO] [1783540356.239493157] [shared_nav_semantic_explore]: [NAV] step=2330 mode=SEARCH fsm=SEARCH phase=EXPLORE_ALIGN mode=SEARCH | reason=semantic_explore_idle_wait | explore_phase=EXPLORE_ALIGN | search_mode=visual_handoff | cmd=stop | front=1.43m
[INFO] [1783540356.313669165] [shared_nav_semantic_explore]: [NAV] step=2331 mode=SEARCH fsm=SEARCH phase=EXPLORE_ALIGN mode=SEARCH | reason=semantic_explore_idle_wait | explore_phase=EXPLORE_ALIGN | search_mode=visual_handoff | cmd=stop | front=1.43m
[INFO] [1783540356.416065645] [shared_nav_semantic_explore]: [NAV] step=2332 mode=SEARCH fsm=SEARCH phase=EXPLORE_ALIGN mode=SEARCH | reason=semantic_explore_idle_wait | explore_phase=EXPLORE_ALIGN | search_mode=visual_handoff | cmd=stop | front=1.42m
[INFO] [1783540356.528018908] [shared_nav_semantic_explore]: [NAV] step=2333 mode=SEARCH fsm=SEARCH phase=EXPLORE_ALIGN mode=SEARCH | reason=semantic_explore_idle_wait | explore_phase=EXPLORE_ALIGN | search_mode=visual_handoff | cmd=stop | front=1.42m
[INFO] [1783540356.611702657] [shared_nav_semantic_explore]: [NAV] step=2334 mode=SEARCH fsm=SEARCH phase=EXPLORE_ALIGN mode=SEARCH | reason=semantic_explore_idle_wait | explore_phase=EXPLORE_ALIGN | search_mode=visual_handoff | cmd=stop | front=1.42m
[INFO] [1783540356.731717202] [shared_nav_semantic_explore]: [NAV] step=2335 mode=SEARCH fsm=SEARCH phase=EXPLORE_ALIGN mode=SEARCH | reason=semantic_explore_idle_wait | explore_phase=EXPLORE_ALIGN | search_mode=visual_handoff | cmd=stop | front=1.41m
[INFO] [1783540356.820286280] [shared_nav_semantic_explore]: [NAV] step=2336 mode=SEARCH fsm=SEARCH phase=EXPLORE_ALIGN mode=SEARCH | reason=semantic_explore_idle_wait | explore_phase=EXPLORE_ALIGN | search_mode=visual_handoff | cmd=stop | front=1.41m
[INFO] [1783540356.915470642] [shared_nav_semantic_explore]: [NAV] step=2337 mode=SEARCH fsm=SEARCH phase=EXPLORE_ALIGN mode=SEARCH | reason=semantic_explore_idle_wait | explore_phase=EXPLORE_ALIGN | search_mode=visual_handoff | cmd=stop | front=1.41m
[INFO] [1783540357.025877239] [shared_nav_semantic_explore]: [NAV] step=2338 mode=SEARCH fsm=SEARCH phase=EXPLORE_ALIGN mode=SEARCH | reason=semantic_explore_idle_wait | explore_phase=EXPLORE_ALIGN | search_mode=visual_handoff | cmd=stop | front=1.40m
[INFO] [1783540357.131983382] [shared_nav_semantic_explore]: [NAV] step=2339 mode=SEARCH fsm=SEARCH phase=EXPLORE_ALIGN mode=SEARCH | reason=semantic_explore_idle_wait | explore_phase=EXPLORE_ALIGN | search_mode=visual_handoff | cmd=stop | front=1.40m
[INFO] [1783540357.213128592] [shared_nav_semantic_explore]: [NAV] step=2340 mode=SEARCH fsm=SEARCH phase=EXPLORE_ALIGN mode=SEARCH | reason=semantic_explore_idle_wait | explore_phase=EXPLORE_ALIGN | search_mode=visual_handoff | cmd=stop | front=1.40m
[INFO] [1783540357.325049229] [shared_nav_semantic_explore]: [NAV] step=2341 mode=SEARCH fsm=SEARCH phase=EXPLORE_ALIGN mode=SEARCH | reason=semantic_explore_idle_wait | explore_phase=EXPLORE_ALIGN | search_mode=visual_handoff | cmd=stop | front=1.40m
[INFO] [1783540357.421536882] [shared_nav_semantic_explore]: [NAV] step=2342 mode=SEARCH fsm=SEARCH phase=EXPLORE_ALIGN mode=SEARCH | reason=semantic_explore_idle_wait | explore_phase=EXPLORE_ALIGN | search_mode=visual_handoff | cmd=stop | front=1.40m
[INFO] [1783540357.509282127] [shared_nav_semantic_explore]: [NAV] step=2343 mode=SEARCH fsm=SEARCH phase=EXPLORE_ALIGN mode=SEARCH | reason=semantic_explore_idle_wait | explore_phase=EXPLORE_ALIGN | search_mode=visual_handoff | cmd=stop | front=1.40m
[INFO] [1783540357.627719633] [shared_nav_semantic_explore]: [NAV] step=2344 mode=SEARCH fsm=SEARCH phase=EXPLORE_ALIGN mode=SEARCH | reason=semantic_explore_idle_wait | explore_phase=EXPLORE_ALIGN | search_mode=visual_handoff | cmd=stop | front=1.39m
[INFO] [1783540357.709267551] [shared_nav_semantic_explore]: [NAV] step=2345 mode=SEARCH fsm=SEARCH phase=EXPLORE_ALIGN mode=SEARCH | reason=semantic_explore_idle_wait | explore_phase=EXPLORE_ALIGN | search_mode=visual_handoff | cmd=stop | front=1.39m
[INFO] [1783540357.821589354] [shared_nav_semantic_explore]: [NAV] step=2346 mode=SEARCH fsm=SEARCH phase=EXPLORE_ALIGN mode=SEARCH | reason=semantic_explore_idle_wait | explore_phase=EXPLORE_ALIGN | search_mode=visual_handoff | cmd=stop | front=1.40m
[INFO] [1783540357.911637514] [shared_nav_semantic_explore]: [NAV] step=2347 mode=SEARCH fsm=SEARCH phase=EXPLORE_ALIGN mode=SEARCH | reason=semantic_explore_idle_wait | explore_phase=EXPLORE_ALIGN | search_mode=visual_handoff | cmd=stop | front=1.40m
[INFO] [1783540358.023399276] [shared_nav_semantic_explore]: [NAV] step=2348 mode=SEARCH fsm=SEARCH phase=EXPLORE_ALIGN mode=SEARCH | reason=semantic_explore_idle_wait | explore_phase=EXPLORE_ALIGN | search_mode=visual_handoff | cmd=stop | front=1.39m
[INFO] [1783540358.111061604] [shared_nav_semantic_explore]: [NAV] step=2349 mode=SEARCH fsm=SEARCH phase=EXPLORE_ALIGN mode=SEARCH | reason=semantic_explore_idle_wait | explore_phase=EXPLORE_ALIGN | search_mode=visual_handoff | cmd=stop | front=1.40m
[INFO] [1783540358.216306624] [shared_nav_semantic_explore]: [NAV] step=2350 mode=SEARCH fsm=SEARCH phase=EXPLORE_ALIGN mode=SEARCH | reason=semantic_explore_idle_wait | explore_phase=EXPLORE_ALIGN | search_mode=visual_handoff | cmd=stop | front=1.40m
[INFO] [1783540358.327959844] [shared_nav_semantic_explore]: [NAV] step=2351 mode=SEARCH fsm=SEARCH phase=EXPLORE_ALIGN mode=SEARCH | reason=semantic_explore_idle_wait | explore_phase=EXPLORE_ALIGN | search_mode=visual_handoff | cmd=stop | front=1.40m
[INFO] [1783540358.418987920] [shared_nav_semantic_explore]: [NAV] step=2352 mode=SEARCH fsm=SEARCH phase=EXPLORE_ALIGN mode=SEARCH | reason=semantic_explore_idle_wait | explore_phase=EXPLORE_ALIGN | search_mode=visual_handoff | cmd=stop | front=1.40m
[INFO] [1783540358.517358487] [shared_nav_semantic_explore]: [NAV] step=2353 mode=SEARCH fsm=SEARCH phase=EXPLORE_ALIGN mode=SEARCH | reason=semantic_explore_idle_wait | explore_phase=EXPLORE_ALIGN | search_mode=visual_handoff | cmd=stop | front=1.40m
[INFO] [1783540358.631620206] [shared_nav_semantic_explore]: [NAV] step=2354 mode=SEARCH fsm=SEARCH phase=EXPLORE_ALIGN mode=SEARCH | reason=semantic_explore_idle_wait | explore_phase=EXPLORE_ALIGN | search_mode=visual_handoff | cmd=stop | front=1.40m
[INFO] [1783540358.714394914] [shared_nav_semantic_explore]: [NAV] step=2355 mode=SEARCH fsm=SEARCH phase=EXPLORE_ALIGN mode=SEARCH | reason=semantic_explore_idle_wait | explore_phase=EXPLORE_ALIGN | search_mode=visual_handoff | cmd=stop | front=1.40m
[INFO] [1783540358.816875227] [shared_nav_semantic_explore]: [NAV] step=2356 mode=SEARCH fsm=SEARCH phase=EXPLORE_ALIGN mode=SEARCH | reason=semantic_explore_idle_wait | explore_phase=EXPLORE_ALIGN | search_mode=visual_handoff | cmd=stop | front=1.40m
[INFO] [1783540358.929798656] [shared_nav_semantic_explore]: [NAV] step=2357 mode=SEARCH fsm=SEARCH phase=EXPLORE_ALIGN mode=SEARCH | reason=semantic_explore_idle_wait | explore_phase=EXPLORE_ALIGN | search_mode=visual_handoff | cmd=stop | front=1.40m
[INFO] [1783540359.021923396] [shared_nav_semantic_explore]: [NAV] step=2358 mode=SEARCH fsm=SEARCH phase=EXPLORE_ALIGN mode=SEARCH | reason=semantic_explore_idle_wait | explore_phase=EXPLORE_ALIGN | search_mode=visual_handoff | cmd=stop | front=1.40m
[INFO] [1783540359.121228505] [shared_nav_semantic_explore]: [NAV] step=2359 mode=SEARCH fsm=SEARCH phase=EXPLORE_ALIGN mode=SEARCH | reason=semantic_explore_idle_wait | explore_phase=EXPLORE_ALIGN | search_mode=visual_handoff | cmd=stop | front=1.40m
[INFO] [1783540359.232062810] [shared_nav_semantic_explore]: [NAV] step=2360 mode=SEARCH fsm=SEARCH phase=EXPLORE_ALIGN mode=SEARCH | reason=semantic_explore_idle_wait | explore_phase=EXPLORE_ALIGN | search_mode=visual_handoff | cmd=stop | front=1.40m
[INFO] [1783540359.315942934] [shared_nav_semantic_explore]: [NAV] step=2361 mode=SEARCH fsm=SEARCH phase=EXPLORE_ALIGN mode=SEARCH | reason=semantic_explore_idle_wait | explore_phase=EXPLORE_ALIGN | search_mode=visual_handoff | cmd=stop | front=1.40m
[INFO] [1783540359.409686590] [shared_nav_semantic_explore]: [NAV] step=2362 mode=SEARCH fsm=SEARCH phase=EXPLORE_ALIGN mode=SEARCH | reason=semantic_explore_idle_wait | explore_phase=EXPLORE_ALIGN | search_mode=visual_handoff | cmd=stop | front=1.39m
[INFO] [1783540359.507546533] [shared_nav_semantic_explore]: [NAV] step=2363 mode=SEARCH fsm=SEARCH phase=EXPLORE_ALIGN mode=SEARCH | reason=semantic_explore_idle_wait | explore_phase=EXPLORE_ALIGN | search_mode=visual_handoff | cmd=stop | front=1.40m
[INFO] [1783540359.605895934] [shared_nav_semantic_explore]: [NAV] step=2364 mode=SEARCH fsm=SEARCH phase=EXPLORE_ALIGN mode=SEARCH | reason=semantic_explore_idle_wait | explore_phase=EXPLORE_ALIGN | search_mode=visual_handoff | cmd=stop | front=1.40m
[INFO] [1783540359.709842163] [shared_nav_semantic_explore]: [NAV] step=2365 mode=SEARCH fsm=SEARCH phase=EXPLORE_ALIGN mode=SEARCH | reason=semantic_explore_idle_wait | explore_phase=EXPLORE_ALIGN | search_mode=visual_handoff | cmd=stop | front=1.39m
[INFO] [1783540359.808003814] [shared_nav_semantic_explore]: [NAV] step=2366 mode=SEARCH fsm=SEARCH phase=EXPLORE_ALIGN mode=SEARCH | reason=semantic_explore_idle_wait | explore_phase=EXPLORE_ALIGN | search_mode=visual_handoff | cmd=stop | front=1.40m
[INFO] [1783540359.920851326] [shared_nav_semantic_explore]: [NAV] step=2367 mode=SEARCH fsm=SEARCH phase=EXPLORE_ALIGN mode=SEARCH | reason=semantic_explore_idle_wait | explore_phase=EXPLORE_ALIGN | search_mode=visual_handoff | cmd=stop | front=1.40m
[INFO] [1783540360.009927903] [shared_nav_semantic_explore]: [NAV] step=2368 mode=SEARCH fsm=SEARCH phase=EXPLORE_ALIGN mode=SEARCH | reason=semantic_explore_idle_wait | explore_phase=EXPLORE_ALIGN | search_mode=visual_handoff | cmd=stop | front=1.39m
[INFO] [1783540360.107992096] [shared_nav_semantic_explore]: [NAV] step=2369 mode=SEARCH fsm=SEARCH phase=EXPLORE_ALIGN mode=SEARCH | reason=semantic_explore_idle_wait | explore_phase=EXPLORE_ALIGN | search_mode=visual_handoff | cmd=stop | front=1.40m
[INFO] [1783540360.219443526] [shared_nav_semantic_explore]: [NAV] step=2370 mode=SEARCH fsm=SEARCH phase=EXPLORE_ALIGN mode=SEARCH | reason=semantic_explore_idle_wait | explore_phase=EXPLORE_ALIGN | search_mode=visual_handoff | cmd=stop | front=1.40m
[INFO] [1783540360.332077996] [shared_nav_semantic_explore]: [NAV] step=2371 mode=SEARCH fsm=SEARCH phase=EXPLORE_ALIGN mode=SEARCH | reason=semantic_explore_idle_wait | explore_phase=EXPLORE_ALIGN | search_mode=visual_handoff | cmd=stop | front=1.39m
[INFO] [1783540360.462791865] [shared_nav_semantic_explore]: [NAV] step=2372 mode=SEARCH fsm=SEARCH phase=EXPLORE_ALIGN mode=SEARCH | reason=semantic_explore_idle_wait | explore_phase=EXPLORE_ALIGN | search_mode=visual_handoff | cmd=stop | front=1.40m
[INFO] [1783540360.514303021] [shared_nav_semantic_explore]: [NAV] step=2373 mode=SEARCH fsm=SEARCH phase=EXPLORE_ALIGN mode=SEARCH | reason=semantic_explore_idle_wait | explore_phase=EXPLORE_ALIGN | search_mode=visual_handoff | cmd=stop | front=1.40m
[INFO] [1783540360.638068605] [shared_nav_semantic_explore]: [NAV] step=2374 mode=SEARCH fsm=SEARCH phase=EXPLORE_ALIGN mode=SEARCH | reason=semantic_explore_idle_wait | explore_phase=EXPLORE_ALIGN | search_mode=visual_handoff | cmd=stop | front=1.40m
[INFO] [1783540360.774289468] [shared_nav_semantic_explore]: [NAV] step=2375 mode=SEARCH fsm=SEARCH phase=EXPLORE_ALIGN mode=SEARCH | reason=semantic_explore_idle_wait | explore_phase=EXPLORE_ALIGN | search_mode=visual_handoff | cmd=stop | front=1.40m
[INFO] [1783540360.819488965] [shared_nav_semantic_explore]: [NAV] step=2376 mode=SEARCH fsm=SEARCH phase=EXPLORE_ALIGN mode=SEARCH | reason=semantic_explore_idle_wait | explore_phase=EXPLORE_ALIGN | search_mode=visual_handoff | cmd=stop | front=1.39m
[INFO] [1783540360.991591917] [shared_nav_semantic_explore]: [NAV] step=2377 mode=SEARCH fsm=SEARCH phase=EXPLORE_ALIGN mode=SEARCH | reason=semantic_explore_idle_wait | explore_phase=EXPLORE_ALIGN | search_mode=visual_handoff | cmd=stop | front=1.40m
[INFO] [1783540361.043473531] [shared_nav_semantic_explore]: [NAV] step=2378 mode=SEARCH fsm=SEARCH phase=EXPLORE_ALIGN mode=SEARCH | reason=semantic_explore_idle_wait | explore_phase=EXPLORE_ALIGN | search_mode=visual_handoff | cmd=stop | front=1.40m
[INFO] [1783540361.120592162] [shared_nav_semantic_explore]: [NAV] step=2379 mode=SEARCH fsm=SEARCH phase=EXPLORE_ALIGN mode=SEARCH | reason=semantic_explore_idle_wait | explore_phase=EXPLORE_ALIGN | search_mode=visual_handoff | cmd=stop | front=1.40m
[INFO] [1783540361.213698444] [shared_nav_semantic_explore]: [NAV] step=2380 mode=SEARCH fsm=SEARCH phase=EXPLORE_ALIGN mode=SEARCH | reason=semantic_explore_idle_wait | explore_phase=EXPLORE_ALIGN | search_mode=visual_handoff | cmd=stop | front=1.40m
[INFO] [1783540361.316294966] [shared_nav_semantic_explore]: [NAV] step=2381 mode=SEARCH fsm=SEARCH phase=EXPLORE_ALIGN mode=SEARCH | reason=semantic_explore_idle_wait | explore_phase=EXPLORE_ALIGN | search_mode=visual_handoff | cmd=stop | front=1.40m
[INFO] [1783540361.406717667] [shared_nav_semantic_explore]: [NAV] step=2382 mode=SEARCH fsm=SEARCH phase=EXPLORE_ALIGN mode=SEARCH | reason=semantic_explore_idle_wait | explore_phase=EXPLORE_ALIGN | search_mode=visual_handoff | cmd=stop | front=1.39m
[INFO] [1783540361.532146166] [shared_nav_semantic_explore]: [NAV] step=2383 mode=SEARCH fsm=SEARCH phase=EXPLORE_ALIGN mode=SEARCH | reason=semantic_explore_idle_wait | explore_phase=EXPLORE_ALIGN | search_mode=visual_handoff | cmd=stop | front=1.40m
[INFO] [1783540361.626566029] [shared_nav_semantic_explore]: [NAV] step=2384 mode=SEARCH fsm=SEARCH phase=EXPLORE_ALIGN mode=SEARCH | reason=semantic_explore_idle_wait | explore_phase=EXPLORE_ALIGN | search_mode=visual_handoff | cmd=stop | front=1.39m
[INFO] [1783540361.729314551] [shared_nav_semantic_explore]: [NAV] step=2385 mode=SEARCH fsm=SEARCH phase=EXPLORE_ALIGN mode=SEARCH | reason=semantic_explore_idle_wait | explore_phase=EXPLORE_ALIGN | search_mode=visual_handoff | cmd=stop | front=1.40m
[INFO] [1783540361.821625209] [shared_nav_semantic_explore]: [NAV] step=2386 mode=SEARCH fsm=SEARCH phase=EXPLORE_ALIGN mode=SEARCH | reason=semantic_explore_idle_wait | explore_phase=EXPLORE_ALIGN | search_mode=visual_handoff | cmd=stop | front=1.40m
[INFO] [1783540361.925578271] [shared_nav_semantic_explore]: [NAV] step=2387 mode=SEARCH fsm=SEARCH phase=EXPLORE_ALIGN mode=SEARCH | reason=semantic_explore_idle_wait | explore_phase=EXPLORE_ALIGN | search_mode=visual_handoff | cmd=stop | front=1.40m
[INFO] [1783540362.010860352] [shared_nav_semantic_explore]: [NAV] step=2388 mode=SEARCH fsm=SEARCH phase=EXPLORE_ALIGN mode=SEARCH | reason=semantic_explore_idle_wait | explore_phase=EXPLORE_ALIGN | search_mode=visual_handoff | cmd=stop | front=1.40m
[INFO] [1783540362.116329080] [shared_nav_semantic_explore]: [NAV] step=2389 mode=SEARCH fsm=SEARCH phase=EXPLORE_ALIGN mode=SEARCH | reason=semantic_explore_idle_wait | explore_phase=EXPLORE_ALIGN | search_mode=visual_handoff | cmd=stop | front=1.40m
[INFO] [1783540362.227787760] [shared_nav_semantic_explore]: [NAV] step=2390 mode=SEARCH fsm=SEARCH phase=EXPLORE_ALIGN mode=SEARCH | reason=semantic_explore_idle_wait | explore_phase=EXPLORE_ALIGN | search_mode=visual_handoff | cmd=stop | front=1.40m
[INFO] [1783540362.306735847] [shared_nav_semantic_explore]: [NAV] step=2391 mode=SEARCH fsm=SEARCH phase=EXPLORE_ALIGN mode=SEARCH | reason=semantic_explore_idle_wait | explore_phase=EXPLORE_ALIGN | search_mode=visual_handoff | cmd=stop | front=1.40m
[INFO] [1783540362.421271440] [shared_nav_semantic_explore]: [NAV] step=2392 mode=SEARCH fsm=SEARCH phase=EXPLORE_ALIGN mode=SEARCH | reason=semantic_explore_idle_wait | explore_phase=EXPLORE_ALIGN | search_mode=visual_handoff | cmd=stop | front=1.40m
[INFO] [1783540362.548599604] [shared_nav_semantic_explore]: [NAV] step=2393 mode=SEARCH fsm=SEARCH phase=EXPLORE_ALIGN mode=SEARCH | reason=semantic_explore_idle_wait | explore_phase=EXPLORE_ALIGN | search_mode=visual_handoff | cmd=stop | front=1.40m
[INFO] [1783540362.620448824] [shared_nav_semantic_explore]: [NAV] step=2394 mode=SEARCH fsm=SEARCH phase=EXPLORE_ALIGN mode=SEARCH | reason=semantic_explore_idle_wait | explore_phase=EXPLORE_ALIGN | search_mode=visual_handoff | cmd=stop | front=1.40m
[INFO] [1783540362.752173317] [shared_nav_semantic_explore]: [NAV] step=2395 mode=SEARCH fsm=SEARCH phase=EXPLORE_ALIGN mode=SEARCH | reason=semantic_explore_idle_wait | explore_phase=EXPLORE_ALIGN | search_mode=visual_handoff | cmd=stop | front=1.40m
[INFO] [1783540362.877944733] [shared_nav_semantic_explore]: [NAV] step=2396 mode=SEARCH fsm=SEARCH phase=EXPLORE_ALIGN mode=SEARCH | reason=semantic_explore_idle_wait | explore_phase=EXPLORE_ALIGN | search_mode=visual_handoff | cmd=stop | front=1.40m
[INFO] [1783540362.951504784] [shared_nav_semantic_explore]: [NAV] step=2397 mode=SEARCH fsm=SEARCH phase=EXPLORE_ALIGN mode=SEARCH | reason=semantic_explore_idle_wait | explore_phase=EXPLORE_ALIGN | search_mode=visual_handoff | cmd=stop | front=1.40m
[INFO] [1783540363.048250770] [shared_nav_semantic_explore]: [NAV] step=2398 mode=SEARCH fsm=SEARCH phase=EXPLORE_ALIGN mode=SEARCH | reason=semantic_explore_idle_wait | explore_phase=EXPLORE_ALIGN | search_mode=visual_handoff | cmd=stop | front=1.39m
[INFO] [1783540363.112852289] [shared_nav_semantic_explore]: [NAV] step=2399 mode=SEARCH fsm=SEARCH phase=EXPLORE_ALIGN mode=SEARCH | reason=semantic_explore_idle_wait | explore_phase=EXPLORE_ALIGN | search_mode=visual_handoff | cmd=stop | front=1.39m
[INFO] [1783540363.213426271] [shared_nav_semantic_explore]: [NAV] step=2400 mode=SEARCH fsm=SEARCH phase=EXPLORE_ALIGN mode=SEARCH | reason=semantic_explore_idle_wait | explore_phase=EXPLORE_ALIGN | search_mode=visual_handoff | cmd=stop | front=1.40m
[INFO] [1783540363.315571919] [shared_nav_semantic_explore]: [NAV] step=2401 mode=SEARCH fsm=SEARCH phase=EXPLORE_ALIGN mode=SEARCH | reason=semantic_explore_idle_wait | explore_phase=EXPLORE_ALIGN | search_mode=visual_handoff | cmd=stop | front=1.40m
[INFO] [1783540363.412225197] [shared_nav_semantic_explore]: [NAV] step=2402 mode=SEARCH fsm=SEARCH phase=EXPLORE_ALIGN mode=SEARCH | reason=semantic_explore_idle_wait | explore_phase=EXPLORE_ALIGN | search_mode=visual_handoff | cmd=stop | front=1.40m
[INFO] [1783540363.521007547] [shared_nav_semantic_explore]: [NAV] step=2403 mode=SEARCH fsm=SEARCH phase=EXPLORE_ALIGN mode=SEARCH | reason=semantic_explore_idle_wait | explore_phase=EXPLORE_ALIGN | search_mode=visual_handoff | cmd=stop | front=1.40m
[INFO] [1783540363.609705208] [shared_nav_semantic_explore]: [NAV] step=2404 mode=SEARCH fsm=SEARCH phase=EXPLORE_ALIGN mode=SEARCH | reason=semantic_explore_idle_wait | explore_phase=EXPLORE_ALIGN | search_mode=visual_handoff | cmd=stop | front=1.40m
[INFO] [1783540363.711027523] [shared_nav_semantic_explore]: [NAV] step=2405 mode=SEARCH fsm=SEARCH phase=EXPLORE_ALIGN mode=SEARCH | reason=semantic_explore_idle_wait | explore_phase=EXPLORE_ALIGN | search_mode=visual_handoff | cmd=stop | front=1.40m
[INFO] [1783540363.810683215] [shared_nav_semantic_explore]: [NAV] step=2406 mode=SEARCH fsm=SEARCH phase=EXPLORE_ALIGN mode=SEARCH | reason=semantic_explore_idle_wait | explore_phase=EXPLORE_ALIGN | search_mode=visual_handoff | cmd=stop | front=1.40m
[INFO] [1783540363.911965572] [shared_nav_semantic_explore]: [NAV] step=2407 mode=SEARCH fsm=SEARCH phase=EXPLORE_ALIGN mode=SEARCH | reason=semantic_explore_idle_wait | explore_phase=EXPLORE_ALIGN | search_mode=visual_handoff | cmd=stop | front=1.39m
[INFO] [1783540364.007092351] [shared_nav_semantic_explore]: [NAV] step=2408 mode=SEARCH fsm=SEARCH phase=EXPLORE_ALIGN mode=SEARCH | reason=semantic_explore_idle_wait | explore_phase=EXPLORE_ALIGN | search_mode=visual_handoff | cmd=stop | front=1.40m
[INFO] [1783540364.109107082] [shared_nav_semantic_explore]: [NAV] step=2409 mode=SEARCH fsm=SEARCH phase=EXPLORE_ALIGN mode=SEARCH | reason=semantic_explore_idle_wait | explore_phase=EXPLORE_ALIGN | search_mode=visual_handoff | cmd=stop | front=1.40m
[INFO] [1783540364.206648568] [shared_nav_semantic_explore]: [NAV] step=2410 mode=SEARCH fsm=SEARCH phase=EXPLORE_ALIGN mode=SEARCH | reason=semantic_explore_idle_wait | explore_phase=EXPLORE_ALIGN | search_mode=visual_handoff | cmd=stop | front=1.40m
[INFO] [1783540364.324791908] [shared_nav_semantic_explore]: [NAV] step=2411 mode=SEARCH fsm=SEARCH phase=EXPLORE_ALIGN mode=SEARCH | reason=semantic_explore_idle_wait | explore_phase=EXPLORE_ALIGN | search_mode=visual_handoff | cmd=stop | front=1.40m
[INFO] [1783540364.410725531] [shared_nav_semantic_explore]: [NAV] step=2412 mode=SEARCH fsm=SEARCH phase=EXPLORE_ALIGN mode=SEARCH | reason=semantic_explore_idle_wait | explore_phase=EXPLORE_ALIGN | search_mode=visual_handoff | cmd=stop | front=1.40m
[INFO] [1783540364.521554961] [shared_nav_semantic_explore]: [NAV] step=2413 mode=SEARCH fsm=SEARCH phase=EXPLORE_ALIGN mode=SEARCH | reason=semantic_explore_idle_wait | explore_phase=EXPLORE_ALIGN | search_mode=visual_handoff | cmd=stop | front=1.40m
[INFO] [1783540364.626810398] [shared_nav_semantic_explore]: [NAV] step=2414 mode=SEARCH fsm=SEARCH phase=EXPLORE_ALIGN mode=SEARCH | reason=semantic_explore_idle_wait | explore_phase=EXPLORE_ALIGN | search_mode=visual_handoff | cmd=stop | front=1.40m
[INFO] [1783540364.732331084] [shared_nav_semantic_explore]: [NAV] step=2415 mode=SEARCH fsm=SEARCH phase=EXPLORE_ALIGN mode=SEARCH | reason=semantic_explore_idle_wait | explore_phase=EXPLORE_ALIGN | search_mode=visual_handoff | cmd=stop | front=1.39m
[INFO] [1783540364.860300872] [shared_nav_semantic_explore]: [NAV] step=2416 mode=SEARCH fsm=SEARCH phase=EXPLORE_ALIGN mode=SEARCH | reason=semantic_explore_idle_wait | explore_phase=EXPLORE_ALIGN | search_mode=visual_handoff | cmd=stop | front=1.40m
[INFO] [1783540364.936319921] [shared_nav_semantic_explore]: [NAV] step=2417 mode=SEARCH fsm=SEARCH phase=EXPLORE_ALIGN mode=SEARCH | reason=semantic_explore_idle_wait | explore_phase=EXPLORE_ALIGN | search_mode=visual_handoff | cmd=stop | front=1.40m
[INFO] [1783540365.016561091] [shared_nav_semantic_explore]: [NAV] step=2418 mode=SEARCH fsm=SEARCH phase=EXPLORE_ALIGN mode=SEARCH | reason=semantic_explore_idle_wait | explore_phase=EXPLORE_ALIGN | search_mode=visual_handoff | cmd=stop | front=1.39m
[INFO] [1783540365.221448719] [shared_nav_semantic_explore]: [NAV] step=2419 mode=SEARCH fsm=SEARCH phase=EXPLORE_ALIGN mode=SEARCH | reason=semantic_explore_idle_wait | explore_phase=EXPLORE_ALIGN | search_mode=visual_handoff | cmd=stop | front=1.39m
[INFO] [1783540365.319668163] [shared_nav_semantic_explore]: [NAV] step=2420 mode=SEARCH fsm=SEARCH phase=EXPLORE_ALIGN mode=SEARCH | reason=semantic_explore_idle_wait | explore_phase=EXPLORE_ALIGN | search_mode=visual_handoff | cmd=stop | front=1.40m
[INFO] [1783540365.363438786] [shared_nav_semantic_explore]: [NAV] step=2421 mode=SEARCH fsm=SEARCH phase=EXPLORE_ALIGN mode=SEARCH | reason=semantic_explore_idle_wait | explore_phase=EXPLORE_ALIGN | search_mode=visual_handoff | cmd=stop | front=1.39m
[INFO] [1783540365.485354622] [shared_nav_semantic_explore]: [NAV] step=2422 mode=SEARCH fsm=SEARCH phase=EXPLORE_ALIGN mode=SEARCH | reason=semantic_explore_idle_wait | explore_phase=EXPLORE_ALIGN | search_mode=visual_handoff | cmd=stop | front=1.40m
[INFO] [1783540365.533294532] [shared_nav_semantic_explore]: [NAV] step=2423 mode=SEARCH fsm=SEARCH phase=EXPLORE_ALIGN mode=SEARCH | reason=semantic_explore_idle_wait | explore_phase=EXPLORE_ALIGN | search_mode=visual_handoff | cmd=stop | front=1.40m
[INFO] [1783540365.610456038] [shared_nav_semantic_explore]: [NAV] step=2424 mode=SEARCH fsm=SEARCH phase=EXPLORE_ALIGN mode=SEARCH | reason=semantic_explore_idle_wait | explore_phase=EXPLORE_ALIGN | search_mode=visual_handoff | cmd=stop | front=1.40m
[INFO] [1783540365.718364722] [shared_nav_semantic_explore]: [NAV] step=2425 mode=SEARCH fsm=SEARCH phase=EXPLORE_ALIGN mode=SEARCH | reason=semantic_explore_idle_wait | explore_phase=EXPLORE_ALIGN | search_mode=visual_handoff | cmd=stop | front=1.40m
[INFO] [1783540365.823587117] [shared_nav_semantic_explore]: [NAV] step=2426 mode=SEARCH fsm=SEARCH phase=EXPLORE_ALIGN mode=SEARCH | reason=semantic_explore_idle_wait | explore_phase=EXPLORE_ALIGN | search_mode=visual_handoff | cmd=stop | front=1.40m
[INFO] [1783540365.912896236] [shared_nav_semantic_explore]: [NAV] step=2427 mode=SEARCH fsm=SEARCH phase=EXPLORE_ALIGN mode=SEARCH | reason=semantic_explore_idle_wait | explore_phase=EXPLORE_ALIGN | search_mode=visual_handoff | cmd=stop | front=1.40m
[INFO] [1783540366.007088892] [shared_nav_semantic_explore]: [NAV] step=2428 mode=SEARCH fsm=SEARCH phase=EXPLORE_ALIGN mode=SEARCH | reason=semantic_explore_idle_wait | explore_phase=EXPLORE_ALIGN | search_mode=visual_handoff | cmd=stop | front=1.40m
[INFO] [1783540366.114777618] [shared_nav_semantic_explore]: [NAV] step=2429 mode=SEARCH fsm=SEARCH phase=EXPLORE_ALIGN mode=SEARCH | reason=semantic_explore_idle_wait | explore_phase=EXPLORE_ALIGN | search_mode=visual_handoff | cmd=stop | front=1.40m
[INFO] [1783540366.214320893] [shared_nav_semantic_explore]: [NAV] step=2430 mode=SEARCH fsm=SEARCH phase=EXPLORE_ALIGN mode=SEARCH | reason=semantic_explore_idle_wait | explore_phase=EXPLORE_ALIGN | search_mode=visual_handoff | cmd=stop | front=1.40m
[INFO] [1783540366.307129050] [shared_nav_semantic_explore]: [NAV] step=2431 mode=SEARCH fsm=SEARCH phase=EXPLORE_ALIGN mode=SEARCH | reason=semantic_explore_idle_wait | explore_phase=EXPLORE_ALIGN | search_mode=visual_handoff | cmd=stop | front=1.40m
[INFO] [1783540366.413274736] [shared_nav_semantic_explore]: [NAV] step=2432 mode=SEARCH fsm=SEARCH phase=EXPLORE_ALIGN mode=SEARCH | reason=semantic_explore_idle_wait | explore_phase=EXPLORE_ALIGN | search_mode=visual_handoff | cmd=stop | front=1.40m
[INFO] [1783540366.517111966] [shared_nav_semantic_explore]: [NAV] step=2433 mode=SEARCH fsm=SEARCH phase=EXPLORE_ALIGN mode=SEARCH | reason=semantic_explore_idle_wait | explore_phase=EXPLORE_ALIGN | search_mode=visual_handoff | cmd=stop | front=1.40m
[INFO] [1783540366.665624067] [shared_nav_semantic_explore]: [NAV] step=2434 mode=SEARCH fsm=SEARCH phase=EXPLORE_ALIGN mode=SEARCH | reason=semantic_explore_idle_wait | explore_phase=EXPLORE_ALIGN | search_mode=visual_handoff | cmd=stop | front=1.40m
[INFO] [1783540366.717211224] [shared_nav_semantic_explore]: [NAV] step=2435 mode=SEARCH fsm=SEARCH phase=EXPLORE_ALIGN mode=SEARCH | reason=semantic_explore_idle_wait | explore_phase=EXPLORE_ALIGN | search_mode=visual_handoff | cmd=stop | front=1.40m
[INFO] [1783540366.838311228] [shared_nav_semantic_explore]: [NAV] step=2436 mode=SEARCH fsm=SEARCH phase=EXPLORE_ALIGN mode=SEARCH | reason=semantic_explore_idle_wait | explore_phase=EXPLORE_ALIGN | search_mode=visual_handoff | cmd=stop | front=1.40m
[INFO] [1783540366.934711423] [shared_nav_semantic_explore]: [NAV] step=2437 mode=SEARCH fsm=SEARCH phase=EXPLORE_ALIGN mode=SEARCH | reason=semantic_explore_idle_wait | explore_phase=EXPLORE_ALIGN | search_mode=visual_handoff | cmd=stop | front=1.40m
[INFO] [1783540367.041302608] [shared_nav_semantic_explore]: [NAV] step=2438 mode=SEARCH fsm=SEARCH phase=EXPLORE_ALIGN mode=SEARCH | reason=semantic_explore_idle_wait | explore_phase=EXPLORE_ALIGN | search_mode=visual_handoff | cmd=stop | front=1.40m
[INFO] [1783540367.123097360] [shared_nav_semantic_explore]: [NAV] step=2439 mode=SEARCH fsm=SEARCH phase=EXPLORE_ALIGN mode=SEARCH | reason=semantic_explore_idle_wait | explore_phase=EXPLORE_ALIGN | search_mode=visual_handoff | cmd=stop | front=1.40m
[INFO] [1783540367.212951979] [shared_nav_semantic_explore]: [NAV] step=2440 mode=SEARCH fsm=SEARCH phase=EXPLORE_ALIGN mode=SEARCH | reason=semantic_explore_idle_wait | explore_phase=EXPLORE_ALIGN | search_mode=visual_handoff | cmd=stop | front=1.40m
[INFO] [1783540367.323775701] [shared_nav_semantic_explore]: [NAV] step=2441 mode=SEARCH fsm=SEARCH phase=EXPLORE_ALIGN mode=SEARCH | reason=semantic_explore_idle_wait | explore_phase=EXPLORE_ALIGN | search_mode=visual_handoff | cmd=stop | front=1.40m
[INFO] [1783540367.426593849] [shared_nav_semantic_explore]: [NAV] step=2442 mode=SEARCH fsm=SEARCH phase=EXPLORE_ALIGN mode=SEARCH | reason=semantic_explore_idle_wait | explore_phase=EXPLORE_ALIGN | search_mode=visual_handoff | cmd=stop | front=1.40m
[INFO] [1783540367.530783078] [shared_nav_semantic_explore]: [NAV] step=2443 mode=SEARCH fsm=SEARCH phase=EXPLORE_ALIGN mode=SEARCH | reason=semantic_explore_idle_wait | explore_phase=EXPLORE_ALIGN | search_mode=visual_handoff | cmd=stop | front=1.40m
[INFO] [1783540367.620243322] [shared_nav_semantic_explore]: [NAV] step=2444 mode=SEARCH fsm=SEARCH phase=EXPLORE_ALIGN mode=SEARCH | reason=semantic_explore_idle_wait | explore_phase=EXPLORE_ALIGN | search_mode=visual_handoff | cmd=stop | front=1.40m
[INFO] [1783540367.716871809] [shared_nav_semantic_explore]: [NAV] step=2445 mode=SEARCH fsm=SEARCH phase=EXPLORE_ALIGN mode=SEARCH | reason=semantic_explore_idle_wait | explore_phase=EXPLORE_ALIGN | search_mode=visual_handoff | cmd=stop | front=1.40m
[INFO] [1783540367.819192457] [shared_nav_semantic_explore]: [NAV] step=2446 mode=SEARCH fsm=SEARCH phase=EXPLORE_ALIGN mode=SEARCH | reason=semantic_explore_idle_wait | explore_phase=EXPLORE_ALIGN | search_mode=visual_handoff | cmd=stop | front=1.40m
[INFO] [1783540367.922365896] [shared_nav_semantic_explore]: [NAV] step=2447 mode=SEARCH fsm=SEARCH phase=EXPLORE_ALIGN mode=SEARCH | reason=semantic_explore_idle_wait | explore_phase=EXPLORE_ALIGN | search_mode=visual_handoff | cmd=stop | front=1.40m
[INFO] [1783540368.018399716] [shared_nav_semantic_explore]: [NAV] step=2448 mode=SEARCH fsm=SEARCH phase=EXPLORE_ALIGN mode=SEARCH | reason=semantic_explore_idle_wait | explore_phase=EXPLORE_ALIGN | search_mode=visual_handoff | cmd=stop | front=1.40m
[INFO] [1783540368.117158076] [shared_nav_semantic_explore]: [NAV] step=2449 mode=SEARCH fsm=SEARCH phase=EXPLORE_ALIGN mode=SEARCH | reason=semantic_explore_idle_wait | explore_phase=EXPLORE_ALIGN | search_mode=visual_handoff | cmd=stop | front=1.40m
[INFO] [1783540368.233115252] [shared_nav_semantic_explore]: [NAV] step=2450 mode=SEARCH fsm=SEARCH phase=EXPLORE_ALIGN mode=SEARCH | reason=semantic_explore_idle_wait | explore_phase=EXPLORE_ALIGN | search_mode=visual_handoff | cmd=stop | front=1.40m
[INFO] [1783540368.316488877] [shared_nav_semantic_explore]: [NAV] step=2451 mode=SEARCH fsm=SEARCH phase=EXPLORE_ALIGN mode=SEARCH | reason=semantic_explore_idle_wait | explore_phase=EXPLORE_ALIGN | search_mode=visual_handoff | cmd=stop | front=1.40m
[INFO] [1783540368.421232898] [shared_nav_semantic_explore]: [NAV] step=2452 mode=SEARCH fsm=SEARCH phase=EXPLORE_ALIGN mode=SEARCH | reason=semantic_explore_idle_wait | explore_phase=EXPLORE_ALIGN | search_mode=visual_handoff | cmd=stop | front=1.40m
[INFO] [1783540368.519889883] [shared_nav_semantic_explore]: [NAV] step=2453 mode=SEARCH fsm=SEARCH phase=EXPLORE_ALIGN mode=SEARCH | reason=semantic_explore_idle_wait | explore_phase=EXPLORE_ALIGN | search_mode=visual_handoff | cmd=stop | front=1.40m
[INFO] [1783540368.640686971] [shared_nav_semantic_explore]: [NAV] step=2454 mode=SEARCH fsm=SEARCH phase=EXPLORE_ALIGN mode=SEARCH | reason=semantic_explore_idle_wait | explore_phase=EXPLORE_ALIGN | search_mode=visual_handoff | cmd=stop | front=1.40m
[INFO] [1783540368.793513485] [shared_nav_semantic_explore]: [NAV] step=2455 mode=SEARCH fsm=SEARCH phase=EXPLORE_ALIGN mode=SEARCH | reason=semantic_explore_idle_wait | explore_phase=EXPLORE_ALIGN | search_mode=visual_handoff | cmd=stop | front=1.40m
[INFO] [1783540368.846677515] [shared_nav_semantic_explore]: [NAV] step=2456 mode=SEARCH fsm=SEARCH phase=EXPLORE_ALIGN mode=SEARCH | reason=semantic_explore_idle_wait | explore_phase=EXPLORE_ALIGN | search_mode=visual_handoff | cmd=stop | front=1.40m
[INFO] [1783540368.931763055] [shared_nav_semantic_explore]: [NAV] step=2457 mode=SEARCH fsm=SEARCH phase=EXPLORE_ALIGN mode=SEARCH | reason=semantic_explore_idle_wait | explore_phase=EXPLORE_ALIGN | search_mode=visual_handoff | cmd=stop | front=1.40m
[INFO] [1783540369.020675300] [shared_nav_semantic_explore]: [NAV] step=2458 mode=SEARCH fsm=SEARCH phase=EXPLORE_ALIGN mode=SEARCH | reason=semantic_explore_idle_wait | explore_phase=EXPLORE_ALIGN | search_mode=visual_handoff | cmd=stop | front=1.40m
[INFO] [1783540369.134711395] [shared_nav_semantic_explore]: [NAV] step=2459 mode=SEARCH fsm=SEARCH phase=EXPLORE_ALIGN mode=SEARCH | reason=semantic_explore_idle_wait | explore_phase=EXPLORE_ALIGN | search_mode=visual_handoff | cmd=stop | front=1.40m
[INFO] [1783540369.260254686] [shared_nav_semantic_explore]: [NAV] step=2460 mode=SEARCH fsm=SEARCH phase=EXPLORE_ALIGN mode=SEARCH | reason=semantic_explore_idle_wait | explore_phase=EXPLORE_ALIGN | search_mode=visual_handoff | cmd=stop | front=1.40m
[INFO] [1783540369.333008030] [shared_nav_semantic_explore]: [NAV] step=2461 mode=SEARCH fsm=SEARCH phase=EXPLORE_ALIGN mode=SEARCH | reason=semantic_explore_idle_wait | explore_phase=EXPLORE_ALIGN | search_mode=visual_handoff | cmd=stop | front=1.40m
[INFO] [1783540369.441214173] [shared_nav_semantic_explore]: [NAV] step=2462 mode=SEARCH fsm=SEARCH phase=EXPLORE_ALIGN mode=SEARCH | reason=semantic_explore_idle_wait | explore_phase=EXPLORE_ALIGN | search_mode=visual_handoff | cmd=stop | front=1.40m
[INFO] [1783540369.579600326] [shared_nav_semantic_explore]: [NAV] step=2463 mode=SEARCH fsm=SEARCH phase=EXPLORE_ALIGN mode=SEARCH | reason=semantic_explore_idle_wait | explore_phase=EXPLORE_ALIGN | search_mode=visual_handoff | cmd=stop | front=1.40m
[INFO] [1783540369.644264679] [shared_nav_semantic_explore]: [NAV] step=2464 mode=SEARCH fsm=SEARCH phase=EXPLORE_ALIGN mode=SEARCH | reason=semantic_explore_idle_wait | explore_phase=EXPLORE_ALIGN | search_mode=visual_handoff | cmd=stop | front=1.40m
[INFO] [1783540369.713752859] [shared_nav_semantic_explore]: [NAV] step=2465 mode=SEARCH fsm=SEARCH phase=EXPLORE_ALIGN mode=SEARCH | reason=semantic_explore_idle_wait | explore_phase=EXPLORE_ALIGN | search_mode=visual_handoff | cmd=stop | front=1.40m
[INFO] [1783540369.822327043] [shared_nav_semantic_explore]: [NAV] step=2466 mode=SEARCH fsm=SEARCH phase=EXPLORE_ALIGN mode=SEARCH | reason=semantic_explore_idle_wait | explore_phase=EXPLORE_ALIGN | search_mode=visual_handoff | cmd=stop | front=1.40m
[INFO] [1783540369.912359411] [shared_nav_semantic_explore]: [NAV] step=2467 mode=SEARCH fsm=SEARCH phase=EXPLORE_ALIGN mode=SEARCH | reason=semantic_explore_idle_wait | explore_phase=EXPLORE_ALIGN | search_mode=visual_handoff | cmd=stop | front=1.40m
[INFO] [1783540370.018166598] [shared_nav_semantic_explore]: [NAV] step=2468 mode=SEARCH fsm=SEARCH phase=EXPLORE_ALIGN mode=SEARCH | reason=semantic_explore_idle_wait | explore_phase=EXPLORE_ALIGN | search_mode=visual_handoff | cmd=stop | front=1.40m
[INFO] [1783540370.127354322] [shared_nav_semantic_explore]: [NAV] step=2469 mode=SEARCH fsm=SEARCH phase=EXPLORE_ALIGN mode=SEARCH | reason=semantic_explore_idle_wait | explore_phase=EXPLORE_ALIGN | search_mode=visual_handoff | cmd=stop | front=1.40m
[INFO] [1783540370.221448395] [shared_nav_semantic_explore]: [NAV] step=2470 mode=SEARCH fsm=SEARCH phase=EXPLORE_ALIGN mode=SEARCH | reason=semantic_explore_idle_wait | explore_phase=EXPLORE_ALIGN | search_mode=visual_handoff | cmd=stop | front=1.40m
[INFO] [1783540370.328294747] [shared_nav_semantic_explore]: [NAV] step=2471 mode=SEARCH fsm=SEARCH phase=EXPLORE_ALIGN mode=SEARCH | reason=semantic_explore_idle_wait | explore_phase=EXPLORE_ALIGN | search_mode=visual_handoff | cmd=stop | front=1.40m
[INFO] [1783540370.453050165] [shared_nav_semantic_explore]: [NAV] step=2472 mode=SEARCH fsm=SEARCH phase=EXPLORE_ALIGN mode=SEARCH | reason=semantic_explore_idle_wait | explore_phase=EXPLORE_ALIGN | search_mode=visual_handoff | cmd=stop | front=1.40m
[INFO] [1783540370.547925779] [shared_nav_semantic_explore]: [NAV] step=2473 mode=SEARCH fsm=SEARCH phase=EXPLORE_ALIGN mode=SEARCH | reason=semantic_explore_idle_wait | explore_phase=EXPLORE_ALIGN | search_mode=visual_handoff | cmd=stop | front=1.40m
[INFO] [1783540370.627451824] [shared_nav_semantic_explore]: [NAV] step=2474 mode=SEARCH fsm=SEARCH phase=EXPLORE_ALIGN mode=SEARCH | reason=semantic_explore_idle_wait | explore_phase=EXPLORE_ALIGN | search_mode=visual_handoff | cmd=stop | front=1.40m
[INFO] [1783540370.751335159] [shared_nav_semantic_explore]: [NAV] step=2475 mode=SEARCH fsm=SEARCH phase=EXPLORE_ALIGN mode=SEARCH | reason=semantic_explore_idle_wait | explore_phase=EXPLORE_ALIGN | search_mode=visual_handoff | cmd=stop | front=1.40m
[INFO] [1783540370.817418219] [shared_nav_semantic_explore]: [NAV] step=2476 mode=SEARCH fsm=SEARCH phase=EXPLORE_ALIGN mode=SEARCH | reason=semantic_explore_idle_wait | explore_phase=EXPLORE_ALIGN | search_mode=visual_handoff | cmd=stop | front=1.40m
[INFO] [1783540370.924717862] [shared_nav_semantic_explore]: [NAV] step=2477 mode=SEARCH fsm=SEARCH phase=EXPLORE_ALIGN mode=SEARCH | reason=semantic_explore_idle_wait | explore_phase=EXPLORE_ALIGN | search_mode=visual_handoff | cmd=stop | front=1.40m
[INFO] [1783540371.057176522] [shared_nav_semantic_explore]: [NAV] step=2478 mode=SEARCH fsm=SEARCH phase=EXPLORE_ALIGN mode=SEARCH | reason=semantic_explore_idle_wait | explore_phase=EXPLORE_ALIGN | search_mode=visual_handoff | cmd=stop | front=1.40m
[INFO] [1783540371.135490527] [shared_nav_semantic_explore]: [NAV] step=2479 mode=SEARCH fsm=SEARCH phase=EXPLORE_ALIGN mode=SEARCH | reason=semantic_explore_idle_wait | explore_phase=EXPLORE_ALIGN | search_mode=visual_handoff | cmd=stop | front=1.40m
[INFO] [1783540371.229612683] [shared_nav_semantic_explore]: [NAV] step=2480 mode=SEARCH fsm=SEARCH phase=EXPLORE_ALIGN mode=SEARCH | reason=semantic_explore_idle_wait | explore_phase=EXPLORE_ALIGN | search_mode=visual_handoff | cmd=stop | front=1.40m
[INFO] [1783540371.347289650] [shared_nav_semantic_explore]: [NAV] step=2481 mode=SEARCH fsm=SEARCH phase=EXPLORE_ALIGN mode=SEARCH | reason=semantic_explore_idle_wait | explore_phase=EXPLORE_ALIGN | search_mode=visual_handoff | cmd=stop | front=1.40m
[INFO] [1783540371.461066203] [shared_nav_semantic_explore]: [NAV] step=2482 mode=SEARCH fsm=SEARCH phase=EXPLORE_ALIGN mode=SEARCH | reason=semantic_explore_idle_wait | explore_phase=EXPLORE_ALIGN | search_mode=visual_handoff | cmd=stop | front=1.40m
[INFO] [1783540371.556119192] [shared_nav_semantic_explore]: [NAV] step=2483 mode=SEARCH fsm=SEARCH phase=EXPLORE_ALIGN mode=SEARCH | reason=semantic_explore_idle_wait | explore_phase=EXPLORE_ALIGN | search_mode=visual_handoff | cmd=stop | front=1.40m
[INFO] [1783540371.617677214] [shared_nav_semantic_explore]: [NAV] step=2484 mode=SEARCH fsm=SEARCH phase=EXPLORE_ALIGN mode=SEARCH | reason=semantic_explore_idle_wait | explore_phase=EXPLORE_ALIGN | search_mode=visual_handoff | cmd=stop | front=1.40m
[INFO] [1783540371.717788448] [shared_nav_semantic_explore]: [NAV] step=2485 mode=SEARCH fsm=SEARCH phase=EXPLORE_ALIGN mode=SEARCH | reason=semantic_explore_idle_wait | explore_phase=EXPLORE_ALIGN | search_mode=visual_handoff | cmd=stop | front=1.40m
[INFO] [1783540371.813021770] [shared_nav_semantic_explore]: [NAV] step=2486 mode=SEARCH fsm=SEARCH phase=EXPLORE_ALIGN mode=SEARCH | reason=semantic_explore_idle_wait | explore_phase=EXPLORE_ALIGN | search_mode=visual_handoff | cmd=stop | front=1.40m
[INFO] [1783540371.909238216] [shared_nav_semantic_explore]: [NAV] step=2487 mode=SEARCH fsm=SEARCH phase=EXPLORE_ALIGN mode=SEARCH | reason=semantic_explore_idle_wait | explore_phase=EXPLORE_ALIGN | search_mode=visual_handoff | cmd=stop | front=1.40m
[INFO] [1783540372.007687909] [shared_nav_semantic_explore]: [NAV] step=2488 mode=SEARCH fsm=SEARCH phase=EXPLORE_ALIGN mode=SEARCH | reason=semantic_explore_idle_wait | explore_phase=EXPLORE_ALIGN | search_mode=visual_handoff | cmd=stop | front=1.40m
[INFO] [1783540372.109031475] [shared_nav_semantic_explore]: [NAV] step=2489 mode=SEARCH fsm=SEARCH phase=EXPLORE_ALIGN mode=SEARCH | reason=semantic_explore_idle_wait | explore_phase=EXPLORE_ALIGN | search_mode=visual_handoff | cmd=stop | front=1.40m
[INFO] [1783540372.225349151] [shared_nav_semantic_explore]: [NAV] step=2490 mode=SEARCH fsm=SEARCH phase=EXPLORE_ALIGN mode=SEARCH | reason=semantic_explore_idle_wait | explore_phase=EXPLORE_ALIGN | search_mode=visual_handoff | cmd=stop | front=1.40m
[INFO] [1783540372.306947112] [shared_nav_semantic_explore]: [NAV] step=2491 mode=SEARCH fsm=SEARCH phase=EXPLORE_ALIGN mode=SEARCH | reason=semantic_explore_idle_wait | explore_phase=EXPLORE_ALIGN | search_mode=visual_handoff | cmd=stop | front=1.40m
[INFO] [1783540372.421191540] [shared_nav_semantic_explore]: [NAV] step=2492 mode=SEARCH fsm=SEARCH phase=EXPLORE_ALIGN mode=SEARCH | reason=semantic_explore_idle_wait | explore_phase=EXPLORE_ALIGN | search_mode=visual_handoff | cmd=stop | front=1.40m
[INFO] [1783540372.512558991] [shared_nav_semantic_explore]: [NAV] step=2493 mode=SEARCH fsm=SEARCH phase=EXPLORE_ALIGN mode=SEARCH | reason=semantic_explore_idle_wait | explore_phase=EXPLORE_ALIGN | search_mode=visual_handoff | cmd=stop | front=1.40m
[INFO] [1783540372.623855964] [shared_nav_semantic_explore]: [NAV] step=2494 mode=SEARCH fsm=SEARCH phase=EXPLORE_ALIGN mode=SEARCH | reason=semantic_explore_idle_wait | explore_phase=EXPLORE_ALIGN | search_mode=visual_handoff | cmd=stop | front=1.40m
[INFO] [1783540372.721533241] [shared_nav_semantic_explore]: [NAV] step=2495 mode=SEARCH fsm=SEARCH phase=EXPLORE_ALIGN mode=SEARCH | reason=semantic_explore_idle_wait | explore_phase=EXPLORE_ALIGN | search_mode=visual_handoff | cmd=stop | front=1.40m
[INFO] [1783540372.819499811] [shared_nav_semantic_explore]: [NAV] step=2496 mode=SEARCH fsm=SEARCH phase=EXPLORE_ALIGN mode=SEARCH | reason=semantic_explore_idle_wait | explore_phase=EXPLORE_ALIGN | search_mode=visual_handoff | cmd=stop | front=1.40m
[INFO] [1783540373.009506205] [shared_nav_semantic_explore]: [NAV] step=2497 mode=SEARCH fsm=SEARCH phase=EXPLORE_ALIGN mode=SEARCH | reason=semantic_explore_idle_wait | explore_phase=EXPLORE_ALIGN | search_mode=visual_handoff | cmd=stop | front=1.40m
[INFO] [1783540373.070005937] [shared_nav_semantic_explore]: [NAV] step=2498 mode=SEARCH fsm=SEARCH phase=EXPLORE_ALIGN mode=SEARCH | reason=semantic_explore_idle_wait | explore_phase=EXPLORE_ALIGN | search_mode=visual_handoff | cmd=stop | front=1.40m
[INFO] [1783540373.152730063] [shared_nav_semantic_explore]: [NAV] step=2499 mode=SEARCH fsm=SEARCH phase=EXPLORE_ALIGN mode=SEARCH | reason=semantic_explore_idle_wait | explore_phase=EXPLORE_ALIGN | search_mode=visual_handoff | cmd=stop | front=1.40m
[INFO] [1783540373.253634463] [shared_nav_semantic_explore]: [NAV] step=2500 mode=SEARCH fsm=SEARCH phase=EXPLORE_ALIGN mode=SEARCH | reason=semantic_explore_idle_wait | explore_phase=EXPLORE_ALIGN | search_mode=visual_handoff | cmd=stop | front=1.40m
[INFO] [1783540373.372309262] [shared_nav_semantic_explore]: [NAV] step=2501 mode=SEARCH fsm=SEARCH phase=EXPLORE_ALIGN mode=SEARCH | reason=semantic_explore_idle_wait | explore_phase=EXPLORE_ALIGN | search_mode=visual_handoff | cmd=stop | front=1.40m
[INFO] [1783540373.435450907] [shared_nav_semantic_explore]: [NAV] step=2502 mode=SEARCH fsm=SEARCH phase=EXPLORE_ALIGN mode=SEARCH | reason=semantic_explore_idle_wait | explore_phase=EXPLORE_ALIGN | search_mode=visual_handoff | cmd=stop | front=1.40m
[INFO] [1783540373.598494745] [shared_nav_semantic_explore]: [NAV] step=2503 mode=SEARCH fsm=SEARCH phase=EXPLORE_ALIGN mode=SEARCH | reason=semantic_explore_idle_wait | explore_phase=EXPLORE_ALIGN | search_mode=visual_handoff | cmd=stop | front=1.40m
[INFO] [1783540373.658553186] [shared_nav_semantic_explore]: [NAV] step=2504 mode=SEARCH fsm=SEARCH phase=EXPLORE_ALIGN mode=SEARCH | reason=semantic_explore_idle_wait | explore_phase=EXPLORE_ALIGN | search_mode=visual_handoff | cmd=stop | front=1.40m
[INFO] [1783540373.728248242] [shared_nav_semantic_explore]: [NAV] step=2505 mode=SEARCH fsm=SEARCH phase=EXPLORE_ALIGN mode=SEARCH | reason=semantic_explore_idle_wait | explore_phase=EXPLORE_ALIGN | search_mode=visual_handoff | cmd=stop | front=1.40m
[INFO] [1783540373.830117765] [shared_nav_semantic_explore]: [NAV] step=2506 mode=SEARCH fsm=SEARCH phase=EXPLORE_ALIGN mode=SEARCH | reason=semantic_explore_idle_wait | explore_phase=EXPLORE_ALIGN | search_mode=visual_handoff | cmd=stop | front=1.40m
[INFO] [1783540373.924882505] [shared_nav_semantic_explore]: [NAV] step=2507 mode=SEARCH fsm=SEARCH phase=EXPLORE_ALIGN mode=SEARCH | reason=semantic_explore_idle_wait | explore_phase=EXPLORE_ALIGN | search_mode=visual_handoff | cmd=stop | front=1.40m
[INFO] [1783540374.022088241] [shared_nav_semantic_explore]: [NAV] step=2508 mode=SEARCH fsm=SEARCH phase=EXPLORE_ALIGN mode=SEARCH | reason=semantic_explore_idle_wait | explore_phase=EXPLORE_ALIGN | search_mode=visual_handoff | cmd=stop | front=1.40m
[INFO] [1783540374.117740188] [shared_nav_semantic_explore]: [NAV] step=2509 mode=SEARCH fsm=SEARCH phase=EXPLORE_ALIGN mode=SEARCH | reason=semantic_explore_idle_wait | explore_phase=EXPLORE_ALIGN | search_mode=visual_handoff | cmd=stop | front=1.40m
[INFO] [1783540374.205542809] [shared_nav_semantic_explore]: [NAV] step=2510 mode=SEARCH fsm=SEARCH phase=EXPLORE_ALIGN mode=SEARCH | reason=semantic_explore_idle_wait | explore_phase=EXPLORE_ALIGN | search_mode=visual_handoff | cmd=stop | front=1.40m
[INFO] [1783540374.313846327] [shared_nav_semantic_explore]: [NAV] step=2511 mode=SEARCH fsm=SEARCH phase=EXPLORE_ALIGN mode=SEARCH | reason=semantic_explore_idle_wait | explore_phase=EXPLORE_ALIGN | search_mode=visual_handoff | cmd=stop | front=1.40m
[INFO] [1783540374.407871734] [shared_nav_semantic_explore]: [NAV] step=2512 mode=SEARCH fsm=SEARCH phase=EXPLORE_ALIGN mode=SEARCH | reason=semantic_explore_idle_wait | explore_phase=EXPLORE_ALIGN | search_mode=visual_handoff | cmd=stop | front=1.40m
[INFO] [1783540374.506724261] [shared_nav_semantic_explore]: [NAV] step=2513 mode=SEARCH fsm=SEARCH phase=EXPLORE_ALIGN mode=SEARCH | reason=semantic_explore_idle_wait | explore_phase=EXPLORE_ALIGN | search_mode=visual_handoff | cmd=stop | front=1.40m
[INFO] [1783540374.620574939] [shared_nav_semantic_explore]: [NAV] step=2514 mode=SEARCH fsm=SEARCH phase=EXPLORE_ALIGN mode=SEARCH | reason=semantic_explore_idle_wait | explore_phase=EXPLORE_ALIGN | search_mode=visual_handoff | cmd=stop | front=1.40m
[INFO] [1783540374.712594931] [shared_nav_semantic_explore]: [NAV] step=2515 mode=SEARCH fsm=SEARCH phase=EXPLORE_ALIGN mode=SEARCH | reason=semantic_explore_idle_wait | explore_phase=EXPLORE_ALIGN | search_mode=visual_handoff | cmd=stop | front=1.40m
[INFO] [1783540374.807079546] [shared_nav_semantic_explore]: [NAV] step=2516 mode=SEARCH fsm=SEARCH phase=EXPLORE_ALIGN mode=SEARCH | reason=semantic_explore_idle_wait | explore_phase=EXPLORE_ALIGN | search_mode=visual_handoff | cmd=stop | front=1.40m
[INFO] [1783540374.915438022] [shared_nav_semantic_explore]: [NAV] step=2517 mode=SEARCH fsm=SEARCH phase=EXPLORE_ALIGN mode=SEARCH | reason=semantic_explore_idle_wait | explore_phase=EXPLORE_ALIGN | search_mode=visual_handoff | cmd=stop | front=1.40m
[INFO] [1783540375.019234669] [shared_nav_semantic_explore]: [NAV] step=2518 mode=SEARCH fsm=SEARCH phase=EXPLORE_ALIGN mode=SEARCH | reason=semantic_explore_idle_wait | explore_phase=EXPLORE_ALIGN | search_mode=visual_handoff | cmd=stop | front=1.40m
[INFO] [1783540375.306414551] [shared_nav_semantic_explore]: [NAV] step=2519 mode=SEARCH fsm=SEARCH phase=EXPLORE_ALIGN mode=SEARCH | reason=semantic_explore_idle_wait | explore_phase=EXPLORE_ALIGN | search_mode=visual_handoff | cmd=stop | front=1.40m
[INFO] [1783540375.395764962] [shared_nav_semantic_explore]: [NAV] step=2520 mode=SEARCH fsm=SEARCH phase=EXPLORE_ALIGN mode=SEARCH | reason=semantic_explore_idle_wait | explore_phase=EXPLORE_ALIGN | search_mode=visual_handoff | cmd=stop | front=1.40m
[INFO] [1783540375.472257261] [shared_nav_semantic_explore]: [NAV] step=2521 mode=SEARCH fsm=SEARCH phase=EXPLORE_ALIGN mode=SEARCH | reason=semantic_explore_idle_wait | explore_phase=EXPLORE_ALIGN | search_mode=visual_handoff | cmd=stop | front=1.40m
[INFO] [1783540375.547918228] [shared_nav_semantic_explore]: [NAV] step=2522 mode=SEARCH fsm=SEARCH phase=EXPLORE_ALIGN mode=SEARCH | reason=semantic_explore_idle_wait | explore_phase=EXPLORE_ALIGN | search_mode=visual_handoff | cmd=stop | front=1.40m
[INFO] [1783540375.647688754] [shared_nav_semantic_explore]: [NAV] step=2523 mode=SEARCH fsm=SEARCH phase=EXPLORE_ALIGN mode=SEARCH | reason=semantic_explore_idle_wait | explore_phase=EXPLORE_ALIGN | search_mode=visual_handoff | cmd=stop | front=1.40m
[INFO] [1783540375.749158070] [shared_nav_semantic_explore]: [NAV] step=2524 mode=SEARCH fsm=SEARCH phase=EXPLORE_ALIGN mode=SEARCH | reason=semantic_explore_idle_wait | explore_phase=EXPLORE_ALIGN | search_mode=visual_handoff | cmd=stop | front=1.40m
[INFO] [1783540375.883996478] [shared_nav_semantic_explore]: [NAV] step=2525 mode=SEARCH fsm=SEARCH phase=EXPLORE_ALIGN mode=SEARCH | reason=semantic_explore_idle_wait | explore_phase=EXPLORE_ALIGN | search_mode=visual_handoff | cmd=stop | front=1.40m
[INFO] [1783540375.914255365] [shared_nav_semantic_explore]: [NAV] step=2526 mode=SEARCH fsm=SEARCH phase=EXPLORE_ALIGN mode=SEARCH | reason=semantic_explore_idle_wait | explore_phase=EXPLORE_ALIGN | search_mode=visual_handoff | cmd=stop | front=1.40m
[INFO] [1783540376.066268548] [shared_nav_semantic_explore]: [NAV] step=2527 mode=SEARCH fsm=SEARCH phase=EXPLORE_ALIGN mode=SEARCH | reason=semantic_explore_idle_wait | explore_phase=EXPLORE_ALIGN | search_mode=visual_handoff | cmd=stop | front=1.40m
[INFO] [1783540376.140922849] [shared_nav_semantic_explore]: [NAV] step=2528 mode=SEARCH fsm=SEARCH phase=EXPLORE_ALIGN mode=SEARCH | reason=semantic_explore_idle_wait | explore_phase=EXPLORE_ALIGN | search_mode=visual_handoff | cmd=stop | front=1.40m
[INFO] [1783540376.226575806] [shared_nav_semantic_explore]: [NAV] step=2529 mode=SEARCH fsm=SEARCH phase=EXPLORE_ALIGN mode=SEARCH | reason=semantic_explore_idle_wait | explore_phase=EXPLORE_ALIGN | search_mode=visual_handoff | cmd=stop | front=1.40m
[INFO] [1783540376.344458605] [shared_nav_semantic_explore]: [NAV] step=2530 mode=SEARCH fsm=SEARCH phase=EXPLORE_ALIGN mode=SEARCH | reason=semantic_explore_idle_wait | explore_phase=EXPLORE_ALIGN | search_mode=visual_handoff | cmd=stop | front=1.40m
[INFO] [1783540376.420338239] [shared_nav_semantic_explore]: [NAV] step=2531 mode=SEARCH fsm=SEARCH phase=EXPLORE_ALIGN mode=SEARCH | reason=semantic_explore_idle_wait | explore_phase=EXPLORE_ALIGN | search_mode=visual_handoff | cmd=stop | front=1.40m
[INFO] [1783540376.514819687] [shared_nav_semantic_explore]: [NAV] step=2532 mode=SEARCH fsm=SEARCH phase=EXPLORE_ALIGN mode=SEARCH | reason=semantic_explore_idle_wait | explore_phase=EXPLORE_ALIGN | search_mode=visual_handoff | cmd=stop | front=1.40m
[INFO] [1783540376.615991170] [shared_nav_semantic_explore]: [NAV] step=2533 mode=SEARCH fsm=SEARCH phase=EXPLORE_ALIGN mode=SEARCH | reason=semantic_explore_idle_wait | explore_phase=EXPLORE_ALIGN | search_mode=visual_handoff | cmd=stop | front=1.40m
[INFO] [1783540376.733723512] [shared_nav_semantic_explore]: [NAV] step=2534 mode=SEARCH fsm=SEARCH phase=EXPLORE_ALIGN mode=SEARCH | reason=semantic_explore_idle_wait | explore_phase=EXPLORE_ALIGN | search_mode=visual_handoff | cmd=stop | front=1.40m
[INFO] [1783540376.825639171] [shared_nav_semantic_explore]: [NAV] step=2535 mode=SEARCH fsm=SEARCH phase=EXPLORE_ALIGN mode=SEARCH | reason=semantic_explore_idle_wait | explore_phase=EXPLORE_ALIGN | search_mode=visual_handoff | cmd=stop | front=1.40m
[INFO] [1783540376.940892931] [shared_nav_semantic_explore]: [NAV] step=2536 mode=SEARCH fsm=SEARCH phase=EXPLORE_ALIGN mode=SEARCH | reason=semantic_explore_idle_wait | explore_phase=EXPLORE_ALIGN | search_mode=visual_handoff | cmd=stop | front=1.40m
[INFO] [1783540377.163034712] [shared_nav_semantic_explore]: [NAV] step=2537 mode=SEARCH fsm=SEARCH phase=EXPLORE_ALIGN mode=SEARCH | reason=semantic_explore_idle_wait | explore_phase=EXPLORE_ALIGN | search_mode=visual_handoff | cmd=stop | front=1.40m
[INFO] [1783540377.306800986] [shared_nav_semantic_explore]: [NAV] step=2538 mode=SEARCH fsm=SEARCH phase=EXPLORE_ALIGN mode=SEARCH | reason=semantic_explore_idle_wait | explore_phase=EXPLORE_ALIGN | search_mode=visual_handoff | cmd=stop | front=1.40m
[INFO] [1783540377.348086987] [shared_nav_semantic_explore]: [NAV] step=2539 mode=SEARCH fsm=SEARCH phase=EXPLORE_ALIGN mode=SEARCH | reason=semantic_explore_idle_wait | explore_phase=EXPLORE_ALIGN | search_mode=visual_handoff | cmd=stop | front=1.40m
[INFO] [1783540377.418485625] [shared_nav_semantic_explore]: [NAV] step=2540 mode=SEARCH fsm=SEARCH phase=EXPLORE_ALIGN mode=SEARCH | reason=semantic_explore_idle_wait | explore_phase=EXPLORE_ALIGN | search_mode=visual_handoff | cmd=stop | front=1.40m
[INFO] [1783540377.517101736] [shared_nav_semantic_explore]: [NAV] step=2541 mode=SEARCH fsm=SEARCH phase=EXPLORE_ALIGN mode=SEARCH | reason=semantic_explore_idle_wait | explore_phase=EXPLORE_ALIGN | search_mode=visual_handoff | cmd=stop | front=1.40m
[INFO] [1783540377.644292610] [shared_nav_semantic_explore]: [NAV] step=2542 mode=SEARCH fsm=SEARCH phase=EXPLORE_ALIGN mode=SEARCH | reason=semantic_explore_idle_wait | explore_phase=EXPLORE_ALIGN | search_mode=visual_handoff | cmd=stop | front=1.40m
[INFO] [1783540377.727386861] [shared_nav_semantic_explore]: [NAV] step=2543 mode=SEARCH fsm=SEARCH phase=EXPLORE_ALIGN mode=SEARCH | reason=semantic_explore_idle_wait | explore_phase=EXPLORE_ALIGN | search_mode=visual_handoff | cmd=stop | front=1.39m
[INFO] [1783540377.816957856] [shared_nav_semantic_explore]: [NAV] step=2544 mode=SEARCH fsm=SEARCH phase=EXPLORE_ALIGN mode=SEARCH | reason=semantic_explore_idle_wait | explore_phase=EXPLORE_ALIGN | search_mode=visual_handoff | cmd=stop | front=1.40m
[INFO] [1783540377.919317755] [shared_nav_semantic_explore]: [NAV] step=2545 mode=SEARCH fsm=SEARCH phase=EXPLORE_ALIGN mode=SEARCH | reason=semantic_explore_idle_wait | explore_phase=EXPLORE_ALIGN | search_mode=visual_handoff | cmd=stop | front=1.40m
[INFO] [1783540378.014209411] [shared_nav_semantic_explore]: [NAV] step=2546 mode=SEARCH fsm=SEARCH phase=EXPLORE_ALIGN mode=SEARCH | reason=semantic_explore_idle_wait | explore_phase=EXPLORE_ALIGN | search_mode=visual_handoff | cmd=stop | front=1.40m
[INFO] [1783540378.110463066] [shared_nav_semantic_explore]: [NAV] step=2547 mode=SEARCH fsm=SEARCH phase=EXPLORE_ALIGN mode=SEARCH | reason=semantic_explore_idle_wait | explore_phase=EXPLORE_ALIGN | search_mode=visual_handoff | cmd=stop | front=1.40m
[INFO] [1783540378.206599429] [shared_nav_semantic_explore]: [NAV] step=2548 mode=SEARCH fsm=SEARCH phase=EXPLORE_ALIGN mode=SEARCH | reason=semantic_explore_idle_wait | explore_phase=EXPLORE_ALIGN | search_mode=visual_handoff | cmd=stop | front=1.40m
[INFO] [1783540378.309515452] [shared_nav_semantic_explore]: [NAV] step=2549 mode=SEARCH fsm=SEARCH phase=EXPLORE_ALIGN mode=SEARCH | reason=semantic_explore_idle_wait | explore_phase=EXPLORE_ALIGN | search_mode=visual_handoff | cmd=stop | front=1.40m
[INFO] [1783540378.422063008] [shared_nav_semantic_explore]: [NAV] step=2550 mode=SEARCH fsm=SEARCH phase=EXPLORE_ALIGN mode=SEARCH | reason=semantic_explore_idle_wait | explore_phase=EXPLORE_ALIGN | search_mode=visual_handoff | cmd=stop | front=1.40m
[INFO] [1783540378.512026919] [shared_nav_semantic_explore]: [NAV] step=2551 mode=SEARCH fsm=SEARCH phase=EXPLORE_ALIGN mode=SEARCH | reason=semantic_explore_idle_wait | explore_phase=EXPLORE_ALIGN | search_mode=visual_handoff | cmd=stop | front=1.40m
[INFO] [1783540378.615596316] [shared_nav_semantic_explore]: [NAV] step=2552 mode=SEARCH fsm=SEARCH phase=EXPLORE_ALIGN mode=SEARCH | reason=semantic_explore_idle_wait | explore_phase=EXPLORE_ALIGN | search_mode=visual_handoff | cmd=stop | front=1.40m
[INFO] [1783540378.718381715] [shared_nav_semantic_explore]: [NAV] step=2553 mode=SEARCH fsm=SEARCH phase=EXPLORE_ALIGN mode=SEARCH | reason=semantic_explore_idle_wait | explore_phase=EXPLORE_ALIGN | search_mode=visual_handoff | cmd=stop | front=1.39m
[INFO] [1783540378.814712536] [shared_nav_semantic_explore]: [NAV] step=2554 mode=SEARCH fsm=SEARCH phase=EXPLORE_ALIGN mode=SEARCH | reason=semantic_explore_idle_wait | explore_phase=EXPLORE_ALIGN | search_mode=visual_handoff | cmd=stop | front=1.40m
[INFO] [1783540378.935408667] [shared_nav_semantic_explore]: [NAV] step=2555 mode=SEARCH fsm=SEARCH phase=EXPLORE_ALIGN mode=SEARCH | reason=semantic_explore_idle_wait | explore_phase=EXPLORE_ALIGN | search_mode=visual_handoff | cmd=stop | front=1.40m
[INFO] [1783540379.032879571] [shared_nav_semantic_explore]: [NAV] step=2556 mode=SEARCH fsm=SEARCH phase=EXPLORE_ALIGN mode=SEARCH | reason=semantic_explore_idle_wait | explore_phase=EXPLORE_ALIGN | search_mode=visual_handoff | cmd=stop | front=1.40m
[INFO] [1783540379.125774812] [shared_nav_semantic_explore]: [NAV] step=2557 mode=SEARCH fsm=SEARCH phase=EXPLORE_ALIGN mode=SEARCH | reason=semantic_explore_idle_wait | explore_phase=EXPLORE_ALIGN | search_mode=visual_handoff | cmd=stop | front=1.40m
[INFO] [1783540379.236417786] [shared_nav_semantic_explore]: [NAV] step=2558 mode=SEARCH fsm=SEARCH phase=EXPLORE_ALIGN mode=SEARCH | reason=semantic_explore_idle_wait | explore_phase=EXPLORE_ALIGN | search_mode=visual_handoff | cmd=stop | front=1.40m
[INFO] [1783540379.325259365] [shared_nav_semantic_explore]: [NAV] step=2559 mode=SEARCH fsm=SEARCH phase=EXPLORE_ALIGN mode=SEARCH | reason=semantic_explore_idle_wait | explore_phase=EXPLORE_ALIGN | search_mode=visual_handoff | cmd=stop | front=1.40m
[INFO] [1783540379.439726627] [shared_nav_semantic_explore]: [NAV] step=2560 mode=SEARCH fsm=SEARCH phase=EXPLORE_ALIGN mode=SEARCH | reason=semantic_explore_idle_wait | explore_phase=EXPLORE_ALIGN | search_mode=visual_handoff | cmd=stop | front=1.40m
[INFO] [1783540379.541322235] [shared_nav_semantic_explore]: [NAV] step=2561 mode=SEARCH fsm=SEARCH phase=EXPLORE_ALIGN mode=SEARCH | reason=semantic_explore_idle_wait | explore_phase=EXPLORE_ALIGN | search_mode=visual_handoff | cmd=stop | front=1.40m
[INFO] [1783540379.649414253] [shared_nav_semantic_explore]: [NAV] step=2562 mode=SEARCH fsm=SEARCH phase=EXPLORE_ALIGN mode=SEARCH | reason=semantic_explore_idle_wait | explore_phase=EXPLORE_ALIGN | search_mode=visual_handoff | cmd=stop | front=1.40m
[INFO] [1783540379.779884374] [shared_nav_semantic_explore]: [NAV] step=2563 mode=SEARCH fsm=SEARCH phase=EXPLORE_ALIGN mode=SEARCH | reason=semantic_explore_idle_wait | explore_phase=EXPLORE_ALIGN | search_mode=visual_handoff | cmd=stop | front=1.40m
[INFO] [1783540379.840105607] [shared_nav_semantic_explore]: [NAV] step=2564 mode=SEARCH fsm=SEARCH phase=EXPLORE_ALIGN mode=SEARCH | reason=semantic_explore_idle_wait | explore_phase=EXPLORE_ALIGN | search_mode=visual_handoff | cmd=stop | front=1.40m
[INFO] [1783540379.930973600] [shared_nav_semantic_explore]: [NAV] step=2565 mode=SEARCH fsm=SEARCH phase=EXPLORE_ALIGN mode=SEARCH | reason=semantic_explore_idle_wait | explore_phase=EXPLORE_ALIGN | search_mode=visual_handoff | cmd=stop | front=1.40m
[INFO] [1783540380.043957030] [shared_nav_semantic_explore]: [NAV] step=2566 mode=SEARCH fsm=SEARCH phase=EXPLORE_ALIGN mode=SEARCH | reason=semantic_explore_idle_wait | explore_phase=EXPLORE_ALIGN | search_mode=visual_handoff | cmd=stop | front=1.40m
[INFO] [1783540380.116181542] [shared_nav_semantic_explore]: [NAV] step=2567 mode=SEARCH fsm=SEARCH phase=EXPLORE_ALIGN mode=SEARCH | reason=semantic_explore_idle_wait | explore_phase=EXPLORE_ALIGN | search_mode=visual_handoff | cmd=stop | front=1.40m
[INFO] [1783540380.214744987] [shared_nav_semantic_explore]: [NAV] step=2568 mode=SEARCH fsm=SEARCH phase=EXPLORE_ALIGN mode=SEARCH | reason=semantic_explore_idle_wait | explore_phase=EXPLORE_ALIGN | search_mode=visual_handoff | cmd=stop | front=1.40m
[INFO] [1783540380.310376726] [shared_nav_semantic_explore]: [NAV] step=2569 mode=SEARCH fsm=SEARCH phase=EXPLORE_ALIGN mode=SEARCH | reason=semantic_explore_idle_wait | explore_phase=EXPLORE_ALIGN | search_mode=visual_handoff | cmd=stop | front=1.40m
[INFO] [1783540380.421740532] [shared_nav_semantic_explore]: [NAV] step=2570 mode=SEARCH fsm=SEARCH phase=EXPLORE_ALIGN mode=SEARCH | reason=semantic_explore_idle_wait | explore_phase=EXPLORE_ALIGN | search_mode=visual_handoff | cmd=stop | front=1.40m
[INFO] [1783540380.512067235] [shared_nav_semantic_explore]: [NAV] step=2571 mode=SEARCH fsm=SEARCH phase=EXPLORE_ALIGN mode=SEARCH | reason=semantic_explore_idle_wait | explore_phase=EXPLORE_ALIGN | search_mode=visual_handoff | cmd=stop | front=1.40m
[INFO] [1783540380.635383655] [shared_nav_semantic_explore]: [NAV] step=2572 mode=SEARCH fsm=SEARCH phase=EXPLORE_ALIGN mode=SEARCH | reason=semantic_explore_idle_wait | explore_phase=EXPLORE_ALIGN | search_mode=visual_handoff | cmd=stop | front=1.40m
[INFO] [1783540380.721487195] [shared_nav_semantic_explore]: [NAV] step=2573 mode=SEARCH fsm=SEARCH phase=EXPLORE_ALIGN mode=SEARCH | reason=semantic_explore_idle_wait | explore_phase=EXPLORE_ALIGN | search_mode=visual_handoff | cmd=stop | front=1.40m
[INFO] [1783540380.806463111] [shared_nav_semantic_explore]: [NAV] step=2574 mode=SEARCH fsm=SEARCH phase=EXPLORE_ALIGN mode=SEARCH | reason=semantic_explore_idle_wait | explore_phase=EXPLORE_ALIGN | search_mode=visual_handoff | cmd=stop | front=1.40m
[INFO] [1783540380.911333008] [shared_nav_semantic_explore]: [NAV] step=2575 mode=SEARCH fsm=SEARCH phase=EXPLORE_ALIGN mode=SEARCH | reason=semantic_explore_idle_wait | explore_phase=EXPLORE_ALIGN | search_mode=visual_handoff | cmd=stop | front=1.40m
[INFO] [1783540381.010728785] [shared_nav_semantic_explore]: [NAV] step=2576 mode=SEARCH fsm=SEARCH phase=EXPLORE_ALIGN mode=SEARCH | reason=semantic_explore_idle_wait | explore_phase=EXPLORE_ALIGN | search_mode=visual_handoff | cmd=stop | front=1.40m
[INFO] [1783540381.129328459] [shared_nav_semantic_explore]: [NAV] step=2577 mode=SEARCH fsm=SEARCH phase=EXPLORE_ALIGN mode=SEARCH | reason=semantic_explore_idle_wait | explore_phase=EXPLORE_ALIGN | search_mode=visual_handoff | cmd=stop | front=1.40m
[INFO] [1783540381.212279586] [shared_nav_semantic_explore]: [NAV] step=2578 mode=SEARCH fsm=SEARCH phase=EXPLORE_ALIGN mode=SEARCH | reason=semantic_explore_idle_wait | explore_phase=EXPLORE_ALIGN | search_mode=visual_handoff | cmd=stop | front=1.40m
[INFO] [1783540381.321007979] [shared_nav_semantic_explore]: [NAV] step=2579 mode=SEARCH fsm=SEARCH phase=EXPLORE_ALIGN mode=SEARCH | reason=semantic_explore_idle_wait | explore_phase=EXPLORE_ALIGN | search_mode=visual_handoff | cmd=stop | front=1.40m
[INFO] [1783540381.427541832] [shared_nav_semantic_explore]: [NAV] step=2580 mode=SEARCH fsm=SEARCH phase=EXPLORE_ALIGN mode=SEARCH | reason=semantic_explore_idle_wait | explore_phase=EXPLORE_ALIGN | search_mode=visual_handoff | cmd=stop | front=1.40m
[INFO] [1783540381.542735593] [shared_nav_semantic_explore]: [NAV] step=2581 mode=SEARCH fsm=SEARCH phase=EXPLORE_ALIGN mode=SEARCH | reason=semantic_explore_idle_wait | explore_phase=EXPLORE_ALIGN | search_mode=visual_handoff | cmd=stop | front=1.40m
[INFO] [1783540381.655604982] [shared_nav_semantic_explore]: [NAV] step=2582 mode=SEARCH fsm=SEARCH phase=EXPLORE_ALIGN mode=SEARCH | reason=semantic_explore_idle_wait | explore_phase=EXPLORE_ALIGN | search_mode=visual_handoff | cmd=stop | front=1.40m
[INFO] [1783540381.752616553] [shared_nav_semantic_explore]: [NAV] step=2583 mode=SEARCH fsm=SEARCH phase=EXPLORE_ALIGN mode=SEARCH | reason=semantic_explore_idle_wait | explore_phase=EXPLORE_ALIGN | search_mode=visual_handoff | cmd=stop | front=1.40m
[INFO] [1783540381.873001268] [shared_nav_semantic_explore]: [NAV] step=2584 mode=SEARCH fsm=SEARCH phase=EXPLORE_ALIGN mode=SEARCH | reason=semantic_explore_idle_wait | explore_phase=EXPLORE_ALIGN | search_mode=visual_handoff | cmd=stop | front=1.40m
[INFO] [1783540381.935256040] [shared_nav_semantic_explore]: [NAV] step=2585 mode=SEARCH fsm=SEARCH phase=EXPLORE_ALIGN mode=SEARCH | reason=semantic_explore_idle_wait | explore_phase=EXPLORE_ALIGN | search_mode=visual_handoff | cmd=stop | front=1.40m
[INFO] [1783540382.021512371] [shared_nav_semantic_explore]: [NAV] step=2586 mode=SEARCH fsm=SEARCH phase=EXPLORE_ALIGN mode=SEARCH | reason=semantic_explore_idle_wait | explore_phase=EXPLORE_ALIGN | search_mode=visual_handoff | cmd=stop | front=1.40m
[INFO] [1783540382.136897633] [shared_nav_semantic_explore]: [NAV] step=2587 mode=SEARCH fsm=SEARCH phase=EXPLORE_ALIGN mode=SEARCH | reason=semantic_explore_idle_wait | explore_phase=EXPLORE_ALIGN | search_mode=visual_handoff | cmd=stop | front=1.40m
[INFO] [1783540382.222091715] [shared_nav_semantic_explore]: [NAV] step=2588 mode=SEARCH fsm=SEARCH phase=EXPLORE_ALIGN mode=SEARCH | reason=semantic_explore_idle_wait | explore_phase=EXPLORE_ALIGN | search_mode=visual_handoff | cmd=stop | front=1.40m
[INFO] [1783540382.309361296] [shared_nav_semantic_explore]: [NAV] step=2589 mode=SEARCH fsm=SEARCH phase=EXPLORE_ALIGN mode=SEARCH | reason=semantic_explore_idle_wait | explore_phase=EXPLORE_ALIGN | search_mode=visual_handoff | cmd=stop | front=1.40m
[INFO] [1783540382.409525072] [shared_nav_semantic_explore]: [NAV] step=2590 mode=SEARCH fsm=SEARCH phase=EXPLORE_ALIGN mode=SEARCH | reason=semantic_explore_idle_wait | explore_phase=EXPLORE_ALIGN | search_mode=visual_handoff | cmd=stop | front=1.40m
[INFO] [1783540382.520979921] [shared_nav_semantic_explore]: [NAV] step=2591 mode=SEARCH fsm=SEARCH phase=EXPLORE_ALIGN mode=SEARCH | reason=semantic_explore_idle_wait | explore_phase=EXPLORE_ALIGN | search_mode=visual_handoff | cmd=stop | front=1.40m
[INFO] [1783540382.613376080] [shared_nav_semantic_explore]: [NAV] step=2592 mode=SEARCH fsm=SEARCH phase=EXPLORE_ALIGN mode=SEARCH | reason=semantic_explore_idle_wait | explore_phase=EXPLORE_ALIGN | search_mode=visual_handoff | cmd=stop | front=1.40m
[INFO] [1783540382.732841295] [shared_nav_semantic_explore]: [NAV] step=2593 mode=SEARCH fsm=SEARCH phase=EXPLORE_ALIGN mode=SEARCH | reason=semantic_explore_idle_wait | explore_phase=EXPLORE_ALIGN | search_mode=visual_handoff | cmd=stop | front=1.40m
[INFO] [1783540382.809554095] [shared_nav_semantic_explore]: [NAV] step=2594 mode=SEARCH fsm=SEARCH phase=EXPLORE_ALIGN mode=SEARCH | reason=semantic_explore_idle_wait | explore_phase=EXPLORE_ALIGN | search_mode=visual_handoff | cmd=stop | front=1.40m
[INFO] [1783540382.931562933] [shared_nav_semantic_explore]: [NAV] step=2595 mode=SEARCH fsm=SEARCH phase=EXPLORE_ALIGN mode=SEARCH | reason=semantic_explore_idle_wait | explore_phase=EXPLORE_ALIGN | search_mode=visual_handoff | cmd=stop | front=1.40m
[INFO] [1783540383.006443109] [shared_nav_semantic_explore]: [NAV] step=2596 mode=SEARCH fsm=SEARCH phase=EXPLORE_ALIGN mode=SEARCH | reason=semantic_explore_idle_wait | explore_phase=EXPLORE_ALIGN | search_mode=visual_handoff | cmd=stop | front=1.40m
[INFO] [1783540383.109692049] [shared_nav_semantic_explore]: [NAV] step=2597 mode=SEARCH fsm=SEARCH phase=EXPLORE_ALIGN mode=SEARCH | reason=semantic_explore_idle_wait | explore_phase=EXPLORE_ALIGN | search_mode=visual_handoff | cmd=stop | front=1.40m
[INFO] [1783540383.225195811] [shared_nav_semantic_explore]: [NAV] step=2598 mode=SEARCH fsm=SEARCH phase=EXPLORE_ALIGN mode=SEARCH | reason=semantic_explore_idle_wait | explore_phase=EXPLORE_ALIGN | search_mode=visual_handoff | cmd=stop | front=1.39m
[INFO] [1783540383.331337040] [shared_nav_semantic_explore]: [NAV] step=2599 mode=SEARCH fsm=SEARCH phase=EXPLORE_ALIGN mode=SEARCH | reason=semantic_explore_idle_wait | explore_phase=EXPLORE_ALIGN | search_mode=visual_handoff | cmd=stop | front=1.40m
[INFO] [1783540383.447247009] [shared_nav_semantic_explore]: [NAV] step=2600 mode=SEARCH fsm=SEARCH phase=EXPLORE_ALIGN mode=SEARCH | reason=semantic_explore_idle_wait | explore_phase=EXPLORE_ALIGN | search_mode=visual_handoff | cmd=stop | front=1.40m
[INFO] [1783540383.515015984] [shared_nav_semantic_explore]: [NAV] step=2601 mode=SEARCH fsm=SEARCH phase=EXPLORE_ALIGN mode=SEARCH | reason=semantic_explore_idle_wait | explore_phase=EXPLORE_ALIGN | search_mode=visual_handoff | cmd=stop | front=1.40m
[INFO] [1783540383.628922122] [shared_nav_semantic_explore]: [NAV] step=2602 mode=SEARCH fsm=SEARCH phase=EXPLORE_ALIGN mode=SEARCH | reason=semantic_explore_idle_wait | explore_phase=EXPLORE_ALIGN | search_mode=visual_handoff | cmd=stop | front=1.40m
[INFO] [1783540383.757610662] [shared_nav_semantic_explore]: [NAV] step=2603 mode=SEARCH fsm=SEARCH phase=EXPLORE_ALIGN mode=SEARCH | reason=semantic_explore_idle_wait | explore_phase=EXPLORE_ALIGN | search_mode=visual_handoff | cmd=stop | front=1.40m
[INFO] [1783540383.837364875] [shared_nav_semantic_explore]: [NAV] step=2604 mode=SEARCH fsm=SEARCH phase=EXPLORE_ALIGN mode=SEARCH | reason=semantic_explore_idle_wait | explore_phase=EXPLORE_ALIGN | search_mode=visual_handoff | cmd=stop | front=1.40m
[INFO] [1783540383.948809182] [shared_nav_semantic_explore]: [NAV] step=2605 mode=SEARCH fsm=SEARCH phase=EXPLORE_ALIGN mode=SEARCH | reason=semantic_explore_idle_wait | explore_phase=EXPLORE_ALIGN | search_mode=visual_handoff | cmd=stop | front=1.40m
[INFO] [1783540384.049358708] [shared_nav_semantic_explore]: [NAV] step=2606 mode=SEARCH fsm=SEARCH phase=EXPLORE_ALIGN mode=SEARCH | reason=semantic_explore_idle_wait | explore_phase=EXPLORE_ALIGN | search_mode=visual_handoff | cmd=stop | front=1.40m
[INFO] [1783540384.209913300] [shared_nav_semantic_explore]: [NAV] step=2607 mode=SEARCH fsm=SEARCH phase=EXPLORE_ALIGN mode=SEARCH | reason=semantic_explore_idle_wait | explore_phase=EXPLORE_ALIGN | search_mode=visual_handoff | cmd=stop | front=1.40m
[INFO] [1783540384.276852401] [shared_nav_semantic_explore]: [NAV] step=2608 mode=SEARCH fsm=SEARCH phase=EXPLORE_ALIGN mode=SEARCH | reason=semantic_explore_idle_wait | explore_phase=EXPLORE_ALIGN | search_mode=visual_handoff | cmd=stop | front=1.40m
[INFO] [1783540384.320152567] [shared_nav_semantic_explore]: [NAV] step=2609 mode=SEARCH fsm=SEARCH phase=EXPLORE_ALIGN mode=SEARCH | reason=semantic_explore_idle_wait | explore_phase=EXPLORE_ALIGN | search_mode=visual_handoff | cmd=stop | front=1.40m
[INFO] [1783540384.431765082] [shared_nav_semantic_explore]: [NAV] step=2610 mode=SEARCH fsm=SEARCH phase=EXPLORE_ALIGN mode=SEARCH | reason=semantic_explore_idle_wait | explore_phase=EXPLORE_ALIGN | search_mode=visual_handoff | cmd=stop | front=1.40m
[INFO] [1783540384.512801210] [shared_nav_semantic_explore]: [NAV] step=2611 mode=SEARCH fsm=SEARCH phase=EXPLORE_ALIGN mode=SEARCH | reason=semantic_explore_idle_wait | explore_phase=EXPLORE_ALIGN | search_mode=visual_handoff | cmd=stop | front=1.40m
[INFO] [1783540384.610836072] [shared_nav_semantic_explore]: [NAV] step=2612 mode=SEARCH fsm=SEARCH phase=EXPLORE_ALIGN mode=SEARCH | reason=semantic_explore_idle_wait | explore_phase=EXPLORE_ALIGN | search_mode=visual_handoff | cmd=stop | front=1.40m
[INFO] [1783540384.716647552] [shared_nav_semantic_explore]: [NAV] step=2613 mode=SEARCH fsm=SEARCH phase=EXPLORE_ALIGN mode=SEARCH | reason=semantic_explore_idle_wait | explore_phase=EXPLORE_ALIGN | search_mode=visual_handoff | cmd=stop | front=1.40m
[INFO] [1783540384.820680199] [shared_nav_semantic_explore]: [NAV] step=2614 mode=SEARCH fsm=SEARCH phase=EXPLORE_ALIGN mode=SEARCH | reason=semantic_explore_idle_wait | explore_phase=EXPLORE_ALIGN | search_mode=visual_handoff | cmd=stop | front=1.40m
[INFO] [1783540384.913002359] [shared_nav_semantic_explore]: [NAV] step=2615 mode=SEARCH fsm=SEARCH phase=EXPLORE_ALIGN mode=SEARCH | reason=semantic_explore_idle_wait | explore_phase=EXPLORE_ALIGN | search_mode=visual_handoff | cmd=stop | front=1.40m
[INFO] [1783540385.015136216] [shared_nav_semantic_explore]: [NAV] step=2616 mode=SEARCH fsm=SEARCH phase=EXPLORE_ALIGN mode=SEARCH | reason=semantic_explore_idle_wait | explore_phase=EXPLORE_ALIGN | search_mode=visual_handoff | cmd=stop | front=1.40m
[INFO] [1783540385.132558976] [shared_nav_semantic_explore]: [NAV] step=2617 mode=SEARCH fsm=SEARCH phase=EXPLORE_ALIGN mode=SEARCH | reason=semantic_explore_idle_wait | explore_phase=EXPLORE_ALIGN | search_mode=visual_handoff | cmd=stop | front=1.40m
[INFO] [1783540385.207730277] [shared_nav_semantic_explore]: [NAV] step=2618 mode=SEARCH fsm=SEARCH phase=EXPLORE_ALIGN mode=SEARCH | reason=semantic_explore_idle_wait | explore_phase=EXPLORE_ALIGN | search_mode=visual_handoff | cmd=stop | front=1.40m
[INFO] [1783540385.336016776] [shared_nav_semantic_explore]: [NAV] step=2619 mode=SEARCH fsm=SEARCH phase=EXPLORE_ALIGN mode=SEARCH | reason=semantic_explore_idle_wait | explore_phase=EXPLORE_ALIGN | search_mode=visual_handoff | cmd=stop | front=1.40m
[INFO] [1783540385.427781019] [shared_nav_semantic_explore]: [NAV] step=2620 mode=SEARCH fsm=SEARCH phase=EXPLORE_ALIGN mode=SEARCH | reason=semantic_explore_idle_wait | explore_phase=EXPLORE_ALIGN | search_mode=visual_handoff | cmd=stop | front=1.39m
[INFO] [1783540385.528327046] [shared_nav_semantic_explore]: [NAV] step=2621 mode=SEARCH fsm=SEARCH phase=EXPLORE_ALIGN mode=SEARCH | reason=semantic_explore_idle_wait | explore_phase=EXPLORE_ALIGN | search_mode=visual_handoff | cmd=stop | front=1.40m
[INFO] [1783540385.610447507] [shared_nav_semantic_explore]: [NAV] step=2622 mode=SEARCH fsm=SEARCH phase=EXPLORE_ALIGN mode=SEARCH | reason=semantic_explore_idle_wait | explore_phase=EXPLORE_ALIGN | search_mode=visual_handoff | cmd=stop | front=1.40m
[INFO] [1783540385.725511560] [shared_nav_semantic_explore]: [NAV] step=2623 mode=SEARCH fsm=SEARCH phase=EXPLORE_ALIGN mode=SEARCH | reason=semantic_explore_idle_wait | explore_phase=EXPLORE_ALIGN | search_mode=visual_handoff | cmd=stop | front=1.40m
[INFO] [1783540385.824379213] [shared_nav_semantic_explore]: [NAV] step=2624 mode=SEARCH fsm=SEARCH phase=EXPLORE_ALIGN mode=SEARCH | reason=semantic_explore_idle_wait | explore_phase=EXPLORE_ALIGN | search_mode=visual_handoff | cmd=stop | front=1.40m
[INFO] [1783540385.969791653] [shared_nav_semantic_explore]: [NAV] step=2625 mode=SEARCH fsm=SEARCH phase=EXPLORE_ALIGN mode=SEARCH | reason=semantic_explore_idle_wait | explore_phase=EXPLORE_ALIGN | search_mode=visual_handoff | cmd=stop | front=1.40m
[INFO] [1783540386.065776768] [shared_nav_semantic_explore]: [NAV] step=2626 mode=SEARCH fsm=SEARCH phase=EXPLORE_ALIGN mode=SEARCH | reason=semantic_explore_idle_wait | explore_phase=EXPLORE_ALIGN | search_mode=visual_handoff | cmd=stop | front=1.40m
[INFO] [1783540386.162669756] [shared_nav_semantic_explore]: [NAV] step=2627 mode=SEARCH fsm=SEARCH phase=EXPLORE_ALIGN mode=SEARCH | reason=semantic_explore_idle_wait | explore_phase=EXPLORE_ALIGN | search_mode=visual_handoff | cmd=stop | front=1.40m
[INFO] [1783540386.217166119] [shared_nav_semantic_explore]: [NAV] step=2628 mode=SEARCH fsm=SEARCH phase=EXPLORE_ALIGN mode=SEARCH | reason=semantic_explore_idle_wait | explore_phase=EXPLORE_ALIGN | search_mode=visual_handoff | cmd=stop | front=1.40m
[INFO] [1783540386.313000983] [shared_nav_semantic_explore]: [NAV] step=2629 mode=SEARCH fsm=SEARCH phase=EXPLORE_ALIGN mode=SEARCH | reason=semantic_explore_idle_wait | explore_phase=EXPLORE_ALIGN | search_mode=visual_handoff | cmd=stop | front=1.40m
[INFO] [1783540386.407323516] [shared_nav_semantic_explore]: [NAV] step=2630 mode=SEARCH fsm=SEARCH phase=EXPLORE_ALIGN mode=SEARCH | reason=semantic_explore_idle_wait | explore_phase=EXPLORE_ALIGN | search_mode=visual_handoff | cmd=stop | front=1.40m
[INFO] [1783540386.508177458] [shared_nav_semantic_explore]: [NAV] step=2631 mode=SEARCH fsm=SEARCH phase=EXPLORE_ALIGN mode=SEARCH | reason=semantic_explore_idle_wait | explore_phase=EXPLORE_ALIGN | search_mode=visual_handoff | cmd=stop | front=1.40m
[INFO] [1783540386.610178400] [shared_nav_semantic_explore]: [NAV] step=2632 mode=SEARCH fsm=SEARCH phase=EXPLORE_ALIGN mode=SEARCH | reason=semantic_explore_idle_wait | explore_phase=EXPLORE_ALIGN | search_mode=visual_handoff | cmd=stop | front=1.40m
[INFO] [1783540386.717275086] [shared_nav_semantic_explore]: [NAV] step=2633 mode=SEARCH fsm=SEARCH phase=EXPLORE_ALIGN mode=SEARCH | reason=semantic_explore_idle_wait | explore_phase=EXPLORE_ALIGN | search_mode=visual_handoff | cmd=stop | front=1.40m
[INFO] [1783540386.810736953] [shared_nav_semantic_explore]: [NAV] step=2634 mode=SEARCH fsm=SEARCH phase=EXPLORE_ALIGN mode=SEARCH | reason=semantic_explore_idle_wait | explore_phase=EXPLORE_ALIGN | search_mode=visual_handoff | cmd=stop | front=1.40m
[INFO] [1783540386.911350396] [shared_nav_semantic_explore]: [NAV] step=2635 mode=SEARCH fsm=SEARCH phase=EXPLORE_ALIGN mode=SEARCH | reason=semantic_explore_idle_wait | explore_phase=EXPLORE_ALIGN | search_mode=visual_handoff | cmd=stop | front=1.40m
[INFO] [1783540387.009366008] [shared_nav_semantic_explore]: [NAV] step=2636 mode=SEARCH fsm=SEARCH phase=EXPLORE_ALIGN mode=SEARCH | reason=semantic_explore_idle_wait | explore_phase=EXPLORE_ALIGN | search_mode=visual_handoff | cmd=stop | front=1.40m
[INFO] [1783540387.122740688] [shared_nav_semantic_explore]: [NAV] step=2637 mode=SEARCH fsm=SEARCH phase=EXPLORE_ALIGN mode=SEARCH | reason=semantic_explore_idle_wait | explore_phase=EXPLORE_ALIGN | search_mode=visual_handoff | cmd=stop | front=1.40m
[INFO] [1783540387.257486306] [shared_nav_semantic_explore]: [NAV] step=2638 mode=SEARCH fsm=SEARCH phase=EXPLORE_ALIGN mode=SEARCH | reason=semantic_explore_idle_wait | explore_phase=EXPLORE_ALIGN | search_mode=visual_handoff | cmd=stop | front=1.40m
[INFO] [1783540387.314129126] [shared_nav_semantic_explore]: [NAV] step=2639 mode=SEARCH fsm=SEARCH phase=EXPLORE_ALIGN mode=SEARCH | reason=semantic_explore_idle_wait | explore_phase=EXPLORE_ALIGN | search_mode=visual_handoff | cmd=stop | front=1.40m
[INFO] [1783540387.431934260] [shared_nav_semantic_explore]: [NAV] step=2640 mode=SEARCH fsm=SEARCH phase=EXPLORE_ALIGN mode=SEARCH | reason=semantic_explore_idle_wait | explore_phase=EXPLORE_ALIGN | search_mode=visual_handoff | cmd=stop | front=1.40m
[INFO] [1783540387.531204663] [shared_nav_semantic_explore]: [NAV] step=2641 mode=SEARCH fsm=SEARCH phase=EXPLORE_ALIGN mode=SEARCH | reason=semantic_explore_idle_wait | explore_phase=EXPLORE_ALIGN | search_mode=visual_handoff | cmd=stop | front=1.40m
[INFO] [1783540387.663624533] [shared_nav_semantic_explore]: [NAV] step=2642 mode=SEARCH fsm=SEARCH phase=EXPLORE_ALIGN mode=SEARCH | reason=semantic_explore_idle_wait | explore_phase=EXPLORE_ALIGN | search_mode=visual_handoff | cmd=stop | front=1.40m
[INFO] [1783540387.748845033] [shared_nav_semantic_explore]: [NAV] step=2643 mode=SEARCH fsm=SEARCH phase=EXPLORE_ALIGN mode=SEARCH | reason=semantic_explore_idle_wait | explore_phase=EXPLORE_ALIGN | search_mode=visual_handoff | cmd=stop | front=1.40m
[INFO] [1783540387.838930653] [shared_nav_semantic_explore]: [NAV] step=2644 mode=SEARCH fsm=SEARCH phase=EXPLORE_ALIGN mode=SEARCH | reason=semantic_explore_idle_wait | explore_phase=EXPLORE_ALIGN | search_mode=visual_handoff | cmd=stop | front=1.40m
[INFO] [1783540387.948075712] [shared_nav_semantic_explore]: [NAV] step=2645 mode=SEARCH fsm=SEARCH phase=EXPLORE_ALIGN mode=SEARCH | reason=semantic_explore_idle_wait | explore_phase=EXPLORE_ALIGN | search_mode=visual_handoff | cmd=stop | front=1.40m
[INFO] [1783540388.048584155] [shared_nav_semantic_explore]: [NAV] step=2646 mode=SEARCH fsm=SEARCH phase=EXPLORE_ALIGN mode=SEARCH | reason=semantic_explore_idle_wait | explore_phase=EXPLORE_ALIGN | search_mode=visual_handoff | cmd=stop | front=1.40m
[INFO] [1783540388.128266202] [shared_nav_semantic_explore]: [NAV] step=2647 mode=SEARCH fsm=SEARCH phase=EXPLORE_ALIGN mode=SEARCH | reason=semantic_explore_idle_wait | explore_phase=EXPLORE_ALIGN | search_mode=visual_handoff | cmd=stop | front=1.40m
[INFO] [1783540388.217336782] [shared_nav_semantic_explore]: [NAV] step=2648 mode=SEARCH fsm=SEARCH phase=EXPLORE_ALIGN mode=SEARCH | reason=semantic_explore_idle_wait | explore_phase=EXPLORE_ALIGN | search_mode=visual_handoff | cmd=stop | front=1.40m
[INFO] [1783540388.322588845] [shared_nav_semantic_explore]: [NAV] step=2649 mode=SEARCH fsm=SEARCH phase=EXPLORE_ALIGN mode=SEARCH | reason=semantic_explore_idle_wait | explore_phase=EXPLORE_ALIGN | search_mode=visual_handoff | cmd=stop | front=1.40m
[INFO] [1783540388.444881184] [shared_nav_semantic_explore]: [NAV] step=2650 mode=SEARCH fsm=SEARCH phase=EXPLORE_ALIGN mode=SEARCH | reason=semantic_explore_idle_wait | explore_phase=EXPLORE_ALIGN | search_mode=visual_handoff | cmd=stop | front=1.40m
[INFO] [1783540388.527905519] [shared_nav_semantic_explore]: [NAV] step=2651 mode=SEARCH fsm=SEARCH phase=EXPLORE_ALIGN mode=SEARCH | reason=semantic_explore_idle_wait | explore_phase=EXPLORE_ALIGN | search_mode=visual_handoff | cmd=stop | front=1.40m
[INFO] [1783540388.615216600] [shared_nav_semantic_explore]: [NAV] step=2652 mode=SEARCH fsm=SEARCH phase=EXPLORE_ALIGN mode=SEARCH | reason=semantic_explore_idle_wait | explore_phase=EXPLORE_ALIGN | search_mode=visual_handoff | cmd=stop | front=1.40m
[INFO] [1783540388.728812697] [shared_nav_semantic_explore]: [NAV] step=2653 mode=SEARCH fsm=SEARCH phase=EXPLORE_ALIGN mode=SEARCH | reason=semantic_explore_idle_wait | explore_phase=EXPLORE_ALIGN | search_mode=visual_handoff | cmd=stop | front=1.40m
[INFO] [1783540388.809516701] [shared_nav_semantic_explore]: [NAV] step=2654 mode=SEARCH fsm=SEARCH phase=EXPLORE_ALIGN mode=SEARCH | reason=semantic_explore_idle_wait | explore_phase=EXPLORE_ALIGN | search_mode=visual_handoff | cmd=stop | front=1.40m
[INFO] [1783540388.911635560] [shared_nav_semantic_explore]: [NAV] step=2655 mode=SEARCH fsm=SEARCH phase=EXPLORE_ALIGN mode=SEARCH | reason=semantic_explore_idle_wait | explore_phase=EXPLORE_ALIGN | search_mode=visual_handoff | cmd=stop | front=1.40m
[INFO] [1783540389.016217957] [shared_nav_semantic_explore]: [NAV] step=2656 mode=SEARCH fsm=SEARCH phase=EXPLORE_ALIGN mode=SEARCH | reason=semantic_explore_idle_wait | explore_phase=EXPLORE_ALIGN | search_mode=visual_handoff | cmd=stop | front=1.40m
[INFO] [1783540389.126767849] [shared_nav_semantic_explore]: [NAV] step=2657 mode=SEARCH fsm=SEARCH phase=EXPLORE_ALIGN mode=SEARCH | reason=semantic_explore_idle_wait | explore_phase=EXPLORE_ALIGN | search_mode=visual_handoff | cmd=stop | front=1.40m
[INFO] [1783540389.216134636] [shared_nav_semantic_explore]: [NAV] step=2658 mode=SEARCH fsm=SEARCH phase=EXPLORE_ALIGN mode=SEARCH | reason=semantic_explore_idle_wait | explore_phase=EXPLORE_ALIGN | search_mode=visual_handoff | cmd=stop | front=1.40m
[INFO] [1783540389.307173756] [shared_nav_semantic_explore]: [NAV] step=2659 mode=SEARCH fsm=SEARCH phase=EXPLORE_ALIGN mode=SEARCH | reason=semantic_explore_idle_wait | explore_phase=EXPLORE_ALIGN | search_mode=visual_handoff | cmd=stop | front=1.40m
[INFO] [1783540389.434752589] [shared_nav_semantic_explore]: [NAV] step=2660 mode=SEARCH fsm=SEARCH phase=EXPLORE_ALIGN mode=SEARCH | reason=semantic_explore_idle_wait | explore_phase=EXPLORE_ALIGN | search_mode=visual_handoff | cmd=stop | front=1.40m
[INFO] [1783540389.519783464] [shared_nav_semantic_explore]: [NAV] step=2661 mode=SEARCH fsm=SEARCH phase=EXPLORE_ALIGN mode=SEARCH | reason=semantic_explore_idle_wait | explore_phase=EXPLORE_ALIGN | search_mode=visual_handoff | cmd=stop | front=1.40m
[INFO] [1783540389.613313831] [shared_nav_semantic_explore]: [NAV] step=2662 mode=SEARCH fsm=SEARCH phase=EXPLORE_ALIGN mode=SEARCH | reason=semantic_explore_idle_wait | explore_phase=EXPLORE_ALIGN | search_mode=visual_handoff | cmd=stop | front=1.40m
[INFO] [1783540389.807506891] [shared_nav_semantic_explore]: [NAV] step=2663 mode=SEARCH fsm=SEARCH phase=EXPLORE_ALIGN mode=SEARCH | reason=semantic_explore_idle_wait | explore_phase=EXPLORE_ALIGN | search_mode=visual_handoff | cmd=stop | front=1.40m
[INFO] [1783540389.936964014] [shared_nav_semantic_explore]: [NAV] step=2664 mode=SEARCH fsm=SEARCH phase=EXPLORE_ALIGN mode=SEARCH | reason=semantic_explore_idle_wait | explore_phase=EXPLORE_ALIGN | search_mode=visual_handoff | cmd=stop | front=1.40m
[INFO] [1783540390.027736675] [shared_nav_semantic_explore]: [NAV] step=2665 mode=SEARCH fsm=SEARCH phase=EXPLORE_ALIGN mode=SEARCH | reason=semantic_explore_idle_wait | explore_phase=EXPLORE_ALIGN | search_mode=visual_handoff | cmd=stop | front=1.40m
[INFO] [1783540390.147042683] [shared_nav_semantic_explore]: [NAV] step=2666 mode=SEARCH fsm=SEARCH phase=EXPLORE_ALIGN mode=SEARCH | reason=semantic_explore_idle_wait | explore_phase=EXPLORE_ALIGN | search_mode=visual_handoff | cmd=stop | front=1.40m
[INFO] [1783540390.292572791] [shared_nav_semantic_explore]: [NAV] step=2667 mode=SEARCH fsm=SEARCH phase=EXPLORE_ALIGN mode=SEARCH | reason=semantic_explore_idle_wait | explore_phase=EXPLORE_ALIGN | search_mode=visual_handoff | cmd=stop | front=1.40m
[INFO] [1783540390.345213365] [shared_nav_semantic_explore]: [NAV] step=2668 mode=SEARCH fsm=SEARCH phase=EXPLORE_ALIGN mode=SEARCH | reason=semantic_explore_idle_wait | explore_phase=EXPLORE_ALIGN | search_mode=visual_handoff | cmd=stop | front=1.40m
[INFO] [1783540390.441054104] [shared_nav_semantic_explore]: [NAV] step=2669 mode=SEARCH fsm=SEARCH phase=EXPLORE_ALIGN mode=SEARCH | reason=semantic_explore_idle_wait | explore_phase=EXPLORE_ALIGN | search_mode=visual_handoff | cmd=stop | front=1.40m
[INFO] [1783540390.556288075] [shared_nav_semantic_explore]: [NAV] step=2670 mode=SEARCH fsm=SEARCH phase=EXPLORE_ALIGN mode=SEARCH | reason=semantic_explore_idle_wait | explore_phase=EXPLORE_ALIGN | search_mode=visual_handoff | cmd=stop | front=1.40m
[INFO] [1783540390.685011574] [shared_nav_semantic_explore]: [NAV] step=2671 mode=SEARCH fsm=SEARCH phase=EXPLORE_ALIGN mode=SEARCH | reason=semantic_explore_idle_wait | explore_phase=EXPLORE_ALIGN | search_mode=visual_handoff | cmd=stop | front=1.40m
[INFO] [1783540390.709953216] [shared_nav_semantic_explore]: [NAV] step=2672 mode=SEARCH fsm=SEARCH phase=EXPLORE_ALIGN mode=SEARCH | reason=semantic_explore_idle_wait | explore_phase=EXPLORE_ALIGN | search_mode=visual_handoff | cmd=stop | front=1.40m
[INFO] [1783540390.834744011] [shared_nav_semantic_explore]: [NAV] step=2673 mode=SEARCH fsm=SEARCH phase=EXPLORE_ALIGN mode=SEARCH | reason=semantic_explore_idle_wait | explore_phase=EXPLORE_ALIGN | search_mode=visual_handoff | cmd=stop | front=1.40m
[INFO] [1783540390.916930055] [shared_nav_semantic_explore]: [NAV] step=2674 mode=SEARCH fsm=SEARCH phase=EXPLORE_ALIGN mode=SEARCH | reason=semantic_explore_idle_wait | explore_phase=EXPLORE_ALIGN | search_mode=visual_handoff | cmd=stop | front=1.40m
[INFO] [1783540391.031138277] [shared_nav_semantic_explore]: [NAV] step=2675 mode=SEARCH fsm=SEARCH phase=EXPLORE_ALIGN mode=SEARCH | reason=semantic_explore_idle_wait | explore_phase=EXPLORE_ALIGN | search_mode=visual_handoff | cmd=stop | front=1.40m
[INFO] [1783540391.112211239] [shared_nav_semantic_explore]: [NAV] step=2676 mode=SEARCH fsm=SEARCH phase=EXPLORE_ALIGN mode=SEARCH | reason=semantic_explore_idle_wait | explore_phase=EXPLORE_ALIGN | search_mode=visual_handoff | cmd=stop | front=1.40m
[INFO] [1783540391.214103682] [shared_nav_semantic_explore]: [NAV] step=2677 mode=SEARCH fsm=SEARCH phase=EXPLORE_ALIGN mode=SEARCH | reason=semantic_explore_idle_wait | explore_phase=EXPLORE_ALIGN | search_mode=visual_handoff | cmd=stop | front=0.86m
[INFO] [1783540391.320494536] [shared_nav_semantic_explore]: [NAV] step=2678 mode=SEARCH fsm=SEARCH phase=EXPLORE_ALIGN mode=SEARCH | reason=semantic_explore_idle_wait | explore_phase=EXPLORE_ALIGN | search_mode=visual_handoff | cmd=stop | front=0.84m
[INFO] [1783540391.424116185] [shared_nav_semantic_explore]: [NAV] step=2679 mode=SEARCH fsm=SEARCH phase=EXPLORE_ALIGN mode=SEARCH | reason=semantic_explore_idle_wait | explore_phase=EXPLORE_ALIGN | search_mode=visual_handoff | cmd=stop | front=0.81m
[INFO] [1783540391.525386502] [shared_nav_semantic_explore]: [NAV] step=2680 mode=SEARCH fsm=SEARCH phase=EXPLORE_ALIGN mode=SEARCH | reason=semantic_explore_idle_wait | explore_phase=EXPLORE_ALIGN | search_mode=visual_handoff | cmd=stop | front=0.83m
[INFO] [1783540391.650281172] [shared_nav_semantic_explore]: [NAV] step=2681 mode=BLOCKED fsm=BLOCKED phase=EXPLORE_ALIGN mode=BLOCKED | reason=blocked_retreat_reverse | blocked_retreat_active | explore_phase=EXPLORE_ALIGN | search_mode=visual_handoff | cmd=vx=-0.050 | front=0.38m
[INFO] [1783540391.752695572] [shared_nav_semantic_explore]: [NAV] step=2682 mode=BLOCKED fsm=BLOCKED phase=EXPLORE_ALIGN mode=BLOCKED | reason=blocked_retreat_reverse | safety=blocked_retreat_pass | blocked_retreat_active | explore_phase=EXPLORE_ALIGN | search_mode=visual_handoff | cmd=vx=-0.050 | front=0.38m
[INFO] [1783540391.832608369] [shared_nav_semantic_explore]: [NAV] step=2683 mode=BLOCKED fsm=BLOCKED phase=EXPLORE_ALIGN mode=BLOCKED | reason=blocked_retreat_reverse | safety=blocked_retreat_pass | blocked_retreat_active | explore_phase=EXPLORE_ALIGN | search_mode=visual_handoff | cmd=vx=-0.050 | front=0.37m
[INFO] [1783540391.947156715] [shared_nav_semantic_explore]: [NAV] step=2684 mode=BLOCKED fsm=BLOCKED phase=EXPLORE_ALIGN mode=BLOCKED | reason=blocked_retreat_reverse | safety=blocked_retreat_pass | blocked_retreat_active | explore_phase=EXPLORE_ALIGN | search_mode=visual_handoff | cmd=vx=-0.050 | front=0.37m
[INFO] [1783540392.070628845] [shared_nav_semantic_explore]: [NAV] step=2685 mode=BLOCKED fsm=BLOCKED phase=EXPLORE_ALIGN mode=BLOCKED | reason=blocked_retreat_reverse | safety=blocked_retreat_pass | blocked_retreat_active | explore_phase=EXPLORE_ALIGN | search_mode=visual_handoff | cmd=vx=-0.050 | front=0.36m
[INFO] [1783540392.145529646] [shared_nav_semantic_explore]: [NAV] step=2686 mode=BLOCKED fsm=BLOCKED phase=EXPLORE_ALIGN mode=BLOCKED | reason=blocked_retreat_reverse | safety=blocked_retreat_pass | blocked_retreat_active | explore_phase=EXPLORE_ALIGN | search_mode=visual_handoff | cmd=vx=-0.050 | front=0.35m
[INFO] [1783540392.224065778] [shared_nav_semantic_explore]: [NAV] step=2687 mode=BLOCKED fsm=BLOCKED phase=EXPLORE_ALIGN mode=BLOCKED | reason=blocked_retreat_reverse | safety=blocked_retreat_pass | blocked_retreat_active | explore_phase=EXPLORE_ALIGN | search_mode=visual_handoff | cmd=vx=-0.050 | front=0.35m
[INFO] [1783540392.330254174] [shared_nav_semantic_explore]: [NAV] step=2688 mode=BLOCKED fsm=BLOCKED phase=EXPLORE_ALIGN mode=BLOCKED | reason=blocked_retreat_reverse | safety=blocked_retreat_pass | blocked_retreat_active | explore_phase=EXPLORE_ALIGN | search_mode=visual_handoff | cmd=vx=-0.050 | front=0.34m
[INFO] [1783540392.547377296] [shared_nav_semantic_explore]: [NAV] step=2689 mode=BLOCKED fsm=BLOCKED phase=EXPLORE_ALIGN mode=BLOCKED | reason=blocked_retreat_reverse | safety=blocked_retreat_pass | blocked_retreat_active | explore_phase=EXPLORE_ALIGN | search_mode=visual_handoff | cmd=vx=-0.050 | front=0.34m
[INFO] [1783540392.609412318] [shared_nav_semantic_explore]: [NAV] step=2690 mode=BLOCKED fsm=BLOCKED phase=EXPLORE_ALIGN mode=BLOCKED | reason=blocked_retreat_reverse | safety=blocked_retreat_pass | blocked_retreat_active | explore_phase=EXPLORE_ALIGN | search_mode=visual_handoff | cmd=vx=-0.050 | front=0.28m
[INFO] [1783540392.706817723] [shared_nav_semantic_explore]: [NAV] step=2691 mode=BLOCKED fsm=BLOCKED phase=EXPLORE_ALIGN mode=BLOCKED | reason=blocked_retreat_reverse | safety=blocked_retreat_pass | blocked_retreat_active | explore_phase=EXPLORE_ALIGN | search_mode=visual_handoff | cmd=vx=-0.050 | front=0.25m
[INFO] [1783540392.815733284] [shared_nav_semantic_explore]: [NAV] step=2692 mode=BLOCKED fsm=BLOCKED phase=EXPLORE_ALIGN mode=BLOCKED | reason=blocked_retreat_complete | safety=blocked_retreat_pass | explore_phase=EXPLORE_ALIGN | search_mode=visual_handoff | cmd=stop | front=1.43m
[INFO] [1783540392.967133927] [shared_nav_semantic_explore]: [NAV] step=2693 mode=BLOCKED fsm=BLOCKED phase=EXPLORE_ALIGN mode=BLOCKED | reason=blocked_free_space | safety=blocked_retreat_pass | explore_phase=EXPLORE_ALIGN | search_mode=visual_handoff | cmd=vx=+0.035 | front=1.43m
[INFO] [1783540393.012834383] [shared_nav_semantic_explore]: [NAV] step=2694 mode=SEARCH fsm=SEARCH phase=EXPLORE_ALIGN mode=SEARCH | reason=semantic_explore_idle_wait | explore_phase=EXPLORE_ALIGN | search_mode=visual_handoff | cmd=stop | front=1.44m
[INFO] [1783540393.108955164] [shared_nav_semantic_explore]: [NAV] step=2695 mode=SEARCH fsm=SEARCH phase=EXPLORE_ALIGN mode=SEARCH | reason=semantic_explore_idle_wait | explore_phase=EXPLORE_ALIGN | search_mode=visual_handoff | cmd=stop | front=1.44m
[INFO] [1783540393.214590144] [shared_nav_semantic_explore]: [NAV] step=2696 mode=SEARCH fsm=SEARCH phase=EXPLORE_ALIGN mode=SEARCH | reason=semantic_explore_idle_wait | explore_phase=EXPLORE_ALIGN | search_mode=visual_handoff | cmd=stop | front=1.44m
[INFO] [1783540393.310119259] [shared_nav_semantic_explore]: [NAV] step=2697 mode=SEARCH fsm=SEARCH phase=EXPLORE_ALIGN mode=SEARCH | reason=semantic_explore_idle_wait | explore_phase=EXPLORE_ALIGN | search_mode=visual_handoff | cmd=stop | front=1.44m
[INFO] [1783540393.412519535] [shared_nav_semantic_explore]: [NAV] step=2698 mode=SEARCH fsm=SEARCH phase=EXPLORE_ALIGN mode=SEARCH | reason=semantic_explore_idle_wait | explore_phase=EXPLORE_ALIGN | search_mode=visual_handoff | cmd=stop | front=1.44m
[INFO] [1783540393.507825025] [shared_nav_semantic_explore]: [NAV] step=2699 mode=SEARCH fsm=SEARCH phase=EXPLORE_ALIGN mode=SEARCH | reason=semantic_explore_idle_wait | explore_phase=EXPLORE_ALIGN | search_mode=visual_handoff | cmd=stop | front=1.44m
[INFO] [1783540393.616724335] [shared_nav_semantic_explore]: [NAV] step=2700 mode=SEARCH fsm=SEARCH phase=EXPLORE_ALIGN mode=SEARCH | reason=semantic_explore_idle_wait | explore_phase=EXPLORE_ALIGN | search_mode=visual_handoff | cmd=stop | front=1.44m
[INFO] [1783540393.718147528] [shared_nav_semantic_explore]: [NAV] step=2701 mode=SEARCH fsm=SEARCH phase=EXPLORE_ALIGN mode=SEARCH | reason=semantic_explore_idle_wait | explore_phase=EXPLORE_ALIGN | search_mode=visual_handoff | cmd=stop | front=1.44m
[INFO] [1783540393.814869142] [shared_nav_semantic_explore]: [NAV] step=2702 mode=SEARCH fsm=SEARCH phase=EXPLORE_ALIGN mode=SEARCH | reason=semantic_explore_idle_wait | explore_phase=EXPLORE_ALIGN | search_mode=visual_handoff | cmd=stop | front=1.45m
[INFO] [1783540393.913712837] [shared_nav_semantic_explore]: [NAV] step=2703 mode=SEARCH fsm=SEARCH phase=EXPLORE_ALIGN mode=SEARCH | reason=semantic_explore_idle_wait | explore_phase=EXPLORE_ALIGN | search_mode=visual_handoff | cmd=stop | front=1.44m
[INFO] [1783540394.019473609] [shared_nav_semantic_explore]: [NAV] step=2704 mode=SEARCH fsm=SEARCH phase=EXPLORE_ALIGN mode=SEARCH | reason=semantic_explore_idle_wait | explore_phase=EXPLORE_ALIGN | search_mode=visual_handoff | cmd=stop | front=1.44m
[INFO] [1783540394.123936924] [shared_nav_semantic_explore]: [NAV] step=2705 mode=SEARCH fsm=SEARCH phase=EXPLORE_ALIGN mode=SEARCH | reason=semantic_explore_idle_wait | explore_phase=EXPLORE_ALIGN | search_mode=visual_handoff | cmd=stop | front=1.45m
[INFO] [1783540394.218004874] [shared_nav_semantic_explore]: [NAV] step=2706 mode=SEARCH fsm=SEARCH phase=EXPLORE_ALIGN mode=SEARCH | reason=semantic_explore_idle_wait | explore_phase=EXPLORE_ALIGN | search_mode=visual_handoff | cmd=stop | front=1.44m
[INFO] [1783540394.354790032] [shared_nav_semantic_explore]: [NAV] step=2707 mode=SEARCH fsm=SEARCH phase=EXPLORE_ALIGN mode=SEARCH | reason=semantic_explore_idle_wait | explore_phase=EXPLORE_ALIGN | search_mode=visual_handoff | cmd=stop | front=1.44m
[INFO] [1783540394.420326552] [shared_nav_semantic_explore]: [NAV] step=2708 mode=SEARCH fsm=SEARCH phase=EXPLORE_ALIGN mode=SEARCH | reason=semantic_explore_idle_wait | explore_phase=EXPLORE_ALIGN | search_mode=visual_handoff | cmd=stop | front=1.44m
[INFO] [1783540394.579013480] [shared_nav_semantic_explore]: [NAV] step=2709 mode=SEARCH fsm=SEARCH phase=EXPLORE_ALIGN mode=SEARCH | reason=semantic_explore_idle_wait | explore_phase=EXPLORE_ALIGN | search_mode=visual_handoff | cmd=stop | front=1.44m
[INFO] [1783540394.615214903] [shared_nav_semantic_explore]: [NAV] step=2710 mode=SEARCH fsm=SEARCH phase=EXPLORE_ALIGN mode=SEARCH | reason=semantic_explore_idle_wait | explore_phase=EXPLORE_ALIGN | search_mode=visual_handoff | cmd=stop | front=1.44m
[INFO] [1783540394.716612096] [shared_nav_semantic_explore]: [NAV] step=2711 mode=SEARCH fsm=SEARCH phase=EXPLORE_ALIGN mode=SEARCH | reason=semantic_explore_idle_wait | explore_phase=EXPLORE_ALIGN | search_mode=visual_handoff | cmd=stop | front=1.45m
[INFO] [1783540394.813936668] [shared_nav_semantic_explore]: [NAV] step=2712 mode=SEARCH fsm=SEARCH phase=EXPLORE_ALIGN mode=SEARCH | reason=semantic_explore_idle_wait | explore_phase=EXPLORE_ALIGN | search_mode=visual_handoff | cmd=stop | front=1.44m
[INFO] [1783540394.911501031] [shared_nav_semantic_explore]: [NAV] step=2713 mode=SEARCH fsm=SEARCH phase=EXPLORE_ALIGN mode=SEARCH | reason=semantic_explore_idle_wait | explore_phase=EXPLORE_ALIGN | search_mode=visual_handoff | cmd=stop | front=1.44m
[INFO] [1783540395.009417603] [shared_nav_semantic_explore]: [NAV] step=2714 mode=SEARCH fsm=SEARCH phase=EXPLORE_ALIGN mode=SEARCH | reason=semantic_explore_idle_wait | explore_phase=EXPLORE_ALIGN | search_mode=visual_handoff | cmd=stop | front=1.44m
[INFO] [1783540395.110473587] [shared_nav_semantic_explore]: [NAV] step=2715 mode=SEARCH fsm=SEARCH phase=EXPLORE_ALIGN mode=SEARCH | reason=semantic_explore_idle_wait | explore_phase=EXPLORE_ALIGN | search_mode=visual_handoff | cmd=stop | front=1.44m
[INFO] [1783540395.204873954] [shared_nav_semantic_explore]: [NAV] step=2716 mode=SEARCH fsm=SEARCH phase=EXPLORE_ALIGN mode=SEARCH | reason=semantic_explore_idle_wait | explore_phase=EXPLORE_ALIGN | search_mode=visual_handoff | cmd=stop | front=1.44m
[INFO] [1783540395.313340598] [shared_nav_semantic_explore]: [NAV] step=2717 mode=SEARCH fsm=SEARCH phase=EXPLORE_ALIGN mode=SEARCH | reason=semantic_explore_idle_wait | explore_phase=EXPLORE_ALIGN | search_mode=visual_handoff | cmd=stop | front=1.44m
[INFO] [1783540395.405738800] [shared_nav_semantic_explore]: [NAV] step=2718 mode=SEARCH fsm=SEARCH phase=EXPLORE_ALIGN mode=SEARCH | reason=semantic_explore_idle_wait | explore_phase=EXPLORE_ALIGN | search_mode=visual_handoff | cmd=stop | front=1.44m
[INFO] [1783540395.508578450] [shared_nav_semantic_explore]: [NAV] step=2719 mode=SEARCH fsm=SEARCH phase=EXPLORE_ALIGN mode=SEARCH | reason=semantic_explore_idle_wait | explore_phase=EXPLORE_ALIGN | search_mode=visual_handoff | cmd=stop | front=1.44m
[INFO] [1783540395.605121314] [shared_nav_semantic_explore]: [NAV] step=2720 mode=SEARCH fsm=SEARCH phase=EXPLORE_ALIGN mode=SEARCH | reason=semantic_explore_idle_wait | explore_phase=EXPLORE_ALIGN | search_mode=visual_handoff | cmd=stop | front=1.44m
[INFO] [1783540395.714234124] [shared_nav_semantic_explore]: [NAV] step=2721 mode=SEARCH fsm=SEARCH phase=EXPLORE_ALIGN mode=SEARCH | reason=semantic_explore_idle_wait | explore_phase=EXPLORE_ALIGN | search_mode=visual_handoff | cmd=stop | front=1.44m
[INFO] [1783540395.822588936] [shared_nav_semantic_explore]: [NAV] step=2722 mode=SEARCH fsm=SEARCH phase=EXPLORE_ALIGN mode=SEARCH | reason=semantic_explore_idle_wait | explore_phase=EXPLORE_ALIGN | search_mode=visual_handoff | cmd=stop | front=1.44m
[INFO] [1783540395.918072634] [shared_nav_semantic_explore]: [NAV] step=2723 mode=SEARCH fsm=SEARCH phase=EXPLORE_ALIGN mode=SEARCH | reason=semantic_explore_idle_wait | explore_phase=EXPLORE_ALIGN | search_mode=visual_handoff | cmd=stop | front=1.44m
[INFO] [1783540396.023915740] [shared_nav_semantic_explore]: [NAV] step=2724 mode=SEARCH fsm=SEARCH phase=EXPLORE_ALIGN mode=SEARCH | reason=semantic_explore_idle_wait | explore_phase=EXPLORE_ALIGN | search_mode=visual_handoff | cmd=stop | front=1.44m
[INFO] [1783540396.120058563] [shared_nav_semantic_explore]: [NAV] step=2725 mode=SEARCH fsm=SEARCH phase=EXPLORE_ALIGN mode=SEARCH | reason=semantic_explore_idle_wait | explore_phase=EXPLORE_ALIGN | search_mode=visual_handoff | cmd=stop | front=1.44m
[INFO] [1783540396.212917431] [shared_nav_semantic_explore]: [NAV] step=2726 mode=SEARCH fsm=SEARCH phase=EXPLORE_ALIGN mode=SEARCH | reason=semantic_explore_idle_wait | explore_phase=EXPLORE_ALIGN | search_mode=visual_handoff | cmd=stop | front=1.44m
[INFO] [1783540396.313604749] [shared_nav_semantic_explore]: [NAV] step=2727 mode=SEARCH fsm=SEARCH phase=EXPLORE_ALIGN mode=SEARCH | reason=semantic_explore_idle_wait | explore_phase=EXPLORE_ALIGN | search_mode=visual_handoff | cmd=stop | front=1.44m
[INFO] [1783540396.419926854] [shared_nav_semantic_explore]: [NAV] step=2728 mode=SEARCH fsm=SEARCH phase=EXPLORE_ALIGN mode=SEARCH | reason=semantic_explore_idle_wait | explore_phase=EXPLORE_ALIGN | search_mode=visual_handoff | cmd=stop | front=1.44m
[INFO] [1783540396.517248468] [shared_nav_semantic_explore]: [NAV] step=2729 mode=SEARCH fsm=SEARCH phase=EXPLORE_ALIGN mode=SEARCH | reason=semantic_explore_idle_wait | explore_phase=EXPLORE_ALIGN | search_mode=visual_handoff | cmd=stop | front=1.44m
[INFO] [1783540396.622200616] [shared_nav_semantic_explore]: [NAV] step=2730 mode=SEARCH fsm=SEARCH phase=EXPLORE_ALIGN mode=SEARCH | reason=semantic_explore_idle_wait | explore_phase=EXPLORE_ALIGN | search_mode=visual_handoff | cmd=stop | front=1.44m
[INFO] [1783540396.712126820] [shared_nav_semantic_explore]: [NAV] step=2731 mode=SEARCH fsm=SEARCH phase=EXPLORE_ALIGN mode=SEARCH | reason=semantic_explore_idle_wait | explore_phase=EXPLORE_ALIGN | search_mode=visual_handoff | cmd=stop | front=1.44m
[INFO] [1783540396.809058934] [shared_nav_semantic_explore]: [NAV] step=2732 mode=SEARCH fsm=SEARCH phase=EXPLORE_ALIGN mode=SEARCH | reason=semantic_explore_idle_wait | explore_phase=EXPLORE_ALIGN | search_mode=visual_handoff | cmd=stop | front=1.44m
[INFO] [1783540396.916334538] [shared_nav_semantic_explore]: [NAV] step=2733 mode=SEARCH fsm=SEARCH phase=EXPLORE_ALIGN mode=SEARCH | reason=semantic_explore_idle_wait | explore_phase=EXPLORE_ALIGN | search_mode=visual_handoff | cmd=stop | front=1.44m
[INFO] [1783540397.013607068] [shared_nav_semantic_explore]: [NAV] step=2734 mode=SEARCH fsm=SEARCH phase=EXPLORE_ALIGN mode=SEARCH | reason=semantic_explore_idle_wait | explore_phase=EXPLORE_ALIGN | search_mode=visual_handoff | cmd=stop | front=1.44m
[INFO] [1783540397.113900137] [shared_nav_semantic_explore]: [NAV] step=2735 mode=SEARCH fsm=SEARCH phase=EXPLORE_ALIGN mode=SEARCH | reason=semantic_explore_idle_wait | explore_phase=EXPLORE_ALIGN | search_mode=visual_handoff | cmd=stop | front=1.44m
[INFO] [1783540397.210067377] [shared_nav_semantic_explore]: [NAV] step=2736 mode=SEARCH fsm=SEARCH phase=EXPLORE_ALIGN mode=SEARCH | reason=semantic_explore_idle_wait | explore_phase=EXPLORE_ALIGN | search_mode=visual_handoff | cmd=stop | front=1.44m
[INFO] [1783540397.311398070] [shared_nav_semantic_explore]: [NAV] step=2737 mode=SEARCH fsm=SEARCH phase=EXPLORE_ALIGN mode=SEARCH | reason=semantic_explore_idle_wait | explore_phase=EXPLORE_ALIGN | search_mode=visual_handoff | cmd=stop | front=1.44m
[INFO] [1783540397.414565178] [shared_nav_semantic_explore]: [NAV] step=2738 mode=SEARCH fsm=SEARCH phase=EXPLORE_ALIGN mode=SEARCH | reason=semantic_explore_idle_wait | explore_phase=EXPLORE_ALIGN | search_mode=visual_handoff | cmd=stop | front=1.44m
[INFO] [1783540397.504769299] [shared_nav_semantic_explore]: [NAV] step=2739 mode=SEARCH fsm=SEARCH phase=EXPLORE_ALIGN mode=SEARCH | reason=semantic_explore_idle_wait | explore_phase=EXPLORE_ALIGN | search_mode=visual_handoff | cmd=stop | front=1.44m
[INFO] [1783540397.609994613] [shared_nav_semantic_explore]: [NAV] step=2740 mode=SEARCH fsm=SEARCH phase=EXPLORE_ALIGN mode=SEARCH | reason=semantic_explore_idle_wait | explore_phase=EXPLORE_ALIGN | search_mode=visual_handoff | cmd=stop | front=1.44m
[INFO] [1783540397.716376593] [shared_nav_semantic_explore]: [NAV] step=2741 mode=SEARCH fsm=SEARCH phase=EXPLORE_ALIGN mode=SEARCH | reason=semantic_explore_idle_wait | explore_phase=EXPLORE_ALIGN | search_mode=visual_handoff | cmd=stop | front=1.44m
[INFO] [1783540397.815720247] [shared_nav_semantic_explore]: [NAV] step=2742 mode=SEARCH fsm=SEARCH phase=EXPLORE_ALIGN mode=SEARCH | reason=semantic_explore_idle_wait | explore_phase=EXPLORE_ALIGN | search_mode=visual_handoff | cmd=stop | front=1.44m
[INFO] [1783540397.916855398] [shared_nav_semantic_explore]: [NAV] step=2743 mode=SEARCH fsm=SEARCH phase=EXPLORE_ALIGN mode=SEARCH | reason=semantic_explore_idle_wait | explore_phase=EXPLORE_ALIGN | search_mode=visual_handoff | cmd=stop | front=1.44m
[INFO] [1783540398.047227313] [shared_nav_semantic_explore]: [NAV] step=2744 mode=SEARCH fsm=SEARCH phase=EXPLORE_ALIGN mode=SEARCH | reason=semantic_explore_idle_wait | explore_phase=EXPLORE_ALIGN | search_mode=visual_handoff | cmd=stop | front=1.44m
[INFO] [1783540398.130787566] [shared_nav_semantic_explore]: [NAV] step=2745 mode=SEARCH fsm=SEARCH phase=EXPLORE_ALIGN mode=SEARCH | reason=semantic_explore_idle_wait | explore_phase=EXPLORE_ALIGN | search_mode=visual_handoff | cmd=stop | front=1.44m
[INFO] [1783540398.231686009] [shared_nav_semantic_explore]: [NAV] step=2746 mode=SEARCH fsm=SEARCH phase=EXPLORE_ALIGN mode=SEARCH | reason=semantic_explore_idle_wait | explore_phase=EXPLORE_ALIGN | search_mode=visual_handoff | cmd=stop | front=1.44m
[INFO] [1783540398.320128798] [shared_nav_semantic_explore]: [NAV] step=2747 mode=SEARCH fsm=SEARCH phase=EXPLORE_ALIGN mode=SEARCH | reason=semantic_explore_idle_wait | explore_phase=EXPLORE_ALIGN | search_mode=visual_handoff | cmd=stop | front=1.44m
[INFO] [1783540398.420375784] [shared_nav_semantic_explore]: [NAV] step=2748 mode=SEARCH fsm=SEARCH phase=EXPLORE_ALIGN mode=SEARCH | reason=semantic_explore_idle_wait | explore_phase=EXPLORE_ALIGN | search_mode=visual_handoff | cmd=stop | front=1.44m
[INFO] [1783540398.516040191] [shared_nav_semantic_explore]: [NAV] step=2749 mode=SEARCH fsm=SEARCH phase=EXPLORE_ALIGN mode=SEARCH | reason=semantic_explore_idle_wait | explore_phase=EXPLORE_ALIGN | search_mode=visual_handoff | cmd=stop | front=1.44m
[INFO] [1783540398.615657970] [shared_nav_semantic_explore]: [NAV] step=2750 mode=SEARCH fsm=SEARCH phase=EXPLORE_ALIGN mode=SEARCH | reason=semantic_explore_idle_wait | explore_phase=EXPLORE_ALIGN | search_mode=visual_handoff | cmd=stop | front=1.44m
[INFO] [1783540398.715837539] [shared_nav_semantic_explore]: [NAV] step=2751 mode=SEARCH fsm=SEARCH phase=EXPLORE_ALIGN mode=SEARCH | reason=semantic_explore_idle_wait | explore_phase=EXPLORE_ALIGN | search_mode=visual_handoff | cmd=stop | front=1.44m
[INFO] [1783540398.822286852] [shared_nav_semantic_explore]: [NAV] step=2752 mode=SEARCH fsm=SEARCH phase=EXPLORE_ALIGN mode=SEARCH | reason=semantic_explore_idle_wait | explore_phase=EXPLORE_ALIGN | search_mode=visual_handoff | cmd=stop | front=1.45m
[INFO] [1783540398.914599096] [shared_nav_semantic_explore]: [NAV] step=2753 mode=SEARCH fsm=SEARCH phase=EXPLORE_ALIGN mode=SEARCH | reason=semantic_explore_idle_wait | explore_phase=EXPLORE_ALIGN | search_mode=visual_handoff | cmd=stop | front=1.44m
[INFO] [1783540399.019667619] [shared_nav_semantic_explore]: [NAV] step=2754 mode=SEARCH fsm=SEARCH phase=EXPLORE_ALIGN mode=SEARCH | reason=semantic_explore_idle_wait | explore_phase=EXPLORE_ALIGN | search_mode=visual_handoff | cmd=stop | front=1.44m
[INFO] [1783540399.117915149] [shared_nav_semantic_explore]: [NAV] step=2755 mode=SEARCH fsm=SEARCH phase=EXPLORE_ALIGN mode=SEARCH | reason=semantic_explore_idle_wait | explore_phase=EXPLORE_ALIGN | search_mode=visual_handoff | cmd=stop | front=1.44m
[INFO] [1783540399.215707970] [shared_nav_semantic_explore]: [NAV] step=2756 mode=SEARCH fsm=SEARCH phase=EXPLORE_ALIGN mode=SEARCH | reason=semantic_explore_idle_wait | explore_phase=EXPLORE_ALIGN | search_mode=visual_handoff | cmd=stop | front=1.44m
[INFO] [1783540399.315821623] [shared_nav_semantic_explore]: [NAV] step=2757 mode=SEARCH fsm=SEARCH phase=EXPLORE_ALIGN mode=SEARCH | reason=semantic_explore_idle_wait | explore_phase=EXPLORE_ALIGN | search_mode=visual_handoff | cmd=stop | front=1.45m
[INFO] [1783540399.433238301] [shared_nav_semantic_explore]: [NAV] step=2758 mode=SEARCH fsm=SEARCH phase=EXPLORE_ALIGN mode=SEARCH | reason=semantic_explore_idle_wait | explore_phase=EXPLORE_ALIGN | search_mode=visual_handoff | cmd=stop | front=1.44m
[INFO] [1783540399.531717955] [shared_nav_semantic_explore]: [NAV] step=2759 mode=SEARCH fsm=SEARCH phase=EXPLORE_ALIGN mode=SEARCH | reason=semantic_explore_idle_wait | explore_phase=EXPLORE_ALIGN | search_mode=visual_handoff | cmd=stop | front=1.45m
[INFO] [1783540399.614662167] [shared_nav_semantic_explore]: [NAV] step=2760 mode=SEARCH fsm=SEARCH phase=EXPLORE_ALIGN mode=SEARCH | reason=semantic_explore_idle_wait | explore_phase=EXPLORE_ALIGN | search_mode=visual_handoff | cmd=stop | front=1.44m
[INFO] [1783540399.719497690] [shared_nav_semantic_explore]: [NAV] step=2761 mode=SEARCH fsm=SEARCH phase=EXPLORE_ALIGN mode=SEARCH | reason=semantic_explore_idle_wait | explore_phase=EXPLORE_ALIGN | search_mode=visual_handoff | cmd=stop | front=1.44m
[INFO] [1783540399.810352768] [shared_nav_semantic_explore]: [NAV] step=2762 mode=SEARCH fsm=SEARCH phase=EXPLORE_ALIGN mode=SEARCH | reason=semantic_explore_idle_wait | explore_phase=EXPLORE_ALIGN | search_mode=visual_handoff | cmd=stop | front=1.44m
[INFO] [1783540399.907310466] [shared_nav_semantic_explore]: [NAV] step=2763 mode=SEARCH fsm=SEARCH phase=EXPLORE_ALIGN mode=SEARCH | reason=semantic_explore_idle_wait | explore_phase=EXPLORE_ALIGN | search_mode=visual_handoff | cmd=stop | front=1.45m
[INFO] [1783540400.013100363] [shared_nav_semantic_explore]: [NAV] step=2764 mode=SEARCH fsm=SEARCH phase=EXPLORE_ALIGN mode=SEARCH | reason=semantic_explore_idle_wait | explore_phase=EXPLORE_ALIGN | search_mode=visual_handoff | cmd=stop | front=1.44m
[INFO] [1783540400.108642729] [shared_nav_semantic_explore]: [NAV] step=2765 mode=SEARCH fsm=SEARCH phase=EXPLORE_ALIGN mode=SEARCH | reason=semantic_explore_idle_wait | explore_phase=EXPLORE_ALIGN | search_mode=visual_handoff | cmd=stop | front=1.44m
[INFO] [1783540400.209420298] [shared_nav_semantic_explore]: [NAV] step=2766 mode=SEARCH fsm=SEARCH phase=EXPLORE_ALIGN mode=SEARCH | reason=semantic_explore_idle_wait | explore_phase=EXPLORE_ALIGN | search_mode=visual_handoff | cmd=stop | front=1.44m
[INFO] [1783540400.322712646] [shared_nav_semantic_explore]: [NAV] step=2767 mode=SEARCH fsm=SEARCH phase=EXPLORE_ALIGN mode=SEARCH | reason=semantic_explore_idle_wait | explore_phase=EXPLORE_ALIGN | search_mode=visual_handoff | cmd=stop | front=1.44m
[INFO] [1783540400.408787396] [shared_nav_semantic_explore]: [NAV] step=2768 mode=SEARCH fsm=SEARCH phase=EXPLORE_ALIGN mode=SEARCH | reason=semantic_explore_idle_wait | explore_phase=EXPLORE_ALIGN | search_mode=visual_handoff | cmd=stop | front=1.44m
[INFO] [1783540400.514218961] [shared_nav_semantic_explore]: [NAV] step=2769 mode=SEARCH fsm=SEARCH phase=EXPLORE_ALIGN mode=SEARCH | reason=semantic_explore_idle_wait | explore_phase=EXPLORE_ALIGN | search_mode=visual_handoff | cmd=stop | front=1.44m
[INFO] [1783540400.611635491] [shared_nav_semantic_explore]: [NAV] step=2770 mode=SEARCH fsm=SEARCH phase=EXPLORE_ALIGN mode=SEARCH | reason=semantic_explore_idle_wait | explore_phase=EXPLORE_ALIGN | search_mode=visual_handoff | cmd=stop | front=1.44m
[INFO] [1783540400.718712262] [shared_nav_semantic_explore]: [NAV] step=2771 mode=SEARCH fsm=SEARCH phase=EXPLORE_ALIGN mode=SEARCH | reason=semantic_explore_idle_wait | explore_phase=EXPLORE_ALIGN | search_mode=visual_handoff | cmd=stop | front=1.44m
[INFO] [1783540400.814398920] [shared_nav_semantic_explore]: [NAV] step=2772 mode=SEARCH fsm=SEARCH phase=EXPLORE_ALIGN mode=SEARCH | reason=semantic_explore_idle_wait | explore_phase=EXPLORE_ALIGN | search_mode=visual_handoff | cmd=stop | front=1.44m
[INFO] [1783540400.914026573] [shared_nav_semantic_explore]: [NAV] step=2773 mode=SEARCH fsm=SEARCH phase=EXPLORE_ALIGN mode=SEARCH | reason=semantic_explore_idle_wait | explore_phase=EXPLORE_ALIGN | search_mode=visual_handoff | cmd=stop | front=1.45m
[INFO] [1783540401.013647268] [shared_nav_semantic_explore]: [NAV] step=2774 mode=SEARCH fsm=SEARCH phase=EXPLORE_ALIGN mode=SEARCH | reason=semantic_explore_idle_wait | explore_phase=EXPLORE_ALIGN | search_mode=visual_handoff | cmd=stop | front=1.45m
[INFO] [1783540401.117909459] [shared_nav_semantic_explore]: [NAV] step=2775 mode=SEARCH fsm=SEARCH phase=EXPLORE_ALIGN mode=SEARCH | reason=semantic_explore_idle_wait | explore_phase=EXPLORE_ALIGN | search_mode=visual_handoff | cmd=stop | front=1.44m
[INFO] [1783540401.216494572] [shared_nav_semantic_explore]: [NAV] step=2776 mode=SEARCH fsm=SEARCH phase=EXPLORE_ALIGN mode=SEARCH | reason=semantic_explore_idle_wait | explore_phase=EXPLORE_ALIGN | search_mode=visual_handoff | cmd=stop | front=1.44m
[INFO] [1783540401.335126457] [shared_nav_semantic_explore]: [NAV] step=2777 mode=SEARCH fsm=SEARCH phase=EXPLORE_ALIGN mode=SEARCH | reason=semantic_explore_idle_wait | explore_phase=EXPLORE_ALIGN | search_mode=visual_handoff | cmd=stop | front=1.44m
[INFO] [1783540401.420863832] [shared_nav_semantic_explore]: [NAV] step=2778 mode=SEARCH fsm=SEARCH phase=EXPLORE_ALIGN mode=SEARCH | reason=semantic_explore_idle_wait | explore_phase=EXPLORE_ALIGN | search_mode=visual_handoff | cmd=stop | front=1.44m
[INFO] [1783540401.528952894] [shared_nav_semantic_explore]: [NAV] step=2779 mode=SEARCH fsm=SEARCH phase=EXPLORE_ALIGN mode=SEARCH | reason=semantic_explore_idle_wait | explore_phase=EXPLORE_ALIGN | search_mode=visual_handoff | cmd=stop | front=1.44m
[INFO] [1783540401.624073968] [shared_nav_semantic_explore]: [NAV] step=2780 mode=SEARCH fsm=SEARCH phase=EXPLORE_ALIGN mode=SEARCH | reason=semantic_explore_idle_wait | explore_phase=EXPLORE_ALIGN | search_mode=visual_handoff | cmd=stop | front=1.44m
[INFO] [1783540401.728701784] [shared_nav_semantic_explore]: [NAV] step=2781 mode=SEARCH fsm=SEARCH phase=EXPLORE_ALIGN mode=SEARCH | reason=semantic_explore_idle_wait | explore_phase=EXPLORE_ALIGN | search_mode=visual_handoff | cmd=stop | front=1.44m
[INFO] [1783540401.831187351] [shared_nav_semantic_explore]: [NAV] step=2782 mode=SEARCH fsm=SEARCH phase=EXPLORE_ALIGN mode=SEARCH | reason=semantic_explore_idle_wait | explore_phase=EXPLORE_ALIGN | search_mode=visual_handoff | cmd=stop | front=1.44m
[INFO] [1783540401.907574152] [shared_nav_semantic_explore]: [NAV] step=2783 mode=SEARCH fsm=SEARCH phase=EXPLORE_ALIGN mode=SEARCH | reason=semantic_explore_idle_wait | explore_phase=EXPLORE_ALIGN | search_mode=visual_handoff | cmd=stop | front=1.44m
[INFO] [1783540402.010338636] [shared_nav_semantic_explore]: [NAV] step=2784 mode=SEARCH fsm=SEARCH phase=EXPLORE_ALIGN mode=SEARCH | reason=semantic_explore_idle_wait | explore_phase=EXPLORE_ALIGN | search_mode=visual_handoff | cmd=stop | front=1.44m
[INFO] [1783540402.109761873] [shared_nav_semantic_explore]: [NAV] step=2785 mode=SEARCH fsm=SEARCH phase=EXPLORE_ALIGN mode=SEARCH | reason=semantic_explore_idle_wait | explore_phase=EXPLORE_ALIGN | search_mode=visual_handoff | cmd=stop | front=1.44m
[INFO] [1783540402.209442193] [shared_nav_semantic_explore]: [NAV] step=2786 mode=SEARCH fsm=SEARCH phase=EXPLORE_ALIGN mode=SEARCH | reason=semantic_explore_idle_wait | explore_phase=EXPLORE_ALIGN | search_mode=visual_handoff | cmd=stop | front=1.44m
                                                                                                                                                                                                                                                                                                                                                                                                                                                                                                                                                                                                                                                                                                                                                                                                                                                                                                                                                                                                                                                                                                                                                                           