[INFO] [launch]: All log files can be found below /root/.ros/log/2026-07-02-20-46-14-985178-ubuntu-11277
[INFO] [launch]: Default logging verbosity is set to INFO
[INFO] [map_server-1]: process started with pid [11340]
[INFO] [amcl-2]: process started with pid [11342]
[INFO] [lifecycle_manager-3]: process started with pid [11344]
[INFO] [controller_server-4]: process started with pid [11349]
[INFO] [smoother_server-5]: process started with pid [11353]
[INFO] [planner_server-6]: process started with pid [11355]
[INFO] [behavior_server-7]: process started with pid [11359]
[INFO] [bt_navigator-8]: process started with pid [11361]
[INFO] [waypoint_follower-9]: process started with pid [11363]
[INFO] [velocity_smoother-10]: process started with pid [11365]
[INFO] [lifecycle_manager-11]: process started with pid [11371]
[lifecycle_manager-3] [INFO] [1782996377.624592369] [lifecycle_manager_localization]: Creating
[lifecycle_manager-11] [INFO] [1782996377.762592010] [lifecycle_manager_navigation]: Creating
[lifecycle_manager-3] [INFO] [1782996377.766777842] [lifecycle_manager_localization]: [34m[1mCreating and initializing lifecycle service clients[0m[0m
[lifecycle_manager-11] [INFO] [1782996377.908404899] [lifecycle_manager_navigation]: [34m[1mCreating and initializing lifecycle service clients[0m[0m
[amcl-2] [INFO] [1782996378.120407901] [amcl]: 
[amcl-2] 	amcl lifecycle node launched. 
[amcl-2] 	Waiting on external lifecycle transitions to activate
[amcl-2] 	See https://design.ros2.org/articles/node_lifecycle.html for more information.
[planner_server-6] [INFO] [1782996378.153000145] [planner_server]: 
[planner_server-6] 	planner_server lifecycle node launched. 
[planner_server-6] 	Waiting on external lifecycle transitions to activate
[planner_server-6] 	See https://design.ros2.org/articles/node_lifecycle.html for more information.
[amcl-2] [INFO] [1782996378.170056433] [amcl]: Creating
[planner_server-6] [INFO] [1782996378.212078717] [planner_server]: Creating
[map_server-1] [INFO] [1782996378.242466920] [map_server]: 
[map_server-1] 	map_server lifecycle node launched. 
[map_server-1] 	Waiting on external lifecycle transitions to activate
[map_server-1] 	See https://design.ros2.org/articles/node_lifecycle.html for more information.
[map_server-1] [INFO] [1782996378.260265083] [map_server]: Creating
[velocity_smoother-10] [INFO] [1782996378.394719683] [velocity_smoother]: 
[velocity_smoother-10] 	velocity_smoother lifecycle node launched. 
[velocity_smoother-10] 	Waiting on external lifecycle transitions to activate
[velocity_smoother-10] 	See https://design.ros2.org/articles/node_lifecycle.html for more information.
[behavior_server-7] [INFO] [1782996378.433719925] [behavior_server]: 
[behavior_server-7] 	behavior_server lifecycle node launched. 
[behavior_server-7] 	Waiting on external lifecycle transitions to activate
[behavior_server-7] 	See https://design.ros2.org/articles/node_lifecycle.html for more information.
[waypoint_follower-9] [INFO] [1782996378.503544954] [waypoint_follower]: 
[waypoint_follower-9] 	waypoint_follower lifecycle node launched. 
[waypoint_follower-9] 	Waiting on external lifecycle transitions to activate
[waypoint_follower-9] 	See https://design.ros2.org/articles/node_lifecycle.html for more information.
[waypoint_follower-9] [INFO] [1782996378.515039285] [waypoint_follower]: Creating
[smoother_server-5] [INFO] [1782996378.590874479] [smoother_server]: 
[smoother_server-5] 	smoother_server lifecycle node launched. 
[smoother_server-5] 	Waiting on external lifecycle transitions to activate
[smoother_server-5] 	See https://design.ros2.org/articles/node_lifecycle.html for more information.
[smoother_server-5] [INFO] [1782996378.597946020] [smoother_server]: Creating smoother server
[bt_navigator-8] [INFO] [1782996378.713262415] [bt_navigator]: 
[bt_navigator-8] 	bt_navigator lifecycle node launched. 
[bt_navigator-8] 	Waiting on external lifecycle transitions to activate
[bt_navigator-8] 	See https://design.ros2.org/articles/node_lifecycle.html for more information.
[bt_navigator-8] [INFO] [1782996378.713893956] [bt_navigator]: Creating
[controller_server-4] [INFO] [1782996378.780510902] [controller_server]: 
[controller_server-4] 	controller_server lifecycle node launched. 
[controller_server-4] 	Waiting on external lifecycle transitions to activate
[controller_server-4] 	See https://design.ros2.org/articles/node_lifecycle.html for more information.
[planner_server-6] [INFO] [1782996378.831039767] [global_costmap.global_costmap]: 
[planner_server-6] 	global_costmap lifecycle node launched. 
[planner_server-6] 	Waiting on external lifecycle transitions to activate
[planner_server-6] 	See https://design.ros2.org/articles/node_lifecycle.html for more information.
[controller_server-4] [INFO] [1782996378.889452173] [controller_server]: Creating controller server
[planner_server-6] [INFO] [1782996378.952330620] [global_costmap.global_costmap]: Creating Costmap
[controller_server-4] [INFO] [1782996379.428589821] [local_costmap.local_costmap]: 
[controller_server-4] 	local_costmap lifecycle node launched. 
[controller_server-4] 	Waiting on external lifecycle transitions to activate
[controller_server-4] 	See https://design.ros2.org/articles/node_lifecycle.html for more information.
[controller_server-4] [INFO] [1782996379.446212360] [local_costmap.local_costmap]: Creating Costmap
[lifecycle_manager-3] [INFO] [1782996379.722308391] [lifecycle_manager_localization]: [34m[1mStarting managed nodes bringup...[0m[0m
[lifecycle_manager-3] [INFO] [1782996379.725970390] [lifecycle_manager_localization]: [34m[1mConfiguring map_server[0m[0m
[map_server-1] [INFO] [1782996379.730967472] [map_server]: Configuring
[map_server-1] [INFO] [1782996379.731274264] [map_io]: Loading yaml file: /root/rdk_x5_vln_robot/maps/joy_calibrated_corridor_map.yaml
[map_server-1] [INFO] [1782996379.732412472] [map_io]: resolution: 0.05
[map_server-1] [INFO] [1782996379.732500930] [map_io]: origin[0]: -3.83
[map_server-1] [INFO] [1782996379.732533139] [map_io]: origin[1]: -4.3
[map_server-1] [INFO] [1782996379.732560472] [map_io]: origin[2]: 0
[map_server-1] [INFO] [1782996379.732588597] [map_io]: free_thresh: 0.25
[map_server-1] [INFO] [1782996379.732616889] [map_io]: occupied_thresh: 0.65
[map_server-1] [INFO] [1782996379.732650930] [map_io]: mode: trinary
[map_server-1] [INFO] [1782996379.732680930] [map_io]: negate: 0
[map_server-1] [INFO] [1782996379.733444639] [map_io]: Loading image_file: /root/rdk_x5_vln_robot/maps/joy_calibrated_corridor_map.pgm
[map_server-1] [INFO] [1782996379.801528292] [map_io]: Read map /root/rdk_x5_vln_robot/maps/joy_calibrated_corridor_map.pgm: 143 X 166 map @ 0.05 m/cell
[lifecycle_manager-3] [INFO] [1782996379.932929309] [lifecycle_manager_localization]: [34m[1mConfiguring amcl[0m[0m
[amcl-2] [INFO] [1782996379.937228475] [amcl]: Configuring
[amcl-2] [INFO] [1782996379.937980766] [amcl]: initTransforms
[lifecycle_manager-11] [INFO] [1782996379.991172631] [lifecycle_manager_navigation]: Waiting for service controller_server/get_state...
[amcl-2] [INFO] [1782996380.156770892] [amcl]: initPubSub
[amcl-2] [INFO] [1782996380.283125409] [amcl]: Subscribed to map topic.
[amcl-2] [INFO] [1782996380.394343930] [amcl]: Received a 143 X 166 map @ 0.050 m/pix
[lifecycle_manager-3] [INFO] [1782996380.397847846] [lifecycle_manager_localization]: [34m[1mActivating map_server[0m[0m
[map_server-1] [INFO] [1782996380.399243679] [map_server]: Activating
[map_server-1] [INFO] [1782996380.400122095] [map_server]: Creating bond (map_server) to lifecycle manager.
[amcl-2] [INFO] [1782996380.536072111] [amcl]: Received a 143 X 166 map @ 0.050 m/pix
[amcl-2] [INFO] [1782996380.679431792] [amcl]: Received a 143 X 166 map @ 0.050 m/pix
[lifecycle_manager-3] [INFO] [1782996380.703236954] [lifecycle_manager_localization]: Server map_server connected with bond.
[lifecycle_manager-3] [INFO] [1782996380.703405038] [lifecycle_manager_localization]: [34m[1mActivating amcl[0m[0m
[amcl-2] [INFO] [1782996380.704545204] [amcl]: Activating
[amcl-2] [INFO] [1782996380.704721079] [amcl]: Creating bond (amcl) to lifecycle manager.
[amcl-2] [INFO] [1782996380.739922072] [amcl]: createLaserObject
[lifecycle_manager-3] [INFO] [1782996380.832922013] [lifecycle_manager_localization]: Server amcl connected with bond.
[lifecycle_manager-3] [INFO] [1782996380.833095930] [lifecycle_manager_localization]: [34m[1mManaged nodes are active[0m[0m
[lifecycle_manager-3] [INFO] [1782996380.833158346] [lifecycle_manager_localization]: [34m[1mCreating bond timer...[0m[0m
[lifecycle_manager-11] [INFO] [1782996381.009949854] [lifecycle_manager_navigation]: [34m[1mStarting managed nodes bringup...[0m[0m
[lifecycle_manager-11] [INFO] [1782996381.015557853] [lifecycle_manager_navigation]: [34m[1mConfiguring controller_server[0m[0m
[controller_server-4] [INFO] [1782996381.021922560] [controller_server]: Configuring controller interface
[controller_server-4] [INFO] [1782996381.022808519] [controller_server]: getting goal checker plugins..
[controller_server-4] [INFO] [1782996381.023381643] [controller_server]: Controller frequency set to 20.0000Hz
[controller_server-4] [INFO] [1782996381.023638560] [local_costmap.local_costmap]: Configuring
[controller_server-4] [INFO] [1782996381.103587336] [local_costmap.local_costmap]: Using plugin "voxel_layer"
[controller_server-4] [INFO] [1782996381.180022947] [local_costmap.local_costmap]: Subscribed to Topics: scan
[controller_server-4] [INFO] [1782996381.250109642] [local_costmap.local_costmap]: Initialized plugin "voxel_layer"
[controller_server-4] [INFO] [1782996381.250267142] [local_costmap.local_costmap]: Using plugin "inflation_layer"
[controller_server-4] [INFO] [1782996381.258853348] [local_costmap.local_costmap]: Initialized plugin "inflation_layer"
[controller_server-4] [INFO] [1782996381.393335323] [controller_server]: Created progress_checker : progress_checker of type nav2_controller::SimpleProgressChecker
[controller_server-4] [INFO] [1782996381.418266193] [controller_server]: Created goal checker : general_goal_checker of type nav2_controller::SimpleGoalChecker
[controller_server-4] [INFO] [1782996381.427287149] [controller_server]: Controller Server has general_goal_checker  goal checkers available.
[controller_server-4] [INFO] [1782996381.459368393] [controller_server]: Created controller : FollowPath of type dwb_core::DWBLocalPlanner
[controller_server-4] [INFO] [1782996381.480506973] [controller_server]: Setting transform_tolerance to 0.200000
[amcl-2] [INFO] [1782996381.536249879] [amcl]: Received a 143 X 166 map @ 0.050 m/pix
[amcl-2] [INFO] [1782996381.538939795] [amcl]: createLaserObject
[controller_server-4] [INFO] [1782996381.751518004] [controller_server]: Using critic "RotateToGoal" (dwb_critics::RotateToGoalCritic)
[controller_server-4] [INFO] [1782996381.759922586] [controller_server]: Critic plugin initialized
[controller_server-4] [INFO] [1782996381.770037959] [controller_server]: Using critic "Oscillation" (dwb_critics::OscillationCritic)
[controller_server-4] [INFO] [1782996381.795324121] [controller_server]: Critic plugin initialized
[controller_server-4] [INFO] [1782996381.797094412] [controller_server]: Using critic "BaseObstacle" (dwb_critics::BaseObstacleCritic)
[controller_server-4] [INFO] [1782996381.798249370] [controller_server]: Critic plugin initialized
[controller_server-4] [INFO] [1782996381.798972203] [controller_server]: Using critic "GoalAlign" (dwb_critics::GoalAlignCritic)
[controller_server-4] [INFO] [1782996381.807426118] [controller_server]: Critic plugin initialized
[controller_server-4] [INFO] [1782996381.814271450] [controller_server]: Using critic "PathAlign" (dwb_critics::PathAlignCritic)
[controller_server-4] [INFO] [1782996381.820401116] [controller_server]: Critic plugin initialized
[controller_server-4] [INFO] [1782996381.822320407] [controller_server]: Using critic "PathDist" (dwb_critics::PathDistCritic)
[controller_server-4] [INFO] [1782996381.828912906] [controller_server]: Critic plugin initialized
[controller_server-4] [INFO] [1782996381.830563906] [controller_server]: Using critic "GoalDist" (dwb_critics::GoalDistCritic)
[controller_server-4] [INFO] [1782996381.837662779] [controller_server]: Critic plugin initialized
[controller_server-4] [INFO] [1782996381.837832779] [controller_server]: Controller Server has FollowPath  controllers available.
[amcl-2] [WARN] [1782996381.938728010] [amcl]: AMCL cannot publish a pose or update the transform. Please set the initial pose...
[lifecycle_manager-11] [INFO] [1782996382.006817955] [lifecycle_manager_navigation]: [34m[1mConfiguring smoother_server[0m[0m
[smoother_server-5] [INFO] [1782996382.008411080] [smoother_server]: Configuring smoother server
[smoother_server-5] [INFO] [1782996382.144074429] [smoother_server]: Created smoother : simple_smoother of type nav2_smoother::SimpleSmoother
[smoother_server-5] [INFO] [1782996382.171674090] [smoother_server]: Smoother Server has simple_smoother  smoothers available.
[lifecycle_manager-11] [INFO] [1782996382.295063025] [lifecycle_manager_navigation]: [34m[1mConfiguring planner_server[0m[0m
[planner_server-6] [INFO] [1782996382.299025274] [planner_server]: Configuring
[planner_server-6] [INFO] [1782996382.299229399] [global_costmap.global_costmap]: Configuring
[planner_server-6] [INFO] [1782996382.419471001] [global_costmap.global_costmap]: Using plugin "static_layer"
[planner_server-6] [INFO] [1782996382.465482909] [global_costmap.global_costmap]: Subscribing to the map topic (/map) with transient local durability
[planner_server-6] [INFO] [1782996382.492453904] [global_costmap.global_costmap]: Initialized plugin "static_layer"
[planner_server-6] [INFO] [1782996382.492933195] [global_costmap.global_costmap]: Using plugin "obstacle_layer"
[planner_server-6] [INFO] [1782996382.516683274] [global_costmap.global_costmap]: Subscribed to Topics: scan
[amcl-2] [INFO] [1782996382.539822728] [amcl]: Received a 143 X 166 map @ 0.050 m/pix
[planner_server-6] [INFO] [1782996382.586726427] [global_costmap.global_costmap]: Initialized plugin "obstacle_layer"
[planner_server-6] [INFO] [1782996382.586913552] [global_costmap.global_costmap]: Using plugin "inflation_layer"
[planner_server-6] [INFO] [1782996382.608529798] [global_costmap.global_costmap]: Initialized plugin "inflation_layer"
[amcl-2] [INFO] [1782996382.642327750] [amcl]: createLaserObject
[planner_server-6] [INFO] [1782996382.762599810] [global_costmap.global_costmap]: StaticLayer: Resizing costmap to 143 X 166 at 0.050000 m/pix
[planner_server-6] [INFO] [1782996382.772233058] [planner_server]: Created global planner plugin GridBased of type nav2_navfn_planner/NavfnPlanner
[planner_server-6] [INFO] [1782996382.772412641] [planner_server]: Configuring plugin GridBased of type NavfnPlanner
[planner_server-6] [INFO] [1782996382.780594723] [planner_server]: Planner Server has GridBased  planners available.
[lifecycle_manager-11] [INFO] [1782996382.948047941] [lifecycle_manager_navigation]: [34m[1mConfiguring behavior_server[0m[0m
[behavior_server-7] [INFO] [1782996382.954806190] [behavior_server]: Configuring
[behavior_server-7] [INFO] [1782996383.086685664] [behavior_server]: Creating behavior plugin spin of type nav2_behaviors/Spin
[behavior_server-7] [INFO] [1782996383.103454911] [behavior_server]: Configuring spin
[behavior_server-7] [INFO] [1782996383.239349135] [behavior_server]: Creating behavior plugin backup of type nav2_behaviors/BackUp
[behavior_server-7] [INFO] [1782996383.256130881] [behavior_server]: Configuring backup
[behavior_server-7] [INFO] [1782996383.363049527] [behavior_server]: Creating behavior plugin drive_on_heading of type nav2_behaviors/DriveOnHeading
[behavior_server-7] [INFO] [1782996383.377493316] [behavior_server]: Configuring drive_on_heading
[behavior_server-7] [INFO] [1782996383.469467840] [behavior_server]: Creating behavior plugin assisted_teleop of type nav2_behaviors/AssistedTeleop
[behavior_server-7] [INFO] [1782996383.504299625] [behavior_server]: Configuring assisted_teleop
[amcl-2] [INFO] [1782996383.534759494] [amcl]: Received a 143 X 166 map @ 0.050 m/pix
[amcl-2] [INFO] [1782996383.538064910] [amcl]: createLaserObject
[behavior_server-7] [INFO] [1782996383.662106136] [behavior_server]: Creating behavior plugin wait of type nav2_behaviors/Wait
[behavior_server-7] [INFO] [1782996383.678034883] [behavior_server]: Configuring wait
[lifecycle_manager-11] [INFO] [1782996383.739007038] [lifecycle_manager_navigation]: [34m[1mConfiguring bt_navigator[0m[0m
[bt_navigator-8] [INFO] [1782996383.743891287] [bt_navigator]: Configuring
[amcl-2] [WARN] [1782996384.042800146] [amcl]: AMCL cannot publish a pose or update the transform. Please set the initial pose...
[amcl-2] [INFO] [1782996384.545089798] [amcl]: Received a 143 X 166 map @ 0.050 m/pix
[amcl-2] [INFO] [1782996384.547904089] [amcl]: createLaserObject
[lifecycle_manager-11] [INFO] [1782996385.153709805] [lifecycle_manager_navigation]: [34m[1mConfiguring waypoint_follower[0m[0m
[waypoint_follower-9] [INFO] [1782996385.159070637] [waypoint_follower]: Configuring
[waypoint_follower-9] [INFO] [1782996385.507861735] [waypoint_follower]: Created waypoint_task_executor : wait_at_waypoint of type nav2_waypoint_follower::WaitAtWaypoint
[lifecycle_manager-11] [INFO] [1782996385.517740650] [lifecycle_manager_navigation]: [34m[1mConfiguring velocity_smoother[0m[0m
[velocity_smoother-10] [INFO] [1782996385.519986983] [velocity_smoother]: Configuring velocity smoother
[amcl-2] [INFO] [1782996385.536436522] [amcl]: Received a 143 X 166 map @ 0.050 m/pix
[lifecycle_manager-11] [INFO] [1782996385.574356639] [lifecycle_manager_navigation]: [34m[1mActivating controller_server[0m[0m
[controller_server-4] [INFO] [1782996385.576086472] [controller_server]: Activating
[controller_server-4] [INFO] [1782996385.576359222] [local_costmap.local_costmap]: Activating
[controller_server-4] [INFO] [1782996385.576434514] [local_costmap.local_costmap]: Checking transform
[controller_server-4] [INFO] [1782996385.576824430] [local_costmap.local_costmap]: start
[amcl-2] [INFO] [1782996385.644179709] [amcl]: createLaserObject
[controller_server-4] [INFO] [1782996385.788618347] [controller_server]: Creating bond (controller_server) to lifecycle manager.
[lifecycle_manager-11] [INFO] [1782996385.945999108] [lifecycle_manager_navigation]: Server controller_server connected with bond.
[lifecycle_manager-11] [INFO] [1782996385.949201774] [lifecycle_manager_navigation]: [34m[1mActivating smoother_server[0m[0m
[smoother_server-5] [INFO] [1782996385.957003898] [smoother_server]: Activating
[smoother_server-5] [INFO] [1782996385.957241148] [smoother_server]: Creating bond (smoother_server) to lifecycle manager.
[amcl-2] [WARN] [1782996386.048503630] [amcl]: AMCL cannot publish a pose or update the transform. Please set the initial pose...
[lifecycle_manager-11] [INFO] [1782996386.139693695] [lifecycle_manager_navigation]: Server smoother_server connected with bond.
[lifecycle_manager-11] [INFO] [1782996386.139895903] [lifecycle_manager_navigation]: [34m[1mActivating planner_server[0m[0m
[planner_server-6] [INFO] [1782996386.145787736] [planner_server]: Activating
[planner_server-6] [INFO] [1782996386.146088861] [global_costmap.global_costmap]: Activating
[planner_server-6] [INFO] [1782996386.146167194] [global_costmap.global_costmap]: Checking transform
[planner_server-6] [INFO] [1782996386.146535694] [global_costmap.global_costmap]: start
[planner_server-6] [INFO] [1782996386.202740183] [planner_server]: Activating plugin GridBased of type NavfnPlanner
[planner_server-6] [INFO] [1782996386.212977681] [planner_server]: Creating bond (planner_server) to lifecycle manager.
[lifecycle_manager-11] [INFO] [1782996386.391897062] [lifecycle_manager_navigation]: Server planner_server connected with bond.
[lifecycle_manager-11] [INFO] [1782996386.392085812] [lifecycle_manager_navigation]: [34m[1mActivating behavior_server[0m[0m
[behavior_server-7] [INFO] [1782996386.394038104] [behavior_server]: Activating
[behavior_server-7] [INFO] [1782996386.394189937] [behavior_server]: Activating spin
[behavior_server-7] [INFO] [1782996386.394255228] [behavior_server]: Activating backup
[behavior_server-7] [INFO] [1782996386.394305770] [behavior_server]: Activating drive_on_heading
[behavior_server-7] [INFO] [1782996386.394351978] [behavior_server]: Activating assisted_teleop
[behavior_server-7] [INFO] [1782996386.394396020] [behavior_server]: Activating wait
[behavior_server-7] [INFO] [1782996386.394459603] [behavior_server]: Creating bond (behavior_server) to lifecycle manager.
[amcl-2] [INFO] [1782996386.545100657] [amcl]: Received a 143 X 166 map @ 0.050 m/pix
[lifecycle_manager-11] [INFO] [1782996386.554334697] [lifecycle_manager_navigation]: Server behavior_server connected with bond.
[lifecycle_manager-11] [INFO] [1782996386.554518322] [lifecycle_manager_navigation]: [34m[1mActivating bt_navigator[0m[0m
[bt_navigator-8] [INFO] [1782996386.568581111] [bt_navigator]: Activating
[amcl-2] [INFO] [1782996386.646265512] [amcl]: createLaserObject
[amcl-2] [INFO] [1782996387.541212919] [amcl]: Received a 143 X 166 map @ 0.050 m/pix
[amcl-2] [INFO] [1782996387.634254151] [amcl]: createLaserObject
[bt_navigator-8] [INFO] [1782996387.804303034] [bt_navigator]: Creating bond (bt_navigator) to lifecycle manager.
[lifecycle_manager-11] [INFO] [1782996387.969861709] [lifecycle_manager_navigation]: Server bt_navigator connected with bond.
[lifecycle_manager-11] [INFO] [1782996387.972887167] [lifecycle_manager_navigation]: [34m[1mActivating waypoint_follower[0m[0m
[waypoint_follower-9] [INFO] [1782996387.975148583] [waypoint_follower]: Activating
[waypoint_follower-9] [INFO] [1782996387.975349833] [waypoint_follower]: Creating bond (waypoint_follower) to lifecycle manager.
[amcl-2] [WARN] [1782996388.133085552] [amcl]: AMCL cannot publish a pose or update the transform. Please set the initial pose...
[lifecycle_manager-11] [INFO] [1782996388.245048238] [lifecycle_manager_navigation]: Server waypoint_follower connected with bond.
[lifecycle_manager-11] [INFO] [1782996388.245247238] [lifecycle_manager_navigation]: [34m[1mActivating velocity_smoother[0m[0m
[velocity_smoother-10] [INFO] [1782996388.247595363] [velocity_smoother]: Activating
[velocity_smoother-10] [INFO] [1782996388.247857196] [velocity_smoother]: Creating bond (velocity_smoother) to lifecycle manager.
[lifecycle_manager-11] [INFO] [1782996388.444459115] [lifecycle_manager_navigation]: Server velocity_smoother connected with bond.
[lifecycle_manager-11] [INFO] [1782996388.444637115] [lifecycle_manager_navigation]: [34m[1mManaged nodes are active[0m[0m
[lifecycle_manager-11] [INFO] [1782996388.444698782] [lifecycle_manager_navigation]: [34m[1mCreating bond timer...[0m[0m
[amcl-2] [INFO] [1782996388.549061094] [amcl]: Received a 143 X 166 map @ 0.050 m/pix
[amcl-2] [INFO] [1782996388.551861177] [amcl]: createLaserObject
[amcl-2] [INFO] [1782996389.595474886] [amcl]: Received a 143 X 166 map @ 0.050 m/pix
[amcl-2] [INFO] [1782996389.675159245] [amcl]: createLaserObject
[amcl-2] [WARN] [1782996390.146957776] [amcl]: AMCL cannot publish a pose or update the transform. Please set the initial pose...
[amcl-2] [INFO] [1782996390.562618817] [amcl]: Received a 143 X 166 map @ 0.050 m/pix
[amcl-2] [INFO] [1782996390.658803881] [amcl]: createLaserObject
[amcl-2] [INFO] [1782996391.537198996] [amcl]: Received a 143 X 166 map @ 0.050 m/pix
[amcl-2] [INFO] [1782996391.706114254] [amcl]: createLaserObject
[amcl-2] [WARN] [1782996392.155147663] [amcl]: AMCL cannot publish a pose or update the transform. Please set the initial pose...
[amcl-2] [INFO] [1782996392.550255458] [amcl]: Received a 143 X 166 map @ 0.050 m/pix
[amcl-2] [INFO] [1782996392.652724062] [amcl]: createLaserObject
[amcl-2] [INFO] [1782996393.587134372] [amcl]: Received a 143 X 166 map @ 0.050 m/pix
[amcl-2] [INFO] [1782996393.638034612] [amcl]: createLaserObject
[amcl-2] [WARN] [1782996394.221431368] [amcl]: AMCL cannot publish a pose or update the transform. Please set the initial pose...
[amcl-2] [INFO] [1782996394.543520344] [amcl]: Received a 143 X 166 map @ 0.050 m/pix
[amcl-2] [INFO] [1782996394.641899532] [amcl]: createLaserObject
[amcl-2] [INFO] [1782996395.541431181] [amcl]: Received a 143 X 166 map @ 0.050 m/pix
[amcl-2] [INFO] [1782996395.619726831] [amcl]: createLaserObject
[amcl-2] [WARN] [1782996396.225087456] [amcl]: AMCL cannot publish a pose or update the transform. Please set the initial pose...
[amcl-2] [INFO] [1782996396.540813766] [amcl]: Received a 143 X 166 map @ 0.050 m/pix
[amcl-2] [INFO] [1782996396.620725375] [amcl]: createLaserObject
[amcl-2] [INFO] [1782996397.546358683] [amcl]: Received a 143 X 166 map @ 0.050 m/pix
[amcl-2] [INFO] [1782996397.620710959] [amcl]: createLaserObject
[amcl-2] [WARN] [1782996398.316628564] [amcl]: AMCL cannot publish a pose or update the transform. Please set the initial pose...
[amcl-2] [INFO] [1782996398.553370140] [amcl]: Received a 143 X 166 map @ 0.050 m/pix
[amcl-2] [INFO] [1782996398.617660460] [amcl]: createLaserObject
[amcl-2] [INFO] [1782996399.540363475] [amcl]: Received a 143 X 166 map @ 0.050 m/pix
[amcl-2] [INFO] [1782996399.614461126] [amcl]: createLaserObject
[amcl-2] [WARN] [1782996400.413760291] [amcl]: AMCL cannot publish a pose or update the transform. Please set the initial pose...
[amcl-2] [INFO] [1782996400.537406390] [amcl]: Received a 143 X 166 map @ 0.050 m/pix
[amcl-2] [INFO] [1782996400.613624166] [amcl]: createLaserObject
[amcl-2] [INFO] [1782996401.543160303] [amcl]: Received a 143 X 166 map @ 0.050 m/pix
[amcl-2] [INFO] [1782996401.612125288] [amcl]: createLaserObject
[amcl-2] [WARN] [1782996402.512121264] [amcl]: AMCL cannot publish a pose or update the transform. Please set the initial pose...
[amcl-2] [INFO] [1782996402.546581840] [amcl]: Received a 143 X 166 map @ 0.050 m/pix
[amcl-2] [INFO] [1782996402.616612075] [amcl]: createLaserObject
[amcl-2] [INFO] [1782996403.540577878] [amcl]: Received a 143 X 166 map @ 0.050 m/pix
[amcl-2] [INFO] [1782996403.609014405] [amcl]: createLaserObject
[amcl-2] [INFO] [1782996404.536178873] [amcl]: Received a 143 X 166 map @ 0.050 m/pix
[amcl-2] [INFO] [1782996404.619317856] [amcl]: createLaserObject
[amcl-2] [WARN] [1782996404.652313307] [amcl]: AMCL cannot publish a pose or update the transform. Please set the initial pose...
[amcl-2] [INFO] [1782996405.540767157] [amcl]: Received a 143 X 166 map @ 0.050 m/pix
[amcl-2] [INFO] [1782996405.608195226] [amcl]: createLaserObject
[amcl-2] [INFO] [1782996406.540482275] [amcl]: Received a 143 X 166 map @ 0.050 m/pix
[amcl-2] [INFO] [1782996406.615773967] [amcl]: createLaserObject
[amcl-2] [WARN] [1782996406.678572370] [amcl]: AMCL cannot publish a pose or update the transform. Please set the initial pose...
[amcl-2] [INFO] [1782996407.537995183] [amcl]: Received a 143 X 166 map @ 0.050 m/pix
[amcl-2] [INFO] [1782996407.605618585] [amcl]: createLaserObject
[amcl-2] [INFO] [1782996408.544884880] [amcl]: Received a 143 X 166 map @ 0.050 m/pix
[amcl-2] [INFO] [1782996408.638521110] [amcl]: createLaserObject
[amcl-2] [WARN] [1782996408.709822511] [amcl]: AMCL cannot publish a pose or update the transform. Please set the initial pose...
[amcl-2] [INFO] [1782996409.541561371] [amcl]: Received a 143 X 166 map @ 0.050 m/pix
[amcl-2] [INFO] [1782996409.604195898] [amcl]: createLaserObject
[amcl-2] [INFO] [1782996410.543141109] [amcl]: Received a 143 X 166 map @ 0.050 m/pix
[amcl-2] [INFO] [1782996410.600821679] [amcl]: createLaserObject
[amcl-2] [WARN] [1782996410.803325093] [amcl]: AMCL cannot publish a pose or update the transform. Please set the initial pose...
[amcl-2] [INFO] [1782996411.556629885] [amcl]: Received a 143 X 166 map @ 0.050 m/pix
[amcl-2] [INFO] [1782996411.629834494] [amcl]: createLaserObject
[amcl-2] [INFO] [1782996412.565870744] [amcl]: Received a 143 X 166 map @ 0.050 m/pix
[amcl-2] [INFO] [1782996412.618486816] [amcl]: createLaserObject
[amcl-2] [WARN] [1782996412.898084796] [amcl]: AMCL cannot publish a pose or update the transform. Please set the initial pose...
[amcl-2] [INFO] [1782996413.590865183] [amcl]: Received a 143 X 166 map @ 0.050 m/pix
[amcl-2] [INFO] [1782996413.605697888] [amcl]: createLaserObject
[amcl-2] [INFO] [1782996414.565063173] [amcl]: Received a 143 X 166 map @ 0.050 m/pix
[amcl-2] [INFO] [1782996414.606225997] [amcl]: createLaserObject
[amcl-2] [WARN] [1782996415.004653450] [amcl]: AMCL cannot publish a pose or update the transform. Please set the initial pose...
[amcl-2] [INFO] [1782996415.667672467] [amcl]: Received a 143 X 166 map @ 0.050 m/pix
[amcl-2] [INFO] [1782996415.744311867] [amcl]: createLaserObject
[amcl-2] [INFO] [1782996416.592035550] [amcl]: Received a 143 X 166 map @ 0.050 m/pix
[amcl-2] [INFO] [1782996416.621679044] [amcl]: createLaserObject
[amcl-2] [WARN] [1782996417.095451228] [amcl]: AMCL cannot publish a pose or update the transform. Please set the initial pose...
[amcl-2] [INFO] [1782996417.544443585] [amcl]: Received a 143 X 166 map @ 0.050 m/pix
[amcl-2] [INFO] [1782996417.591523824] [amcl]: createLaserObject
[amcl-2] [INFO] [1782996418.551799898] [amcl]: Received a 143 X 166 map @ 0.050 m/pix
[amcl-2] [INFO] [1782996418.591842097] [amcl]: createLaserObject
[amcl-2] [WARN] [1782996419.192164418] [amcl]: AMCL cannot publish a pose or update the transform. Please set the initial pose...
[amcl-2] [INFO] [1782996419.537197548] [amcl]: Received a 143 X 166 map @ 0.050 m/pix
[amcl-2] [INFO] [1782996419.589143327] [amcl]: createLaserObject
[amcl-2] [INFO] [1782996420.535163527] [amcl]: Received a 143 X 166 map @ 0.050 m/pix
[amcl-2] [INFO] [1782996420.587482890] [amcl]: createLaserObject
[amcl-2] [WARN] [1782996421.193531084] [amcl]: AMCL cannot publish a pose or update the transform. Please set the initial pose...
[amcl-2] [INFO] [1782996421.541287963] [amcl]: Received a 143 X 166 map @ 0.050 m/pix
[amcl-2] [INFO] [1782996421.587407410] [amcl]: createLaserObject
[amcl-2] [INFO] [1782996422.541047398] [amcl]: Received a 143 X 166 map @ 0.050 m/pix
[amcl-2] [INFO] [1782996422.587104429] [amcl]: createLaserObject
[amcl-2] [WARN] [1782996423.293410474] [amcl]: AMCL cannot publish a pose or update the transform. Please set the initial pose...
[amcl-2] [INFO] [1782996423.537233001] [amcl]: Received a 143 X 166 map @ 0.050 m/pix
[amcl-2] [INFO] [1782996423.591086405] [amcl]: createLaserObject
[amcl-2] [INFO] [1782996424.537767060] [amcl]: Received a 143 X 166 map @ 0.050 m/pix
[amcl-2] [INFO] [1782996424.583651840] [amcl]: createLaserObject
[amcl-2] [WARN] [1782996425.387206736] [amcl]: AMCL cannot publish a pose or update the transform. Please set the initial pose...
[amcl-2] [INFO] [1782996425.562624403] [amcl]: Received a 143 X 166 map @ 0.050 m/pix
[amcl-2] [INFO] [1782996425.590085105] [amcl]: createLaserObject
[amcl-2] [INFO] [1782996426.541446590] [amcl]: Received a 143 X 166 map @ 0.050 m/pix
[amcl-2] [INFO] [1782996426.582598289] [amcl]: createLaserObject
[amcl-2] [WARN] [1782996427.388145933] [amcl]: AMCL cannot publish a pose or update the transform. Please set the initial pose...
[amcl-2] [INFO] [1782996427.545236104] [amcl]: Received a 143 X 166 map @ 0.050 m/pix
[amcl-2] [INFO] [1782996427.584519470] [amcl]: createLaserObject
[amcl-2] [INFO] [1782996428.544815201] [amcl]: Received a 143 X 166 map @ 0.050 m/pix
[amcl-2] [INFO] [1782996428.580927151] [amcl]: createLaserObject
[amcl-2] [WARN] [1782996429.477979563] [amcl]: AMCL cannot publish a pose or update the transform. Please set the initial pose...
[amcl-2] [INFO] [1782996429.535923008] [amcl]: Received a 143 X 166 map @ 0.050 m/pix
[amcl-2] [INFO] [1782996429.576878623] [amcl]: createLaserObject
[amcl-2] [INFO] [1782996430.538171894] [amcl]: Received a 143 X 166 map @ 0.050 m/pix
[amcl-2] [INFO] [1782996430.576398802] [amcl]: createLaserObject
[amcl-2] [INFO] [1782996431.540976071] [amcl]: Received a 143 X 166 map @ 0.050 m/pix
[amcl-2] [INFO] [1782996431.574926563] [amcl]: createLaserObject
[amcl-2] [WARN] [1782996431.614904970] [amcl]: AMCL cannot publish a pose or update the transform. Please set the initial pose...
[amcl-2] [INFO] [1782996432.535651916] [amcl]: Received a 143 X 166 map @ 0.050 m/pix
[amcl-2] [INFO] [1782996432.573806865] [amcl]: createLaserObject
[amcl-2] [INFO] [1782996433.555318504] [amcl]: Received a 143 X 166 map @ 0.050 m/pix
[amcl-2] [INFO] [1782996433.574168583] [amcl]: createLaserObject
[amcl-2] [WARN] [1782996433.677824600] [amcl]: AMCL cannot publish a pose or update the transform. Please set the initial pose...
[amcl-2] [INFO] [1782996434.542630557] [amcl]: Received a 143 X 166 map @ 0.050 m/pix
[amcl-2] [INFO] [1782996434.570462967] [amcl]: createLaserObject
[amcl-2] [INFO] [1782996435.537795191] [amcl]: Received a 143 X 166 map @ 0.050 m/pix
[amcl-2] [INFO] [1782996435.568728892] [amcl]: createLaserObject
[amcl-2] [WARN] [1782996435.768978843] [amcl]: AMCL cannot publish a pose or update the transform. Please set the initial pose...
[amcl-2] [INFO] [1782996436.544247280] [amcl]: Received a 143 X 166 map @ 0.050 m/pix
[amcl-2] [INFO] [1782996436.568970315] [amcl]: createLaserObject
[amcl-2] [INFO] [1782996437.542722369] [amcl]: Received a 143 X 166 map @ 0.050 m/pix
[amcl-2] [INFO] [1782996437.572309404] [amcl]: createLaserObject
[amcl-2] [WARN] [1782996437.867150207] [amcl]: AMCL cannot publish a pose or update the transform. Please set the initial pose...
[amcl-2] [INFO] [1782996438.537038626] [amcl]: Received a 143 X 166 map @ 0.050 m/pix
[amcl-2] [INFO] [1782996438.566250577] [amcl]: createLaserObject
[amcl-2] [INFO] [1782996439.547212211] [amcl]: Received a 143 X 166 map @ 0.050 m/pix
[amcl-2] [INFO] [1782996439.568694872] [amcl]: createLaserObject
[amcl-2] [WARN] [1782996439.867462674] [amcl]: AMCL cannot publish a pose or update the transform. Please set the initial pose...
[amcl-2] [INFO] [1782996440.534971592] [amcl]: Received a 143 X 166 map @ 0.050 m/pix
[amcl-2] [INFO] [1782996440.564062377] [amcl]: createLaserObject
[amcl-2] [INFO] [1782996441.534664595] [amcl]: Received a 143 X 166 map @ 0.050 m/pix
[amcl-2] [INFO] [1782996441.565670629] [amcl]: createLaserObject
[amcl-2] [WARN] [1782996441.962478072] [amcl]: AMCL cannot publish a pose or update the transform. Please set the initial pose...
[amcl-2] [INFO] [1782996442.540987970] [amcl]: Received a 143 X 166 map @ 0.050 m/pix
[amcl-2] [INFO] [1782996442.560652715] [amcl]: createLaserObject
[amcl-2] [INFO] [1782996443.541727137] [amcl]: Received a 143 X 166 map @ 0.050 m/pix
[amcl-2] [INFO] [1782996443.561546257] [amcl]: createLaserObject
[amcl-2] [WARN] [1782996444.060643299] [amcl]: AMCL cannot publish a pose or update the transform. Please set the initial pose...
[amcl-2] [INFO] [1782996444.536370222] [amcl]: Received a 143 X 166 map @ 0.050 m/pix
[amcl-2] [INFO] [1782996444.563764673] [amcl]: createLaserObject
[amcl-2] [INFO] [1782996445.542183386] [amcl]: Received a 143 X 166 map @ 0.050 m/pix
[amcl-2] [INFO] [1782996445.558492132] [amcl]: createLaserObject
[amcl-2] [WARN] [1782996446.156077899] [amcl]: AMCL cannot publish a pose or update the transform. Please set the initial pose...
[amcl-2] [INFO] [1782996446.539374094] [amcl]: Received a 143 X 166 map @ 0.050 m/pix
[amcl-2] [INFO] [1782996446.556442964] [amcl]: createLaserObject
[amcl-2] [INFO] [1782996447.538982883] [amcl]: Received a 143 X 166 map @ 0.050 m/pix
[amcl-2] [INFO] [1782996447.554566921] [amcl]: createLaserObject
[amcl-2] [WARN] [1782996448.158331393] [amcl]: AMCL cannot publish a pose or update the transform. Please set the initial pose...
[amcl-2] [INFO] [1782996448.541158838] [amcl]: Received a 143 X 166 map @ 0.050 m/pix
[amcl-2] [INFO] [1782996448.556169334] [amcl]: createLaserObject
[amcl-2] [INFO] [1782996449.536688293] [amcl]: Received a 143 X 166 map @ 0.050 m/pix
[amcl-2] [INFO] [1782996449.553115664] [amcl]: createLaserObject
[amcl-2] [WARN] [1782996450.168427466] [amcl]: AMCL cannot publish a pose or update the transform. Please set the initial pose...
[amcl-2] [INFO] [1782996450.538349288] [amcl]: Received a 143 X 166 map @ 0.050 m/pix
[amcl-2] [INFO] [1782996450.551809284] [amcl]: createLaserObject
[amcl-2] [INFO] [1782996451.541682531] [amcl]: Received a 143 X 166 map @ 0.050 m/pix
[amcl-2] [INFO] [1782996451.551853570] [amcl]: createLaserObject
[amcl-2] [WARN] [1782996452.258513222] [amcl]: AMCL cannot publish a pose or update the transform. Please set the initial pose...
[amcl-2] [INFO] [1782996452.540099108] [amcl]: Received a 143 X 166 map @ 0.050 m/pix
[amcl-2] [INFO] [1782996452.549301023] [amcl]: createLaserObject
[amcl-2] [INFO] [1782996453.542536059] [amcl]: Received a 143 X 166 map @ 0.050 m/pix
[amcl-2] [INFO] [1782996453.557645847] [amcl]: createLaserObject
[amcl-2] [WARN] [1782996454.347608351] [amcl]: AMCL cannot publish a pose or update the transform. Please set the initial pose...
[amcl-2] [INFO] [1782996454.539434093] [amcl]: Received a 143 X 166 map @ 0.050 m/pix
[amcl-2] [INFO] [1782996454.549133299] [amcl]: createLaserObject
[amcl-2] [INFO] [1782996455.541784084] [amcl]: Received a 143 X 166 map @ 0.050 m/pix
[amcl-2] [INFO] [1782996455.548384165] [amcl]: createLaserObject
[amcl-2] [WARN] [1782996456.444427224] [amcl]: AMCL cannot publish a pose or update the transform. Please set the initial pose...
[amcl-2] [INFO] [1782996456.536920159] [amcl]: Received a 143 X 166 map @ 0.050 m/pix
[amcl-2] [INFO] [1782996456.545187490] [amcl]: createLaserObject
[amcl-2] [INFO] [1782996457.535079024] [amcl]: Received a 143 X 166 map @ 0.050 m/pix
[amcl-2] [INFO] [1782996457.545096646] [amcl]: createLaserObject
[amcl-2] [WARN] [1782996458.446079786] [amcl]: AMCL cannot publish a pose or update the transform. Please set the initial pose...
[amcl-2] [INFO] [1782996458.540763803] [amcl]: Received a 143 X 166 map @ 0.050 m/pix
[amcl-2] [INFO] [1782996458.547634217] [amcl]: createLaserObject
[amcl-2] [INFO] [1782996459.538784083] [amcl]: Received a 143 X 166 map @ 0.050 m/pix
[amcl-2] [INFO] [1782996459.542031957] [amcl]: createLaserObject
[amcl-2] [WARN] [1782996460.540449986] [amcl]: AMCL cannot publish a pose or update the transform. Please set the initial pose...
[amcl-2] [INFO] [1782996460.543985694] [amcl]: Received a 143 X 166 map @ 0.050 m/pix
[amcl-2] [INFO] [1782996460.643339792] [amcl]: createLaserObject
[amcl-2] [INFO] [1782996461.538157348] [amcl]: Received a 143 X 166 map @ 0.050 m/pix
[amcl-2] [INFO] [1782996461.541217264] [amcl]: createLaserObject
[amcl-2] [INFO] [1782996462.541665666] [amcl]: Received a 143 X 166 map @ 0.050 m/pix
[amcl-2] [INFO] [1782996462.544854832] [amcl]: createLaserObject
[amcl-2] [WARN] [1782996462.569509451] [amcl]: AMCL cannot publish a pose or update the transform. Please set the initial pose...
[amcl-2] [INFO] [1782996463.536808277] [amcl]: Received a 143 X 166 map @ 0.050 m/pix
[amcl-2] [INFO] [1782996463.546605816] [amcl]: createLaserObject
[amcl-2] [INFO] [1782996464.542966010] [amcl]: Received a 143 X 166 map @ 0.050 m/pix
[amcl-2] [INFO] [1782996464.635295735] [amcl]: createLaserObject
[amcl-2] [WARN] [1782996464.682183264] [amcl]: AMCL cannot publish a pose or update the transform. Please set the initial pose...
[amcl-2] [INFO] [1782996465.545350368] [amcl]: Received a 143 X 166 map @ 0.050 m/pix
[amcl-2] [INFO] [1782996465.640546300] [amcl]: createLaserObject
[amcl-2] [INFO] [1782996466.543686517] [amcl]: Received a 143 X 166 map @ 0.050 m/pix
[amcl-2] [INFO] [1782996466.638711283] [amcl]: createLaserObject
[amcl-2] [WARN] [1782996466.737220799] [amcl]: AMCL cannot publish a pose or update the transform. Please set the initial pose...
[amcl-2] [INFO] [1782996467.542941124] [amcl]: Received a 143 X 166 map @ 0.050 m/pix
[amcl-2] [INFO] [1782996467.635971974] [amcl]: createLaserObject
[amcl-2] [INFO] [1782996468.535367732] [amcl]: Received a 143 X 166 map @ 0.050 m/pix
[amcl-2] [INFO] [1782996468.637369205] [amcl]: createLaserObject
[amcl-2] [WARN] [1782996468.741319594] [amcl]: AMCL cannot publish a pose or update the transform. Please set the initial pose...
[amcl-2] [INFO] [1782996469.536765712] [amcl]: Received a 143 X 166 map @ 0.050 m/pix
[amcl-2] [INFO] [1782996469.633588728] [amcl]: createLaserObject
[amcl-2] [INFO] [1782996470.544480940] [amcl]: Received a 143 X 166 map @ 0.050 m/pix
[amcl-2] [INFO] [1782996470.633685374] [amcl]: createLaserObject
[amcl-2] [WARN] [1782996470.833570236] [amcl]: AMCL cannot publish a pose or update the transform. Please set the initial pose...
[amcl-2] [INFO] [1782996471.536147921] [amcl]: Received a 143 X 166 map @ 0.050 m/pix
[amcl-2] [INFO] [1782996471.629819979] [amcl]: createLaserObject
[amcl-2] [INFO] [1782996472.534704066] [amcl]: Received a 143 X 166 map @ 0.050 m/pix
[amcl-2] [INFO] [1782996472.631889206] [amcl]: createLaserObject
[amcl-2] [WARN] [1782996472.846688606] [amcl]: AMCL cannot publish a pose or update the transform. Please set the initial pose...
[amcl-2] [INFO] [1782996473.540790083] [amcl]: Received a 143 X 166 map @ 0.050 m/pix
[amcl-2] [INFO] [1782996473.624970769] [amcl]: createLaserObject
[amcl-2] [INFO] [1782996474.538973227] [amcl]: Received a 143 X 166 map @ 0.050 m/pix
[amcl-2] [INFO] [1782996474.625518412] [amcl]: createLaserObject
[amcl-2] [WARN] [1782996474.929157162] [amcl]: AMCL cannot publish a pose or update the transform. Please set the initial pose...
[amcl-2] [INFO] [1782996475.540553994] [amcl]: Received a 143 X 166 map @ 0.050 m/pix
[amcl-2] [INFO] [1782996475.627178470] [amcl]: createLaserObject
[amcl-2] [INFO] [1782996476.541720969] [amcl]: Received a 143 X 166 map @ 0.050 m/pix
[amcl-2] [INFO] [1782996476.621833239] [amcl]: createLaserObject
[amcl-2] [WARN] [1782996477.028912460] [amcl]: AMCL cannot publish a pose or update the transform. Please set the initial pose...
[amcl-2] [INFO] [1782996477.537296153] [amcl]: Received a 143 X 166 map @ 0.050 m/pix
[amcl-2] [INFO] [1782996477.628557836] [amcl]: createLaserObject
[amcl-2] [INFO] [1782996478.536348002] [amcl]: Received a 143 X 166 map @ 0.050 m/pix
[amcl-2] [INFO] [1782996478.619406645] [amcl]: createLaserObject
[amcl-2] [WARN] [1782996479.121958173] [amcl]: AMCL cannot publish a pose or update the transform. Please set the initial pose...
[amcl-2] [INFO] [1782996479.537676599] [amcl]: Received a 143 X 166 map @ 0.050 m/pix
[amcl-2] [INFO] [1782996479.632380115] [amcl]: createLaserObject
[amcl-2] [INFO] [1782996480.543911612] [amcl]: Received a 143 X 166 map @ 0.050 m/pix
[amcl-2] [INFO] [1782996480.620355757] [amcl]: createLaserObject
[amcl-2] [WARN] [1782996481.215189133] [amcl]: AMCL cannot publish a pose or update the transform. Please set the initial pose...
[amcl-2] [INFO] [1782996481.538385085] [amcl]: Received a 143 X 166 map @ 0.050 m/pix
[amcl-2] [INFO] [1782996481.615492730] [amcl]: createLaserObject
[amcl-2] [INFO] [1782996482.538760097] [amcl]: Received a 143 X 166 map @ 0.050 m/pix
[amcl-2] [INFO] [1782996482.612638993] [amcl]: createLaserObject
[amcl-2] [WARN] [1782996483.311918422] [amcl]: AMCL cannot publish a pose or update the transform. Please set the initial pose...
[amcl-2] [INFO] [1782996483.543599566] [amcl]: Received a 143 X 166 map @ 0.050 m/pix
[amcl-2] [INFO] [1782996483.613179629] [amcl]: createLaserObject
[amcl-2] [INFO] [1782996484.540988286] [amcl]: Received a 143 X 166 map @ 0.050 m/pix
[amcl-2] [INFO] [1782996484.611789557] [amcl]: createLaserObject
[amcl-2] [WARN] [1782996485.314394068] [amcl]: AMCL cannot publish a pose or update the transform. Please set the initial pose...
[amcl-2] [INFO] [1782996485.542264296] [amcl]: Received a 143 X 166 map @ 0.050 m/pix
[amcl-2] [INFO] [1782996485.610190360] [amcl]: createLaserObject
[amcl-2] [INFO] [1782996486.546544012] [amcl]: Received a 143 X 166 map @ 0.050 m/pix
[amcl-2] [INFO] [1782996486.608996078] [amcl]: createLaserObject
[amcl-2] [WARN] [1782996487.407448019] [amcl]: AMCL cannot publish a pose or update the transform. Please set the initial pose...
[amcl-2] [INFO] [1782996487.539441398] [amcl]: Received a 143 X 166 map @ 0.050 m/pix
[amcl-2] [INFO] [1782996487.607282462] [amcl]: createLaserObject
[amcl-2] [INFO] [1782996488.538091740] [amcl]: Received a 143 X 166 map @ 0.050 m/pix
[amcl-2] [INFO] [1782996488.609261387] [amcl]: createLaserObject
[amcl-2] [WARN] [1782996489.504670632] [amcl]: AMCL cannot publish a pose or update the transform. Please set the initial pose...
[amcl-2] [INFO] [1782996489.538001873] [amcl]: Received a 143 X 166 map @ 0.050 m/pix
[amcl-2] [INFO] [1782996489.611512727] [amcl]: createLaserObject
[amcl-2] [INFO] [1782996490.537920046] [amcl]: Received a 143 X 166 map @ 0.050 m/pix
[amcl-2] [INFO] [1782996490.604187861] [amcl]: createLaserObject
[amcl-2] [INFO] [1782996491.538942844] [amcl]: Received a 143 X 166 map @ 0.050 m/pix
[amcl-2] [INFO] [1782996491.602373409] [amcl]: createLaserObject
[amcl-2] [WARN] [1782996491.660554351] [amcl]: AMCL cannot publish a pose or update the transform. Please set the initial pose...
[amcl-2] [INFO] [1782996492.542966973] [amcl]: Received a 143 X 166 map @ 0.050 m/pix
[amcl-2] [INFO] [1782996492.602505456] [amcl]: createLaserObject
[amcl-2] [INFO] [1782996493.535243897] [amcl]: Received a 143 X 166 map @ 0.050 m/pix
[amcl-2] [INFO] [1782996493.603920919] [amcl]: createLaserObject
[amcl-2] [WARN] [1782996493.705653765] [amcl]: AMCL cannot publish a pose or update the transform. Please set the initial pose...
[amcl-2] [INFO] [1782996494.543691565] [amcl]: Received a 143 X 166 map @ 0.050 m/pix
[amcl-2] [INFO] [1782996494.599285257] [amcl]: createLaserObject
[amcl-2] [INFO] [1782996495.535479696] [amcl]: Received a 143 X 166 map @ 0.050 m/pix
[amcl-2] [INFO] [1782996495.603425010] [amcl]: createLaserObject
[amcl-2] [WARN] [1782996495.798167578] [amcl]: AMCL cannot publish a pose or update the transform. Please set the initial pose...
[amcl-2] [INFO] [1782996496.553620527] [amcl]: Received a 143 X 166 map @ 0.050 m/pix
[amcl-2] [INFO] [1782996496.597506347] [amcl]: createLaserObject
[amcl-2] [INFO] [1782996497.536644659] [amcl]: Received a 143 X 166 map @ 0.050 m/pix
[amcl-2] [INFO] [1782996497.595793433] [amcl]: createLaserObject
[amcl-2] [WARN] [1782996497.896575304] [amcl]: AMCL cannot publish a pose or update the transform. Please set the initial pose...
[amcl-2] [INFO] [1782996498.539133951] [amcl]: Received a 143 X 166 map @ 0.050 m/pix
[amcl-2] [INFO] [1782996498.595581518] [amcl]: createLaserObject
[amcl-2] [INFO] [1782996499.539311535] [amcl]: Received a 143 X 166 map @ 0.050 m/pix
[amcl-2] [INFO] [1782996499.596246518] [amcl]: createLaserObject
[amcl-2] [WARN] [1782996499.901751430] [amcl]: AMCL cannot publish a pose or update the transform. Please set the initial pose...
[amcl-2] [INFO] [1782996500.545276283] [amcl]: Received a 143 X 166 map @ 0.050 m/pix
[amcl-2] [INFO] [1782996500.592938978] [amcl]: createLaserObject
[amcl-2] [INFO] [1782996501.535778286] [amcl]: Received a 143 X 166 map @ 0.050 m/pix
[amcl-2] [INFO] [1782996501.591807186] [amcl]: createLaserObject
[amcl-2] [WARN] [1782996502.004932023] [amcl]: AMCL cannot publish a pose or update the transform. Please set the initial pose...
[amcl-2] [INFO] [1782996502.538902242] [amcl]: Received a 143 X 166 map @ 0.050 m/pix
[amcl-2] [INFO] [1782996502.590796101] [amcl]: createLaserObject
[amcl-2] [INFO] [1782996503.550576445] [amcl]: Received a 143 X 166 map @ 0.050 m/pix
[amcl-2] [INFO] [1782996503.593706182] [amcl]: createLaserObject
[amcl-2] [WARN] [1782996504.089531536] [amcl]: AMCL cannot publish a pose or update the transform. Please set the initial pose...
[amcl-2] [INFO] [1782996504.536310071] [amcl]: Received a 143 X 166 map @ 0.050 m/pix
[amcl-2] [INFO] [1782996504.588228348] [amcl]: createLaserObject
[amcl-2] [INFO] [1782996505.540570608] [amcl]: Received a 143 X 166 map @ 0.050 m/pix
[amcl-2] [INFO] [1782996505.588045553] [amcl]: createLaserObject
[amcl-2] [WARN] [1782996506.092248904] [amcl]: AMCL cannot publish a pose or update the transform. Please set the initial pose...
[amcl-2] [INFO] [1782996506.542090062] [amcl]: Received a 143 X 166 map @ 0.050 m/pix
[amcl-2] [INFO] [1782996506.586385841] [amcl]: createLaserObject
[amcl-2] [INFO] [1782996507.543572391] [amcl]: Received a 143 X 166 map @ 0.050 m/pix
[amcl-2] [INFO] [1782996507.588373294] [amcl]: createLaserObject
[amcl-2] [WARN] [1782996508.128562676] [amcl]: AMCL cannot publish a pose or update the transform. Please set the initial pose...
[amcl-2] [INFO] [1782996508.541801469] [amcl]: Received a 143 X 166 map @ 0.050 m/pix
[amcl-2] [INFO] [1782996508.588737705] [amcl]: createLaserObject
[amcl-2] [INFO] [1782996509.537518215] [amcl]: Received a 143 X 166 map @ 0.050 m/pix
[amcl-2] [INFO] [1782996509.583858493] [amcl]: createLaserObject
[amcl-2] [WARN] [1782996510.187003438] [amcl]: AMCL cannot publish a pose or update the transform. Please set the initial pose...
[amcl-2] [INFO] [1782996510.538914958] [amcl]: Received a 143 X 166 map @ 0.050 m/pix
[amcl-2] [INFO] [1782996510.586084611] [amcl]: createLaserObject
[amcl-2] [INFO] [1782996511.540908034] [amcl]: Received a 143 X 166 map @ 0.050 m/pix
[amcl-2] [INFO] [1782996511.581387271] [amcl]: createLaserObject
[amcl-2] [WARN] [1782996512.280129187] [amcl]: AMCL cannot publish a pose or update the transform. Please set the initial pose...
[amcl-2] [INFO] [1782996512.540605151] [amcl]: Received a 143 X 166 map @ 0.050 m/pix
[amcl-2] [INFO] [1782996512.584430304] [amcl]: createLaserObject
[amcl-2] [INFO] [1782996513.545589641] [amcl]: Received a 143 X 166 map @ 0.050 m/pix
[amcl-2] [INFO] [1782996513.579089714] [amcl]: createLaserObject
[amcl-2] [WARN] [1782996514.378849182] [amcl]: AMCL cannot publish a pose or update the transform. Please set the initial pose...
[amcl-2] [INFO] [1782996514.541655508] [amcl]: Received a 143 X 166 map @ 0.050 m/pix
[amcl-2] [INFO] [1782996514.576120790] [amcl]: createLaserObject
[amcl-2] [INFO] [1782996515.534652542] [amcl]: Received a 143 X 166 map @ 0.050 m/pix
[amcl-2] [INFO] [1782996515.576446988] [amcl]: createLaserObject
[amcl-2] [WARN] [1782996516.480618340] [amcl]: AMCL cannot publish a pose or update the transform. Please set the initial pose...
[amcl-2] [INFO] [1782996516.538106656] [amcl]: Received a 143 X 166 map @ 0.050 m/pix
[amcl-2] [INFO] [1782996516.582923768] [amcl]: createLaserObject
[amcl-2] [INFO] [1782996517.536064646] [amcl]: Received a 143 X 166 map @ 0.050 m/pix
[amcl-2] [INFO] [1782996517.576366009] [amcl]: createLaserObject
[amcl-2] [INFO] [1782996518.546019673] [amcl]: Received a 143 X 166 map @ 0.050 m/pix
[amcl-2] [INFO] [1782996518.584352578] [amcl]: createLaserObject
[amcl-2] [WARN] [1782996518.616355902] [amcl]: AMCL cannot publish a pose or update the transform. Please set the initial pose...
[amcl-2] [INFO] [1782996519.537634747] [amcl]: Received a 143 X 166 map @ 0.050 m/pix
[amcl-2] [INFO] [1782996519.578010151] [amcl]: createLaserObject
[amcl-2] [INFO] [1782996520.541075400] [amcl]: Received a 143 X 166 map @ 0.050 m/pix
[amcl-2] [INFO] [1782996520.571989390] [amcl]: createLaserObject
[amcl-2] [WARN] [1782996520.678441399] [amcl]: AMCL cannot publish a pose or update the transform. Please set the initial pose...
[amcl-2] [INFO] [1782996521.537293721] [amcl]: Received a 143 X 166 map @ 0.050 m/pix
[amcl-2] [INFO] [1782996521.569357003] [amcl]: createLaserObject
[amcl-2] [INFO] [1782996522.539019831] [amcl]: Received a 143 X 166 map @ 0.050 m/pix
[amcl-2] [INFO] [1782996522.567686322] [amcl]: createLaserObject
[amcl-2] [WARN] [1782996522.767720011] [amcl]: AMCL cannot publish a pose or update the transform. Please set the initial pose...
[amcl-2] [INFO] [1782996523.539017817] [amcl]: Received a 143 X 166 map @ 0.050 m/pix
[amcl-2] [INFO] [1782996523.567912683] [amcl]: createLaserObject
[amcl-2] [INFO] [1782996524.540584634] [amcl]: Received a 143 X 166 map @ 0.050 m/pix
[amcl-2] [INFO] [1782996524.566944959] [amcl]: createLaserObject
[amcl-2] [WARN] [1782996524.865817576] [amcl]: AMCL cannot publish a pose or update the transform. Please set the initial pose...
[amcl-2] [INFO] [1782996525.540271452] [amcl]: Received a 143 X 166 map @ 0.050 m/pix
[amcl-2] [INFO] [1782996525.566637610] [amcl]: createLaserObject
[amcl-2] [INFO] [1782996526.536700562] [amcl]: Received a 143 X 166 map @ 0.050 m/pix
[amcl-2] [INFO] [1782996526.566853969] [amcl]: createLaserObject
[amcl-2] [WARN] [1782996526.964258263] [amcl]: AMCL cannot publish a pose or update the transform. Please set the initial pose...
[amcl-2] [INFO] [1782996527.538625544] [amcl]: Received a 143 X 166 map @ 0.050 m/pix
[amcl-2] [INFO] [1782996527.564609786] [amcl]: createLaserObject
[amcl-2] [INFO] [1782996528.540833526] [amcl]: Received a 143 X 166 map @ 0.050 m/pix
[amcl-2] [INFO] [1782996528.562307186] [amcl]: createLaserObject
[amcl-2] [WARN] [1782996529.062178156] [amcl]: AMCL cannot publish a pose or update the transform. Please set the initial pose...
[amcl-2] [INFO] [1782996529.540187549] [amcl]: Received a 143 X 166 map @ 0.050 m/pix
[amcl-2] [INFO] [1782996529.561153376] [amcl]: createLaserObject
[amcl-2] [INFO] [1782996530.534889574] [amcl]: Received a 143 X 166 map @ 0.050 m/pix
[amcl-2] [INFO] [1782996530.559201150] [amcl]: createLaserObject
[amcl-2] [WARN] [1782996531.158823797] [amcl]: AMCL cannot publish a pose or update the transform. Please set the initial pose...
[amcl-2] [INFO] [1782996531.537409179] [amcl]: Received a 143 X 166 map @ 0.050 m/pix
[amcl-2] [INFO] [1782996531.558833005] [amcl]: createLaserObject
[amcl-2] [INFO] [1782996532.535257201] [amcl]: Received a 143 X 166 map @ 0.050 m/pix
[amcl-2] [INFO] [1782996532.557266486] [amcl]: createLaserObject
[amcl-2] [WARN] [1782996533.255178685] [amcl]: AMCL cannot publish a pose or update the transform. Please set the initial pose...
[amcl-2] [INFO] [1782996533.548868885] [amcl]: Received a 143 X 166 map @ 0.050 m/pix
[amcl-2] [INFO] [1782996533.559006465] [amcl]: createLaserObject
[amcl-2] [INFO] [1782996534.536518367] [amcl]: Received a 143 X 166 map @ 0.050 m/pix
[amcl-2] [INFO] [1782996534.555766611] [amcl]: createLaserObject
[amcl-2] [WARN] [1782996535.255534101] [amcl]: AMCL cannot publish a pose or update the transform. Please set the initial pose...
[amcl-2] [INFO] [1782996535.539003512] [amcl]: Received a 143 X 166 map @ 0.050 m/pix
[amcl-2] [INFO] [1782996535.554051674] [amcl]: createLaserObject
[amcl-2] [INFO] [1782996536.535509324] [amcl]: Received a 143 X 166 map @ 0.050 m/pix
[amcl-2] [INFO] [1782996536.552782818] [amcl]: createLaserObject
[amcl-2] [WARN] [1782996537.352448109] [amcl]: AMCL cannot publish a pose or update the transform. Please set the initial pose...
[amcl-2] [INFO] [1782996537.537645259] [amcl]: Received a 143 X 166 map @ 0.050 m/pix
[amcl-2] [INFO] [1782996537.552456254] [amcl]: createLaserObject
[amcl-2] [INFO] [1782996538.538682693] [amcl]: Received a 143 X 166 map @ 0.050 m/pix
[amcl-2] [INFO] [1782996538.552068064] [amcl]: createLaserObject
[amcl-2] [WARN] [1782996539.453992279] [amcl]: AMCL cannot publish a pose or update the transform. Please set the initial pose...
[amcl-2] [INFO] [1782996539.541156043] [amcl]: Received a 143 X 166 map @ 0.050 m/pix
[amcl-2] [INFO] [1782996539.552305248] [amcl]: createLaserObject
[amcl-2] [INFO] [1782996540.540048061] [amcl]: Received a 143 X 166 map @ 0.050 m/pix
[amcl-2] [INFO] [1782996540.549353808] [amcl]: createLaserObject
[amcl-2] [INFO] [1782996541.538601161] [amcl]: Received a 143 X 166 map @ 0.050 m/pix
[amcl-2] [INFO] [1782996541.549929824] [amcl]: createLaserObject
[amcl-2] [WARN] [1782996541.584416230] [amcl]: AMCL cannot publish a pose or update the transform. Please set the initial pose...
[amcl-2] [INFO] [1782996542.541144968] [amcl]: Received a 143 X 166 map @ 0.050 m/pix
[amcl-2] [INFO] [1782996542.548109299] [amcl]: createLaserObject
[amcl-2] [INFO] [1782996543.540606733] [amcl]: Received a 143 X 166 map @ 0.050 m/pix
[amcl-2] [INFO] [1782996543.544512232] [amcl]: createLaserObject
[amcl-2] [WARN] [1782996543.646481533] [amcl]: AMCL cannot publish a pose or update the transform. Please set the initial pose...
[amcl-2] [INFO] [1782996544.534963042] [amcl]: Received a 143 X 166 map @ 0.050 m/pix
[amcl-2] [INFO] [1782996544.547778579] [amcl]: createLaserObject
[amcl-2] [INFO] [1782996545.542783970] [amcl]: Received a 143 X 166 map @ 0.050 m/pix
[amcl-2] [INFO] [1782996545.545407219] [amcl]: createLaserObject
[amcl-2] [WARN] [1782996545.650000144] [amcl]: AMCL cannot publish a pose or update the transform. Please set the initial pose...
[amcl-2] [INFO] [1782996546.540069026] [amcl]: Received a 143 X 166 map @ 0.050 m/pix
[amcl-2] [INFO] [1782996546.553876772] [amcl]: createLaserObject
[amcl-2] [INFO] [1782996547.540184415] [amcl]: Received a 143 X 166 map @ 0.050 m/pix
[amcl-2] [INFO] [1782996547.542343914] [amcl]: createLaserObject
[amcl-2] [WARN] [1782996547.739944767] [amcl]: AMCL cannot publish a pose or update the transform. Please set the initial pose...
[amcl-2] [INFO] [1782996548.538936511] [amcl]: Received a 143 X 166 map @ 0.050 m/pix
[amcl-2] [INFO] [1782996548.550007382] [amcl]: createLaserObject
[amcl-2] [INFO] [1782996549.542054730] [amcl]: Received a 143 X 166 map @ 0.050 m/pix
[amcl-2] [INFO] [1782996549.642233823] [amcl]: createLaserObject
[amcl-2] [WARN] [1782996549.849005173] [amcl]: AMCL cannot publish a pose or update the transform. Please set the initial pose...
[amcl-2] [INFO] [1782996550.541830575] [amcl]: Received a 143 X 166 map @ 0.050 m/pix
[amcl-2] [INFO] [1782996550.544928366] [amcl]: createLaserObject
[amcl-2] [INFO] [1782996551.539587379] [amcl]: Received a 143 X 166 map @ 0.050 m/pix
[amcl-2] [INFO] [1782996551.642716054] [amcl]: createLaserObject
[amcl-2] [WARN] [1782996551.939338250] [amcl]: AMCL cannot publish a pose or update the transform. Please set the initial pose...
[amcl-2] [INFO] [1782996552.542806388] [amcl]: Received a 143 X 166 map @ 0.050 m/pix
[amcl-2] [INFO] [1782996552.637279399] [amcl]: createLaserObject
[amcl-2] [INFO] [1782996553.538352358] [amcl]: Received a 143 X 166 map @ 0.050 m/pix
[amcl-2] [INFO] [1782996553.545959522] [amcl]: createLaserObject
[amcl-2] [WARN] [1782996554.035242197] [amcl]: AMCL cannot publish a pose or update the transform. Please set the initial pose...
[amcl-2] [INFO] [1782996554.540931866] [amcl]: Received a 143 X 166 map @ 0.050 m/pix
[amcl-2] [INFO] [1782996554.631073462] [amcl]: createLaserObject
[amcl-2] [INFO] [1782996555.537091709] [amcl]: Received a 143 X 166 map @ 0.050 m/pix
[amcl-2] [INFO] [1782996555.633899595] [amcl]: createLaserObject
[amcl-2] [WARN] [1782996556.129884434] [amcl]: AMCL cannot publish a pose or update the transform. Please set the initial pose...
[amcl-2] [INFO] [1782996556.558022919] [amcl]: Received a 143 X 166 map @ 0.050 m/pix
[amcl-2] [INFO] [1782996556.636102769] [amcl]: createLaserObject
[amcl-2] [INFO] [1782996557.536228351] [amcl]: Received a 143 X 166 map @ 0.050 m/pix
[amcl-2] [INFO] [1782996557.634315152] [amcl]: createLaserObject
[amcl-2] [WARN] [1782996558.228014125] [amcl]: AMCL cannot publish a pose or update the transform. Please set the initial pose...
[amcl-2] [INFO] [1782996558.550932062] [amcl]: Received a 143 X 166 map @ 0.050 m/pix
[amcl-2] [INFO] [1782996558.627293995] [amcl]: createLaserObject
[amcl-2] [INFO] [1782996559.539323239] [amcl]: Received a 143 X 166 map @ 0.050 m/pix
[amcl-2] [INFO] [1782996559.631096334] [amcl]: createLaserObject
[amcl-2] [WARN] [1782996560.231953470] [amcl]: AMCL cannot publish a pose or update the transform. Please set the initial pose...
[amcl-2] [INFO] [1782996560.536192246] [amcl]: Received a 143 X 166 map @ 0.050 m/pix
[amcl-2] [INFO] [1782996560.626805716] [amcl]: createLaserObject
[amcl-2] [INFO] [1782996561.542092624] [amcl]: Received a 143 X 166 map @ 0.050 m/pix
[amcl-2] [INFO] [1782996561.626561888] [amcl]: createLaserObject
[amcl-2] [WARN] [1782996562.325153368] [amcl]: AMCL cannot publish a pose or update the transform. Please set the initial pose...
[amcl-2] [INFO] [1782996562.538245631] [amcl]: Received a 143 X 166 map @ 0.050 m/pix
[amcl-2] [INFO] [1782996562.624646061] [amcl]: createLaserObject
[amcl-2] [INFO] [1782996563.542151926] [amcl]: Received a 143 X 166 map @ 0.050 m/pix
[amcl-2] [INFO] [1782996563.629091272] [amcl]: createLaserObject
[amcl-2] [WARN] [1782996564.422288844] [amcl]: AMCL cannot publish a pose or update the transform. Please set the initial pose...
[amcl-2] [INFO] [1782996564.542529305] [amcl]: Received a 143 X 166 map @ 0.050 m/pix
[amcl-2] [INFO] [1782996564.626206152] [amcl]: createLaserObject
[amcl-2] [INFO] [1782996565.541738642] [amcl]: Received a 143 X 166 map @ 0.050 m/pix
[amcl-2] [INFO] [1782996565.621654824] [amcl]: createLaserObject
[amcl-2] [WARN] [1782996566.519082902] [amcl]: AMCL cannot publish a pose or update the transform. Please set the initial pose...
[amcl-2] [INFO] [1782996566.534483064] [amcl]: Received a 143 X 166 map @ 0.050 m/pix
[amcl-2] [INFO] [1782996566.619808786] [amcl]: createLaserObject
[amcl-2] [INFO] [1782996567.540172273] [amcl]: Received a 143 X 166 map @ 0.050 m/pix
[amcl-2] [INFO] [1782996567.626222911] [amcl]: createLaserObject
[amcl-2] [WARN] [1782996568.539827317] [amcl]: AMCL cannot publish a pose or update the transform. Please set the initial pose...
[amcl-2] [INFO] [1782996568.555453145] [amcl]: Received a 143 X 166 map @ 0.050 m/pix
[amcl-2] [INFO] [1782996568.621903998] [amcl]: createLaserObject
[amcl-2] [INFO] [1782996569.595215341] [amcl]: Received a 143 X 166 map @ 0.050 m/pix
[amcl-2] [INFO] [1782996569.691866101] [amcl]: createLaserObject
[amcl-2] [INFO] [1782996570.545577026] [amcl]: Received a 143 X 166 map @ 0.050 m/pix
[amcl-2] [INFO] [1782996570.620776417] [amcl]: createLaserObject
[amcl-2] [WARN] [1782996570.733158338] [amcl]: AMCL cannot publish a pose or update the transform. Please set the initial pose...
[amcl-2] [INFO] [1782996571.543252805] [amcl]: Received a 143 X 166 map @ 0.050 m/pix
[amcl-2] [INFO] [1782996571.624586812] [amcl]: createLaserObject
[amcl-2] [INFO] [1782996572.540968308] [amcl]: Received a 143 X 166 map @ 0.050 m/pix
[amcl-2] [INFO] [1782996572.616358523] [amcl]: createLaserObject
[amcl-2] [WARN] [1782996572.822264999] [amcl]: AMCL cannot publish a pose or update the transform. Please set the initial pose...
[amcl-2] [INFO] [1782996573.543617102] [amcl]: Received a 143 X 166 map @ 0.050 m/pix
[amcl-2] [INFO] [1782996573.626869067] [amcl]: createLaserObject
[amcl-2] [INFO] [1782996574.540900435] [amcl]: Received a 143 X 166 map @ 0.050 m/pix
[amcl-2] [INFO] [1782996574.611306732] [amcl]: createLaserObject
[amcl-2] [WARN] [1782996574.909413923] [amcl]: AMCL cannot publish a pose or update the transform. Please set the initial pose...
[amcl-2] [INFO] [1782996575.537228016] [amcl]: Received a 143 X 166 map @ 0.050 m/pix
[amcl-2] [INFO] [1782996575.609847730] [amcl]: createLaserObject
[amcl-2] [INFO] [1782996576.569348681] [amcl]: Received a 143 X 166 map @ 0.050 m/pix
[amcl-2] [INFO] [1782996576.610584309] [amcl]: createLaserObject
[amcl-2] [WARN] [1782996577.016391133] [amcl]: AMCL cannot publish a pose or update the transform. Please set the initial pose...
[amcl-2] [INFO] [1782996577.547528298] [amcl]: Received a 143 X 166 map @ 0.050 m/pix
[amcl-2] [INFO] [1782996577.606424011] [amcl]: createLaserObject
[amcl-2] [INFO] [1782996578.556053666] [amcl]: Received a 143 X 166 map @ 0.050 m/pix
[amcl-2] [INFO] [1782996578.608629129] [amcl]: createLaserObject
[amcl-2] [WARN] [1782996579.108921874] [amcl]: AMCL cannot publish a pose or update the transform. Please set the initial pose...
[amcl-2] [INFO] [1782996579.542421739] [amcl]: Received a 143 X 166 map @ 0.050 m/pix
[amcl-2] [INFO] [1782996579.616178536] [amcl]: createLaserObject
[amcl-2] [INFO] [1782996580.539835894] [amcl]: Received a 143 X 166 map @ 0.050 m/pix
[amcl-2] [INFO] [1782996580.615418316] [amcl]: createLaserObject
[amcl-2] [WARN] [1782996581.113596102] [amcl]: AMCL cannot publish a pose or update the transform. Please set the initial pose...
[amcl-2] [INFO] [1782996581.542444090] [amcl]: Received a 143 X 166 map @ 0.050 m/pix
[amcl-2] [INFO] [1782996581.604612552] [amcl]: createLaserObject
[amcl-2] [INFO] [1782996582.547147116] [amcl]: Received a 143 X 166 map @ 0.050 m/pix
[amcl-2] [INFO] [1782996582.602451870] [amcl]: createLaserObject
[amcl-2] [WARN] [1782996583.219634203] [amcl]: AMCL cannot publish a pose or update the transform. Please set the initial pose...
[amcl-2] [INFO] [1782996583.648724273] [amcl]: Received a 143 X 166 map @ 0.050 m/pix
[amcl-2] [INFO] [1782996583.688977817] [amcl]: createLaserObject
[amcl-2] [INFO] [1782996584.545086706] [amcl]: Received a 143 X 166 map @ 0.050 m/pix
[amcl-2] [INFO] [1782996584.599353376] [amcl]: createLaserObject
[amcl-2] [WARN] [1782996585.299753295] [amcl]: AMCL cannot publish a pose or update the transform. Please set the initial pose...
[amcl-2] [INFO] [1782996585.538278060] [amcl]: Received a 143 X 166 map @ 0.050 m/pix
[amcl-2] [INFO] [1782996585.600651314] [amcl]: createLaserObject
[amcl-2] [INFO] [1782996586.539821204] [amcl]: Received a 143 X 166 map @ 0.050 m/pix
[amcl-2] [INFO] [1782996586.612120834] [amcl]: createLaserObject
[amcl-2] [WARN] [1782996587.397096297] [amcl]: AMCL cannot publish a pose or update the transform. Please set the initial pose...
[amcl-2] [INFO] [1782996587.541758930] [amcl]: Received a 143 X 166 map @ 0.050 m/pix
[amcl-2] [INFO] [1782996587.595617058] [amcl]: createLaserObject
[amcl-2] [INFO] [1782996588.553300947] [amcl]: Received a 143 X 166 map @ 0.050 m/pix
[amcl-2] [INFO] [1782996588.603212908] [amcl]: createLaserObject
[amcl-2] [WARN] [1782996589.500322749] [amcl]: AMCL cannot publish a pose or update the transform. Please set the initial pose...
[amcl-2] [INFO] [1782996589.537546168] [amcl]: Received a 143 X 166 map @ 0.050 m/pix
[amcl-2] [INFO] [1782996589.594238838] [amcl]: createLaserObject
[amcl-2] [INFO] [1782996590.547020097] [amcl]: Received a 143 X 166 map @ 0.050 m/pix
[amcl-2] [INFO] [1782996590.598667308] [amcl]: createLaserObject
[amcl-2] [WARN] [1782996591.513067189] [amcl]: AMCL cannot publish a pose or update the transform. Please set the initial pose...
[amcl-2] [INFO] [1782996591.536374649] [amcl]: Received a 143 X 166 map @ 0.050 m/pix
[amcl-2] [INFO] [1782996591.593495443] [amcl]: createLaserObject
[amcl-2] [INFO] [1782996592.538594241] [amcl]: Received a 143 X 166 map @ 0.050 m/pix
[amcl-2] [INFO] [1782996592.592252327] [amcl]: createLaserObject
[amcl-2] [INFO] [1782996593.538236706] [amcl]: Received a 143 X 166 map @ 0.050 m/pix
[amcl-2] [INFO] [1782996593.589971292] [amcl]: createLaserObject
[amcl-2] [WARN] [1782996593.624431002] [amcl]: AMCL cannot publish a pose or update the transform. Please set the initial pose...
[amcl-2] [INFO] [1782996594.537186836] [amcl]: Received a 143 X 166 map @ 0.050 m/pix
[amcl-2] [INFO] [1782996594.590980463] [amcl]: createLaserObject
[amcl-2] [INFO] [1782996595.535757089] [amcl]: Received a 143 X 166 map @ 0.050 m/pix
[amcl-2] [INFO] [1782996595.587795883] [amcl]: createLaserObject
[amcl-2] [WARN] [1782996595.688451429] [amcl]: AMCL cannot publish a pose or update the transform. Please set the initial pose...
[amcl-2] [INFO] [1782996596.535913633] [amcl]: Received a 143 X 166 map @ 0.050 m/pix
[amcl-2] [INFO] [1782996596.588619635] [amcl]: createLaserObject
[amcl-2] [INFO] [1782996597.537143299] [amcl]: Received a 143 X 166 map @ 0.050 m/pix
[amcl-2] [INFO] [1782996597.588396510] [amcl]: createLaserObject
[amcl-2] [WARN] [1782996597.786711976] [amcl]: AMCL cannot publish a pose or update the transform. Please set the initial pose...
[amcl-2] [INFO] [1782996598.539744964] [amcl]: Received a 143 X 166 map @ 0.050 m/pix
[amcl-2] [INFO] [1782996598.585209258] [amcl]: createLaserObject
[amcl-2] [INFO] [1782996599.536105502] [amcl]: Received a 143 X 166 map @ 0.050 m/pix
[amcl-2] [INFO] [1782996599.594686546] [amcl]: createLaserObject
[amcl-2] [WARN] [1782996599.883753223] [amcl]: AMCL cannot publish a pose or update the transform. Please set the initial pose...
[amcl-2] [INFO] [1782996600.539862664] [amcl]: Received a 143 X 166 map @ 0.050 m/pix
[amcl-2] [INFO] [1782996600.584282665] [amcl]: createLaserObject
[amcl-2] [INFO] [1782996601.537222990] [amcl]: Received a 143 X 166 map @ 0.050 m/pix
[amcl-2] [INFO] [1782996601.588167950] [amcl]: createLaserObject
[amcl-2] [WARN] [1782996601.883978377] [amcl]: AMCL cannot publish a pose or update the transform. Please set the initial pose...
[amcl-2] [INFO] [1782996602.536406689] [amcl]: Received a 143 X 166 map @ 0.050 m/pix
[amcl-2] [INFO] [1782996602.582192191] [amcl]: createLaserObject
[amcl-2] [INFO] [1782996603.540358096] [amcl]: Received a 143 X 166 map @ 0.050 m/pix
[amcl-2] [INFO] [1782996603.581537472] [amcl]: createLaserObject
[amcl-2] [WARN] [1782996603.979000943] [amcl]: AMCL cannot publish a pose or update the transform. Please set the initial pose...
[amcl-2] [INFO] [1782996604.535314167] [amcl]: Received a 143 X 166 map @ 0.050 m/pix
[amcl-2] [INFO] [1782996604.578337502] [amcl]: createLaserObject
[amcl-2] [INFO] [1782996605.535778612] [amcl]: Received a 143 X 166 map @ 0.050 m/pix
[amcl-2] [INFO] [1782996605.578042446] [amcl]: createLaserObject
[amcl-2] [WARN] [1782996606.083447293] [amcl]: AMCL cannot publish a pose or update the transform. Please set the initial pose...
[amcl-2] [INFO] [1782996606.539060638] [amcl]: Received a 143 X 166 map @ 0.050 m/pix
[amcl-2] [INFO] [1782996606.577556681] [amcl]: createLaserObject
[amcl-2] [INFO] [1782996607.551646788] [amcl]: Received a 143 X 166 map @ 0.050 m/pix
[amcl-2] [INFO] [1782996607.579621122] [amcl]: createLaserObject
[amcl-2] [WARN] [1782996608.090756176] [amcl]: AMCL cannot publish a pose or update the transform. Please set the initial pose...
[amcl-2] [INFO] [1782996608.541637144] [amcl]: Received a 143 X 166 map @ 0.050 m/pix
[amcl-2] [INFO] [1782996608.577397686] [amcl]: createLaserObject
[amcl-2] [INFO] [1782996609.538520957] [amcl]: Received a 143 X 166 map @ 0.050 m/pix
[amcl-2] [INFO] [1782996609.573592332] [amcl]: createLaserObject
[amcl-2] [WARN] [1782996610.175302178] [amcl]: AMCL cannot publish a pose or update the transform. Please set the initial pose...
[amcl-2] [INFO] [1782996610.544125393] [amcl]: Received a 143 X 166 map @ 0.050 m/pix
[amcl-2] [INFO] [1782996610.584932727] [amcl]: createLaserObject
[amcl-2] [INFO] [1782996611.537192036] [amcl]: Received a 143 X 166 map @ 0.050 m/pix
[amcl-2] [INFO] [1782996611.577278953] [amcl]: createLaserObject
[amcl-2] [WARN] [1782996612.271320715] [amcl]: AMCL cannot publish a pose or update the transform. Please set the initial pose...
[amcl-2] [INFO] [1782996612.537338427] [amcl]: Received a 143 X 166 map @ 0.050 m/pix
[amcl-2] [INFO] [1782996612.571230636] [amcl]: createLaserObject
[amcl-2] [INFO] [1782996613.535862817] [amcl]: Received a 143 X 166 map @ 0.050 m/pix
[amcl-2] [INFO] [1782996613.569079526] [amcl]: createLaserObject
[amcl-2] [WARN] [1782996614.367368203] [amcl]: AMCL cannot publish a pose or update the transform. Please set the initial pose...
[amcl-2] [INFO] [1782996614.534986330] [amcl]: Received a 143 X 166 map @ 0.050 m/pix
[amcl-2] [INFO] [1782996614.568197705] [amcl]: createLaserObject
[amcl-2] [INFO] [1782996615.539657300] [amcl]: Received a 143 X 166 map @ 0.050 m/pix
[amcl-2] [INFO] [1782996615.567266175] [amcl]: createLaserObject
[amcl-2] [WARN] [1782996616.369529475] [amcl]: AMCL cannot publish a pose or update the transform. Please set the initial pose...
[amcl-2] [INFO] [1782996616.537475851] [amcl]: Received a 143 X 166 map @ 0.050 m/pix
[amcl-2] [INFO] [1782996616.569299935] [amcl]: createLaserObject
[amcl-2] [INFO] [1782996617.537803693] [amcl]: Received a 143 X 166 map @ 0.050 m/pix
[amcl-2] [INFO] [1782996617.564623360] [amcl]: createLaserObject
[amcl-2] [WARN] [1782996618.463368491] [amcl]: AMCL cannot publish a pose or update the transform. Please set the initial pose...
[amcl-2] [INFO] [1782996618.538900366] [amcl]: Received a 143 X 166 map @ 0.050 m/pix
[amcl-2] [INFO] [1782996618.566170617] [amcl]: createLaserObject
[amcl-2] [INFO] [1782996619.538844205] [amcl]: Received a 143 X 166 map @ 0.050 m/pix
[amcl-2] [INFO] [1782996619.562247830] [amcl]: createLaserObject
[amcl-2] [INFO] [1782996620.540174125] [amcl]: Received a 143 X 166 map @ 0.050 m/pix
[amcl-2] [INFO] [1782996620.562075125] [amcl]: createLaserObject
[amcl-2] [WARN] [1782996620.607572917] [amcl]: AMCL cannot publish a pose or update the transform. Please set the initial pose...
[amcl-2] [INFO] [1782996621.535481127] [amcl]: Received a 143 X 166 map @ 0.050 m/pix
[amcl-2] [INFO] [1782996621.568065044] [amcl]: createLaserObject
[amcl-2] [INFO] [1782996622.535444169] [amcl]: Received a 143 X 166 map @ 0.050 m/pix
[amcl-2] [INFO] [1782996622.562507211] [amcl]: createLaserObject
[amcl-2] [WARN] [1782996622.659266794] [amcl]: AMCL cannot publish a pose or update the transform. Please set the initial pose...
[amcl-2] [INFO] [1782996623.551668043] [amcl]: Received a 143 X 166 map @ 0.050 m/pix
[amcl-2] [INFO] [1782996623.571891084] [amcl]: createLaserObject
[amcl-2] [INFO] [1782996624.535736665] [amcl]: Received a 143 X 166 map @ 0.050 m/pix
[amcl-2] [INFO] [1782996624.557963206] [amcl]: createLaserObject
[amcl-2] [WARN] [1782996624.757802706] [amcl]: AMCL cannot publish a pose or update the transform. Please set the initial pose...
[amcl-2] [INFO] [1782996625.541748661] [amcl]: Received a 143 X 166 map @ 0.050 m/pix
[amcl-2] [INFO] [1782996625.555610744] [amcl]: createLaserObject
[amcl-2] [INFO] [1782996626.539186238] [amcl]: Received a 143 X 166 map @ 0.050 m/pix
[amcl-2] [INFO] [1782996626.557314780] [amcl]: createLaserObject
[amcl-2] [WARN] [1782996626.863887861] [amcl]: AMCL cannot publish a pose or update the transform. Please set the initial pose...
[amcl-2] [INFO] [1782996627.537545397] [amcl]: Received a 143 X 166 map @ 0.050 m/pix
[amcl-2] [INFO] [1782996627.556342147] [amcl]: createLaserObject
[amcl-2] [INFO] [1782996628.545679013] [amcl]: Received a 143 X 166 map @ 0.050 m/pix
[amcl-2] [INFO] [1782996628.555000555] [amcl]: createLaserObject
[amcl-2] [WARN] [1782996628.982814842] [amcl]: AMCL cannot publish a pose or update the transform. Please set the initial pose...
[amcl-2] [INFO] [1782996629.538916628] [amcl]: Received a 143 X 166 map @ 0.050 m/pix
[amcl-2] [INFO] [1782996629.554238669] [amcl]: createLaserObject
[amcl-2] [INFO] [1782996630.535390949] [amcl]: Received a 143 X 166 map @ 0.050 m/pix
[amcl-2] [INFO] [1782996630.551244574] [amcl]: createLaserObject
[amcl-2] [WARN] [1782996631.050600609] [amcl]: AMCL cannot publish a pose or update the transform. Please set the initial pose...
[amcl-2] [INFO] [1782996631.539000269] [amcl]: Received a 143 X 166 map @ 0.050 m/pix
[amcl-2] [INFO] [1782996631.551312519] [amcl]: createLaserObject
[amcl-2] [INFO] [1782996632.538226421] [amcl]: Received a 143 X 166 map @ 0.050 m/pix
[amcl-2] [INFO] [1782996632.548244212] [amcl]: createLaserObject
[amcl-2] [WARN] [1782996633.147494411] [amcl]: AMCL cannot publish a pose or update the transform. Please set the initial pose...
[amcl-2] [INFO] [1782996633.542921362] [amcl]: Received a 143 X 166 map @ 0.050 m/pix
[amcl-2] [INFO] [1782996633.553874820] [amcl]: createLaserObject
[amcl-2] [INFO] [1782996634.537695803] [amcl]: Received a 143 X 166 map @ 0.050 m/pix
[amcl-2] [INFO] [1782996634.546698344] [amcl]: createLaserObject
[amcl-2] [WARN] [1782996635.246540497] [amcl]: AMCL cannot publish a pose or update the transform. Please set the initial pose...
[amcl-2] [INFO] [1782996635.537127033] [amcl]: Received a 143 X 166 map @ 0.050 m/pix
[amcl-2] [INFO] [1782996635.550471866] [amcl]: createLaserObject
[amcl-2] [INFO] [1782996636.538320762] [amcl]: Received a 143 X 166 map @ 0.050 m/pix
[amcl-2] [INFO] [1782996636.543800137] [amcl]: createLaserObject
[amcl-2] [WARN] [1782996637.343073161] [amcl]: AMCL cannot publish a pose or update the transform. Please set the initial pose...
[amcl-2] [INFO] [1782996637.538143073] [amcl]: Received a 143 X 166 map @ 0.050 m/pix
[amcl-2] [INFO] [1782996637.542713614] [amcl]: createLaserObject
[amcl-2] [INFO] [1782996638.541695340] [amcl]: Received a 143 X 166 map @ 0.050 m/pix
[amcl-2] [INFO] [1782996638.549194840] [amcl]: createLaserObject
[amcl-2] [WARN] [1782996639.441576734] [amcl]: AMCL cannot publish a pose or update the transform. Please set the initial pose...
[amcl-2] [INFO] [1782996639.538645232] [amcl]: Received a 143 X 166 map @ 0.050 m/pix
[amcl-2] [INFO] [1782996639.543142940] [amcl]: createLaserObject
[amcl-2] [INFO] [1782996640.535454830] [amcl]: Received a 143 X 166 map @ 0.050 m/pix
[amcl-2] [INFO] [1782996640.539859788] [amcl]: createLaserObject
[amcl-2] [WARN] [1782996641.448044262] [amcl]: AMCL cannot publish a pose or update the transform. Please set the initial pose...
[amcl-2] [INFO] [1782996641.539348718] [amcl]: Received a 143 X 166 map @ 0.050 m/pix
[amcl-2] [INFO] [1782996641.542831760] [amcl]: createLaserObject
[amcl-2] [INFO] [1782996642.537359480] [amcl]: Received a 143 X 166 map @ 0.050 m/pix
[amcl-2] [INFO] [1782996642.539160022] [amcl]: createLaserObject
[amcl-2] [INFO] [1782996643.545700157] [amcl]: Received a 143 X 166 map @ 0.050 m/pix
[amcl-2] [INFO] [1782996643.556117240] [amcl]: createLaserObject
[amcl-2] [WARN] [1782996643.638838529] [amcl]: AMCL cannot publish a pose or update the transform. Please set the initial pose...
[amcl-2] [INFO] [1782996644.537482416] [amcl]: Received a 143 X 166 map @ 0.050 m/pix
[amcl-2] [INFO] [1782996644.539535041] [amcl]: createLaserObject
[amcl-2] [INFO] [1782996645.540042257] [amcl]: Received a 143 X 166 map @ 0.050 m/pix
[amcl-2] [INFO] [1782996645.641824045] [amcl]: createLaserObject
[amcl-2] [WARN] [1782996645.669759669] [amcl]: AMCL cannot publish a pose or update the transform. Please set the initial pose...
[amcl-2] [INFO] [1782996646.543492304] [amcl]: Received a 143 X 166 map @ 0.050 m/pix
[amcl-2] [INFO] [1782996646.639786301] [amcl]: createLaserObject
[amcl-2] [INFO] [1782996647.547906809] [amcl]: Received a 143 X 166 map @ 0.050 m/pix
[amcl-2] [INFO] [1782996647.554601558] [amcl]: createLaserObject
[amcl-2] [WARN] [1782996647.767103550] [amcl]: AMCL cannot publish a pose or update the transform. Please set the initial pose...
[amcl-2] [INFO] [1782996648.540662479] [amcl]: Received a 143 X 166 map @ 0.050 m/pix
[amcl-2] [INFO] [1782996648.647463600] [amcl]: createLaserObject
[amcl-2] [INFO] [1782996649.536867148] [amcl]: Received a 143 X 166 map @ 0.050 m/pix
[amcl-2] [INFO] [1782996649.539351647] [amcl]: createLaserObject
[amcl-2] [WARN] [1782996649.856511718] [amcl]: AMCL cannot publish a pose or update the transform. Please set the initial pose...
[amcl-2] [INFO] [1782996650.539478564] [amcl]: Received a 143 X 166 map @ 0.050 m/pix
[amcl-2] [INFO] [1782996650.630597936] [amcl]: createLaserObject
[amcl-2] [INFO] [1782996651.545510522] [amcl]: Received a 143 X 166 map @ 0.050 m/pix
[amcl-2] [INFO] [1782996651.634399684] [amcl]: createLaserObject
[amcl-2] [WARN] [1782996651.935403255] [amcl]: AMCL cannot publish a pose or update the transform. Please set the initial pose...
[amcl-2] [INFO] [1782996652.540496603] [amcl]: Received a 143 X 166 map @ 0.050 m/pix
[amcl-2] [INFO] [1782996652.628862849] [amcl]: createLaserObject
[amcl-2] [INFO] [1782996653.546633682] [amcl]: Received a 143 X 166 map @ 0.050 m/pix
[amcl-2] [INFO] [1782996653.661850135] [amcl]: createLaserObject
[amcl-2] [WARN] [1782996653.953122080] [amcl]: AMCL cannot publish a pose or update the transform. Please set the initial pose...
[amcl-2] [INFO] [1782996654.544297385] [amcl]: Received a 143 X 166 map @ 0.050 m/pix
[amcl-2] [INFO] [1782996654.628309923] [amcl]: createLaserObject
[amcl-2] [INFO] [1782996655.690709746] [amcl]: Received a 143 X 166 map @ 0.050 m/pix
[amcl-2] [INFO] [1782996655.695648080] [amcl]: createLaserObject
[amcl-2] [WARN] [1782996656.002568856] [amcl]: AMCL cannot publish a pose or update the transform. Please set the initial pose...
[amcl-2] [INFO] [1782996656.537874788] [amcl]: Received a 143 X 166 map @ 0.050 m/pix
[amcl-2] [INFO] [1782996656.627254408] [amcl]: createLaserObject
[amcl-2] [INFO] [1782996657.539043612] [amcl]: Received a 143 X 166 map @ 0.050 m/pix
[amcl-2] [INFO] [1782996657.624350774] [amcl]: createLaserObject
[amcl-2] [WARN] [1782996658.039947419] [amcl]: AMCL cannot publish a pose or update the transform. Please set the initial pose...
[amcl-2] [INFO] [1782996658.541386184] [amcl]: Received a 143 X 166 map @ 0.050 m/pix
[amcl-2] [INFO] [1782996658.623910221] [amcl]: createLaserObject
[amcl-2] [INFO] [1782996659.539418756] [amcl]: Received a 143 X 166 map @ 0.050 m/pix
[amcl-2] [INFO] [1782996659.623345334] [amcl]: createLaserObject
[amcl-2] [WARN] [1782996660.122066015] [amcl]: AMCL cannot publish a pose or update the transform. Please set the initial pose...
[amcl-2] [INFO] [1782996660.544090534] [amcl]: Received a 143 X 166 map @ 0.050 m/pix
[amcl-2] [INFO] [1782996660.627996737] [amcl]: createLaserObject
[amcl-2] [INFO] [1782996661.545216102] [amcl]: Received a 143 X 166 map @ 0.050 m/pix
[amcl-2] [INFO] [1782996661.627722222] [amcl]: createLaserObject
[amcl-2] [WARN] [1782996662.221349438] [amcl]: AMCL cannot publish a pose or update the transform. Please set the initial pose...
[amcl-2] [INFO] [1782996662.534882378] [amcl]: Received a 143 X 166 map @ 0.050 m/pix
[amcl-2] [INFO] [1782996662.621868165] [amcl]: createLaserObject
[amcl-2] [INFO] [1782996663.537187777] [amcl]: Received a 143 X 166 map @ 0.050 m/pix
[amcl-2] [INFO] [1782996663.624585939] [amcl]: createLaserObject
[amcl-2] [WARN] [1782996664.315832439] [amcl]: AMCL cannot publish a pose or update the transform. Please set the initial pose...
[amcl-2] [INFO] [1782996664.537663967] [amcl]: Received a 143 X 166 map @ 0.050 m/pix
[amcl-2] [INFO] [1782996664.630905836] [amcl]: createLaserObject
[amcl-2] [INFO] [1782996665.541536322] [amcl]: Received a 143 X 166 map @ 0.050 m/pix
[amcl-2] [INFO] [1782996665.616364150] [amcl]: createLaserObject
[amcl-2] [WARN] [1782996666.420251100] [amcl]: AMCL cannot publish a pose or update the transform. Please set the initial pose...
[amcl-2] [INFO] [1782996666.541544967] [amcl]: Received a 143 X 166 map @ 0.050 m/pix
[amcl-2] [INFO] [1782996666.620595670] [amcl]: createLaserObject
[amcl-2] [INFO] [1782996667.536548903] [amcl]: Received a 143 X 166 map @ 0.050 m/pix
[amcl-2] [INFO] [1782996667.617814356] [amcl]: createLaserObject
[amcl-2] [WARN] [1782996668.513186214] [amcl]: AMCL cannot publish a pose or update the transform. Please set the initial pose...
[amcl-2] [INFO] [1782996668.535210629] [amcl]: Received a 143 X 166 map @ 0.050 m/pix
[amcl-2] [INFO] [1782996668.611756832] [amcl]: createLaserObject
[amcl-2] [INFO] [1782996669.535804812] [amcl]: Received a 143 X 166 map @ 0.050 m/pix
[amcl-2] [INFO] [1782996669.610854390] [amcl]: createLaserObject
[amcl-2] [INFO] [1782996670.537746035] [amcl]: Received a 143 X 166 map @ 0.050 m/pix
[amcl-2] [INFO] [1782996670.609758072] [amcl]: createLaserObject
[amcl-2] [WARN] [1782996670.647848902] [amcl]: AMCL cannot publish a pose or update the transform. Please set the initial pose...
[amcl-2] [INFO] [1782996671.539643799] [amcl]: Received a 143 X 166 map @ 0.050 m/pix
[amcl-2] [INFO] [1782996671.614317543] [amcl]: createLaserObject
[amcl-2] [INFO] [1782996672.537677395] [amcl]: Received a 143 X 166 map @ 0.050 m/pix
[amcl-2] [INFO] [1782996672.607426973] [amcl]: createLaserObject
[amcl-2] [WARN] [1782996672.658296678] [amcl]: AMCL cannot publish a pose or update the transform. Please set the initial pose...
[amcl-2] [INFO] [1782996673.534563573] [amcl]: Received a 143 X 166 map @ 0.050 m/pix
[amcl-2] [INFO] [1782996673.611109317] [amcl]: createLaserObject
[amcl-2] [INFO] [1782996674.543346248] [amcl]: Received a 143 X 166 map @ 0.050 m/pix
[amcl-2] [INFO] [1782996674.607789619] [amcl]: createLaserObject
[amcl-2] [WARN] [1782996674.675856364] [amcl]: AMCL cannot publish a pose or update the transform. Please set the initial pose...
[amcl-2] [INFO] [1782996675.537370716] [amcl]: Received a 143 X 166 map @ 0.050 m/pix
[amcl-2] [INFO] [1782996675.613784210] [amcl]: createLaserObject
[amcl-2] [INFO] [1782996676.538206473] [amcl]: Received a 143 X 166 map @ 0.050 m/pix
[amcl-2] [INFO] [1782996676.608965343] [amcl]: createLaserObject
[amcl-2] [WARN] [1782996676.704916127] [amcl]: AMCL cannot publish a pose or update the transform. Please set the initial pose...
[amcl-2] [INFO] [1782996677.535826063] [amcl]: Received a 143 X 166 map @ 0.050 m/pix
[amcl-2] [INFO] [1782996677.603481516] [amcl]: createLaserObject
[amcl-2] [INFO] [1782996678.536745692] [amcl]: Received a 143 X 166 map @ 0.050 m/pix
[amcl-2] [INFO] [1782996678.602830229] [amcl]: createLaserObject
[amcl-2] [WARN] [1782996678.802428171] [amcl]: AMCL cannot publish a pose or update the transform. Please set the initial pose...
[amcl-2] [INFO] [1782996679.538163487] [amcl]: Received a 143 X 166 map @ 0.050 m/pix
[amcl-2] [INFO] [1782996679.602690316] [amcl]: createLaserObject
[amcl-2] [INFO] [1782996680.535049198] [amcl]: Received a 143 X 166 map @ 0.050 m/pix
[amcl-2] [INFO] [1782996680.600215985] [amcl]: createLaserObject
[amcl-2] [WARN] [1782996680.899671960] [amcl]: AMCL cannot publish a pose or update the transform. Please set the initial pose...
[amcl-2] [INFO] [1782996681.539845157] [amcl]: Received a 143 X 166 map @ 0.050 m/pix
[amcl-2] [INFO] [1782996681.600453652] [amcl]: createLaserObject
[amcl-2] [INFO] [1782996682.537314532] [amcl]: Received a 143 X 166 map @ 0.050 m/pix
[amcl-2] [INFO] [1782996682.606224693] [amcl]: createLaserObject
[amcl-2] [WARN] [1782996682.996657785] [amcl]: AMCL cannot publish a pose or update the transform. Please set the initial pose...
[amcl-2] [INFO] [1782996683.550084738] [amcl]: Received a 143 X 166 map @ 0.050 m/pix
[amcl-2] [INFO] [1782996683.595983734] [amcl]: createLaserObject
[amcl-2] [INFO] [1782996684.538447820] [amcl]: Received a 143 X 166 map @ 0.050 m/pix
[amcl-2] [INFO] [1782996684.595084356] [amcl]: createLaserObject
[amcl-2] [WARN] [1782996685.094475480] [amcl]: AMCL cannot publish a pose or update the transform. Please set the initial pose...
[amcl-2] [INFO] [1782996685.537035899] [amcl]: Received a 143 X 166 map @ 0.050 m/pix
[amcl-2] [INFO] [1782996685.596392061] [amcl]: createLaserObject
[amcl-2] [INFO] [1782996686.549617018] [amcl]: Received a 143 X 166 map @ 0.050 m/pix
[amcl-2] [INFO] [1782996686.593557472] [amcl]: createLaserObject
[amcl-2] [WARN] [1782996687.192392335] [amcl]: AMCL cannot publish a pose or update the transform. Please set the initial pose...
[amcl-2] [INFO] [1782996687.544931054] [amcl]: Received a 143 X 166 map @ 0.050 m/pix
[amcl-2] [INFO] [1782996687.591836091] [amcl]: createLaserObject
[amcl-2] [INFO] [1782996688.544821171] [amcl]: Received a 143 X 166 map @ 0.050 m/pix
[amcl-2] [INFO] [1782996688.593020375] [amcl]: createLaserObject
[amcl-2] [WARN] [1782996689.290192353] [amcl]: AMCL cannot publish a pose or update the transform. Please set the initial pose...
[amcl-2] [INFO] [1782996689.542148329] [amcl]: Received a 143 X 166 map @ 0.050 m/pix
[amcl-2] [INFO] [1782996689.590919200] [amcl]: createLaserObject
[amcl-2] [INFO] [1782996690.542080278] [amcl]: Received a 143 X 166 map @ 0.050 m/pix
[amcl-2] [INFO] [1782996690.590611398] [amcl]: createLaserObject
[amcl-2] [WARN] [1782996691.389494198] [amcl]: AMCL cannot publish a pose or update the transform. Please set the initial pose...
[amcl-2] [INFO] [1782996691.540383975] [amcl]: Received a 143 X 166 map @ 0.050 m/pix
[amcl-2] [INFO] [1782996691.588406804] [amcl]: createLaserObject
[amcl-2] [INFO] [1782996692.535348380] [amcl]: Received a 143 X 166 map @ 0.050 m/pix
[amcl-2] [INFO] [1782996692.586651375] [amcl]: createLaserObject
[amcl-2] [WARN] [1782996693.484831288] [amcl]: AMCL cannot publish a pose or update the transform. Please set the initial pose...
[amcl-2] [INFO] [1782996693.540648657] [amcl]: Received a 143 X 166 map @ 0.050 m/pix
[amcl-2] [INFO] [1782996693.584992778] [amcl]: createLaserObject
[amcl-2] [INFO] [1782996694.537843976] [amcl]: Received a 143 X 166 map @ 0.050 m/pix
[amcl-2] [INFO] [1782996694.584509763] [amcl]: createLaserObject
[amcl-2] [INFO] [1782996695.535210210] [amcl]: Received a 143 X 166 map @ 0.050 m/pix
[amcl-2] [INFO] [1782996695.582726247] [amcl]: createLaserObject
[amcl-2] [WARN] [1782996695.612492161] [amcl]: AMCL cannot publish a pose or update the transform. Please set the initial pose...
[amcl-2] [INFO] [1782996696.539830901] [amcl]: Received a 143 X 166 map @ 0.050 m/pix
[amcl-2] [INFO] [1782996696.582104147] [amcl]: createLaserObject
[amcl-2] [INFO] [1782996697.539789466] [amcl]: Received a 143 X 166 map @ 0.050 m/pix
[amcl-2] [INFO] [1782996697.588206711] [amcl]: createLaserObject
[amcl-2] [WARN] [1782996697.622722624] [amcl]: AMCL cannot publish a pose or update the transform. Please set the initial pose...
[amcl-2] [INFO] [1782996698.547369196] [amcl]: Received a 143 X 166 map @ 0.050 m/pix
[amcl-2] [INFO] [1782996698.582648609] [amcl]: createLaserObject
[amcl-2] [INFO] [1782996699.539764384] [amcl]: Received a 143 X 166 map @ 0.050 m/pix
[amcl-2] [INFO] [1782996699.581869422] [amcl]: createLaserObject
[amcl-2] [WARN] [1782996699.680034870] [amcl]: AMCL cannot publish a pose or update the transform. Please set the initial pose...
[amcl-2] [INFO] [1782996700.537317696] [amcl]: Received a 143 X 166 map @ 0.050 m/pix
[amcl-2] [INFO] [1782996700.582089316] [amcl]: createLaserObject
[amcl-2] [INFO] [1782996701.539957590] [amcl]: Received a 143 X 166 map @ 0.050 m/pix
[amcl-2] [INFO] [1782996701.578773794] [amcl]: createLaserObject
[amcl-2] [WARN] [1782996701.689330199] [amcl]: AMCL cannot publish a pose or update the transform. Please set the initial pose...
[amcl-2] [INFO] [1782996702.536355608] [amcl]: Received a 143 X 166 map @ 0.050 m/pix
[amcl-2] [INFO] [1782996702.576104270] [amcl]: createLaserObject
[amcl-2] [INFO] [1782996703.545557081] [amcl]: Received a 143 X 166 map @ 0.050 m/pix
[amcl-2] [INFO] [1782996703.576136536] [amcl]: createLaserObject
[amcl-2] [WARN] [1782996703.778087431] [amcl]: AMCL cannot publish a pose or update the transform. Please set the initial pose...
[amcl-2] [INFO] [1782996704.535796389] [amcl]: Received a 143 X 166 map @ 0.050 m/pix
[amcl-2] [INFO] [1782996704.575221385] [amcl]: createLaserObject
[amcl-2] [INFO] [1782996705.535088487] [amcl]: Received a 143 X 166 map @ 0.050 m/pix
[amcl-2] [INFO] [1782996705.572728816] [amcl]: createLaserObject
[amcl-2] [WARN] [1782996705.876824199] [amcl]: AMCL cannot publish a pose or update the transform. Please set the initial pose...
[amcl-2] [INFO] [1782996706.534815750] [amcl]: Received a 143 X 166 map @ 0.050 m/pix
[amcl-2] [INFO] [1782996706.572322079] [amcl]: createLaserObject
[amcl-2] [INFO] [1782996707.540237595] [amcl]: Received a 143 X 166 map @ 0.050 m/pix
[amcl-2] [INFO] [1782996707.571532841] [amcl]: createLaserObject
[amcl-2] [WARN] [1782996707.976622545] [amcl]: AMCL cannot publish a pose or update the transform. Please set the initial pose...
[amcl-2] [INFO] [1782996708.537705772] [amcl]: Received a 143 X 166 map @ 0.050 m/pix
[amcl-2] [INFO] [1782996708.582008559] [amcl]: createLaserObject
[amcl-2] [INFO] [1782996709.534816574] [amcl]: Received a 143 X 166 map @ 0.050 m/pix
[amcl-2] [INFO] [1782996709.571589070] [amcl]: createLaserObject
[amcl-2] [WARN] [1782996709.979046106] [amcl]: AMCL cannot publish a pose or update the transform. Please set the initial pose...
[amcl-2] [INFO] [1782996710.539065749] [amcl]: Received a 143 X 166 map @ 0.050 m/pix
[amcl-2] [INFO] [1782996710.567908745] [amcl]: createLaserObject
[amcl-2] [INFO] [1782996711.538645423] [amcl]: Received a 143 X 166 map @ 0.050 m/pix
[amcl-2] [INFO] [1782996711.567012711] [amcl]: createLaserObject
[amcl-2] [WARN] [1782996712.069762902] [amcl]: AMCL cannot publish a pose or update the transform. Please set the initial pose...
[amcl-2] [INFO] [1782996712.535377138] [amcl]: Received a 143 X 166 map @ 0.050 m/pix
[amcl-2] [INFO] [1782996712.566259176] [amcl]: createLaserObject
[amcl-2] [INFO] [1782996713.552242308] [amcl]: Received a 143 X 166 map @ 0.050 m/pix
[amcl-2] [INFO] [1782996713.568689431] [amcl]: createLaserObject
[amcl-2] [WARN] [1782996714.073588245] [amcl]: AMCL cannot publish a pose or update the transform. Please set the initial pose...
[amcl-2] [INFO] [1782996714.538583772] [amcl]: Received a 143 X 166 map @ 0.050 m/pix
[amcl-2] [INFO] [1782996714.564665394] [amcl]: createLaserObject
[amcl-2] [INFO] [1782996715.536510984] [amcl]: Received a 143 X 166 map @ 0.050 m/pix
[amcl-2] [INFO] [1782996715.569973271] [amcl]: createLaserObject
[amcl-2] [WARN] [1782996716.163244573] [amcl]: AMCL cannot publish a pose or update the transform. Please set the initial pose...
[amcl-2] [INFO] [1782996716.538880194] [amcl]: Received a 143 X 166 map @ 0.050 m/pix
[amcl-2] [INFO] [1782996716.562603316] [amcl]: createLaserObject
[amcl-2] [INFO] [1782996717.535327570] [amcl]: Received a 143 X 166 map @ 0.050 m/pix
[amcl-2] [INFO] [1782996717.560846483] [amcl]: createLaserObject
[amcl-2] [WARN] [1782996718.260100771] [amcl]: AMCL cannot publish a pose or update the transform. Please set the initial pose...
[amcl-2] [INFO] [1782996718.546122360] [amcl]: Received a 143 X 166 map @ 0.050 m/pix
[amcl-2] [INFO] [1782996718.563140774] [amcl]: createLaserObject
[amcl-2] [INFO] [1782996719.534485610] [amcl]: Received a 143 X 166 map @ 0.050 m/pix
[amcl-2] [INFO] [1782996719.561558273] [amcl]: createLaserObject
[amcl-2] [WARN] [1782996720.359391464] [amcl]: AMCL cannot publish a pose or update the transform. Please set the initial pose...
[amcl-2] [INFO] [1782996720.539710315] [amcl]: Received a 143 X 166 map @ 0.050 m/pix
[amcl-2] [INFO] [1782996720.561856688] [amcl]: createLaserObject
[amcl-2] [INFO] [1782996721.538315437] [amcl]: Received a 143 X 166 map @ 0.050 m/pix
[amcl-2] [INFO] [1782996721.559346893] [amcl]: createLaserObject
[amcl-2] [WARN] [1782996722.456023527] [amcl]: AMCL cannot publish a pose or update the transform. Please set the initial pose...
[amcl-2] [INFO] [1782996722.546069932] [amcl]: Received a 143 X 166 map @ 0.050 m/pix
[amcl-2] [INFO] [1782996722.556132764] [amcl]: createLaserObject
[amcl-2] [INFO] [1782996723.536411677] [amcl]: Received a 143 X 166 map @ 0.050 m/pix
[amcl-2] [INFO] [1782996723.562724424] [amcl]: createLaserObject
[amcl-2] [INFO] [1782996724.541274545] [amcl]: Received a 143 X 166 map @ 0.050 m/pix
[amcl-2] [INFO] [1782996724.555910460] [amcl]: createLaserObject
[amcl-2] [WARN] [1782996724.580836248] [amcl]: AMCL cannot publish a pose or update the transform. Please set the initial pose...
[amcl-2] [INFO] [1782996725.544359120] [amcl]: Received a 143 X 166 map @ 0.050 m/pix
[amcl-2] [INFO] [1782996725.553558953] [amcl]: createLaserObject
[amcl-2] [INFO] [1782996726.540269654] [amcl]: Received a 143 X 166 map @ 0.050 m/pix
[amcl-2] [INFO] [1782996726.556685943] [amcl]: createLaserObject
[amcl-2] [WARN] [1782996726.600862562] [amcl]: AMCL cannot publish a pose or update the transform. Please set the initial pose...
[amcl-2] [INFO] [1782996727.539272811] [amcl]: Received a 143 X 166 map @ 0.050 m/pix
[amcl-2] [INFO] [1782996727.551785226] [amcl]: createLaserObject
[amcl-2] [INFO] [1782996728.559894547] [amcl]: Received a 143 X 166 map @ 0.050 m/pix
[amcl-2] [INFO] [1782996728.575432379] [amcl]: createLaserObject
[amcl-2] [WARN] [1782996728.634521871] [amcl]: AMCL cannot publish a pose or update the transform. Please set the initial pose...
[amcl-2] [INFO] [1782996729.552404453] [amcl]: Received a 143 X 166 map @ 0.050 m/pix
[amcl-2] [INFO] [1782996729.561230952] [amcl]: createLaserObject
[amcl-2] [INFO] [1782996730.542608108] [amcl]: Received a 143 X 166 map @ 0.050 m/pix
[amcl-2] [INFO] [1782996730.549026024] [amcl]: createLaserObject
[amcl-2] [WARN] [1782996730.648767635] [amcl]: AMCL cannot publish a pose or update the transform. Please set the initial pose...
[amcl-2] [INFO] [1782996731.541655428] [amcl]: Received a 143 X 166 map @ 0.050 m/pix
[amcl-2] [INFO] [1782996731.552382843] [amcl]: createLaserObject
[amcl-2] [INFO] [1782996732.537454080] [amcl]: Received a 143 X 166 map @ 0.050 m/pix
[amcl-2] [INFO] [1782996732.547059996] [amcl]: createLaserObject
[amcl-2] [WARN] [1782996732.746308009] [amcl]: AMCL cannot publish a pose or update the transform. Please set the initial pose...
[amcl-2] [INFO] [1782996733.536177648] [amcl]: Received a 143 X 166 map @ 0.050 m/pix
[amcl-2] [INFO] [1782996733.545265147] [amcl]: createLaserObject
[amcl-2] [INFO] [1782996734.535874298] [amcl]: Received a 143 X 166 map @ 0.050 m/pix
[amcl-2] [INFO] [1782996734.544484880] [amcl]: createLaserObject
[amcl-2] [WARN] [1782996734.749177809] [amcl]: AMCL cannot publish a pose or update the transform. Please set the initial pose...
[amcl-2] [INFO] [1782996735.539188529] [amcl]: Received a 143 X 166 map @ 0.050 m/pix
[amcl-2] [INFO] [1782996735.544076987] [amcl]: createLaserObject
[amcl-2] [INFO] [1782996736.534728136] [amcl]: Received a 143 X 166 map @ 0.050 m/pix
[amcl-2] [INFO] [1782996736.542543760] [amcl]: createLaserObject
[amcl-2] [WARN] [1782996736.842688258] [amcl]: AMCL cannot publish a pose or update the transform. Please set the initial pose...
[amcl-2] [INFO] [1782996737.538470616] [amcl]: Received a 143 X 166 map @ 0.050 m/pix
[amcl-2] [INFO] [1782996737.542552240] [amcl]: createLaserObject
[amcl-2] [INFO] [1782996738.539212053] [amcl]: Received a 143 X 166 map @ 0.050 m/pix
[amcl-2] [INFO] [1782996738.543059261] [amcl]: createLaserObject
[amcl-2] [WARN] [1782996738.940013453] [amcl]: AMCL cannot publish a pose or update the transform. Please set the initial pose...
[amcl-2] [INFO] [1782996739.546122405] [amcl]: Received a 143 X 166 map @ 0.050 m/pix
[amcl-2] [INFO] [1782996739.549925488] [amcl]: createLaserObject
[amcl-2] [INFO] [1782996740.535928842] [amcl]: Received a 143 X 166 map @ 0.050 m/pix
[amcl-2] [INFO] [1782996740.546291257] [amcl]: createLaserObject
[amcl-2] [WARN] [1782996741.041076600] [amcl]: AMCL cannot publish a pose or update the transform. Please set the initial pose...
[amcl-2] [INFO] [1782996741.540185567] [amcl]: Received a 143 X 166 map @ 0.050 m/pix
[amcl-2] [INFO] [1782996741.637966136] [amcl]: createLaserObject
[amcl-2] [INFO] [1782996742.540639626] [amcl]: Received a 143 X 166 map @ 0.050 m/pix
[amcl-2] [INFO] [1782996742.544464208] [amcl]: createLaserObject
[amcl-2] [WARN] [1782996743.045475466] [amcl]: AMCL cannot publish a pose or update the transform. Please set the initial pose...
[amcl-2] [INFO] [1782996743.535200101] [amcl]: Received a 143 X 166 map @ 0.050 m/pix
[amcl-2] [INFO] [1782996743.539984850] [amcl]: createLaserObject
[amcl-2] [INFO] [1782996744.541038198] [amcl]: Received a 143 X 166 map @ 0.050 m/pix
[amcl-2] [INFO] [1782996744.644353891] [amcl]: createLaserObject
[amcl-2] [WARN] [1782996745.135144232] [amcl]: AMCL cannot publish a pose or update the transform. Please set the initial pose...
[amcl-2] [INFO] [1782996745.545167628] [amcl]: Received a 143 X 166 map @ 0.050 m/pix
[amcl-2] [INFO] [1782996745.638019989] [amcl]: createLaserObject
[amcl-2] [INFO] [1782996746.534654684] [amcl]: Received a 143 X 166 map @ 0.050 m/pix
[amcl-2] [INFO] [1782996746.547292599] [amcl]: createLaserObject
[amcl-2] [WARN] [1782996747.235828742] [amcl]: AMCL cannot publish a pose or update the transform. Please set the initial pose...
[amcl-2] [INFO] [1782996747.551575027] [amcl]: Received a 143 X 166 map @ 0.050 m/pix
[amcl-2] [INFO] [1782996747.644052221] [amcl]: createLaserObject
[amcl-2] [INFO] [1782996748.546431747] [amcl]: Received a 143 X 166 map @ 0.050 m/pix
[amcl-2] [INFO] [1782996748.639263149] [amcl]: createLaserObject
[amcl-2] [WARN] [1782996749.333496457] [amcl]: AMCL cannot publish a pose or update the transform. Please set the initial pose...
[amcl-2] [INFO] [1782996749.538879383] [amcl]: Received a 143 X 166 map @ 0.050 m/pix
[amcl-2] [INFO] [1782996749.632687535] [amcl]: createLaserObject
[amcl-2] [INFO] [1782996750.540653933] [amcl]: Received a 143 X 166 map @ 0.050 m/pix
[amcl-2] [INFO] [1782996750.640417918] [amcl]: createLaserObject
[amcl-2] [WARN] [1782996751.439873582] [amcl]: AMCL cannot publish a pose or update the transform. Please set the initial pose...
[amcl-2] [INFO] [1782996751.542324941] [amcl]: Received a 143 X 166 map @ 0.050 m/pix
[amcl-2] [INFO] [1782996751.629207136] [amcl]: createLaserObject
[amcl-2] [INFO] [1782996752.541019823] [amcl]: Received a 143 X 166 map @ 0.050 m/pix
[amcl-2] [INFO] [1782996752.627187935] [amcl]: createLaserObject
[amcl-2] [WARN] [1782996753.541597996] [amcl]: AMCL cannot publish a pose or update the transform. Please set the initial pose...
[amcl-2] [INFO] [1782996753.546680454] [amcl]: Received a 143 X 166 map @ 0.050 m/pix
[amcl-2] [INFO] [1782996753.633805231] [amcl]: createLaserObject
[amcl-2] [INFO] [1782996754.537969502] [amcl]: Received a 143 X 166 map @ 0.050 m/pix
[amcl-2] [INFO] [1782996754.626207613] [amcl]: createLaserObject
[amcl-2] [INFO] [1782996755.535359799] [amcl]: Received a 143 X 166 map @ 0.050 m/pix
[amcl-2] [INFO] [1782996755.626404242] [amcl]: createLaserObject
[amcl-2] [WARN] [1782996755.667113569] [amcl]: AMCL cannot publish a pose or update the transform. Please set the initial pose...
[amcl-2] [INFO] [1782996756.538791385] [amcl]: Received a 143 X 166 map @ 0.050 m/pix
[amcl-2] [INFO] [1782996756.639546660] [amcl]: createLaserObject
[amcl-2] [INFO] [1782996757.535797763] [amcl]: Received a 143 X 166 map @ 0.050 m/pix
[amcl-2] [INFO] [1782996757.624327790] [amcl]: createLaserObject
[amcl-2] [WARN] [1782996757.695536528] [amcl]: AMCL cannot publish a pose or update the transform. Please set the initial pose...
[amcl-2] [INFO] [1782996758.543125596] [amcl]: Received a 143 X 166 map @ 0.050 m/pix
[amcl-2] [INFO] [1782996758.632672582] [amcl]: createLaserObject
[amcl-2] [INFO] [1782996759.536435973] [amcl]: Received a 143 X 166 map @ 0.050 m/pix
[amcl-2] [INFO] [1782996759.621862917] [amcl]: createLaserObject
[amcl-2] [WARN] [1782996759.736797981] [amcl]: AMCL cannot publish a pose or update the transform. Please set the initial pose...
[amcl-2] [INFO] [1782996760.539501806] [amcl]: Received a 143 X 166 map @ 0.050 m/pix
[amcl-2] [INFO] [1782996760.628783874] [amcl]: createLaserObject
[amcl-2] [INFO] [1782996761.560494509] [amcl]: Received a 143 X 166 map @ 0.050 m/pix
[amcl-2] [INFO] [1782996761.635680413] [amcl]: createLaserObject
[amcl-2] [WARN] [1782996761.862815375] [amcl]: AMCL cannot publish a pose or update the transform. Please set the initial pose...
[amcl-2] [INFO] [1782996762.545540301] [amcl]: Received a 143 X 166 map @ 0.050 m/pix
[amcl-2] [INFO] [1782996762.636788661] [amcl]: createLaserObject
[amcl-2] [INFO] [1782996763.540397799] [amcl]: Received a 143 X 166 map @ 0.050 m/pix
[amcl-2] [INFO] [1782996763.620960036] [amcl]: createLaserObject
[amcl-2] [WARN] [1782996763.919024318] [amcl]: AMCL cannot publish a pose or update the transform. Please set the initial pose...
[amcl-2] [INFO] [1782996764.540357795] [amcl]: Received a 143 X 166 map @ 0.050 m/pix
[amcl-2] [INFO] [1782996764.621795198] [amcl]: createLaserObject
[amcl-2] [INFO] [1782996765.543290332] [amcl]: Received a 143 X 166 map @ 0.050 m/pix
[amcl-2] [INFO] [1782996765.615181694] [amcl]: createLaserObject
[amcl-2] [WARN] [1782996766.017144334] [amcl]: AMCL cannot publish a pose or update the transform. Please set the initial pose...
[amcl-2] [INFO] [1782996766.545679534] [amcl]: Received a 143 X 166 map @ 0.050 m/pix
[amcl-2] [INFO] [1782996766.616777230] [amcl]: createLaserObject
[amcl-2] [INFO] [1782996767.537456195] [amcl]: Received a 143 X 166 map @ 0.050 m/pix
[amcl-2] [INFO] [1782996767.613168432] [amcl]: createLaserObject
[amcl-2] [WARN] [1782996768.122087969] [amcl]: AMCL cannot publish a pose or update the transform. Please set the initial pose...
[amcl-2] [INFO] [1782996768.540502312] [amcl]: Received a 143 X 166 map @ 0.050 m/pix
[amcl-2] [INFO] [1782996768.613537800] [amcl]: createLaserObject
[amcl-2] [INFO] [1782996769.546430970] [amcl]: Received a 143 X 166 map @ 0.050 m/pix
[amcl-2] [INFO] [1782996769.616364291] [amcl]: createLaserObject
[amcl-2] [WARN] [1782996770.212564894] [amcl]: AMCL cannot publish a pose or update the transform. Please set the initial pose...
[amcl-2] [INFO] [1782996770.542270336] [amcl]: Received a 143 X 166 map @ 0.050 m/pix
[amcl-2] [INFO] [1782996770.612731782] [amcl]: createLaserObject
[amcl-2] [INFO] [1782996771.541417326] [amcl]: Received a 143 X 166 map @ 0.050 m/pix
[amcl-2] [INFO] [1782996771.611118606] [amcl]: createLaserObject
[amcl-2] [WARN] [1782996772.308794815] [amcl]: AMCL cannot publish a pose or update the transform. Please set the initial pose...
[amcl-2] [INFO] [1782996772.537156024] [amcl]: Received a 143 X 166 map @ 0.050 m/pix
[amcl-2] [INFO] [1782996772.615369177] [amcl]: createLaserObject
[amcl-2] [INFO] [1782996773.546532761] [amcl]: Received a 143 X 166 map @ 0.050 m/pix
[amcl-2] [INFO] [1782996773.608909416] [amcl]: createLaserObject
[amcl-2] [WARN] [1782996774.408776314] [amcl]: AMCL cannot publish a pose or update the transform. Please set the initial pose...
[amcl-2] [INFO] [1782996774.535130417] [amcl]: Received a 143 X 166 map @ 0.050 m/pix
[amcl-2] [INFO] [1782996774.606656404] [amcl]: createLaserObject
[amcl-2] [INFO] [1782996775.541452652] [amcl]: Received a 143 X 166 map @ 0.050 m/pix
[amcl-2] [INFO] [1782996775.608388932] [amcl]: createLaserObject
[amcl-2] [WARN] [1782996776.505162769] [amcl]: AMCL cannot publish a pose or update the transform. Please set the initial pose...
[amcl-2] [INFO] [1782996776.540933138] [amcl]: Received a 143 X 166 map @ 0.050 m/pix
[amcl-2] [INFO] [1782996776.605274209] [amcl]: createLaserObject
[amcl-2] [INFO] [1782996777.534954415] [amcl]: Received a 143 X 166 map @ 0.050 m/pix
[amcl-2] [INFO] [1782996777.604108611] [amcl]: createLaserObject
[amcl-2] [INFO] [1782996778.542560731] [amcl]: Received a 143 X 166 map @ 0.050 m/pix
[amcl-2] [INFO] [1782996778.611839593] [amcl]: createLaserObject
[amcl-2] [WARN] [1782996778.640480421] [amcl]: AMCL cannot publish a pose or update the transform. Please set the initial pose...
[amcl-2] [INFO] [1782996779.544076714] [amcl]: Received a 143 X 166 map @ 0.050 m/pix
[amcl-2] [INFO] [1782996779.602236870] [amcl]: createLaserObject
[amcl-2] [INFO] [1782996780.538999197] [amcl]: Received a 143 X 166 map @ 0.050 m/pix
[amcl-2] [INFO] [1782996780.600980727] [amcl]: createLaserObject
[amcl-2] [WARN] [1782996780.700915417] [amcl]: AMCL cannot publish a pose or update the transform. Please set the initial pose...
[amcl-2] [INFO] [1782996781.538749553] [amcl]: Received a 143 X 166 map @ 0.050 m/pix
[amcl-2] [INFO] [1782996781.600487333] [amcl]: createLaserObject
[amcl-2] [INFO] [1782996782.538199117] [amcl]: Received a 143 X 166 map @ 0.050 m/pix
[amcl-2] [INFO] [1782996782.598663356] [amcl]: createLaserObject
[amcl-2] [WARN] [1782996782.805637734] [amcl]: AMCL cannot publish a pose or update the transform. Please set the initial pose...
[amcl-2] [INFO] [1782996783.544468720] [amcl]: Received a 143 X 166 map @ 0.050 m/pix
[amcl-2] [INFO] [1782996783.600844126] [amcl]: createLaserObject
[amcl-2] [INFO] [1782996784.539014575] [amcl]: Received a 143 X 166 map @ 0.050 m/pix
[amcl-2] [INFO] [1782996784.611940686] [amcl]: createLaserObject
[amcl-2] [WARN] [1782996784.897313258] [amcl]: AMCL cannot publish a pose or update the transform. Please set the initial pose...
[amcl-2] [INFO] [1782996785.540123886] [amcl]: Received a 143 X 166 map @ 0.050 m/pix
[amcl-2] [INFO] [1782996785.596081584] [amcl]: createLaserObject
[amcl-2] [INFO] [1782996786.537901989] [amcl]: Received a 143 X 166 map @ 0.050 m/pix
[amcl-2] [INFO] [1782996786.596327436] [amcl]: createLaserObject
[amcl-2] [WARN] [1782996786.994716069] [amcl]: AMCL cannot publish a pose or update the transform. Please set the initial pose...
[amcl-2] [INFO] [1782996787.540448215] [amcl]: Received a 143 X 166 map @ 0.050 m/pix
[amcl-2] [INFO] [1782996787.594484954] [amcl]: createLaserObject
[amcl-2] [INFO] [1782996788.536542482] [amcl]: Received a 143 X 166 map @ 0.050 m/pix
[amcl-2] [INFO] [1782996788.597236263] [amcl]: createLaserObject
[amcl-2] [WARN] [1782996789.092300626] [amcl]: AMCL cannot publish a pose or update the transform. Please set the initial pose...
[amcl-2] [INFO] [1782996789.537117499] [amcl]: Received a 143 X 166 map @ 0.050 m/pix
[amcl-2] [INFO] [1782996789.595038571] [amcl]: createLaserObject
[amcl-2] [INFO] [1782996790.534832181] [amcl]: Received a 143 X 166 map @ 0.050 m/pix
[amcl-2] [INFO] [1782996790.593006128] [amcl]: createLaserObject
[amcl-2] [WARN] [1782996791.190082680] [amcl]: AMCL cannot publish a pose or update the transform. Please set the initial pose...
[amcl-2] [INFO] [1782996791.536822237] [amcl]: Received a 143 X 166 map @ 0.050 m/pix
[amcl-2] [INFO] [1782996791.591932477] [amcl]: createLaserObject
[amcl-2] [INFO] [1782996792.543396833] [amcl]: Received a 143 X 166 map @ 0.050 m/pix
[amcl-2] [INFO] [1782996792.588939949] [amcl]: createLaserObject
[amcl-2] [WARN] [1782996793.194457581] [amcl]: AMCL cannot publish a pose or update the transform. Please set the initial pose...
[amcl-2] [INFO] [1782996793.551173636] [amcl]: Received a 143 X 166 map @ 0.050 m/pix
[amcl-2] [INFO] [1782996793.587840171] [amcl]: createLaserObject
[amcl-2] [INFO] [1782996794.534559277] [amcl]: Received a 143 X 166 map @ 0.050 m/pix
[amcl-2] [INFO] [1782996794.588150142] [amcl]: createLaserObject
[amcl-2] [WARN] [1782996795.287296837] [amcl]: AMCL cannot publish a pose or update the transform. Please set the initial pose...
[amcl-2] [INFO] [1782996795.540749621] [amcl]: Received a 143 X 166 map @ 0.050 m/pix
[amcl-2] [INFO] [1782996795.586228737] [amcl]: createLaserObject
[amcl-2] [INFO] [1782996796.537293382] [amcl]: Received a 143 X 166 map @ 0.050 m/pix
[amcl-2] [INFO] [1782996796.588118497] [amcl]: createLaserObject
[amcl-2] [WARN] [1782996797.287532192] [amcl]: AMCL cannot publish a pose or update the transform. Please set the initial pose...
[amcl-2] [INFO] [1782996797.544328141] [amcl]: Received a 143 X 166 map @ 0.050 m/pix
[amcl-2] [INFO] [1782996797.584409424] [amcl]: createLaserObject
[amcl-2] [INFO] [1782996798.552081523] [amcl]: Received a 143 X 166 map @ 0.050 m/pix
[amcl-2] [INFO] [1782996798.591920640] [amcl]: createLaserObject
[amcl-2] [WARN] [1782996799.382960899] [amcl]: AMCL cannot publish a pose or update the transform. Please set the initial pose...
[amcl-2] [INFO] [1782996799.536802951] [amcl]: Received a 143 X 166 map @ 0.050 m/pix
[amcl-2] [INFO] [1782996799.582733192] [amcl]: createLaserObject
[amcl-2] [INFO] [1782996800.538717375] [amcl]: Received a 143 X 166 map @ 0.050 m/pix
[amcl-2] [INFO] [1782996800.583622908] [amcl]: createLaserObject
[amcl-2] [WARN] [1782996801.482195518] [amcl]: AMCL cannot publish a pose or update the transform. Please set the initial pose...
[amcl-2] [INFO] [1782996801.547807838] [amcl]: Received a 143 X 166 map @ 0.050 m/pix
[amcl-2] [INFO] [1782996801.581242415] [amcl]: createLaserObject
[amcl-2] [INFO] [1782996802.537963513] [amcl]: Received a 143 X 166 map @ 0.050 m/pix
[amcl-2] [INFO] [1782996802.582317379] [amcl]: createLaserObject
[amcl-2] [INFO] [1782996803.556368098] [amcl]: Received a 143 X 166 map @ 0.050 m/pix
[amcl-2] [INFO] [1782996803.587132633] [amcl]: createLaserObject
[amcl-2] [WARN] [1782996803.621578959] [amcl]: AMCL cannot publish a pose or update the transform. Please set the initial pose...
[amcl-2] [INFO] [1782996804.535160481] [amcl]: Received a 143 X 166 map @ 0.050 m/pix
[amcl-2] [INFO] [1782996804.585523096] [amcl]: createLaserObject
[amcl-2] [INFO] [1782996805.536029152] [amcl]: Received a 143 X 166 map @ 0.050 m/pix
[amcl-2] [INFO] [1782996805.585937725] [amcl]: createLaserObject
[amcl-2] [WARN] [1782996805.677880664] [amcl]: AMCL cannot publish a pose or update the transform. Please set the initial pose...
[amcl-2] [INFO] [1782996806.540201862] [amcl]: Received a 143 X 166 map @ 0.050 m/pix
[amcl-2] [INFO] [1782996806.581847978] [amcl]: createLaserObject
[amcl-2] [INFO] [1782996807.541388739] [amcl]: Received a 143 X 166 map @ 0.050 m/pix
[amcl-2] [INFO] [1782996807.574660774] [amcl]: createLaserObject
[amcl-2] [WARN] [1782996807.780891148] [amcl]: AMCL cannot publish a pose or update the transform. Please set the initial pose...
[amcl-2] [INFO] [1782996808.544983573] [amcl]: Received a 143 X 166 map @ 0.050 m/pix
[amcl-2] [INFO] [1782996808.574516233] [amcl]: createLaserObject
[amcl-2] [INFO] [1782996809.543360157] [amcl]: Received a 143 X 166 map @ 0.050 m/pix
[amcl-2] [INFO] [1782996809.573249234] [amcl]: createLaserObject
[amcl-2] [WARN] [1782996809.872337505] [amcl]: AMCL cannot publish a pose or update the transform. Please set the initial pose...
[amcl-2] [INFO] [1782996810.537871741] [amcl]: Received a 143 X 166 map @ 0.050 m/pix
[amcl-2] [INFO] [1782996810.570890276] [amcl]: createLaserObject
[amcl-2] [INFO] [1782996811.539978157] [amcl]: Received a 143 X 166 map @ 0.050 m/pix
[amcl-2] [INFO] [1782996811.570837192] [amcl]: createLaserObject
[amcl-2] [WARN] [1782996811.872750754] [amcl]: AMCL cannot publish a pose or update the transform. Please set the initial pose...
[amcl-2] [INFO] [1782996812.543537571] [amcl]: Received a 143 X 166 map @ 0.050 m/pix
[amcl-2] [INFO] [1782996812.571880149] [amcl]: createLaserObject
[amcl-2] [INFO] [1782996813.543378902] [amcl]: Received a 143 X 166 map @ 0.050 m/pix
[amcl-2] [INFO] [1782996813.568865272] [amcl]: createLaserObject
[amcl-2] [WARN] [1782996813.873389416] [amcl]: AMCL cannot publish a pose or update the transform. Please set the initial pose...
[amcl-2] [INFO] [1782996814.535141401] [amcl]: Received a 143 X 166 map @ 0.050 m/pix
[amcl-2] [INFO] [1782996814.567679477] [amcl]: createLaserObject
[amcl-2] [INFO] [1782996815.537181647] [amcl]: Received a 143 X 166 map @ 0.050 m/pix
[amcl-2] [INFO] [1782996815.569249848] [amcl]: createLaserObject
[amcl-2] [WARN] [1782996815.966845889] [amcl]: AMCL cannot publish a pose or update the transform. Please set the initial pose...
[amcl-2] [INFO] [1782996816.543093099] [amcl]: Received a 143 X 166 map @ 0.050 m/pix
[amcl-2] [INFO] [1782996816.566031802] [amcl]: createLaserObject
[amcl-2] [INFO] [1782996817.540942469] [amcl]: Received a 143 X 166 map @ 0.050 m/pix
[amcl-2] [INFO] [1782996817.565515756] [amcl]: createLaserObject
[amcl-2] [WARN] [1782996818.064400065] [amcl]: AMCL cannot publish a pose or update the transform. Please set the initial pose...
[amcl-2] [INFO] [1782996818.547931753] [amcl]: Received a 143 X 166 map @ 0.050 m/pix
[amcl-2] [INFO] [1782996818.564693750] [amcl]: createLaserObject
[amcl-2] [INFO] [1782996819.544992080] [amcl]: Received a 143 X 166 map @ 0.050 m/pix
[amcl-2] [INFO] [1782996819.568897867] [amcl]: createLaserObject
[amcl-2] [WARN] [1782996820.162858489] [amcl]: AMCL cannot publish a pose or update the transform. Please set the initial pose...
[amcl-2] [INFO] [1782996820.540613782] [amcl]: Received a 143 X 166 map @ 0.050 m/pix
[amcl-2] [INFO] [1782996820.562732027] [amcl]: createLaserObject
[amcl-2] [INFO] [1782996821.536083108] [amcl]: Received a 143 X 166 map @ 0.050 m/pix
[amcl-2] [INFO] [1782996821.562514311] [amcl]: createLaserObject
[amcl-2] [WARN] [1782996822.165212222] [amcl]: AMCL cannot publish a pose or update the transform. Please set the initial pose...
[amcl-2] [INFO] [1782996822.538702974] [amcl]: Received a 143 X 166 map @ 0.050 m/pix
[amcl-2] [INFO] [1782996822.562806469] [amcl]: createLaserObject
[amcl-2] [INFO] [1782996823.542188213] [amcl]: Received a 143 X 166 map @ 0.050 m/pix
[amcl-2] [INFO] [1782996823.559621376] [amcl]: createLaserObject
[amcl-2] [WARN] [1782996824.262449056] [amcl]: AMCL cannot publish a pose or update the transform. Please set the initial pose...
[amcl-2] [INFO] [1782996824.538858870] [amcl]: Received a 143 X 166 map @ 0.050 m/pix
[amcl-2] [INFO] [1782996824.563802948] [amcl]: createLaserObject
[amcl-2] [INFO] [1782996825.541062276] [amcl]: Received a 143 X 166 map @ 0.050 m/pix
[amcl-2] [INFO] [1782996825.557428855] [amcl]: createLaserObject
[amcl-2] [WARN] [1782996826.359228012] [amcl]: AMCL cannot publish a pose or update the transform. Please set the initial pose...
[amcl-2] [INFO] [1782996826.538620848] [amcl]: Received a 143 X 166 map @ 0.050 m/pix
[amcl-2] [INFO] [1782996826.560159426] [amcl]: createLaserObject
[amcl-2] [INFO] [1782996827.540124793] [amcl]: Received a 143 X 166 map @ 0.050 m/pix
[amcl-2] [INFO] [1782996827.560212330] [amcl]: createLaserObject
[amcl-2] [WARN] [1782996828.453621174] [amcl]: AMCL cannot publish a pose or update the transform. Please set the initial pose...
[amcl-2] [INFO] [1782996828.543247613] [amcl]: Received a 143 X 166 map @ 0.050 m/pix
[amcl-2] [INFO] [1782996828.561583650] [amcl]: createLaserObject
[amcl-2] [INFO] [1782996829.536264392] [amcl]: Received a 143 X 166 map @ 0.050 m/pix
[amcl-2] [INFO] [1782996829.554400096] [amcl]: createLaserObject
[amcl-2] [INFO] [1782996830.536504419] [amcl]: Received a 143 X 166 map @ 0.050 m/pix
[amcl-2] [INFO] [1782996830.554134373] [amcl]: createLaserObject
[amcl-2] [WARN] [1782996830.587526366] [amcl]: AMCL cannot publish a pose or update the transform. Please set the initial pose...
[amcl-2] [INFO] [1782996831.537220529] [amcl]: Received a 143 X 166 map @ 0.050 m/pix
[amcl-2] [INFO] [1782996831.551752109] [amcl]: createLaserObject
[amcl-2] [INFO] [1782996832.535022721] [amcl]: Received a 143 X 166 map @ 0.050 m/pix
[amcl-2] [INFO] [1782996832.554909425] [amcl]: createLaserObject
[amcl-2] [WARN] [1782996832.651975320] [amcl]: AMCL cannot publish a pose or update the transform. Please set the initial pose...
[amcl-2] [INFO] [1782996833.535863205] [amcl]: Received a 143 X 166 map @ 0.050 m/pix
[amcl-2] [INFO] [1782996833.554157659] [amcl]: createLaserObject
[amcl-2] [INFO] [1782996834.538559978] [amcl]: Received a 143 X 166 map @ 0.050 m/pix
[amcl-2] [INFO] [1782996834.548708976] [amcl]: createLaserObject
[amcl-2] [WARN] [1782996834.748341098] [amcl]: AMCL cannot publish a pose or update the transform. Please set the initial pose...
[amcl-2] [INFO] [1782996835.539256585] [amcl]: Received a 143 X 166 map @ 0.050 m/pix
[amcl-2] [INFO] [1782996835.547916000] [amcl]: createLaserObject
[amcl-2] [INFO] [1782996836.538415567] [amcl]: Received a 143 X 166 map @ 0.050 m/pix
[amcl-2] [INFO] [1782996836.547621939] [amcl]: createLaserObject
[amcl-2] [WARN] [1782996836.749095310] [amcl]: AMCL cannot publish a pose or update the transform. Please set the initial pose...
[amcl-2] [INFO] [1782996837.537813672] [amcl]: Received a 143 X 166 map @ 0.050 m/pix
[amcl-2] [INFO] [1782996837.549510378] [amcl]: createLaserObject
[amcl-2] [INFO] [1782996838.539924068] [amcl]: Received a 143 X 166 map @ 0.050 m/pix
[amcl-2] [INFO] [1782996838.547092692] [amcl]: createLaserObject
[amcl-2] [WARN] [1782996838.845854832] [amcl]: AMCL cannot publish a pose or update the transform. Please set the initial pose...
[amcl-2] [INFO] [1782996839.535658257] [amcl]: Received a 143 X 166 map @ 0.050 m/pix
[amcl-2] [INFO] [1782996839.544849422] [amcl]: createLaserObject
[amcl-2] [INFO] [1782996840.560146355] [amcl]: Received a 143 X 166 map @ 0.050 m/pix
[amcl-2] [INFO] [1782996840.656671749] [amcl]: createLaserObject
[amcl-2] [WARN] [1782996840.950757807] [amcl]: AMCL cannot publish a pose or update the transform. Please set the initial pose...
[amcl-2] [INFO] [1782996841.537336547] [amcl]: Received a 143 X 166 map @ 0.050 m/pix
[amcl-2] [INFO] [1782996841.543766670] [amcl]: createLaserObject
[amcl-2] [INFO] [1782996842.541483023] [amcl]: Received a 143 X 166 map @ 0.050 m/pix
[amcl-2] [INFO] [1782996842.546964980] [amcl]: createLaserObject
[amcl-2] [WARN] [1782996843.042092782] [amcl]: AMCL cannot publish a pose or update the transform. Please set the initial pose...
[amcl-2] [INFO] [1782996843.551915997] [amcl]: Received a 143 X 166 map @ 0.050 m/pix
[amcl-2] [INFO] [1782996843.640485435] [amcl]: createLaserObject
[amcl-2] [INFO] [1782996844.539171018] [amcl]: Received a 143 X 166 map @ 0.050 m/pix
[amcl-2] [INFO] [1782996844.544624308] [amcl]: createLaserObject
[amcl-2] [WARN] [1782996845.143178500] [amcl]: AMCL cannot publish a pose or update the transform. Please set the initial pose...
[amcl-2] [INFO] [1782996845.537553022] [amcl]: Received a 143 X 166 map @ 0.050 m/pix
[amcl-2] [INFO] [1782996845.544320686] [amcl]: createLaserObject
[amcl-2] [INFO] [1782996846.544626799] [amcl]: Received a 143 X 166 map @ 0.050 m/pix
[amcl-2] [INFO] [1782996846.647059272] [amcl]: createLaserObject
[amcl-2] [WARN] [1782996847.240081075] [amcl]: AMCL cannot publish a pose or update the transform. Please set the initial pose...
[amcl-2] [INFO] [1782996847.536330497] [amcl]: Received a 143 X 166 map @ 0.050 m/pix
[amcl-2] [INFO] [1782996847.540294662] [amcl]: createLaserObject
[amcl-2] [INFO] [1782996848.544378981] [amcl]: Received a 143 X 166 map @ 0.050 m/pix
[amcl-2] [INFO] [1782996848.637407165] [amcl]: createLaserObject
[amcl-2] [WARN] [1782996849.336259606] [amcl]: AMCL cannot publish a pose or update the transform. Please set the initial pose...
[amcl-2] [INFO] [1782996849.543982259] [amcl]: Received a 143 X 166 map @ 0.050 m/pix
[amcl-2] [INFO] [1782996849.637113735] [amcl]: createLaserObject
[amcl-2] [INFO] [1782996850.538425038] [amcl]: Received a 143 X 166 map @ 0.050 m/pix
[amcl-2] [INFO] [1782996850.641699678] [amcl]: createLaserObject
[amcl-2] [WARN] [1782996851.437873009] [amcl]: AMCL cannot publish a pose or update the transform. Please set the initial pose...
[amcl-2] [INFO] [1782996851.545490813] [amcl]: Received a 143 X 166 map @ 0.050 m/pix
[amcl-2] [INFO] [1782996851.634692873] [amcl]: createLaserObject
[amcl-2] [INFO] [1782996852.547054506] [amcl]: Received a 143 X 166 map @ 0.050 m/pix
[amcl-2] [INFO] [1782996852.646113271] [amcl]: createLaserObject
[amcl-2] [WARN] [1782996853.534367077] [amcl]: AMCL cannot publish a pose or update the transform. Please set the initial pose...
[amcl-2] [INFO] [1782996853.537109826] [amcl]: Received a 143 X 166 map @ 0.050 m/pix
[amcl-2] [INFO] [1782996853.635681675] [amcl]: createLaserObject
[amcl-2] [INFO] [1782996854.541932392] [amcl]: Received a 143 X 166 map @ 0.050 m/pix
[amcl-2] [INFO] [1782996854.638885949] [amcl]: createLaserObject
[amcl-2] [INFO] [1782996855.544388125] [amcl]: Received a 143 X 166 map @ 0.050 m/pix
[amcl-2] [INFO] [1782996855.642255432] [amcl]: createLaserObject
[amcl-2] [WARN] [1782996855.685461879] [amcl]: AMCL cannot publish a pose or update the transform. Please set the initial pose...
[amcl-2] [INFO] [1782996856.541769733] [amcl]: Received a 143 X 166 map @ 0.050 m/pix
[amcl-2] [INFO] [1782996856.634255208] [amcl]: createLaserObject
[amcl-2] [INFO] [1782996857.536303925] [amcl]: Received a 143 X 166 map @ 0.050 m/pix
[amcl-2] [INFO] [1782996857.540136466] [amcl]: createLaserObject
[amcl-2] [WARN] [1782996857.728491499] [amcl]: AMCL cannot publish a pose or update the transform. Please set the initial pose...
[amcl-2] [INFO] [1782996858.537482615] [amcl]: Received a 143 X 166 map @ 0.050 m/pix
[amcl-2] [INFO] [1782996858.627119008] [amcl]: createLaserObject
[amcl-2] [INFO] [1782996859.537917179] [amcl]: Received a 143 X 166 map @ 0.050 m/pix
[amcl-2] [INFO] [1782996859.626236364] [amcl]: createLaserObject
[amcl-2] [WARN] [1782996859.728994461] [amcl]: AMCL cannot publish a pose or update the transform. Please set the initial pose...
[amcl-2] [INFO] [1782996860.547765991] [amcl]: Received a 143 X 166 map @ 0.050 m/pix
[amcl-2] [INFO] [1782996860.638865341] [amcl]: createLaserObject
[amcl-2] [INFO] [1782996861.539578098] [amcl]: Received a 143 X 166 map @ 0.050 m/pix
[amcl-2] [INFO] [1782996861.638432530] [amcl]: createLaserObject
[amcl-2] [WARN] [1782996861.826335688] [amcl]: AMCL cannot publish a pose or update the transform. Please set the initial pose...
[amcl-2] [INFO] [1782996862.544252327] [amcl]: Received a 143 X 166 map @ 0.050 m/pix
[amcl-2] [INFO] [1782996862.623912431] [amcl]: createLaserObject
[amcl-2] [INFO] [1782996863.549355972] [amcl]: Received a 143 X 166 map @ 0.050 m/pix
[amcl-2] [INFO] [1782996863.626510159] [amcl]: createLaserObject
[amcl-2] [WARN] [1782996863.829390396] [amcl]: AMCL cannot publish a pose or update the transform. Please set the initial pose...
[amcl-2] [INFO] [1782996864.538845454] [amcl]: Received a 143 X 166 map @ 0.050 m/pix
[amcl-2] [INFO] [1782996864.628101096] [amcl]: createLaserObject
[amcl-2] [INFO] [1782996865.539394015] [amcl]: Received a 143 X 166 map @ 0.050 m/pix
[amcl-2] [INFO] [1782996865.634533906] [amcl]: createLaserObject
[amcl-2] [WARN] [1782996865.924656869] [amcl]: AMCL cannot publish a pose or update the transform. Please set the initial pose...
[amcl-2] [INFO] [1782996866.537826285] [amcl]: Received a 143 X 166 map @ 0.050 m/pix
[amcl-2] [INFO] [1782996866.619696763] [amcl]: createLaserObject
[amcl-2] [INFO] [1782996867.536355971] [amcl]: Received a 143 X 166 map @ 0.050 m/pix
[amcl-2] [INFO] [1782996867.622722740] [amcl]: createLaserObject
[amcl-2] [WARN] [1782996868.018791840] [amcl]: AMCL cannot publish a pose or update the transform. Please set the initial pose...
[amcl-2] [INFO] [1782996868.543528530] [amcl]: Received a 143 X 166 map @ 0.050 m/pix
[amcl-2] [INFO] [1782996868.552301194] [amcl]: createLaserObject
[amcl-2] [INFO] [1782996869.539755216] [amcl]: Received a 143 X 166 map @ 0.050 m/pix
[amcl-2] [INFO] [1782996869.622183610] [amcl]: createLaserObject
[amcl-2] [WARN] [1782996870.026914249] [amcl]: AMCL cannot publish a pose or update the transform. Please set the initial pose...
[amcl-2] [INFO] [1782996870.542881024] [amcl]: Received a 143 X 166 map @ 0.050 m/pix
[amcl-2] [INFO] [1782996870.627694709] [amcl]: createLaserObject
[amcl-2] [INFO] [1782996871.539948209] [amcl]: Received a 143 X 166 map @ 0.050 m/pix
[amcl-2] [INFO] [1782996871.615857647] [amcl]: createLaserObject
[amcl-2] [WARN] [1782996872.117004051] [amcl]: AMCL cannot publish a pose or update the transform. Please set the initial pose...
[amcl-2] [INFO] [1782996872.539930601] [amcl]: Received a 143 X 166 map @ 0.050 m/pix
[amcl-2] [INFO] [1782996872.614411706] [amcl]: createLaserObject
[amcl-2] [INFO] [1782996873.543170658] [amcl]: Received a 143 X 166 map @ 0.050 m/pix
[amcl-2] [INFO] [1782996873.614392972] [amcl]: createLaserObject
[amcl-2] [WARN] [1782996874.214320640] [amcl]: AMCL cannot publish a pose or update the transform. Please set the initial pose...
[amcl-2] [INFO] [1782996874.536836384] [amcl]: Received a 143 X 166 map @ 0.050 m/pix
[amcl-2] [INFO] [1782996874.623368194] [amcl]: createLaserObject
[amcl-2] [INFO] [1782996875.539477399] [amcl]: Received a 143 X 166 map @ 0.050 m/pix
[amcl-2] [INFO] [1782996875.616488544] [amcl]: createLaserObject
[amcl-2] [WARN] [1782996876.214851629] [amcl]: AMCL cannot publish a pose or update the transform. Please set the initial pose...
[amcl-2] [INFO] [1782996876.541113664] [amcl]: Received a 143 X 166 map @ 0.050 m/pix
[amcl-2] [INFO] [1782996876.621851016] [amcl]: createLaserObject
[amcl-2] [INFO] [1782996877.540207053] [amcl]: Received a 143 X 166 map @ 0.050 m/pix
[amcl-2] [INFO] [1782996877.619008698] [amcl]: createLaserObject
[amcl-2] [WARN] [1782996878.310900215] [amcl]: AMCL cannot publish a pose or update the transform. Please set the initial pose...
[amcl-2] [INFO] [1782996878.535061611] [amcl]: Received a 143 X 166 map @ 0.050 m/pix
[amcl-2] [INFO] [1782996878.609637715] [amcl]: createLaserObject
[amcl-2] [INFO] [1782996879.542262622] [amcl]: Received a 143 X 166 map @ 0.050 m/pix
[amcl-2] [INFO] [1782996879.608713271] [amcl]: createLaserObject
[amcl-2] [WARN] [1782996880.408492548] [amcl]: AMCL cannot publish a pose or update the transform. Please set the initial pose...
[amcl-2] [INFO] [1782996880.543549802] [amcl]: Received a 143 X 166 map @ 0.050 m/pix
[amcl-2] [INFO] [1782996880.608042492] [amcl]: createLaserObject
[amcl-2] [INFO] [1782996881.542161940] [amcl]: Received a 143 X 166 map @ 0.050 m/pix
[amcl-2] [INFO] [1782996881.614307462] [amcl]: createLaserObject
[amcl-2] [WARN] [1782996882.505828213] [amcl]: AMCL cannot publish a pose or update the transform. Please set the initial pose...
[amcl-2] [INFO] [1782996882.539015328] [amcl]: Received a 143 X 166 map @ 0.050 m/pix
[amcl-2] [INFO] [1782996882.612451683] [amcl]: createLaserObject
[amcl-2] [INFO] [1782996883.534533217] [amcl]: Received a 143 X 166 map @ 0.050 m/pix
[amcl-2] [INFO] [1782996883.607737821] [amcl]: createLaserObject
[amcl-2] [WARN] [1782996884.507767819] [amcl]: AMCL cannot publish a pose or update the transform. Please set the initial pose...
[amcl-2] [INFO] [1782996884.540230393] [amcl]: Received a 143 X 166 map @ 0.050 m/pix
[amcl-2] [INFO] [1782996884.606925958] [amcl]: createLaserObject
[amcl-2] [INFO] [1782996885.540734779] [amcl]: Received a 143 X 166 map @ 0.050 m/pix
[amcl-2] [INFO] [1782996885.605414344] [amcl]: createLaserObject
[amcl-2] [INFO] [1782996886.538099790] [amcl]: Received a 143 X 166 map @ 0.050 m/pix
[amcl-2] [INFO] [1782996886.601950564] [amcl]: createLaserObject
[amcl-2] [WARN] [1782996886.638441429] [amcl]: AMCL cannot publish a pose or update the transform. Please set the initial pose...
[amcl-2] [INFO] [1782996887.538636175] [amcl]: Received a 143 X 166 map @ 0.050 m/pix
[amcl-2] [INFO] [1782996887.605561990] [amcl]: createLaserObject
[amcl-2] [INFO] [1782996888.544918350] [amcl]: Received a 143 X 166 map @ 0.050 m/pix
[amcl-2] [INFO] [1782996888.608145499] [amcl]: createLaserObject
[amcl-2] [WARN] [1782996888.678589521] [amcl]: AMCL cannot publish a pose or update the transform. Please set the initial pose...
[amcl-2] [INFO] [1782996889.537109862] [amcl]: Received a 143 X 166 map @ 0.050 m/pix
[amcl-2] [INFO] [1782996889.606063384] [amcl]: createLaserObject
[amcl-2] [INFO] [1782996890.537924954] [amcl]: Received a 143 X 166 map @ 0.050 m/pix
[amcl-2] [INFO] [1782996890.600263519] [amcl]: createLaserObject
[amcl-2] [WARN] [1782996890.699433825] [amcl]: AMCL cannot publish a pose or update the transform. Please set the initial pose...
[amcl-2] [INFO] [1782996891.537755254] [amcl]: Received a 143 X 166 map @ 0.050 m/pix
[amcl-2] [INFO] [1782996891.597257987] [amcl]: createLaserObject
[amcl-2] [INFO] [1782996892.536490054] [amcl]: Received a 143 X 166 map @ 0.050 m/pix
[amcl-2] [INFO] [1782996892.596166579] [amcl]: createLaserObject
[amcl-2] [WARN] [1782996892.796629563] [amcl]: AMCL cannot publish a pose or update the transform. Please set the initial pose...
[amcl-2] [INFO] [1782996893.537203145] [amcl]: Received a 143 X 166 map @ 0.050 m/pix
[amcl-2] [INFO] [1782996893.595475545] [amcl]: createLaserObject
[amcl-2] [INFO] [1782996894.537231694] [amcl]: Received a 143 X 166 map @ 0.050 m/pix
[amcl-2] [INFO] [1782996894.594686219] [amcl]: createLaserObject
[amcl-2] [WARN] [1782996894.894833342] [amcl]: AMCL cannot publish a pose or update the transform. Please set the initial pose...
[amcl-2] [INFO] [1782996895.540269824] [amcl]: Received a 143 X 166 map @ 0.050 m/pix
[amcl-2] [INFO] [1782996895.594161934] [amcl]: createLaserObject
[amcl-2] [INFO] [1782996896.538182498] [amcl]: Received a 143 X 166 map @ 0.050 m/pix
[amcl-2] [INFO] [1782996896.592286441] [amcl]: createLaserObject
[amcl-2] [WARN] [1782996896.993641826] [amcl]: AMCL cannot publish a pose or update the transform. Please set the initial pose...
[amcl-2] [INFO] [1782996897.537982379] [amcl]: Received a 143 X 166 map @ 0.050 m/pix
[amcl-2] [INFO] [1782996897.591800030] [amcl]: createLaserObject
[amcl-2] [INFO] [1782996898.540129759] [amcl]: Received a 143 X 166 map @ 0.050 m/pix
[amcl-2] [INFO] [1782996898.601641908] [amcl]: createLaserObject
[amcl-2] [WARN] [1782996899.092285143] [amcl]: AMCL cannot publish a pose or update the transform. Please set the initial pose...
[amcl-2] [INFO] [1782996899.544312596] [amcl]: Received a 143 X 166 map @ 0.050 m/pix
[amcl-2] [INFO] [1782996899.591193875] [amcl]: createLaserObject
[amcl-2] [INFO] [1782996900.536412062] [amcl]: Received a 143 X 166 map @ 0.050 m/pix
[amcl-2] [INFO] [1782996900.592934004] [amcl]: createLaserObject
[amcl-2] [WARN] [1782996901.101759983] [amcl]: AMCL cannot publish a pose or update the transform. Please set the initial pose...
[amcl-2] [INFO] [1782996901.537253149] [amcl]: Received a 143 X 166 map @ 0.050 m/pix
[amcl-2] [INFO] [1782996901.588810509] [amcl]: createLaserObject
[amcl-2] [INFO] [1782996902.535098779] [amcl]: Received a 143 X 166 map @ 0.050 m/pix
[amcl-2] [INFO] [1782996902.589816554] [amcl]: createLaserObject
[amcl-2] [WARN] [1782996903.187414257] [amcl]: AMCL cannot publish a pose or update the transform. Please set the initial pose...
[amcl-2] [INFO] [1782996903.542153655] [amcl]: Received a 143 X 166 map @ 0.050 m/pix
[amcl-2] [INFO] [1782996903.590028766] [amcl]: createLaserObject
[amcl-2] [INFO] [1782996904.536925118] [amcl]: Received a 143 X 166 map @ 0.050 m/pix
[amcl-2] [INFO] [1782996904.586339437] [amcl]: createLaserObject
[amcl-2] [WARN] [1782996905.284069985] [amcl]: AMCL cannot publish a pose or update the transform. Please set the initial pose...
[amcl-2] [INFO] [1782996905.536853829] [amcl]: Received a 143 X 166 map @ 0.050 m/pix
[amcl-2] [INFO] [1782996905.585708440] [amcl]: createLaserObject
[amcl-2] [INFO] [1782996906.537007123] [amcl]: Received a 143 X 166 map @ 0.050 m/pix
[amcl-2] [INFO] [1782996906.582584485] [amcl]: createLaserObject
[amcl-2] [WARN] [1782996907.383929502] [amcl]: AMCL cannot publish a pose or update the transform. Please set the initial pose...
[amcl-2] [INFO] [1782996907.540917832] [amcl]: Received a 143 X 166 map @ 0.050 m/pix
[amcl-2] [INFO] [1782996907.582136153] [amcl]: createLaserObject
[amcl-2] [INFO] [1782996908.537209251] [amcl]: Received a 143 X 166 map @ 0.050 m/pix
[amcl-2] [INFO] [1782996908.596755484] [amcl]: createLaserObject
[amcl-2] [WARN] [1782996909.482400935] [amcl]: AMCL cannot publish a pose or update the transform. Please set the initial pose...
[amcl-2] [INFO] [1782996909.536307211] [amcl]: Received a 143 X 166 map @ 0.050 m/pix
[amcl-2] [INFO] [1782996909.590352362] [amcl]: createLaserObject
[amcl-2] [INFO] [1782996910.537650878] [amcl]: Received a 143 X 166 map @ 0.050 m/pix
[amcl-2] [INFO] [1782996910.584304114] [amcl]: createLaserObject
[amcl-2] [INFO] [1782996911.535486670] [amcl]: Received a 143 X 166 map @ 0.050 m/pix
[amcl-2] [INFO] [1782996911.582772073] [amcl]: createLaserObject
[amcl-2] [WARN] [1782996911.612095898] [amcl]: AMCL cannot publish a pose or update the transform. Please set the initial pose...
[amcl-2] [INFO] [1782996912.542689127] [amcl]: Received a 143 X 166 map @ 0.050 m/pix
[amcl-2] [INFO] [1782996912.579894949] [amcl]: createLaserObject
[amcl-2] [INFO] [1782996913.539266335] [amcl]: Received a 143 X 166 map @ 0.050 m/pix
[amcl-2] [INFO] [1782996913.579428615] [amcl]: createLaserObject
[amcl-2] [WARN] [1782996913.620273812] [amcl]: AMCL cannot publish a pose or update the transform. Please set the initial pose...
[amcl-2] [INFO] [1782996914.539514793] [amcl]: Received a 143 X 166 map @ 0.050 m/pix
[amcl-2] [INFO] [1782996914.575944157] [amcl]: createLaserObject
[amcl-2] [INFO] [1782996915.535469209] [amcl]: Received a 143 X 166 map @ 0.050 m/pix
[amcl-2] [INFO] [1782996915.575320156] [amcl]: createLaserObject
[amcl-2] [WARN] [1782996915.675733710] [amcl]: AMCL cannot publish a pose or update the transform. Please set the initial pose...
[amcl-2] [INFO] [1782996916.536602041] [amcl]: Received a 143 X 166 map @ 0.050 m/pix
[amcl-2] [INFO] [1782996916.574043155] [amcl]: createLaserObject
[amcl-2] [INFO] [1782996917.536241247] [amcl]: Received a 143 X 166 map @ 0.050 m/pix
[amcl-2] [INFO] [1782996917.575791027] [amcl]: createLaserObject
[amcl-2] [WARN] [1782996917.775734927] [amcl]: AMCL cannot publish a pose or update the transform. Please set the initial pose...
[amcl-2] [INFO] [1782996918.536816161] [amcl]: Received a 143 X 166 map @ 0.050 m/pix
[amcl-2] [INFO] [1782996918.573463192] [amcl]: createLaserObject
[amcl-2] [INFO] [1782996919.541383699] [amcl]: Received a 143 X 166 map @ 0.050 m/pix
[amcl-2] [INFO] [1782996919.572065606] [amcl]: createLaserObject
[amcl-2] [WARN] [1782996919.777247421] [amcl]: AMCL cannot publish a pose or update the transform. Please set the initial pose...
[amcl-2] [INFO] [1782996920.539204780] [amcl]: Received a 143 X 166 map @ 0.050 m/pix
[amcl-2] [INFO] [1782996920.569843729] [amcl]: createLaserObject
[amcl-2] [INFO] [1782996921.543135317] [amcl]: Received a 143 X 166 map @ 0.050 m/pix
[amcl-2] [INFO] [1782996921.572436225] [amcl]: createLaserObject
[amcl-2] [WARN] [1782996921.869440262] [amcl]: AMCL cannot publish a pose or update the transform. Please set the initial pose...
[amcl-2] [INFO] [1782996922.540746563] [amcl]: Received a 143 X 166 map @ 0.050 m/pix
[amcl-2] [INFO] [1782996922.569085305] [amcl]: createLaserObject
[amcl-2] [INFO] [1782996923.538145435] [amcl]: Received a 143 X 166 map @ 0.050 m/pix
[amcl-2] [INFO] [1782996923.568836051] [amcl]: createLaserObject
[amcl-2] [WARN] [1782996923.967288599] [amcl]: AMCL cannot publish a pose or update the transform. Please set the initial pose...
[amcl-2] [INFO] [1782996924.543024554] [amcl]: Received a 143 X 166 map @ 0.050 m/pix
[amcl-2] [INFO] [1782996924.567108046] [amcl]: createLaserObject
[amcl-2] [INFO] [1782996925.537571967] [amcl]: Received a 143 X 166 map @ 0.050 m/pix
[amcl-2] [INFO] [1782996925.567290041] [amcl]: createLaserObject
[amcl-2] [WARN] [1782996925.970258380] [amcl]: AMCL cannot publish a pose or update the transform. Please set the initial pose...
[amcl-2] [INFO] [1782996926.535886170] [amcl]: Received a 143 X 166 map @ 0.050 m/pix
[amcl-2] [INFO] [1782996926.571376035] [amcl]: createLaserObject
[amcl-2] [INFO] [1782996927.539096455] [amcl]: Received a 143 X 166 map @ 0.050 m/pix
[amcl-2] [INFO] [1782996927.564263781] [amcl]: createLaserObject
[amcl-2] [WARN] [1782996928.064745465] [amcl]: AMCL cannot publish a pose or update the transform. Please set the initial pose...
[amcl-2] [INFO] [1782996928.537537116] [amcl]: Received a 143 X 166 map @ 0.050 m/pix
[amcl-2] [INFO] [1782996928.564849483] [amcl]: createLaserObject
[amcl-2] [INFO] [1782996929.541702108] [amcl]: Received a 143 X 166 map @ 0.050 m/pix
[amcl-2] [INFO] [1782996929.562696560] [amcl]: createLaserObject
[amcl-2] [WARN] [1782996930.162719715] [amcl]: AMCL cannot publish a pose or update the transform. Please set the initial pose...
[amcl-2] [INFO] [1782996930.537931894] [amcl]: Received a 143 X 166 map @ 0.050 m/pix
[amcl-2] [INFO] [1782996930.562100970] [amcl]: createLaserObject
[amcl-2] [INFO] [1782996931.537459470] [amcl]: Received a 143 X 166 map @ 0.050 m/pix
[amcl-2] [INFO] [1782996931.560703838] [amcl]: createLaserObject
[amcl-2] [WARN] [1782996932.162942575] [amcl]: AMCL cannot publish a pose or update the transform. Please set the initial pose...
[amcl-2] [INFO] [1782996932.538027671] [amcl]: Received a 143 X 166 map @ 0.050 m/pix
[amcl-2] [INFO] [1782996932.559550790] [amcl]: createLaserObject
[amcl-2] [INFO] [1782996933.541332662] [amcl]: Received a 143 X 166 map @ 0.050 m/pix
[amcl-2] [INFO] [1782996933.559757823] [amcl]: createLaserObject
[amcl-2] [WARN] [1782996934.259833155] [amcl]: AMCL cannot publish a pose or update the transform. Please set the initial pose...
[amcl-2] [INFO] [1782996934.542140403] [amcl]: Received a 143 X 166 map @ 0.050 m/pix
[amcl-2] [INFO] [1782996934.564094647] [amcl]: createLaserObject
[amcl-2] [INFO] [1782996935.536679605] [amcl]: Received a 143 X 166 map @ 0.050 m/pix
[amcl-2] [INFO] [1782996935.556978640] [amcl]: createLaserObject
[amcl-2] [WARN] [1782996936.355814192] [amcl]: AMCL cannot publish a pose or update the transform. Please set the initial pose...
[amcl-2] [INFO] [1782996936.541172344] [amcl]: Received a 143 X 166 map @ 0.050 m/pix
[amcl-2] [INFO] [1782996936.558134214] [amcl]: createLaserObject
[amcl-2] [INFO] [1782996937.539720377] [amcl]: Received a 143 X 166 map @ 0.050 m/pix
[amcl-2] [INFO] [1782996937.555177289] [amcl]: createLaserObject
[amcl-2] [WARN] [1782996938.356548381] [amcl]: AMCL cannot publish a pose or update the transform. Please set the initial pose...
[amcl-2] [INFO] [1782996938.539065617] [amcl]: Received a 143 X 166 map @ 0.050 m/pix
[amcl-2] [INFO] [1782996938.555669279] [amcl]: createLaserObject
[amcl-2] [INFO] [1782996939.538807816] [amcl]: Received a 143 X 166 map @ 0.050 m/pix
[amcl-2] [INFO] [1782996939.553446561] [amcl]: createLaserObject
[amcl-2] [WARN] [1782996940.358247110] [amcl]: AMCL cannot publish a pose or update the transform. Please set the initial pose...
[amcl-2] [INFO] [1782996940.535819389] [amcl]: Received a 143 X 166 map @ 0.050 m/pix
[amcl-2] [INFO] [1782996940.553255384] [amcl]: createLaserObject
[amcl-2] [INFO] [1782996941.539610794] [amcl]: Received a 143 X 166 map @ 0.050 m/pix
[amcl-2] [INFO] [1782996941.552614915] [amcl]: createLaserObject
[amcl-2] [WARN] [1782996942.453438226] [amcl]: AMCL cannot publish a pose or update the transform. Please set the initial pose...
[amcl-2] [INFO] [1782996942.555380778] [amcl]: Received a 143 X 166 map @ 0.050 m/pix
[amcl-2] [INFO] [1782996942.591868184] [amcl]: createLaserObject
[amcl-2] [INFO] [1782996943.560575390] [amcl]: Received a 143 X 166 map @ 0.050 m/pix
[amcl-2] [INFO] [1782996943.567906388] [amcl]: createLaserObject
[amcl-2] [INFO] [1782996944.540450634] [amcl]: Received a 143 X 166 map @ 0.050 m/pix
[amcl-2] [INFO] [1782996944.548888007] [amcl]: createLaserObject
[amcl-2] [WARN] [1782996944.571524666] [amcl]: AMCL cannot publish a pose or update the transform. Please set the initial pose...
[amcl-2] [INFO] [1782996945.537222206] [amcl]: Received a 143 X 166 map @ 0.050 m/pix
[amcl-2] [INFO] [1782996945.551862285] [amcl]: createLaserObject
[amcl-2] [INFO] [1782996946.538041860] [amcl]: Received a 143 X 166 map @ 0.050 m/pix
[amcl-2] [INFO] [1782996946.546436899] [amcl]: createLaserObject
[amcl-2] [WARN] [1782996946.648916785] [amcl]: AMCL cannot publish a pose or update the transform. Please set the initial pose...
[amcl-2] [INFO] [1782996947.538982097] [amcl]: Received a 143 X 166 map @ 0.050 m/pix
[amcl-2] [INFO] [1782996947.555152925] [amcl]: createLaserObject
[amcl-2] [INFO] [1782996948.542917541] [amcl]: Received a 143 X 166 map @ 0.050 m/pix
[amcl-2] [INFO] [1782996948.546492331] [amcl]: createLaserObject
[amcl-2] [WARN] [1782996948.649351717] [amcl]: AMCL cannot publish a pose or update the transform. Please set the initial pose...
[amcl-2] [INFO] [1782996949.541213736] [amcl]: Received a 143 X 166 map @ 0.050 m/pix
[amcl-2] [INFO] [1782996949.549959150] [amcl]: createLaserObject
[amcl-2] [INFO] [1782996950.540089098] [amcl]: Received a 143 X 166 map @ 0.050 m/pix
[amcl-2] [INFO] [1782996950.544177555] [amcl]: createLaserObject
[amcl-2] [WARN] [1782996950.654210521] [amcl]: AMCL cannot publish a pose or update the transform. Please set the initial pose...
[amcl-2] [INFO] [1782996951.538368334] [amcl]: Received a 143 X 166 map @ 0.050 m/pix
[amcl-2] [INFO] [1782996951.542804374] [amcl]: createLaserObject
[amcl-2] [INFO] [1782996952.539916319] [amcl]: Received a 143 X 166 map @ 0.050 m/pix
[amcl-2] [INFO] [1782996952.542612651] [amcl]: createLaserObject
[amcl-2] [WARN] [1782996952.745550922] [amcl]: AMCL cannot publish a pose or update the transform. Please set the initial pose...
[amcl-2] [INFO] [1782996953.536094722] [amcl]: Received a 143 X 166 map @ 0.050 m/pix
[amcl-2] [INFO] [1782996953.540946012] [amcl]: createLaserObject
[amcl-2] [INFO] [1782996954.539813455] [amcl]: Received a 143 X 166 map @ 0.050 m/pix
[amcl-2] [INFO] [1782996954.544518954] [amcl]: createLaserObject
[amcl-2] [WARN] [1782996954.842672196] [amcl]: AMCL cannot publish a pose or update the transform. Please set the initial pose...
[amcl-2] [INFO] [1782996955.538726607] [amcl]: Received a 143 X 166 map @ 0.050 m/pix
[amcl-2] [INFO] [1782996955.541213148] [amcl]: createLaserObject
[amcl-2] [INFO] [1782996956.535073508] [amcl]: Received a 143 X 166 map @ 0.050 m/pix
[amcl-2] [INFO] [1782996956.540050674] [amcl]: createLaserObject
[amcl-2] [WARN] [1782996956.938769468] [amcl]: AMCL cannot publish a pose or update the transform. Please set the initial pose...
[amcl-2] [INFO] [1782996957.535147326] [amcl]: Received a 143 X 166 map @ 0.050 m/pix
[amcl-2] [INFO] [1782996957.556243027] [amcl]: createLaserObject
[amcl-2] [INFO] [1782996958.541711307] [amcl]: Received a 143 X 166 map @ 0.050 m/pix
[amcl-2] [INFO] [1782996958.546511930] [amcl]: createLaserObject
[amcl-2] [WARN] [1782996958.940065684] [amcl]: AMCL cannot publish a pose or update the transform. Please set the initial pose...
[amcl-2] [INFO] [1782996959.535443625] [amcl]: Received a 143 X 166 map @ 0.050 m/pix
[amcl-2] [INFO] [1782996959.537011625] [amcl]: createLaserObject
[amcl-2] [INFO] [1782996960.536675774] [amcl]: Received a 143 X 166 map @ 0.050 m/pix
[amcl-2] [INFO] [1782996960.638101201] [amcl]: createLaserObject
[amcl-2] [WARN] [1782996960.941219441] [amcl]: AMCL cannot publish a pose or update the transform. Please set the initial pose...
[amcl-2] [INFO] [1782996961.540039464] [amcl]: Received a 143 X 166 map @ 0.050 m/pix
[amcl-2] [INFO] [1782996961.633377310] [amcl]: createLaserObject
[amcl-2] [INFO] [1782996962.543383112] [amcl]: Received a 143 X 166 map @ 0.050 m/pix
[amcl-2] [INFO] [1782996962.544917070] [amcl]: createLaserObject
[amcl-2] [WARN] [1782996963.032201502] [amcl]: AMCL cannot publish a pose or update the transform. Please set the initial pose...
[amcl-2] [INFO] [1782996963.541719761] [amcl]: Received a 143 X 166 map @ 0.050 m/pix
[amcl-2] [INFO] [1782996963.635199065] [amcl]: createLaserObject
[amcl-2] [INFO] [1782996964.538018327] [amcl]: Received a 143 X 166 map @ 0.050 m/pix
[amcl-2] [INFO] [1782996964.539577701] [amcl]: createLaserObject
[amcl-2] [WARN] [1782996965.032693673] [amcl]: AMCL cannot publish a pose or update the transform. Please set the initial pose...
[amcl-2] [INFO] [1782996965.536445308] [amcl]: Received a 143 X 166 map @ 0.050 m/pix
[amcl-2] [INFO] [1782996965.638691193] [amcl]: createLaserObject
[amcl-2] [INFO] [1782996966.536664414] [amcl]: Received a 143 X 166 map @ 0.050 m/pix
[amcl-2] [INFO] [1782996966.628253719] [amcl]: createLaserObject
[amcl-2] [WARN] [1782996967.132230312] [amcl]: AMCL cannot publish a pose or update the transform. Please set the initial pose...
[amcl-2] [INFO] [1782996967.537759894] [amcl]: Received a 143 X 166 map @ 0.050 m/pix
[amcl-2] [INFO] [1782996967.627784408] [amcl]: createLaserObject
[amcl-2] [INFO] [1782996968.541698248] [amcl]: Received a 143 X 166 map @ 0.050 m/pix
[amcl-2] [INFO] [1782996968.652492422] [amcl]: createLaserObject
[amcl-2] [WARN] [1782996969.133620856] [amcl]: AMCL cannot publish a pose or update the transform. Please set the initial pose...
[amcl-2] [INFO] [1782996969.542384103] [amcl]: Received a 143 X 166 map @ 0.050 m/pix
[amcl-2] [INFO] [1782996969.627081827] [amcl]: createLaserObject
[amcl-2] [INFO] [1782996970.541821166] [amcl]: Received a 143 X 166 map @ 0.050 m/pix
[amcl-2] [INFO] [1782996970.628702222] [amcl]: createLaserObject
[amcl-2] [WARN] [1782996971.224639370] [amcl]: AMCL cannot publish a pose or update the transform. Please set the initial pose...
[amcl-2] [INFO] [1782996971.539520271] [amcl]: Received a 143 X 166 map @ 0.050 m/pix
[amcl-2] [INFO] [1782996971.625968994] [amcl]: createLaserObject
[amcl-2] [INFO] [1782996972.540726916] [amcl]: Received a 143 X 166 map @ 0.050 m/pix
[amcl-2] [INFO] [1782996972.622434974] [amcl]: createLaserObject
[amcl-2] [WARN] [1782996973.325359629] [amcl]: AMCL cannot publish a pose or update the transform. Please set the initial pose...
[amcl-2] [INFO] [1782996973.544895185] [amcl]: Received a 143 X 166 map @ 0.050 m/pix
[amcl-2] [INFO] [1782996973.623244161] [amcl]: createLaserObject
[amcl-2] [INFO] [1782996974.537503041] [amcl]: Received a 143 X 166 map @ 0.050 m/pix
[amcl-2] [INFO] [1782996974.623894181] [amcl]: createLaserObject
[amcl-2] [WARN] [1782996975.419440431] [amcl]: AMCL cannot publish a pose or update the transform. Please set the initial pose...
[amcl-2] [INFO] [1782996975.534887895] [amcl]: Received a 143 X 166 map @ 0.050 m/pix
[amcl-2] [INFO] [1782996975.619960827] [amcl]: createLaserObject
[amcl-2] [INFO] [1782996976.541273329] [amcl]: Received a 143 X 166 map @ 0.050 m/pix
[amcl-2] [INFO] [1782996976.618372971] [amcl]: createLaserObject
[amcl-2] [WARN] [1782996977.522978562] [amcl]: AMCL cannot publish a pose or update the transform. Please set the initial pose...
[amcl-2] [INFO] [1782996977.541813265] [amcl]: Received a 143 X 166 map @ 0.050 m/pix
[amcl-2] [INFO] [1782996977.625981946] [amcl]: createLaserObject
[amcl-2] [INFO] [1782996978.552382488] [amcl]: Received a 143 X 166 map @ 0.050 m/pix
[amcl-2] [INFO] [1782996978.617954676] [amcl]: createLaserObject
[amcl-2] [INFO] [1782996979.544114884] [amcl]: Received a 143 X 166 map @ 0.050 m/pix
[amcl-2] [INFO] [1782996979.620899235] [amcl]: createLaserObject
[amcl-2] [WARN] [1782996979.659470306] [amcl]: AMCL cannot publish a pose or update the transform. Please set the initial pose...
[amcl-2] [INFO] [1782996980.540110654] [amcl]: Received a 143 X 166 map @ 0.050 m/pix
[amcl-2] [INFO] [1782996980.623275753] [amcl]: createLaserObject
[amcl-2] [INFO] [1782996981.536703090] [amcl]: Received a 143 X 166 map @ 0.050 m/pix
[amcl-2] [INFO] [1782996981.615135190] [amcl]: createLaserObject
[amcl-2] [WARN] [1782996981.713095409] [amcl]: AMCL cannot publish a pose or update the transform. Please set the initial pose...
[amcl-2] [INFO] [1782996982.545701438] [amcl]: Received a 143 X 166 map @ 0.050 m/pix
[amcl-2] [INFO] [1782996982.618903623] [amcl]: createLaserObject
[amcl-2] [INFO] [1782996983.538322291] [amcl]: Received a 143 X 166 map @ 0.050 m/pix
[amcl-2] [INFO] [1782996983.612061726] [amcl]: createLaserObject
[amcl-2] [WARN] [1782996983.811390871] [amcl]: AMCL cannot publish a pose or update the transform. Please set the initial pose...
[amcl-2] [INFO] [1782996984.537972308] [amcl]: Received a 143 X 166 map @ 0.050 m/pix
[amcl-2] [INFO] [1782996984.610890410] [amcl]: createLaserObject
[amcl-2] [INFO] [1782996985.537215241] [amcl]: Received a 143 X 166 map @ 0.050 m/pix
[amcl-2] [INFO] [1782996985.610159802] [amcl]: createLaserObject
[amcl-2] [WARN] [1782996985.910012082] [amcl]: AMCL cannot publish a pose or update the transform. Please set the initial pose...
[amcl-2] [INFO] [1782996986.535632258] [amcl]: Received a 143 X 166 map @ 0.050 m/pix
[amcl-2] [INFO] [1782996986.611908984] [amcl]: createLaserObject
[amcl-2] [INFO] [1782996987.561774183] [amcl]: Received a 143 X 166 map @ 0.050 m/pix
[amcl-2] [INFO] [1782996987.608687584] [amcl]: createLaserObject
[amcl-2] [WARN] [1782996988.008440916] [amcl]: AMCL cannot publish a pose or update the transform. Please set the initial pose...
[amcl-2] [INFO] [1782996988.537888873] [amcl]: Received a 143 X 166 map @ 0.050 m/pix
[amcl-2] [INFO] [1782996988.606680518] [amcl]: createLaserObject
[amcl-2] [INFO] [1782996989.540001346] [amcl]: Received a 143 X 166 map @ 0.050 m/pix
[amcl-2] [INFO] [1782996989.609008699] [amcl]: createLaserObject
[amcl-2] [WARN] [1782996990.109735123] [amcl]: AMCL cannot publish a pose or update the transform. Please set the initial pose...
[amcl-2] [INFO] [1782996990.540405944] [amcl]: Received a 143 X 166 map @ 0.050 m/pix
[amcl-2] [INFO] [1782996990.606249840] [amcl]: createLaserObject
[amcl-2] [INFO] [1782996991.537439877] [amcl]: Received a 143 X 166 map @ 0.050 m/pix
[amcl-2] [INFO] [1782996991.603854814] [amcl]: createLaserObject
[amcl-2] [WARN] [1782996992.203824040] [amcl]: AMCL cannot publish a pose or update the transform. Please set the initial pose...
[amcl-2] [INFO] [1782996992.538644766] [amcl]: Received a 143 X 166 map @ 0.050 m/pix
[amcl-2] [INFO] [1782996992.602777912] [amcl]: createLaserObject
[amcl-2] [INFO] [1782996993.540750447] [amcl]: Received a 143 X 166 map @ 0.050 m/pix
[amcl-2] [INFO] [1782996993.606019551] [amcl]: createLaserObject
[amcl-2] [WARN] [1782996994.302179745] [amcl]: AMCL cannot publish a pose or update the transform. Please set the initial pose...
[amcl-2] [INFO] [1782996994.537543337] [amcl]: Received a 143 X 166 map @ 0.050 m/pix
[amcl-2] [INFO] [1782996994.602229941] [amcl]: createLaserObject
[amcl-2] [INFO] [1782996995.537058851] [amcl]: Received a 143 X 166 map @ 0.050 m/pix
[amcl-2] [INFO] [1782996995.599883997] [amcl]: createLaserObject
[amcl-2] [WARN] [1782996996.399793867] [amcl]: AMCL cannot publish a pose or update the transform. Please set the initial pose...
[amcl-2] [INFO] [1782996996.539414947] [amcl]: Received a 143 X 166 map @ 0.050 m/pix
[amcl-2] [INFO] [1782996996.599759636] [amcl]: createLaserObject
[amcl-2] [INFO] [1782996997.536491503] [amcl]: Received a 143 X 166 map @ 0.050 m/pix
[amcl-2] [INFO] [1782996997.602700523] [amcl]: createLaserObject
[amcl-2] [WARN] [1782996998.497373945] [amcl]: AMCL cannot publish a pose or update the transform. Please set the initial pose...
[amcl-2] [INFO] [1782996998.548801720] [amcl]: Received a 143 X 166 map @ 0.050 m/pix
[amcl-2] [INFO] [1782996998.597574329] [amcl]: createLaserObject
[amcl-2] [INFO] [1782996999.539096694] [amcl]: Received a 143 X 166 map @ 0.050 m/pix
[amcl-2] [INFO] [1782996999.596006968] [amcl]: createLaserObject
[amcl-2] [WARN] [1782997000.499507469] [amcl]: AMCL cannot publish a pose or update the transform. Please set the initial pose...
[amcl-2] [INFO] [1782997000.544940621] [amcl]: Received a 143 X 166 map @ 0.050 m/pix
[amcl-2] [INFO] [1782997000.595518105] [amcl]: createLaserObject
[amcl-2] [INFO] [1782997001.538100969] [amcl]: Received a 143 X 166 map @ 0.050 m/pix
[amcl-2] [INFO] [1782997001.594008784] [amcl]: createLaserObject
[amcl-2] [WARN] [1782997002.501326201] [amcl]: AMCL cannot publish a pose or update the transform. Please set the initial pose...
[amcl-2] [INFO] [1782997002.537292315] [amcl]: Received a 143 X 166 map @ 0.050 m/pix
[amcl-2] [INFO] [1782997002.595748379] [amcl]: createLaserObject
[amcl-2] [INFO] [1782997003.551836530] [amcl]: Received a 143 X 166 map @ 0.050 m/pix
[amcl-2] [INFO] [1782997003.594194933] [amcl]: createLaserObject
[amcl-2] [INFO] [1782997004.539198295] [amcl]: Received a 143 X 166 map @ 0.050 m/pix
[amcl-2] [INFO] [1782997004.591247903] [amcl]: createLaserObject
[amcl-2] [WARN] [1782997004.622307435] [amcl]: AMCL cannot publish a pose or update the transform. Please set the initial pose...
[amcl-2] [INFO] [1782997005.541925680] [amcl]: Received a 143 X 166 map @ 0.050 m/pix
[amcl-2] [INFO] [1782997005.592742747] [amcl]: createLaserObject
[amcl-2] [INFO] [1782997006.536567901] [amcl]: Received a 143 X 166 map @ 0.050 m/pix
[amcl-2] [INFO] [1782997006.589963592] [amcl]: createLaserObject
[amcl-2] [WARN] [1782997006.641533451] [amcl]: AMCL cannot publish a pose or update the transform. Please set the initial pose...
[amcl-2] [INFO] [1782997007.539853119] [amcl]: Received a 143 X 166 map @ 0.050 m/pix
[amcl-2] [INFO] [1782997007.588843686] [amcl]: createLaserObject
[amcl-2] [INFO] [1782997008.544380294] [amcl]: Received a 143 X 166 map @ 0.050 m/pix
[amcl-2] [INFO] [1782997008.591241488] [amcl]: createLaserObject
[amcl-2] [WARN] [1782997008.692298038] [amcl]: AMCL cannot publish a pose or update the transform. Please set the initial pose...
[amcl-2] [INFO] [1782997009.543030055] [amcl]: Received a 143 X 166 map @ 0.050 m/pix
[amcl-2] [INFO] [1782997009.587182499] [amcl]: createLaserObject
[amcl-2] [INFO] [1782997010.539393941] [amcl]: Received a 143 X 166 map @ 0.050 m/pix
[amcl-2] [INFO] [1782997010.587668050] [amcl]: createLaserObject
[amcl-2] [WARN] [1782997010.786025152] [amcl]: AMCL cannot publish a pose or update the transform. Please set the initial pose...
[amcl-2] [INFO] [1782997011.539505408] [amcl]: Received a 143 X 166 map @ 0.050 m/pix
[amcl-2] [INFO] [1782997011.584837435] [amcl]: createLaserObject
[amcl-2] [INFO] [1782997012.538747584] [amcl]: Received a 143 X 166 map @ 0.050 m/pix
[amcl-2] [INFO] [1782997012.592371984] [amcl]: createLaserObject
[amcl-2] [WARN] [1782997012.792167211] [amcl]: AMCL cannot publish a pose or update the transform. Please set the initial pose...
[amcl-2] [INFO] [1782997013.546673049] [amcl]: Received a 143 X 166 map @ 0.050 m/pix
[amcl-2] [INFO] [1782997013.582858579] [amcl]: createLaserObject
[amcl-2] [INFO] [1782997014.540487810] [amcl]: Received a 143 X 166 map @ 0.050 m/pix
[amcl-2] [INFO] [1782997014.584379129] [amcl]: createLaserObject
[amcl-2] [WARN] [1782997014.883027115] [amcl]: AMCL cannot publish a pose or update the transform. Please set the initial pose...
[amcl-2] [INFO] [1782997015.534874320] [amcl]: Received a 143 X 166 map @ 0.050 m/pix
[amcl-2] [INFO] [1782997015.602317048] [amcl]: createLaserObject
[amcl-2] [INFO] [1782997016.542229117] [amcl]: Received a 143 X 166 map @ 0.050 m/pix
[amcl-2] [INFO] [1782997016.583056521] [amcl]: createLaserObject
[amcl-2] [WARN] [1782997016.980882058] [amcl]: AMCL cannot publish a pose or update the transform. Please set the initial pose...
[amcl-2] [INFO] [1782997017.539664001] [amcl]: Received a 143 X 166 map @ 0.050 m/pix
[amcl-2] [INFO] [1782997017.579119196] [amcl]: createLaserObject
[amcl-2] [INFO] [1782997018.548226214] [amcl]: Received a 143 X 166 map @ 0.050 m/pix
[amcl-2] [INFO] [1782997018.579031996] [amcl]: createLaserObject
[amcl-2] [WARN] [1782997018.982268823] [amcl]: AMCL cannot publish a pose or update the transform. Please set the initial pose...
[amcl-2] [INFO] [1782997019.535698351] [amcl]: Received a 143 X 166 map @ 0.050 m/pix
[amcl-2] [INFO] [1782997019.576710671] [amcl]: createLaserObject
[amcl-2] [INFO] [1782997020.536694566] [amcl]: Received a 143 X 166 map @ 0.050 m/pix
[amcl-2] [INFO] [1782997020.576596511] [amcl]: createLaserObject
[amcl-2] [WARN] [1782997020.982504503] [amcl]: AMCL cannot publish a pose or update the transform. Please set the initial pose...
[amcl-2] [INFO] [1782997021.536866864] [amcl]: Received a 143 X 166 map @ 0.050 m/pix
[amcl-2] [INFO] [1782997021.575785101] [amcl]: createLaserObject
[amcl-2] [INFO] [1782997022.546885451] [amcl]: Received a 143 X 166 map @ 0.050 m/pix
[amcl-2] [INFO] [1782997022.574737400] [amcl]: createLaserObject
[amcl-2] [WARN] [1782997022.986700724] [amcl]: AMCL cannot publish a pose or update the transform. Please set the initial pose...
[amcl-2] [INFO] [1782997023.540883501] [amcl]: Received a 143 X 166 map @ 0.050 m/pix
[amcl-2] [INFO] [1782997023.575126489] [amcl]: createLaserObject
[amcl-2] [INFO] [1782997024.538100716] [amcl]: Received a 143 X 166 map @ 0.050 m/pix
[amcl-2] [INFO] [1782997024.572447663] [amcl]: createLaserObject
[amcl-2] [WARN] [1782997025.072827124] [amcl]: AMCL cannot publish a pose or update the transform. Please set the initial pose...
[amcl-2] [INFO] [1782997025.535820514] [amcl]: Received a 143 X 166 map @ 0.050 m/pix
[amcl-2] [INFO] [1782997025.571496836] [amcl]: createLaserObject
[amcl-2] [INFO] [1782997026.538723644] [amcl]: Received a 143 X 166 map @ 0.050 m/pix
[amcl-2] [INFO] [1782997026.570695842] [amcl]: createLaserObject
[amcl-2] [WARN] [1782997027.170288353] [amcl]: AMCL cannot publish a pose or update the transform. Please set the initial pose...
[amcl-2] [INFO] [1782997027.538523316] [amcl]: Received a 143 X 166 map @ 0.050 m/pix
[amcl-2] [INFO] [1782997027.568997222] [amcl]: createLaserObject
[amcl-2] [INFO] [1782997028.544086027] [amcl]: Received a 143 X 166 map @ 0.050 m/pix
[amcl-2] [INFO] [1782997028.579225349] [amcl]: createLaserObject
[amcl-2] [WARN] [1782997029.267971165] [amcl]: AMCL cannot publish a pose or update the transform. Please set the initial pose...
[amcl-2] [INFO] [1782997029.541186241] [amcl]: Received a 143 X 166 map @ 0.050 m/pix
[amcl-2] [INFO] [1782997029.586330643] [amcl]: createLaserObject
[amcl-2] [INFO] [1782997030.540095288] [amcl]: Received a 143 X 166 map @ 0.050 m/pix
[amcl-2] [INFO] [1782997030.567025613] [amcl]: createLaserObject
[amcl-2] [WARN] [1782997031.268976340] [amcl]: AMCL cannot publish a pose or update the transform. Please set the initial pose...
[amcl-2] [INFO] [1782997031.539290793] [amcl]: Received a 143 X 166 map @ 0.050 m/pix
[amcl-2] [INFO] [1782997031.566180034] [amcl]: createLaserObject
[amcl-2] [INFO] [1782997032.537306922] [amcl]: Received a 143 X 166 map @ 0.050 m/pix
[amcl-2] [INFO] [1782997032.565337871] [amcl]: createLaserObject
[amcl-2] [WARN] [1782997033.365041441] [amcl]: AMCL cannot publish a pose or update the transform. Please set the initial pose...
[amcl-2] [INFO] [1782997033.538639676] [amcl]: Received a 143 X 166 map @ 0.050 m/pix
[amcl-2] [INFO] [1782997033.568448416] [amcl]: createLaserObject
[amcl-2] [INFO] [1782997034.539596554] [amcl]: Received a 143 X 166 map @ 0.050 m/pix
[amcl-2] [INFO] [1782997034.564285046] [amcl]: createLaserObject
[amcl-2] [WARN] [1782997035.464742874] [amcl]: AMCL cannot publish a pose or update the transform. Please set the initial pose...
[amcl-2] [INFO] [1782997035.537760266] [amcl]: Received a 143 X 166 map @ 0.050 m/pix
[amcl-2] [INFO] [1782997035.562940758] [amcl]: createLaserObject
[amcl-2] [INFO] [1782997036.542820059] [amcl]: Received a 143 X 166 map @ 0.050 m/pix
[amcl-2] [INFO] [1782997036.561794178] [amcl]: createLaserObject
[amcl-2] [INFO] [1782997037.535426690] [amcl]: Received a 143 X 166 map @ 0.050 m/pix
[amcl-2] [INFO] [1782997037.561000515] [amcl]: createLaserObject
[amcl-2] [WARN] [1782997037.605620750] [amcl]: AMCL cannot publish a pose or update the transform. Please set the initial pose...
[amcl-2] [INFO] [1782997038.536797942] [amcl]: Received a 143 X 166 map @ 0.050 m/pix
[amcl-2] [INFO] [1782997038.562836808] [amcl]: createLaserObject
[amcl-2] [INFO] [1782997039.538210735] [amcl]: Received a 143 X 166 map @ 0.050 m/pix
[amcl-2] [INFO] [1782997039.559627478] [amcl]: createLaserObject
[amcl-2] [WARN] [1782997039.666077651] [amcl]: AMCL cannot publish a pose or update the transform. Please set the initial pose...
[amcl-2] [INFO] [1782997040.539847487] [amcl]: Received a 143 X 166 map @ 0.050 m/pix
[amcl-2] [INFO] [1782997040.559612897] [amcl]: createLaserObject
[amcl-2] [INFO] [1782997041.538060489] [amcl]: Received a 143 X 166 map @ 0.050 m/pix
[amcl-2] [INFO] [1782997041.557550275] [amcl]: createLaserObject
[amcl-2] [WARN] [1782997041.758178166] [amcl]: AMCL cannot publish a pose or update the transform. Please set the initial pose...
[amcl-2] [INFO] [1782997042.543446656] [amcl]: Received a 143 X 166 map @ 0.050 m/pix
[amcl-2] [INFO] [1782997042.556571027] [amcl]: createLaserObject
[amcl-2] [INFO] [1782997043.538771659] [amcl]: Received a 143 X 166 map @ 0.050 m/pix
[amcl-2] [INFO] [1782997043.570238190] [amcl]: createLaserObject
[amcl-2] [WARN] [1782997043.856452095] [amcl]: AMCL cannot publish a pose or update the transform. Please set the initial pose...
[amcl-2] [INFO] [1782997044.537311702] [amcl]: Received a 143 X 166 map @ 0.050 m/pix
[amcl-2] [INFO] [1782997044.556126446] [amcl]: createLaserObject
[amcl-2] [INFO] [1782997045.536478954] [amcl]: Received a 143 X 166 map @ 0.050 m/pix
[amcl-2] [INFO] [1782997045.554022031] [amcl]: createLaserObject
[amcl-2] [WARN] [1782997045.962766895] [amcl]: AMCL cannot publish a pose or update the transform. Please set the initial pose...
[amcl-2] [INFO] [1782997046.538043120] [amcl]: Received a 143 X 166 map @ 0.050 m/pix
[amcl-2] [INFO] [1782997046.553349824] [amcl]: createLaserObject
[amcl-2] [INFO] [1782997047.536875955] [amcl]: Received a 143 X 166 map @ 0.050 m/pix
[amcl-2] [INFO] [1782997047.552121700] [amcl]: createLaserObject
[amcl-2] [WARN] [1782997048.052795491] [amcl]: AMCL cannot publish a pose or update the transform. Please set the initial pose...
[amcl-2] [INFO] [1782997048.573421859] [amcl]: Received a 143 X 166 map @ 0.050 m/pix
[amcl-2] [INFO] [1782997048.592663395] [amcl]: createLaserObject
[amcl-2] [INFO] [1782997049.538168455] [amcl]: Received a 143 X 166 map @ 0.050 m/pix
[amcl-2] [INFO] [1782997049.553093158] [amcl]: createLaserObject
[amcl-2] [WARN] [1782997050.149726667] [amcl]: AMCL cannot publish a pose or update the transform. Please set the initial pose...
[amcl-2] [INFO] [1782997050.539297746] [amcl]: Received a 143 X 166 map @ 0.050 m/pix
[amcl-2] [INFO] [1782997050.548740451] [amcl]: createLaserObject
[amcl-2] [INFO] [1782997051.538548204] [amcl]: Received a 143 X 166 map @ 0.050 m/pix
[amcl-2] [INFO] [1782997051.548350534] [amcl]: createLaserObject
[amcl-2] [WARN] [1782997052.258018130] [amcl]: AMCL cannot publish a pose or update the transform. Please set the initial pose...
[amcl-2] [INFO] [1782997052.540712786] [amcl]: Received a 143 X 166 map @ 0.050 m/pix
[amcl-2] [INFO] [1782997052.550647533] [amcl]: createLaserObject
[amcl-2] [INFO] [1782997053.538095911] [amcl]: Received a 143 X 166 map @ 0.050 m/pix
[amcl-2] [INFO] [1782997053.546392991] [amcl]: createLaserObject
[amcl-2] [WARN] [1782997054.350916972] [amcl]: AMCL cannot publish a pose or update the transform. Please set the initial pose...
[amcl-2] [INFO] [1782997054.536478035] [amcl]: Received a 143 X 166 map @ 0.050 m/pix
[amcl-2] [INFO] [1782997054.545622991] [amcl]: createLaserObject
[amcl-2] [INFO] [1782997055.535126493] [amcl]: Received a 143 X 166 map @ 0.050 m/pix
[amcl-2] [INFO] [1782997055.544340156] [amcl]: createLaserObject
[amcl-2] [WARN] [1782997056.444704022] [amcl]: AMCL cannot publish a pose or update the transform. Please set the initial pose...
[amcl-2] [INFO] [1782997056.534795116] [amcl]: Received a 143 X 166 map @ 0.050 m/pix
[amcl-2] [INFO] [1782997056.542942905] [amcl]: createLaserObject
[amcl-2] [INFO] [1782997057.534691948] [amcl]: Received a 143 X 166 map @ 0.050 m/pix
[amcl-2] [INFO] [1782997057.543678278] [amcl]: createLaserObject
[amcl-2] [WARN] [1782997058.447540350] [amcl]: AMCL cannot publish a pose or update the transform. Please set the initial pose...
[amcl-2] [INFO] [1782997058.541055944] [amcl]: Received a 143 X 166 map @ 0.050 m/pix
[amcl-2] [INFO] [1782997058.549718774] [amcl]: createLaserObject
[amcl-2] [INFO] [1782997059.546962565] [amcl]: Received a 143 X 166 map @ 0.050 m/pix
[amcl-2] [INFO] [1782997059.551265938] [amcl]: createLaserObject
[amcl-2] [INFO] [1782997060.542835480] [amcl]: Received a 143 X 166 map @ 0.050 m/pix
[amcl-2] [INFO] [1782997060.549864436] [amcl]: createLaserObject
[amcl-2] [WARN] [1782997060.594847504] [amcl]: AMCL cannot publish a pose or update the transform. Please set the initial pose...
[amcl-2] [INFO] [1782997061.540052729] [amcl]: Received a 143 X 166 map @ 0.050 m/pix
[amcl-2] [INFO] [1782997061.545337268] [amcl]: createLaserObject
[amcl-2] [INFO] [1782997062.559629386] [amcl]: Received a 143 X 166 map @ 0.050 m/pix
[amcl-2] [INFO] [1782997062.567787008] [amcl]: createLaserObject
[amcl-2] [WARN] [1782997062.602139246] [amcl]: AMCL cannot publish a pose or update the transform. Please set the initial pose...
[amcl-2] [INFO] [1782997063.543011055] [amcl]: Received a 143 X 166 map @ 0.050 m/pix
[amcl-2] [INFO] [1782997063.637714606] [amcl]: createLaserObject
[amcl-2] [INFO] [1782997064.544788884] [amcl]: Received a 143 X 166 map @ 0.050 m/pix
[amcl-2] [INFO] [1782997064.547468092] [amcl]: createLaserObject
[amcl-2] [WARN] [1782997064.638303978] [amcl]: AMCL cannot publish a pose or update the transform. Please set the initial pose...
[amcl-2] [INFO] [1782997065.538658133] [amcl]: Received a 143 X 166 map @ 0.050 m/pix
[amcl-2] [INFO] [1782997065.637581141] [amcl]: createLaserObject
[amcl-2] [INFO] [1782997066.539159462] [amcl]: Received a 143 X 166 map @ 0.050 m/pix
[amcl-2] [INFO] [1782997066.639367804] [amcl]: createLaserObject
[amcl-2] [WARN] [1782997066.676250916] [amcl]: AMCL cannot publish a pose or update the transform. Please set the initial pose...
[amcl-2] [INFO] [1782997067.545477206] [amcl]: Received a 143 X 166 map @ 0.050 m/pix
[amcl-2] [INFO] [1782997067.641869174] [amcl]: createLaserObject
[amcl-2] [INFO] [1782997068.536897205] [amcl]: Received a 143 X 166 map @ 0.050 m/pix
[amcl-2] [INFO] [1782997068.543883619] [amcl]: createLaserObject
[amcl-2] [WARN] [1782997068.738924720] [amcl]: AMCL cannot publish a pose or update the transform. Please set the initial pose...
[amcl-2] [INFO] [1782997069.539104533] [amcl]: Received a 143 X 166 map @ 0.050 m/pix
[amcl-2] [INFO] [1782997069.543335532] [amcl]: createLaserObject
[amcl-2] [INFO] [1782997070.538234946] [amcl]: Received a 143 X 166 map @ 0.050 m/pix
[amcl-2] [INFO] [1782997070.545658110] [amcl]: createLaserObject
[amcl-2] [WARN] [1782997070.834657429] [amcl]: AMCL cannot publish a pose or update the transform. Please set the initial pose...
[amcl-2] [INFO] [1782997071.543478064] [amcl]: Received a 143 X 166 map @ 0.050 m/pix
[amcl-2] [INFO] [1782997071.641846489] [amcl]: createLaserObject
[amcl-2] [INFO] [1782997072.544352225] [amcl]: Received a 143 X 166 map @ 0.050 m/pix
[amcl-2] [INFO] [1782997072.629273738] [amcl]: createLaserObject
[amcl-2] [WARN] [1782997072.930338178] [amcl]: AMCL cannot publish a pose or update the transform. Please set the initial pose...
[amcl-2] [INFO] [1782997073.540231597] [amcl]: Received a 143 X 166 map @ 0.050 m/pix
[amcl-2] [INFO] [1782997073.628446567] [amcl]: createLaserObject
[amcl-2] [INFO] [1782997074.536918801] [amcl]: Received a 143 X 166 map @ 0.050 m/pix
[amcl-2] [INFO] [1782997074.629149894] [amcl]: createLaserObject
[amcl-2] [WARN] [1782997075.027168343] [amcl]: AMCL cannot publish a pose or update the transform. Please set the initial pose...
[amcl-2] [INFO] [1782997075.537938836] [amcl]: Received a 143 X 166 map @ 0.050 m/pix
[amcl-2] [INFO] [1782997075.628297431] [amcl]: createLaserObject
[amcl-2] [INFO] [1782997076.541130913] [amcl]: Received a 143 X 166 map @ 0.050 m/pix
[amcl-2] [INFO] [1782997076.633746881] [amcl]: createLaserObject
[amcl-2] [WARN] [1782997077.029587080] [amcl]: AMCL cannot publish a pose or update the transform. Please set the initial pose...
[amcl-2] [INFO] [1782997077.537655616] [amcl]: Received a 143 X 166 map @ 0.050 m/pix
[amcl-2] [INFO] [1782997077.634544500] [amcl]: createLaserObject
[amcl-2] [INFO] [1782997078.541149609] [amcl]: Received a 143 X 166 map @ 0.050 m/pix
[amcl-2] [INFO] [1782997078.628899496] [amcl]: createLaserObject
[amcl-2] [WARN] [1782997079.140933030] [amcl]: AMCL cannot publish a pose or update the transform. Please set the initial pose...
[amcl-2] [INFO] [1782997079.552568099] [amcl]: Received a 143 X 166 map @ 0.050 m/pix
[amcl-2] [INFO] [1782997079.633556446] [amcl]: createLaserObject
[amcl-2] [INFO] [1782997080.541879679] [amcl]: Received a 143 X 166 map @ 0.050 m/pix
[amcl-2] [INFO] [1782997080.641909270] [amcl]: createLaserObject
[amcl-2] [WARN] [1782997081.224239155] [amcl]: AMCL cannot publish a pose or update the transform. Please set the initial pose...
[amcl-2] [INFO] [1782997081.538881756] [amcl]: Received a 143 X 166 map @ 0.050 m/pix
[amcl-2] [INFO] [1782997081.621511395] [amcl]: createLaserObject
[amcl-2] [INFO] [1782997082.547848496] [amcl]: Received a 143 X 166 map @ 0.050 m/pix
[amcl-2] [INFO] [1782997082.623007887] [amcl]: createLaserObject
[amcl-2] [WARN] [1782997083.225324099] [amcl]: AMCL cannot publish a pose or update the transform. Please set the initial pose...
[amcl-2] [INFO] [1782997083.541786699] [amcl]: Received a 143 X 166 map @ 0.050 m/pix
[amcl-2] [INFO] [1782997083.627144587] [amcl]: createLaserObject
[amcl-2] [INFO] [1782997084.539748776] [amcl]: Received a 143 X 166 map @ 0.050 m/pix
[amcl-2] [INFO] [1782997084.622085748] [amcl]: createLaserObject
[amcl-2] [WARN] [1782997085.231587832] [amcl]: AMCL cannot publish a pose or update the transform. Please set the initial pose...
[amcl-2] [INFO] [1782997085.538335019] [amcl]: Received a 143 X 166 map @ 0.050 m/pix
[amcl-2] [INFO] [1782997085.629662946] [amcl]: createLaserObject
[amcl-2] [INFO] [1782997086.555948755] [amcl]: Received a 143 X 166 map @ 0.050 m/pix
[amcl-2] [INFO] [1782997086.626971106] [amcl]: createLaserObject
[amcl-2] [WARN] [1782997087.321989202] [amcl]: AMCL cannot publish a pose or update the transform. Please set the initial pose...
[amcl-2] [INFO] [1782997087.539777961] [amcl]: Received a 143 X 166 map @ 0.050 m/pix
[amcl-2] [INFO] [1782997087.618314892] [amcl]: createLaserObject
[amcl-2] [INFO] [1782997088.535148704] [amcl]: Received a 143 X 166 map @ 0.050 m/pix
[amcl-2] [INFO] [1782997088.620932758] [amcl]: createLaserObject
[amcl-2] [WARN] [1782997089.416192153] [amcl]: AMCL cannot publish a pose or update the transform. Please set the initial pose...
[amcl-2] [INFO] [1782997089.538495528] [amcl]: Received a 143 X 166 map @ 0.050 m/pix
[amcl-2] [INFO] [1782997089.619032417] [amcl]: createLaserObject
[amcl-2] [INFO] [1782997090.538212603] [amcl]: Received a 143 X 166 map @ 0.050 m/pix
[amcl-2] [INFO] [1782997090.627043739] [amcl]: createLaserObject
[amcl-2] [WARN] [1782997091.513817935] [amcl]: AMCL cannot publish a pose or update the transform. Please set the initial pose...
[amcl-2] [INFO] [1782997091.535095387] [amcl]: Received a 143 X 166 map @ 0.050 m/pix
[amcl-2] [INFO] [1782997091.612925818] [amcl]: createLaserObject
[amcl-2] [INFO] [1782997092.540919584] [amcl]: Received a 143 X 166 map @ 0.050 m/pix
[amcl-2] [INFO] [1782997092.611773768] [amcl]: createLaserObject
[amcl-2] [INFO] [1782997093.535074743] [amcl]: Received a 143 X 166 map @ 0.050 m/pix
[amcl-2] [INFO] [1782997093.610801634] [amcl]: createLaserObject
[amcl-2] [WARN] [1782997093.644816414] [amcl]: AMCL cannot publish a pose or update the transform. Please set the initial pose...
[amcl-2] [INFO] [1782997094.541671857] [amcl]: Received a 143 X 166 map @ 0.050 m/pix
[amcl-2] [INFO] [1782997094.611297041] [amcl]: createLaserObject
[amcl-2] [INFO] [1782997095.538219057] [amcl]: Received a 143 X 166 map @ 0.050 m/pix
[amcl-2] [INFO] [1782997095.616582488] [amcl]: createLaserObject
[amcl-2] [WARN] [1782997095.668124679] [amcl]: AMCL cannot publish a pose or update the transform. Please set the initial pose...
[amcl-2] [INFO] [1782997096.535736714] [amcl]: Received a 143 X 166 map @ 0.050 m/pix
[amcl-2] [INFO] [1782997096.613180271] [amcl]: createLaserObject
[amcl-2] [INFO] [1782997097.538276662] [amcl]: Received a 143 X 166 map @ 0.050 m/pix
[amcl-2] [INFO] [1782997097.607752638] [amcl]: createLaserObject
[amcl-2] [WARN] [1782997097.709858686] [amcl]: AMCL cannot publish a pose or update the transform. Please set the initial pose...
[amcl-2] [INFO] [1782997098.541634609] [amcl]: Received a 143 X 166 map @ 0.050 m/pix
[amcl-2] [INFO] [1782997098.606820711] [amcl]: createLaserObject
[amcl-2] [INFO] [1782997099.540449307] [amcl]: Received a 143 X 166 map @ 0.050 m/pix
[amcl-2] [INFO] [1782997099.608453617] [amcl]: createLaserObject
[amcl-2] [WARN] [1782997099.806127841] [amcl]: AMCL cannot publish a pose or update the transform. Please set the initial pose...
[amcl-2] [INFO] [1782997100.540863713] [amcl]: Received a 143 X 166 map @ 0.050 m/pix
[amcl-2] [INFO] [1782997100.606518857] [amcl]: createLaserObject
[amcl-2] [INFO] [1782997101.536888287] [amcl]: Received a 143 X 166 map @ 0.050 m/pix
[amcl-2] [INFO] [1782997101.604859055] [amcl]: createLaserObject
[amcl-2] [WARN] [1782997101.904429077] [amcl]: AMCL cannot publish a pose or update the transform. Please set the initial pose...
[amcl-2] [INFO] [1782997102.535756610] [amcl]: Received a 143 X 166 map @ 0.050 m/pix
[amcl-2] [INFO] [1782997102.610947792] [amcl]: createLaserObject
[amcl-2] [INFO] [1782997103.534958057] [amcl]: Received a 143 X 166 map @ 0.050 m/pix
[amcl-2] [INFO] [1782997103.604149325] [amcl]: createLaserObject
[amcl-2] [WARN] [1782997104.002478480] [amcl]: AMCL cannot publish a pose or update the transform. Please set the initial pose...
[amcl-2] [INFO] [1782997104.536267504] [amcl]: Received a 143 X 166 map @ 0.050 m/pix
[amcl-2] [INFO] [1782997104.608738479] [amcl]: createLaserObject
[amcl-2] [INFO] [1782997105.536939617] [amcl]: Received a 143 X 166 map @ 0.050 m/pix
[amcl-2] [INFO] [1782997105.602656636] [amcl]: createLaserObject
[amcl-2] [WARN] [1782997106.113527085] [amcl]: AMCL cannot publish a pose or update the transform. Please set the initial pose...
[amcl-2] [INFO] [1782997106.538361230] [amcl]: Received a 143 X 166 map @ 0.050 m/pix
[amcl-2] [INFO] [1782997106.603180374] [amcl]: createLaserObject
[amcl-2] [INFO] [1782997107.535445678] [amcl]: Received a 143 X 166 map @ 0.050 m/pix
[amcl-2] [INFO] [1782997107.601647071] [amcl]: createLaserObject
[amcl-2] [WARN] [1782997108.199991031] [amcl]: AMCL cannot publish a pose or update the transform. Please set the initial pose...
[amcl-2] [INFO] [1782997108.536087707] [amcl]: Received a 143 X 166 map @ 0.050 m/pix
[amcl-2] [INFO] [1782997108.598827394] [amcl]: createLaserObject
[amcl-2] [INFO] [1782997109.535779403] [amcl]: Received a 143 X 166 map @ 0.050 m/pix
[amcl-2] [INFO] [1782997109.602682088] [amcl]: createLaserObject
[amcl-2] [WARN] [1782997110.298059765] [amcl]: AMCL cannot publish a pose or update the transform. Please set the initial pose...
[amcl-2] [INFO] [1782997110.535320224] [amcl]: Received a 143 X 166 map @ 0.050 m/pix
[amcl-2] [INFO] [1782997110.601858118] [amcl]: createLaserObject
[amcl-2] [INFO] [1782997111.542237626] [amcl]: Received a 143 X 166 map @ 0.050 m/pix
[amcl-2] [INFO] [1782997111.596339441] [amcl]: createLaserObject
[amcl-2] [WARN] [1782997112.395011831] [amcl]: AMCL cannot publish a pose or update the transform. Please set the initial pose...
[amcl-2] [INFO] [1782997112.537280073] [amcl]: Received a 143 X 166 map @ 0.050 m/pix
[amcl-2] [INFO] [1782997112.595211553] [amcl]: createLaserObject
[amcl-2] [INFO] [1782997113.539678393] [amcl]: Received a 143 X 166 map @ 0.050 m/pix
[amcl-2] [INFO] [1782997113.597834123] [amcl]: createLaserObject
[amcl-2] [WARN] [1782997114.493616979] [amcl]: AMCL cannot publish a pose or update the transform. Please set the initial pose...
[amcl-2] [INFO] [1782997114.543712337] [amcl]: Received a 143 X 166 map @ 0.050 m/pix
[amcl-2] [INFO] [1782997114.593546278] [amcl]: createLaserObject
[amcl-2] [INFO] [1782997115.539990450] [amcl]: Received a 143 X 166 map @ 0.050 m/pix
[amcl-2] [INFO] [1782997115.594170848] [amcl]: createLaserObject
[amcl-2] [INFO] [1782997116.541712311] [amcl]: Received a 143 X 166 map @ 0.050 m/pix
[amcl-2] [INFO] [1782997116.594798876] [amcl]: createLaserObject
[amcl-2] [WARN] [1782997116.665922893] [amcl]: AMCL cannot publish a pose or update the transform. Please set the initial pose...
[amcl-2] [INFO] [1782997117.537564965] [amcl]: Received a 143 X 166 map @ 0.050 m/pix
[amcl-2] [INFO] [1782997117.593265112] [amcl]: createLaserObject
[amcl-2] [INFO] [1782997118.550100489] [amcl]: Received a 143 X 166 map @ 0.050 m/pix
[amcl-2] [INFO] [1782997118.591104141] [amcl]: createLaserObject
[amcl-2] [WARN] [1782997118.690937231] [amcl]: AMCL cannot publish a pose or update the transform. Please set the initial pose...
[amcl-2] [INFO] [1782997119.536757563] [amcl]: Received a 143 X 166 map @ 0.050 m/pix
[amcl-2] [INFO] [1782997119.588875670] [amcl]: createLaserObject
[amcl-2] [INFO] [1782997120.541369714] [amcl]: Received a 143 X 166 map @ 0.050 m/pix
[amcl-2] [INFO] [1782997120.587647781] [amcl]: createLaserObject
[amcl-2] [WARN] [1782997120.788585836] [amcl]: AMCL cannot publish a pose or update the transform. Please set the initial pose...
[amcl-2] [INFO] [1782997121.539196325] [amcl]: Received a 143 X 166 map @ 0.050 m/pix
[amcl-2] [INFO] [1782997121.588411183] [amcl]: createLaserObject
[amcl-2] [INFO] [1782997122.553495639] [amcl]: Received a 143 X 166 map @ 0.050 m/pix
[amcl-2] [INFO] [1782997122.587835044] [amcl]: createLaserObject
[amcl-2] [WARN] [1782997122.791285806] [amcl]: AMCL cannot publish a pose or update the transform. Please set the initial pose...
[amcl-2] [INFO] [1782997123.541737295] [amcl]: Received a 143 X 166 map @ 0.050 m/pix
[amcl-2] [INFO] [1782997123.591917402] [amcl]: createLaserObject
[amcl-2] [INFO] [1782997124.541887197] [amcl]: Received a 143 X 166 map @ 0.050 m/pix
[amcl-2] [INFO] [1782997124.586406514] [amcl]: createLaserObject
[amcl-2] [WARN] [1782997124.889794117] [amcl]: AMCL cannot publish a pose or update the transform. Please set the initial pose...
[amcl-2] [INFO] [1782997125.546588930] [amcl]: Received a 143 X 166 map @ 0.050 m/pix
[amcl-2] [INFO] [1782997125.583767334] [amcl]: createLaserObject
[amcl-2] [INFO] [1782997126.537825001] [amcl]: Received a 143 X 166 map @ 0.050 m/pix
[amcl-2] [INFO] [1782997126.592402774] [amcl]: createLaserObject
[amcl-2] [WARN] [1782997126.983157221] [amcl]: AMCL cannot publish a pose or update the transform. Please set the initial pose...
[amcl-2] [INFO] [1782997127.542130318] [amcl]: Received a 143 X 166 map @ 0.050 m/pix
[amcl-2] [INFO] [1782997127.584503636] [amcl]: createLaserObject
[amcl-2] [INFO] [1782997128.536726179] [amcl]: Received a 143 X 166 map @ 0.050 m/pix
[amcl-2] [INFO] [1782997128.587939328] [amcl]: createLaserObject
[amcl-2] [WARN] [1782997129.085487154] [amcl]: AMCL cannot publish a pose or update the transform. Please set the initial pose...
[amcl-2] [INFO] [1782997129.537359788] [amcl]: Received a 143 X 166 map @ 0.050 m/pix
[amcl-2] [INFO] [1782997129.584028605] [amcl]: createLaserObject
[amcl-2] [INFO] [1782997130.535794689] [amcl]: Received a 143 X 166 map @ 0.050 m/pix
[amcl-2] [INFO] [1782997130.581979590] [amcl]: createLaserObject
[amcl-2] [WARN] [1782997131.179028756] [amcl]: AMCL cannot publish a pose or update the transform. Please set the initial pose...
[amcl-2] [INFO] [1782997131.542790004] [amcl]: Received a 143 X 166 map @ 0.050 m/pix
[amcl-2] [INFO] [1782997131.580038033] [amcl]: createLaserObject
[amcl-2] [INFO] [1782997132.537768282] [amcl]: Received a 143 X 166 map @ 0.050 m/pix
[amcl-2] [INFO] [1782997132.586548514] [amcl]: createLaserObject
[amcl-2] [WARN] [1782997133.278529356] [amcl]: AMCL cannot publish a pose or update the transform. Please set the initial pose...
[amcl-2] [INFO] [1782997133.541662889] [amcl]: Received a 143 X 166 map @ 0.050 m/pix
[amcl-2] [INFO] [1782997133.580514334] [amcl]: createLaserObject
[amcl-2] [INFO] [1782997134.539536748] [amcl]: Received a 143 X 166 map @ 0.050 m/pix
[amcl-2] [INFO] [1782997134.579789359] [amcl]: createLaserObject
[amcl-2] [WARN] [1782997135.280119405] [amcl]: AMCL cannot publish a pose or update the transform. Please set the initial pose...
[amcl-2] [INFO] [1782997135.541445772] [amcl]: Received a 143 X 166 map @ 0.050 m/pix
[amcl-2] [INFO] [1782997135.575483469] [amcl]: createLaserObject
[amcl-2] [INFO] [1782997136.536648174] [amcl]: Received a 143 X 166 map @ 0.050 m/pix
[amcl-2] [INFO] [1782997136.574917244] [amcl]: createLaserObject
[amcl-2] [WARN] [1782997137.373468672] [amcl]: AMCL cannot publish a pose or update the transform. Please set the initial pose...
[amcl-2] [INFO] [1782997137.542036822] [amcl]: Received a 143 X 166 map @ 0.050 m/pix
[amcl-2] [INFO] [1782997137.573475727] [amcl]: createLaserObject
[amcl-2] [INFO] [1782997138.543631762] [amcl]: Received a 143 X 166 map @ 0.050 m/pix
[amcl-2] [INFO] [1782997138.572410669] [amcl]: createLaserObject
[amcl-2] [WARN] [1782997139.476244060] [amcl]: AMCL cannot publish a pose or update the transform. Please set the initial pose...
[amcl-2] [INFO] [1782997139.536207622] [amcl]: Received a 143 X 166 map @ 0.050 m/pix
[amcl-2] [INFO] [1782997139.570826277] [amcl]: createLaserObject
[amcl-2] [INFO] [1782997140.537045563] [amcl]: Received a 143 X 166 map @ 0.050 m/pix
[amcl-2] [INFO] [1782997140.571731134] [amcl]: createLaserObject
[amcl-2] [INFO] [1782997141.540186919] [amcl]: Received a 143 X 166 map @ 0.050 m/pix
[amcl-2] [INFO] [1782997141.569186409] [amcl]: createLaserObject
[amcl-2] [WARN] [1782997141.594565150] [amcl]: AMCL cannot publish a pose or update the transform. Please set the initial pose...
[amcl-2] [INFO] [1782997142.538535444] [amcl]: Received a 143 X 166 map @ 0.050 m/pix
[amcl-2] [INFO] [1782997142.567452392] [amcl]: createLaserObject
[amcl-2] [INFO] [1782997143.537675884] [amcl]: Received a 143 X 166 map @ 0.050 m/pix
[amcl-2] [INFO] [1782997143.567549916] [amcl]: createLaserObject
[amcl-2] [WARN] [1782997143.666849256] [amcl]: AMCL cannot publish a pose or update the transform. Please set the initial pose...
[amcl-2] [INFO] [1782997144.536893908] [amcl]: Received a 143 X 166 map @ 0.050 m/pix
[amcl-2] [INFO] [1782997144.566561981] [amcl]: createLaserObject
[amcl-2] [INFO] [1782997145.536867807] [amcl]: Received a 143 X 166 map @ 0.050 m/pix
[amcl-2] [INFO] [1782997145.574723377] [amcl]: createLaserObject
[amcl-2] [WARN] [1782997145.767302392] [amcl]: AMCL cannot publish a pose or update the transform. Please set the initial pose...
[amcl-2] [INFO] [1782997146.538158121] [amcl]: Received a 143 X 166 map @ 0.050 m/pix
[amcl-2] [INFO] [1782997146.564935153] [amcl]: createLaserObject
[amcl-2] [INFO] [1782997147.536184645] [amcl]: Received a 143 X 166 map @ 0.050 m/pix
[amcl-2] [INFO] [1782997147.564034427] [amcl]: createLaserObject
[amcl-2] [WARN] [1782997147.862959613] [amcl]: AMCL cannot publish a pose or update the transform. Please set the initial pose...
[amcl-2] [INFO] [1782997148.541455749] [amcl]: Received a 143 X 166 map @ 0.050 m/pix
[amcl-2] [INFO] [1782997148.565811074] [amcl]: createLaserObject
[amcl-2] [INFO] [1782997149.549154436] [amcl]: Received a 143 X 166 map @ 0.050 m/pix
[amcl-2] [INFO] [1782997149.571920594] [amcl]: createLaserObject
[amcl-2] [WARN] [1782997149.866384324] [amcl]: AMCL cannot publish a pose or update the transform. Please set the initial pose...
[amcl-2] [INFO] [1782997150.539169504] [amcl]: Received a 143 X 166 map @ 0.050 m/pix
[amcl-2] [INFO] [1782997150.560379913] [amcl]: createLaserObject
[amcl-2] [INFO] [1782997151.536178444] [amcl]: Received a 143 X 166 map @ 0.050 m/pix
[amcl-2] [INFO] [1782997151.562854101] [amcl]: createLaserObject
[amcl-2] [WARN] [1782997151.960162794] [amcl]: AMCL cannot publish a pose or update the transform. Please set the initial pose...
[amcl-2] [INFO] [1782997152.537667966] [amcl]: Received a 143 X 166 map @ 0.050 m/pix
[amcl-2] [INFO] [1782997152.560534707] [amcl]: createLaserObject
[amcl-2] [INFO] [1782997153.542913402] [amcl]: Received a 143 X 166 map @ 0.050 m/pix
[amcl-2] [INFO] [1782997153.560109146] [amcl]: createLaserObject
[amcl-2] [WARN] [1782997153.960901713] [amcl]: AMCL cannot publish a pose or update the transform. Please set the initial pose...
[amcl-2] [INFO] [1782997154.535106469] [amcl]: Received a 143 X 166 map @ 0.050 m/pix
[amcl-2] [INFO] [1782997154.559640585] [amcl]: createLaserObject
[amcl-2] [INFO] [1782997155.535755657] [amcl]: Received a 143 X 166 map @ 0.050 m/pix
[amcl-2] [INFO] [1782997155.559925399] [amcl]: createLaserObject
[amcl-2] [WARN] [1782997156.062257471] [amcl]: AMCL cannot publish a pose or update the transform. Please set the initial pose...
[amcl-2] [INFO] [1782997156.535551221] [amcl]: Received a 143 X 166 map @ 0.050 m/pix
[amcl-2] [INFO] [1782997156.560548837] [amcl]: createLaserObject
[amcl-2] [INFO] [1782997157.538525866] [amcl]: Received a 143 X 166 map @ 0.050 m/pix
[amcl-2] [INFO] [1782997157.559840400] [amcl]: createLaserObject
[amcl-2] [WARN] [1782997158.065673346] [amcl]: AMCL cannot publish a pose or update the transform. Please set the initial pose...
[amcl-2] [INFO] [1782997158.545361177] [amcl]: Received a 143 X 166 map @ 0.050 m/pix
[amcl-2] [INFO] [1782997158.571211376] [amcl]: createLaserObject
[amcl-2] [INFO] [1782997159.538984992] [amcl]: Received a 143 X 166 map @ 0.050 m/pix
[amcl-2] [INFO] [1782997159.560426901] [amcl]: createLaserObject
[amcl-2] [WARN] [1782997160.161393938] [amcl]: AMCL cannot publish a pose or update the transform. Please set the initial pose...
[amcl-2] [INFO] [1782997160.539518138] [amcl]: Received a 143 X 166 map @ 0.050 m/pix
[amcl-2] [INFO] [1782997160.555046257] [amcl]: createLaserObject
[amcl-2] [INFO] [1782997161.542136033] [amcl]: Received a 143 X 166 map @ 0.050 m/pix
[amcl-2] [INFO] [1782997161.555011403] [amcl]: createLaserObject
[amcl-2] [WARN] [1782997162.252682698] [amcl]: AMCL cannot publish a pose or update the transform. Please set the initial pose...
[amcl-2] [INFO] [1782997162.544755136] [amcl]: Received a 143 X 166 map @ 0.050 m/pix
[amcl-2] [INFO] [1782997162.553836216] [amcl]: createLaserObject
[amcl-2] [INFO] [1782997163.538086701] [amcl]: Received a 143 X 166 map @ 0.050 m/pix
[amcl-2] [INFO] [1782997163.554001403] [amcl]: createLaserObject
[amcl-2] [WARN] [1782997164.351981662] [amcl]: AMCL cannot publish a pose or update the transform. Please set the initial pose...
[amcl-2] [INFO] [1782997164.537467180] [amcl]: Received a 143 X 166 map @ 0.050 m/pix
[amcl-2] [INFO] [1782997164.550057133] [amcl]: createLaserObject
[amcl-2] [INFO] [1782997165.535843492] [amcl]: Received a 143 X 166 map @ 0.050 m/pix
[amcl-2] [INFO] [1782997165.548993279] [amcl]: createLaserObject
[amcl-2] [WARN] [1782997166.363309532] [amcl]: AMCL cannot publish a pose or update the transform. Please set the initial pose...
[amcl-2] [INFO] [1782997166.536718929] [amcl]: Received a 143 X 166 map @ 0.050 m/pix
[amcl-2] [INFO] [1782997166.561880545] [amcl]: createLaserObject
[amcl-2] [INFO] [1782997167.540029573] [amcl]: Received a 143 X 166 map @ 0.050 m/pix
[amcl-2] [INFO] [1782997167.563058981] [amcl]: createLaserObject
[amcl-2] [WARN] [1782997168.447511500] [amcl]: AMCL cannot publish a pose or update the transform. Please set the initial pose...
[amcl-2] [INFO] [1782997168.537828843] [amcl]: Received a 143 X 166 map @ 0.050 m/pix
[amcl-2] [INFO] [1782997168.547525673] [amcl]: createLaserObject
[amcl-2] [INFO] [1782997169.539716029] [amcl]: Received a 143 X 166 map @ 0.050 m/pix
[amcl-2] [INFO] [1782997169.547182485] [amcl]: createLaserObject
[amcl-2] [WARN] [1782997170.548582004] [amcl]: AMCL cannot publish a pose or update the transform. Please set the initial pose...
[amcl-2] [INFO] [1782997170.548892129] [amcl]: Received a 143 X 166 map @ 0.050 m/pix
[amcl-2] [INFO] [1782997170.645817761] [amcl]: createLaserObject
[amcl-2] [INFO] [1782997171.575068139] [amcl]: Received a 143 X 166 map @ 0.050 m/pix
[amcl-2] [INFO] [1782997171.655104069] [amcl]: createLaserObject
[amcl-2] [INFO] [1782997172.535339714] [amcl]: Received a 143 X 166 map @ 0.050 m/pix
[amcl-2] [INFO] [1782997172.544961502] [amcl]: createLaserObject
[amcl-2] [WARN] [1782997172.568688161] [amcl]: AMCL cannot publish a pose or update the transform. Please set the initial pose...
[amcl-2] [INFO] [1782997173.562088015] [amcl]: Received a 143 X 166 map @ 0.050 m/pix
[amcl-2] [INFO] [1782997173.643688986] [amcl]: createLaserObject
[amcl-2] [INFO] [1782997174.535051169] [amcl]: Received a 143 X 166 map @ 0.050 m/pix
[amcl-2] [INFO] [1782997174.543334750] [amcl]: createLaserObject
[amcl-2] [WARN] [1782997174.642526173] [amcl]: AMCL cannot publish a pose or update the transform. Please set the initial pose...
[amcl-2] [INFO] [1782997175.535963438] [amcl]: Received a 143 X 166 map @ 0.050 m/pix
[amcl-2] [INFO] [1782997175.542637644] [amcl]: createLaserObject
[amcl-2] [INFO] [1782997176.539676414] [amcl]: Received a 143 X 166 map @ 0.050 m/pix
[amcl-2] [INFO] [1782997176.541931788] [amcl]: createLaserObject
[amcl-2] [WARN] [1782997176.742024841] [amcl]: AMCL cannot publish a pose or update the transform. Please set the initial pose...
[amcl-2] [INFO] [1782997177.541112890] [amcl]: Received a 143 X 166 map @ 0.050 m/pix
[amcl-2] [INFO] [1782997177.545595805] [amcl]: createLaserObject
[amcl-2] [INFO] [1782997178.536080244] [amcl]: Received a 143 X 166 map @ 0.050 m/pix
[amcl-2] [INFO] [1782997178.555524570] [amcl]: createLaserObject
[amcl-2] [WARN] [1782997178.742872795] [amcl]: AMCL cannot publish a pose or update the transform. Please set the initial pose...
[amcl-2] [INFO] [1782997179.540378844] [amcl]: Received a 143 X 166 map @ 0.050 m/pix
[amcl-2] [INFO] [1782997179.639090225] [amcl]: createLaserObject
[amcl-2] [INFO] [1782997180.536754806] [amcl]: Received a 143 X 166 map @ 0.050 m/pix
[amcl-2] [INFO] [1782997180.544826543] [amcl]: createLaserObject
[amcl-2] [WARN] [1782997180.841754604] [amcl]: AMCL cannot publish a pose or update the transform. Please set the initial pose...
[amcl-2] [INFO] [1782997181.542480429] [amcl]: Received a 143 X 166 map @ 0.050 m/pix
[amcl-2] [INFO] [1782997181.547355838] [amcl]: createLaserObject
[amcl-2] [INFO] [1782997182.545959019] [amcl]: Received a 143 X 166 map @ 0.050 m/pix
[amcl-2] [INFO] [1782997182.637947162] [amcl]: createLaserObject
[amcl-2] [WARN] [1782997182.938647136] [amcl]: AMCL cannot publish a pose or update the transform. Please set the initial pose...
[amcl-2] [INFO] [1782997183.539045046] [amcl]: Received a 143 X 166 map @ 0.050 m/pix
[amcl-2] [INFO] [1782997183.641889339] [amcl]: createLaserObject
[amcl-2] [INFO] [1782997184.542349353] [amcl]: Received a 143 X 166 map @ 0.050 m/pix
[amcl-2] [INFO] [1782997184.639360072] [amcl]: createLaserObject
[amcl-2] [WARN] [1782997185.034438064] [amcl]: AMCL cannot publish a pose or update the transform. Please set the initial pose...
[amcl-2] [INFO] [1782997185.537588718] [amcl]: Received a 143 X 166 map @ 0.050 m/pix
[amcl-2] [INFO] [1782997185.540468839] [amcl]: createLaserObject
[amcl-2] [INFO] [1782997186.542757906] [amcl]: Received a 143 X 166 map @ 0.050 m/pix
[amcl-2] [INFO] [1782997186.636200049] [amcl]: createLaserObject
[amcl-2] [WARN] [1782997187.136582835] [amcl]: AMCL cannot publish a pose or update the transform. Please set the initial pose...
[amcl-2] [INFO] [1782997187.535816409] [amcl]: Received a 143 X 166 map @ 0.050 m/pix
[amcl-2] [INFO] [1782997187.537774364] [amcl]: createLaserObject
[amcl-2] [INFO] [1782997188.539470774] [amcl]: Received a 143 X 166 map @ 0.050 m/pix
[amcl-2] [INFO] [1782997188.642205278] [amcl]: createLaserObject
[amcl-2] [WARN] [1782997189.236221254] [amcl]: AMCL cannot publish a pose or update the transform. Please set the initial pose...
[amcl-2] [INFO] [1782997189.540984606] [amcl]: Received a 143 X 166 map @ 0.050 m/pix
[amcl-2] [INFO] [1782997189.636344205] [amcl]: createLaserObject
[amcl-2] [INFO] [1782997190.542805816] [amcl]: Received a 143 X 166 map @ 0.050 m/pix
[amcl-2] [INFO] [1782997190.634497630] [amcl]: createLaserObject
[amcl-2] [WARN] [1782997191.332138198] [amcl]: AMCL cannot publish a pose or update the transform. Please set the initial pose...
[amcl-2] [INFO] [1782997191.536296544] [amcl]: Received a 143 X 166 map @ 0.050 m/pix
[amcl-2] [INFO] [1782997191.632958850] [amcl]: createLaserObject
[amcl-2] [INFO] [1782997192.536956931] [amcl]: Received a 143 X 166 map @ 0.050 m/pix
[amcl-2] [INFO] [1782997192.627642330] [amcl]: createLaserObject
[amcl-2] [WARN] [1782997193.439600851] [amcl]: AMCL cannot publish a pose or update the transform. Please set the initial pose...
[amcl-2] [INFO] [1782997193.539984694] [amcl]: Received a 143 X 166 map @ 0.050 m/pix
[amcl-2] [INFO] [1782997193.633895255] [amcl]: createLaserObject
[amcl-2] [INFO] [1782997194.538411468] [amcl]: Received a 143 X 166 map @ 0.050 m/pix
[amcl-2] [INFO] [1782997194.626735205] [amcl]: createLaserObject
[amcl-2] [WARN] [1782997195.525889055] [amcl]: AMCL cannot publish a pose or update the transform. Please set the initial pose...
[amcl-2] [INFO] [1782997195.535718831] [amcl]: Received a 143 X 166 map @ 0.050 m/pix
[amcl-2] [INFO] [1782997195.639389295] [amcl]: createLaserObject
[amcl-2] [INFO] [1782997196.540920728] [amcl]: Received a 143 X 166 map @ 0.050 m/pix
[amcl-2] [INFO] [1782997196.626782387] [amcl]: createLaserObject
[amcl-2] [WARN] [1782997197.528307657] [amcl]: AMCL cannot publish a pose or update the transform. Please set the initial pose...
[amcl-2] [INFO] [1782997197.541783803] [amcl]: Received a 143 X 166 map @ 0.050 m/pix
[amcl-2] [INFO] [1782997197.625969798] [amcl]: createLaserObject
[amcl-2] [INFO] [1782997198.541257926] [amcl]: Received a 143 X 166 map @ 0.050 m/pix
[amcl-2] [INFO] [1782997198.626522544] [amcl]: createLaserObject
[amcl-2] [INFO] [1782997199.536364643] [amcl]: Received a 143 X 166 map @ 0.050 m/pix
[amcl-2] [INFO] [1782997199.623936341] [amcl]: createLaserObject
[amcl-2] [WARN] [1782997199.658625954] [amcl]: AMCL cannot publish a pose or update the transform. Please set the initial pose...
[amcl-2] [INFO] [1782997200.538154103] [amcl]: Received a 143 X 166 map @ 0.050 m/pix
[amcl-2] [INFO] [1782997200.626985717] [amcl]: createLaserObject
[amcl-2] [INFO] [1782997201.544975560] [amcl]: Received a 143 X 166 map @ 0.050 m/pix
[amcl-2] [INFO] [1782997201.620037070] [amcl]: createLaserObject
[amcl-2] [WARN] [1782997201.719799876] [amcl]: AMCL cannot publish a pose or update the transform. Please set the initial pose...
[amcl-2] [INFO] [1782997202.544302366] [amcl]: Received a 143 X 166 map @ 0.050 m/pix
[amcl-2] [INFO] [1782997202.625524409] [amcl]: createLaserObject
[amcl-2] [INFO] [1782997203.538448351] [amcl]: Received a 143 X 166 map @ 0.050 m/pix
[amcl-2] [INFO] [1782997203.623242930] [amcl]: createLaserObject
[amcl-2] [WARN] [1782997203.735626467] [amcl]: AMCL cannot publish a pose or update the transform. Please set the initial pose...
[amcl-2] [INFO] [1782997204.548616357] [amcl]: Received a 143 X 166 map @ 0.050 m/pix
[amcl-2] [INFO] [1782997204.619342833] [amcl]: createLaserObject
[amcl-2] [INFO] [1782997205.537788774] [amcl]: Received a 143 X 166 map @ 0.050 m/pix
[amcl-2] [INFO] [1782997205.619348942] [amcl]: createLaserObject
[amcl-2] [WARN] [1782997205.820341971] [amcl]: AMCL cannot publish a pose or update the transform. Please set the initial pose...
[amcl-2] [INFO] [1782997206.540241300] [amcl]: Received a 143 X 166 map @ 0.050 m/pix
[amcl-2] [INFO] [1782997206.617141017] [amcl]: createLaserObject
[amcl-2] [INFO] [1782997207.538470044] [amcl]: Received a 143 X 166 map @ 0.050 m/pix
[amcl-2] [INFO] [1782997207.630000281] [amcl]: createLaserObject
[amcl-2] [WARN] [1782997207.914219186] [amcl]: AMCL cannot publish a pose or update the transform. Please set the initial pose...
[amcl-2] [INFO] [1782997208.535939585] [amcl]: Received a 143 X 166 map @ 0.050 m/pix
[amcl-2] [INFO] [1782997208.613647385] [amcl]: createLaserObject
[amcl-2] [INFO] [1782997209.543431074] [amcl]: Received a 143 X 166 map @ 0.050 m/pix
[amcl-2] [INFO] [1782997209.615113342] [amcl]: createLaserObject
[amcl-2] [WARN] [1782997210.012369163] [amcl]: AMCL cannot publish a pose or update the transform. Please set the initial pose...
[amcl-2] [INFO] [1782997210.540504249] [amcl]: Received a 143 X 166 map @ 0.050 m/pix
[amcl-2] [INFO] [1782997210.611676768] [amcl]: createLaserObject
[amcl-2] [INFO] [1782997211.538433010] [amcl]: Received a 143 X 166 map @ 0.050 m/pix
[amcl-2] [INFO] [1782997211.610030986] [amcl]: createLaserObject
[amcl-2] [WARN] [1782997212.110084908] [amcl]: AMCL cannot publish a pose or update the transform. Please set the initial pose...
[amcl-2] [INFO] [1782997212.571100264] [amcl]: Received a 143 X 166 map @ 0.050 m/pix
[amcl-2] [INFO] [1782997212.618634194] [amcl]: createLaserObject
[amcl-2] [INFO] [1782997213.539936868] [amcl]: Received a 143 X 166 map @ 0.050 m/pix
[amcl-2] [INFO] [1782997213.612772135] [amcl]: createLaserObject
[amcl-2] [WARN] [1782997214.118309178] [amcl]: AMCL cannot publish a pose or update the transform. Please set the initial pose...
[amcl-2] [INFO] [1782997214.543449757] [amcl]: Received a 143 X 166 map @ 0.050 m/pix
[amcl-2] [INFO] [1782997214.630519045] [amcl]: createLaserObject
[amcl-2] [INFO] [1782997215.539487912] [amcl]: Received a 143 X 166 map @ 0.050 m/pix
[amcl-2] [INFO] [1782997215.612828512] [amcl]: createLaserObject
[amcl-2] [WARN] [1782997216.207061886] [amcl]: AMCL cannot publish a pose or update the transform. Please set the initial pose...
[amcl-2] [INFO] [1782997216.537069401] [amcl]: Received a 143 X 166 map @ 0.050 m/pix
[amcl-2] [INFO] [1782997216.607841463] [amcl]: createLaserObject
[amcl-2] [INFO] [1782997217.544619421] [amcl]: Received a 143 X 166 map @ 0.050 m/pix
[amcl-2] [INFO] [1782997217.610442741] [amcl]: createLaserObject
[amcl-2] [WARN] [1782997218.210824403] [amcl]: AMCL cannot publish a pose or update the transform. Please set the initial pose...
[amcl-2] [INFO] [1782997218.535267928] [amcl]: Received a 143 X 166 map @ 0.050 m/pix
[amcl-2] [INFO] [1782997218.618431848] [amcl]: createLaserObject
[amcl-2] [INFO] [1782997219.536413423] [amcl]: Received a 143 X 166 map @ 0.050 m/pix
[amcl-2] [INFO] [1782997219.608279652] [amcl]: createLaserObject
[amcl-2] [WARN] [1782997220.304252637] [amcl]: AMCL cannot publish a pose or update the transform. Please set the initial pose...
[amcl-2] [INFO] [1782997220.537709797] [amcl]: Received a 143 X 166 map @ 0.050 m/pix
[amcl-2] [INFO] [1782997220.603813368] [amcl]: createLaserObject
[amcl-2] [INFO] [1782997221.541005922] [amcl]: Received a 143 X 166 map @ 0.050 m/pix
[amcl-2] [INFO] [1782997221.612746318] [amcl]: createLaserObject
[amcl-2] [WARN] [1782997222.402428715] [amcl]: AMCL cannot publish a pose or update the transform. Please set the initial pose...
[amcl-2] [INFO] [1782997222.541204931] [amcl]: Received a 143 X 166 map @ 0.050 m/pix
[amcl-2] [INFO] [1782997222.602425759] [amcl]: createLaserObject
[amcl-2] [INFO] [1782997223.541913942] [amcl]: Received a 143 X 166 map @ 0.050 m/pix
[amcl-2] [INFO] [1782997223.601102565] [amcl]: createLaserObject
[amcl-2] [WARN] [1782997224.501109183] [amcl]: AMCL cannot publish a pose or update the transform. Please set the initial pose...
[amcl-2] [INFO] [1782997224.538986879] [amcl]: Received a 143 X 166 map @ 0.050 m/pix
[amcl-2] [INFO] [1782997224.600384540] [amcl]: createLaserObject
[amcl-2] [INFO] [1782997225.538532899] [amcl]: Received a 143 X 166 map @ 0.050 m/pix
[amcl-2] [INFO] [1782997225.600383227] [amcl]: createLaserObject
[amcl-2] [INFO] [1782997226.538941839] [amcl]: Received a 143 X 166 map @ 0.050 m/pix
[amcl-2] [INFO] [1782997226.602902039] [amcl]: createLaserObject
[amcl-2] [WARN] [1782997226.658442876] [amcl]: AMCL cannot publish a pose or update the transform. Please set the initial pose...
[amcl-2] [INFO] [1782997227.536033662] [amcl]: Received a 143 X 166 map @ 0.050 m/pix
[amcl-2] [INFO] [1782997227.600283153] [amcl]: createLaserObject
[amcl-2] [INFO] [1782997228.542596934] [amcl]: Received a 143 X 166 map @ 0.050 m/pix
[amcl-2] [INFO] [1782997228.599270269] [amcl]: createLaserObject
[amcl-2] [WARN] [1782997228.697084005] [amcl]: AMCL cannot publish a pose or update the transform. Please set the initial pose...
[amcl-2] [INFO] [1782997229.540713679] [amcl]: Received a 143 X 166 map @ 0.050 m/pix
[amcl-2] [INFO] [1782997229.596823141] [amcl]: createLaserObject
[amcl-2] [INFO] [1782997230.541238425] [amcl]: Received a 143 X 166 map @ 0.050 m/pix
[amcl-2] [INFO] [1782997230.595514640] [amcl]: createLaserObject
[amcl-2] [WARN] [1782997230.794550899] [amcl]: AMCL cannot publish a pose or update the transform. Please set the initial pose...
[amcl-2] [INFO] [1782997231.542838923] [amcl]: Received a 143 X 166 map @ 0.050 m/pix
[amcl-2] [INFO] [1782997231.593793268] [amcl]: createLaserObject
[amcl-2] [INFO] [1782997232.538964391] [amcl]: Received a 143 X 166 map @ 0.050 m/pix
[amcl-2] [INFO] [1782997232.592905773] [amcl]: createLaserObject
[amcl-2] [WARN] [1782997232.892813558] [amcl]: AMCL cannot publish a pose or update the transform. Please set the initial pose...
[amcl-2] [INFO] [1782997233.535331278] [amcl]: Received a 143 X 166 map @ 0.050 m/pix
[amcl-2] [INFO] [1782997233.591803449] [amcl]: createLaserObject
[amcl-2] [INFO] [1782997234.545562150] [amcl]: Received a 143 X 166 map @ 0.050 m/pix
[amcl-2] [INFO] [1782997234.592374585] [amcl]: createLaserObject
[amcl-2] [WARN] [1782997234.991247066] [amcl]: AMCL cannot publish a pose or update the transform. Please set the initial pose...
[amcl-2] [INFO] [1782997235.536650594] [amcl]: Received a 143 X 166 map @ 0.050 m/pix
[amcl-2] [INFO] [1782997235.590640435] [amcl]: createLaserObject
[amcl-2] [INFO] [1782997236.538456152] [amcl]: Received a 143 X 166 map @ 0.050 m/pix
[amcl-2] [INFO] [1782997236.589944496] [amcl]: createLaserObject
[amcl-2] [WARN] [1782997237.090241673] [amcl]: AMCL cannot publish a pose or update the transform. Please set the initial pose...
[amcl-2] [INFO] [1782997237.536119593] [amcl]: Received a 143 X 166 map @ 0.050 m/pix
[amcl-2] [INFO] [1782997237.588833937] [amcl]: createLaserObject
[amcl-2] [INFO] [1782997238.538917615] [amcl]: Received a 143 X 166 map @ 0.050 m/pix
[amcl-2] [INFO] [1782997238.587674256] [amcl]: createLaserObject
[amcl-2] [WARN] [1782997239.093001262] [amcl]: AMCL cannot publish a pose or update the transform. Please set the initial pose...
[amcl-2] [INFO] [1782997239.537901354] [amcl]: Received a 143 X 166 map @ 0.050 m/pix
[amcl-2] [INFO] [1782997239.586188370] [amcl]: createLaserObject
[amcl-2] [INFO] [1782997240.539070760] [amcl]: Received a 143 X 166 map @ 0.050 m/pix
[amcl-2] [INFO] [1782997240.586665277] [amcl]: createLaserObject
[amcl-2] [WARN] [1782997241.184633326] [amcl]: AMCL cannot publish a pose or update the transform. Please set the initial pose...
[amcl-2] [INFO] [1782997241.540569169] [amcl]: Received a 143 X 166 map @ 0.050 m/pix
[amcl-2] [INFO] [1782997241.586253481] [amcl]: createLaserObject
[amcl-2] [INFO] [1782997242.541561873] [amcl]: Received a 143 X 166 map @ 0.050 m/pix
[amcl-2] [INFO] [1782997242.583491232] [amcl]: createLaserObject
[amcl-2] [WARN] [1782997243.291641093] [amcl]: AMCL cannot publish a pose or update the transform. Please set the initial pose...
[amcl-2] [INFO] [1782997243.539021087] [amcl]: Received a 143 X 166 map @ 0.050 m/pix
[amcl-2] [INFO] [1782997243.583827942] [amcl]: createLaserObject
[amcl-2] [INFO] [1782997244.536774261] [amcl]: Received a 143 X 166 map @ 0.050 m/pix
[amcl-2] [INFO] [1782997244.585025112] [amcl]: createLaserObject
[amcl-2] [WARN] [1782997245.383705645] [amcl]: AMCL cannot publish a pose or update the transform. Please set the initial pose...
[amcl-2] [INFO] [1782997245.538342392] [amcl]: Received a 143 X 166 map @ 0.050 m/pix
[amcl-2] [INFO] [1782997245.589155406] [amcl]: createLaserObject
[amcl-2] [INFO] [1782997246.538765653] [amcl]: Received a 143 X 166 map @ 0.050 m/pix
[amcl-2] [INFO] [1782997246.588489336] [amcl]: createLaserObject
[amcl-2] [WARN] [1782997247.480413415] [amcl]: AMCL cannot publish a pose or update the transform. Please set the initial pose...
[amcl-2] [INFO] [1782997247.537274921] [amcl]: Received a 143 X 166 map @ 0.050 m/pix
[amcl-2] [INFO] [1782997247.580462987] [amcl]: createLaserObject
[amcl-2] [INFO] [1782997248.537125231] [amcl]: Received a 143 X 166 map @ 0.050 m/pix
[amcl-2] [INFO] [1782997248.585876832] [amcl]: createLaserObject
[amcl-2] [WARN] [1782997249.481745352] [amcl]: AMCL cannot publish a pose or update the transform. Please set the initial pose...
[amcl-2] [INFO] [1782997249.534683289] [amcl]: Received a 143 X 166 map @ 0.050 m/pix
[amcl-2] [INFO] [1782997249.580607770] [amcl]: createLaserObject
[amcl-2] [INFO] [1782997250.539553831] [amcl]: Received a 143 X 166 map @ 0.050 m/pix
[amcl-2] [INFO] [1782997250.577776773] [amcl]: createLaserObject
[amcl-2] [INFO] [1782997251.539810458] [amcl]: Received a 143 X 166 map @ 0.050 m/pix
[amcl-2] [INFO] [1782997251.578592150] [amcl]: createLaserObject
[amcl-2] [WARN] [1782997251.612201344] [amcl]: AMCL cannot publish a pose or update the transform. Please set the initial pose...
[amcl-2] [INFO] [1782997252.538356877] [amcl]: Received a 143 X 166 map @ 0.050 m/pix
[amcl-2] [INFO] [1782997252.579497652] [amcl]: createLaserObject
[amcl-2] [INFO] [1782997253.538099129] [amcl]: Received a 143 X 166 map @ 0.050 m/pix
[amcl-2] [INFO] [1782997253.578473362] [amcl]: createLaserObject
[amcl-2] [WARN] [1782997253.681252111] [amcl]: AMCL cannot publish a pose or update the transform. Please set the initial pose...
[amcl-2] [INFO] [1782997254.537438630] [amcl]: Received a 143 X 166 map @ 0.050 m/pix
[amcl-2] [INFO] [1782997254.575552115] [amcl]: createLaserObject
[amcl-2] [INFO] [1782997255.542461921] [amcl]: Received a 143 X 166 map @ 0.050 m/pix
[amcl-2] [INFO] [1782997255.573846033] [amcl]: createLaserObject
[amcl-2] [WARN] [1782997255.775793032] [amcl]: AMCL cannot publish a pose or update the transform. Please set the initial pose...
[amcl-2] [INFO] [1782997256.542905588] [amcl]: Received a 143 X 166 map @ 0.050 m/pix
[amcl-2] [INFO] [1782997256.573877825] [amcl]: createLaserObject
[amcl-2] [INFO] [1782997257.538607924] [amcl]: Received a 143 X 166 map @ 0.050 m/pix
[amcl-2] [INFO] [1782997257.572432702] [amcl]: createLaserObject
[amcl-2] [WARN] [1782997257.873610993] [amcl]: AMCL cannot publish a pose or update the transform. Please set the initial pose...
[amcl-2] [INFO] [1782997258.539750007] [amcl]: Received a 143 X 166 map @ 0.050 m/pix
[amcl-2] [INFO] [1782997258.572808410] [amcl]: createLaserObject
[amcl-2] [INFO] [1782997259.535462384] [amcl]: Received a 143 X 166 map @ 0.050 m/pix
[amcl-2] [INFO] [1782997259.570219703] [amcl]: createLaserObject
[amcl-2] [WARN] [1782997259.970263995] [amcl]: AMCL cannot publish a pose or update the transform. Please set the initial pose...
[amcl-2] [INFO] [1782997260.536948175] [amcl]: Received a 143 X 166 map @ 0.050 m/pix
[amcl-2] [INFO] [1782997260.571216452] [amcl]: createLaserObject
[amcl-2] [INFO] [1782997261.544365005] [amcl]: Received a 143 X 166 map @ 0.050 m/pix
[amcl-2] [INFO] [1782997261.568635703] [amcl]: createLaserObject
[amcl-2] [WARN] [1782997261.974317659] [amcl]: AMCL cannot publish a pose or update the transform. Please set the initial pose...
[amcl-2] [INFO] [1782997262.536542674] [amcl]: Received a 143 X 166 map @ 0.050 m/pix
[amcl-2] [INFO] [1782997262.570239743] [amcl]: createLaserObject
[amcl-2] [INFO] [1782997263.541686504] [amcl]: Received a 143 X 166 map @ 0.050 m/pix
[amcl-2] [INFO] [1782997263.568686909] [amcl]: createLaserObject
[amcl-2] [WARN] [1782997264.075720948] [amcl]: AMCL cannot publish a pose or update the transform. Please set the initial pose...
[amcl-2] [INFO] [1782997264.543178294] [amcl]: Received a 143 X 166 map @ 0.050 m/pix
[amcl-2] [INFO] [1782997264.567063701] [amcl]: createLaserObject
[amcl-2] [INFO] [1782997265.546091791] [amcl]: Received a 143 X 166 map @ 0.050 m/pix
[amcl-2] [INFO] [1782997265.573255196] [amcl]: createLaserObject
[amcl-2] [WARN] [1782997266.082649025] [amcl]: AMCL cannot publish a pose or update the transform. Please set the initial pose...
[amcl-2] [INFO] [1782997266.537282626] [amcl]: Received a 143 X 166 map @ 0.050 m/pix
[amcl-2] [INFO] [1782997266.566422198] [amcl]: createLaserObject
[amcl-2] [INFO] [1782997267.542806705] [amcl]: Received a 143 X 166 map @ 0.050 m/pix
[amcl-2] [INFO] [1782997267.566659904] [amcl]: createLaserObject
[amcl-2] [WARN] [1782997268.168169694] [amcl]: AMCL cannot publish a pose or update the transform. Please set the initial pose...
[amcl-2] [INFO] [1782997268.541051121] [amcl]: Received a 143 X 166 map @ 0.050 m/pix
[amcl-2] [INFO] [1782997268.574948023] [amcl]: createLaserObject
[amcl-2] [INFO] [1782997269.537353036] [amcl]: Received a 143 X 166 map @ 0.050 m/pix
[amcl-2] [INFO] [1782997269.567663607] [amcl]: createLaserObject
[amcl-2] [WARN] [1782997270.261120108] [amcl]: AMCL cannot publish a pose or update the transform. Please set the initial pose...
[amcl-2] [INFO] [1782997270.535916992] [amcl]: Received a 143 X 166 map @ 0.050 m/pix
[amcl-2] [INFO] [1782997270.561211190] [amcl]: createLaserObject
[amcl-2] [INFO] [1782997271.534631073] [amcl]: Received a 143 X 166 map @ 0.050 m/pix
[amcl-2] [INFO] [1782997271.561773854] [amcl]: createLaserObject
[amcl-2] [WARN] [1782997272.360248310] [amcl]: AMCL cannot publish a pose or update the transform. Please set the initial pose...
[amcl-2] [INFO] [1782997272.539781318] [amcl]: Received a 143 X 166 map @ 0.050 m/pix
[amcl-2] [INFO] [1782997272.560517643] [amcl]: createLaserObject
[amcl-2] [INFO] [1782997273.536321108] [amcl]: Received a 143 X 166 map @ 0.050 m/pix
[amcl-2] [INFO] [1782997273.561224514] [amcl]: createLaserObject
[amcl-2] [WARN] [1782997274.458335137] [amcl]: AMCL cannot publish a pose or update the transform. Please set the initial pose...
[amcl-2] [INFO] [1782997274.539924311] [amcl]: Received a 143 X 166 map @ 0.050 m/pix
[amcl-2] [INFO] [1782997274.558319844] [amcl]: createLaserObject
[amcl-2] [INFO] [1782997275.540832848] [amcl]: Received a 143 X 166 map @ 0.050 m/pix
[amcl-2] [INFO] [1782997275.557979757] [amcl]: createLaserObject
[amcl-2] [INFO] [1782997276.540055469] [amcl]: Received a 143 X 166 map @ 0.050 m/pix
[amcl-2] [INFO] [1782997276.555948587] [amcl]: createLaserObject
[amcl-2] [WARN] [1782997276.588791740] [amcl]: AMCL cannot publish a pose or update the transform. Please set the initial pose...
[amcl-2] [INFO] [1782997277.536765674] [amcl]: Received a 143 X 166 map @ 0.050 m/pix
[amcl-2] [INFO] [1782997277.555396250] [amcl]: createLaserObject
[amcl-2] [INFO] [1782997278.541536626] [amcl]: Received a 143 X 166 map @ 0.050 m/pix
[amcl-2] [INFO] [1782997278.557231536] [amcl]: createLaserObject
[amcl-2] [WARN] [1782997278.654528328] [amcl]: AMCL cannot publish a pose or update the transform. Please set the initial pose...
[amcl-2] [INFO] [1782997279.535339498] [amcl]: Received a 143 X 166 map @ 0.050 m/pix
[amcl-2] [INFO] [1782997279.553395032] [amcl]: createLaserObject
[amcl-2] [INFO] [1782997280.538997325] [amcl]: Received a 143 X 166 map @ 0.050 m/pix
[amcl-2] [INFO] [1782997280.553092444] [amcl]: createLaserObject
[amcl-2] [WARN] [1782997280.752738901] [amcl]: AMCL cannot publish a pose or update the transform. Please set the initial pose...
[amcl-2] [INFO] [1782997281.536942404] [amcl]: Received a 143 X 166 map @ 0.050 m/pix
[amcl-2] [INFO] [1782997281.552661439] [amcl]: createLaserObject
[amcl-2] [INFO] [1782997282.541756104] [amcl]: Received a 143 X 166 map @ 0.050 m/pix
[amcl-2] [INFO] [1782997282.552371391] [amcl]: createLaserObject
[amcl-2] [WARN] [1782997282.852118556] [amcl]: AMCL cannot publish a pose or update the transform. Please set the initial pose...
[amcl-2] [INFO] [1782997283.541708098] [amcl]: Received a 143 X 166 map @ 0.050 m/pix
[amcl-2] [INFO] [1782997283.557071467] [amcl]: createLaserObject
[amcl-2] [INFO] [1782997284.538421969] [amcl]: Received a 143 X 166 map @ 0.050 m/pix
[amcl-2] [INFO] [1782997284.553975837] [amcl]: createLaserObject
[amcl-2] [WARN] [1782997284.955946875] [amcl]: AMCL cannot publish a pose or update the transform. Please set the initial pose...
[amcl-2] [INFO] [1782997285.539567628] [amcl]: Received a 143 X 166 map @ 0.050 m/pix
[amcl-2] [INFO] [1782997285.548264708] [amcl]: createLaserObject
[amcl-2] [INFO] [1782997286.536953914] [amcl]: Received a 143 X 166 map @ 0.050 m/pix
[amcl-2] [INFO] [1782997286.547499118] [amcl]: createLaserObject
[amcl-2] [WARN] [1782997287.046804032] [amcl]: AMCL cannot publish a pose or update the transform. Please set the initial pose...
[amcl-2] [INFO] [1782997287.537670324] [amcl]: Received a 143 X 166 map @ 0.050 m/pix
[amcl-2] [INFO] [1782997287.546606987] [amcl]: createLaserObject
[amcl-2] [INFO] [1782997288.537804733] [amcl]: Received a 143 X 166 map @ 0.050 m/pix
[amcl-2] [INFO] [1782997288.546297605] [amcl]: createLaserObject
[amcl-2] [WARN] [1782997289.145880726] [amcl]: AMCL cannot publish a pose or update the transform. Please set the initial pose...
[amcl-2] [INFO] [1782997289.539475100] [amcl]: Received a 143 X 166 map @ 0.050 m/pix
[amcl-2] [INFO] [1782997289.545562264] [amcl]: createLaserObject
[amcl-2] [INFO] [1782997290.535006011] [amcl]: Received a 143 X 166 map @ 0.050 m/pix
[amcl-2] [INFO] [1782997290.544672924] [amcl]: createLaserObject
[amcl-2] [WARN] [1782997291.148177126] [amcl]: AMCL cannot publish a pose or update the transform. Please set the initial pose...
[amcl-2] [INFO] [1782997291.534986462] [amcl]: Received a 143 X 166 map @ 0.050 m/pix
[amcl-2] [INFO] [1782997291.545014874] [amcl]: createLaserObject
[amcl-2] [INFO] [1782997292.538777244] [amcl]: Received a 143 X 166 map @ 0.050 m/pix
[amcl-2] [INFO] [1782997292.543297075] [amcl]: createLaserObject
[amcl-2] [WARN] [1782997293.149448609] [amcl]: AMCL cannot publish a pose or update the transform. Please set the initial pose...
[amcl-2] [INFO] [1782997293.535245779] [amcl]: Received a 143 X 166 map @ 0.050 m/pix
[amcl-2] [INFO] [1782997293.542741025] [amcl]: createLaserObject
[amcl-2] [INFO] [1782997294.540154143] [amcl]: Received a 143 X 166 map @ 0.050 m/pix
[amcl-2] [INFO] [1782997294.547910681] [amcl]: createLaserObject
[amcl-2] [WARN] [1782997295.263002877] [amcl]: AMCL cannot publish a pose or update the transform. Please set the initial pose...
[amcl-2] [INFO] [1782997295.548963797] [amcl]: Received a 143 X 166 map @ 0.050 m/pix
[amcl-2] [INFO] [1782997295.650908587] [amcl]: createLaserObject
[amcl-2] [INFO] [1782997296.550860121] [amcl]: Received a 143 X 166 map @ 0.050 m/pix
[amcl-2] [INFO] [1782997296.554755828] [amcl]: createLaserObject
[amcl-2] [WARN] [1782997297.339809743] [amcl]: AMCL cannot publish a pose or update the transform. Please set the initial pose...
[amcl-2] [INFO] [1782997297.539081742] [amcl]: Received a 143 X 166 map @ 0.050 m/pix
[amcl-2] [INFO] [1782997297.545607656] [amcl]: createLaserObject
[amcl-2] [INFO] [1782997298.542928564] [amcl]: Received a 143 X 166 map @ 0.050 m/pix
[amcl-2] [INFO] [1782997298.641588022] [amcl]: createLaserObject
[amcl-2] [WARN] [1782997299.443307680] [amcl]: AMCL cannot publish a pose or update the transform. Please set the initial pose...
[amcl-2] [INFO] [1782997299.540259222] [amcl]: Received a 143 X 166 map @ 0.050 m/pix
[amcl-2] [INFO] [1782997299.636068931] [amcl]: createLaserObject
[amcl-2] [INFO] [1782997300.537498963] [amcl]: Received a 143 X 166 map @ 0.050 m/pix
[amcl-2] [INFO] [1782997300.539480046] [amcl]: createLaserObject
[amcl-2] [WARN] [1782997301.544029617] [amcl]: AMCL cannot publish a pose or update the transform. Please set the initial pose...
[amcl-2] [INFO] [1782997301.546408950] [amcl]: Received a 143 X 166 map @ 0.050 m/pix
[amcl-2] [INFO] [1782997301.636602369] [amcl]: createLaserObject
[amcl-2] [INFO] [1782997302.545644356] [amcl]: Received a 143 X 166 map @ 0.050 m/pix
[amcl-2] [INFO] [1782997302.633571194] [amcl]: createLaserObject
[amcl-2] [INFO] [1782997303.539367182] [amcl]: Received a 143 X 166 map @ 0.050 m/pix
[amcl-2] [INFO] [1782997303.645511303] [amcl]: createLaserObject
[amcl-2] [WARN] [1782997303.748345134] [amcl]: AMCL cannot publish a pose or update the transform. Please set the initial pose...
[amcl-2] [INFO] [1782997304.540929504] [amcl]: Received a 143 X 166 map @ 0.050 m/pix
[amcl-2] [INFO] [1782997304.664236451] [amcl]: createLaserObject
[amcl-2] [INFO] [1782997305.549735656] [amcl]: Received a 143 X 166 map @ 0.050 m/pix
[amcl-2] [INFO] [1782997305.639644117] [amcl]: createLaserObject
[amcl-2] [WARN] [1782997305.771413436] [amcl]: AMCL cannot publish a pose or update the transform. Please set the initial pose...
[amcl-2] [INFO] [1782997306.537905483] [amcl]: Received a 143 X 166 map @ 0.050 m/pix
[amcl-2] [INFO] [1782997306.548437937] [amcl]: createLaserObject
[amcl-2] [INFO] [1782997307.537586805] [amcl]: Received a 143 X 166 map @ 0.050 m/pix
[amcl-2] [INFO] [1782997307.629963682] [amcl]: createLaserObject
[amcl-2] [WARN] [1782997307.829648263] [amcl]: AMCL cannot publish a pose or update the transform. Please set the initial pose...
[amcl-2] [INFO] [1782997308.536898585] [amcl]: Received a 143 X 166 map @ 0.050 m/pix
[amcl-2] [INFO] [1782997308.629245296] [amcl]: createLaserObject
[amcl-2] [INFO] [1782997309.536918073] [amcl]: Received a 143 X 166 map @ 0.050 m/pix
[amcl-2] [INFO] [1782997309.633268115] [amcl]: createLaserObject
[amcl-2] [WARN] [1782997309.835744362] [amcl]: AMCL cannot publish a pose or update the transform. Please set the initial pose...
[amcl-2] [INFO] [1782997310.539042477] [amcl]: Received a 143 X 166 map @ 0.050 m/pix
[amcl-2] [INFO] [1782997310.626133065] [amcl]: createLaserObject
[amcl-2] [INFO] [1782997311.538152007] [amcl]: Received a 143 X 166 map @ 0.050 m/pix
[amcl-2] [INFO] [1782997311.626116386] [amcl]: createLaserObject
[amcl-2] [WARN] [1782997311.926091924] [amcl]: AMCL cannot publish a pose or update the transform. Please set the initial pose...
[amcl-2] [INFO] [1782997312.540191577] [amcl]: Received a 143 X 166 map @ 0.050 m/pix
[amcl-2] [INFO] [1782997312.629465580] [amcl]: createLaserObject
[amcl-2] [INFO] [1782997313.536322566] [amcl]: Received a 143 X 166 map @ 0.050 m/pix
[amcl-2] [INFO] [1782997313.625738527] [amcl]: createLaserObject
[amcl-2] [WARN] [1782997313.929498397] [amcl]: AMCL cannot publish a pose or update the transform. Please set the initial pose...
[amcl-2] [INFO] [1782997314.536101678] [amcl]: Received a 143 X 166 map @ 0.050 m/pix
[amcl-2] [INFO] [1782997314.639004092] [amcl]: createLaserObject
[amcl-2] [INFO] [1782997315.535365790] [amcl]: Received a 143 X 166 map @ 0.050 m/pix
[amcl-2] [INFO] [1782997315.625584918] [amcl]: createLaserObject
[amcl-2] [WARN] [1782997316.024863288] [amcl]: AMCL cannot publish a pose or update the transform. Please set the initial pose...
[amcl-2] [INFO] [1782997316.538843567] [amcl]: Received a 143 X 166 map @ 0.050 m/pix
[amcl-2] [INFO] [1782997316.625980154] [amcl]: createLaserObject
[amcl-2] [INFO] [1782997317.536516471] [amcl]: Received a 143 X 166 map @ 0.050 m/pix
[amcl-2] [INFO] [1782997317.622070809] [amcl]: createLaserObject
[amcl-2] [WARN] [1782997318.121525803] [amcl]: AMCL cannot publish a pose or update the transform. Please set the initial pose...
[amcl-2] [INFO] [1782997318.535265875] [amcl]: Received a 143 X 166 map @ 0.050 m/pix
[amcl-2] [INFO] [1782997318.620900671] [amcl]: createLaserObject
[amcl-2] [INFO] [1782997319.539966567] [amcl]: Received a 143 X 166 map @ 0.050 m/pix
[amcl-2] [INFO] [1782997319.618593408] [amcl]: createLaserObject
[amcl-2] [WARN] [1782997320.219651607] [amcl]: AMCL cannot publish a pose or update the transform. Please set the initial pose...
[amcl-2] [INFO] [1782997320.551912923] [amcl]: Received a 143 X 166 map @ 0.050 m/pix
[amcl-2] [INFO] [1782997320.621499934] [amcl]: createLaserObject
[amcl-2] [INFO] [1782997321.540178205] [amcl]: Received a 143 X 166 map @ 0.050 m/pix
[amcl-2] [INFO] [1782997321.616447089] [amcl]: createLaserObject
[amcl-2] [WARN] [1782997322.319984785] [amcl]: AMCL cannot publish a pose or update the transform. Please set the initial pose...
[amcl-2] [INFO] [1782997322.540018774] [amcl]: Received a 143 X 166 map @ 0.050 m/pix
[amcl-2] [INFO] [1782997322.625031112] [amcl]: createLaserObject
[amcl-2] [INFO] [1782997323.538705010] [amcl]: Received a 143 X 166 map @ 0.050 m/pix
[amcl-2] [INFO] [1782997323.620935724] [amcl]: createLaserObject
[amcl-2] [WARN] [1782997324.324547379] [amcl]: AMCL cannot publish a pose or update the transform. Please set the initial pose...
[amcl-2] [INFO] [1782997324.535988579] [amcl]: Received a 143 X 166 map @ 0.050 m/pix
[amcl-2] [INFO] [1782997324.627149748] [amcl]: createLaserObject
[amcl-2] [INFO] [1782997325.540639354] [amcl]: Received a 143 X 166 map @ 0.050 m/pix
[amcl-2] [INFO] [1782997325.614626363] [amcl]: createLaserObject
[amcl-2] [WARN] [1782997326.413289685] [amcl]: AMCL cannot publish a pose or update the transform. Please set the initial pose...
[amcl-2] [INFO] [1782997326.538514381] [amcl]: Received a 143 X 166 map @ 0.050 m/pix
[amcl-2] [INFO] [1782997326.612621057] [amcl]: createLaserObject
[amcl-2] [INFO] [1782997327.536741158] [amcl]: Received a 143 X 166 map @ 0.050 m/pix
[amcl-2] [INFO] [1782997327.612761833] [amcl]: createLaserObject
[amcl-2] [WARN] [1782997328.419084484] [amcl]: AMCL cannot publish a pose or update the transform. Please set the initial pose...
[amcl-2] [INFO] [1782997328.535222143] [amcl]: Received a 143 X 166 map @ 0.050 m/pix
[amcl-2] [INFO] [1782997328.614234150] [amcl]: createLaserObject
[amcl-2] [INFO] [1782997329.542386082] [amcl]: Received a 143 X 166 map @ 0.050 m/pix
[amcl-2] [INFO] [1782997329.615269759] [amcl]: createLaserObject
[amcl-2] [WARN] [1782997330.510795038] [amcl]: AMCL cannot publish a pose or update the transform. Please set the initial pose...
[amcl-2] [INFO] [1782997330.537697901] [amcl]: Received a 143 X 166 map @ 0.050 m/pix
[amcl-2] [INFO] [1782997330.610869411] [amcl]: createLaserObject
[amcl-2] [INFO] [1782997331.537305093] [amcl]: Received a 143 X 166 map @ 0.050 m/pix
[amcl-2] [INFO] [1782997331.609798020] [amcl]: createLaserObject
[amcl-2] [INFO] [1782997332.538944368] [amcl]: Received a 143 X 166 map @ 0.050 m/pix
[amcl-2] [INFO] [1782997332.608993045] [amcl]: createLaserObject
[amcl-2] [WARN] [1782997332.637434033] [amcl]: AMCL cannot publish a pose or update the transform. Please set the initial pose...
[amcl-2] [INFO] [1782997333.542738266] [amcl]: Received a 143 X 166 map @ 0.050 m/pix
[amcl-2] [INFO] [1782997333.612038486] [amcl]: createLaserObject
[amcl-2] [INFO] [1782997334.540847333] [amcl]: Received a 143 X 166 map @ 0.050 m/pix
[amcl-2] [INFO] [1782997334.612936052] [amcl]: createLaserObject
[amcl-2] [WARN] [1782997334.659470490] [amcl]: AMCL cannot publish a pose or update the transform. Please set the initial pose...
[amcl-2] [INFO] [1782997335.540876024] [amcl]: Received a 143 X 166 map @ 0.050 m/pix
[amcl-2] [INFO] [1782997335.621023656] [amcl]: createLaserObject
[amcl-2] [INFO] [1782997336.537877758] [amcl]: Received a 143 X 166 map @ 0.050 m/pix
[amcl-2] [INFO] [1782997336.606053520] [amcl]: createLaserObject
[amcl-2] [WARN] [1782997336.706172352] [amcl]: AMCL cannot publish a pose or update the transform. Please set the initial pose...
[amcl-2] [INFO] [1782997337.540314281] [amcl]: Received a 143 X 166 map @ 0.050 m/pix
[amcl-2] [INFO] [1782997337.608209668] [amcl]: createLaserObject
[amcl-2] [INFO] [1782997338.536003724] [amcl]: Received a 143 X 166 map @ 0.050 m/pix
[amcl-2] [INFO] [1782997338.621863436] [amcl]: createLaserObject
[amcl-2] [WARN] [1782997338.803944399] [amcl]: AMCL cannot publish a pose or update the transform. Please set the initial pose...
[amcl-2] [INFO] [1782997339.545925618] [amcl]: Received a 143 X 166 map @ 0.050 m/pix
[amcl-2] [INFO] [1782997339.608787882] [amcl]: createLaserObject
[amcl-2] [INFO] [1782997340.573143088] [amcl]: Received a 143 X 166 map @ 0.050 m/pix
[amcl-2] [INFO] [1782997340.650154763] [amcl]: createLaserObject
[amcl-2] [WARN] [1782997340.809177777] [amcl]: AMCL cannot publish a pose or update the transform. Please set the initial pose...
[amcl-2] [INFO] [1782997341.564922990] [amcl]: Received a 143 X 166 map @ 0.050 m/pix
[amcl-2] [INFO] [1782997341.605845555] [amcl]: createLaserObject
[amcl-2] [INFO] [1782997342.553285268] [amcl]: Received a 143 X 166 map @ 0.050 m/pix
[amcl-2] [INFO] [1782997342.610368285] [amcl]: createLaserObject
[amcl-2] [WARN] [1782997342.903504032] [amcl]: AMCL cannot publish a pose or update the transform. Please set the initial pose...
[amcl-2] [INFO] [1782997343.539694547] [amcl]: Received a 143 X 166 map @ 0.050 m/pix
[amcl-2] [INFO] [1782997343.605300394] [amcl]: createLaserObject
[amcl-2] [INFO] [1782997344.537572696] [amcl]: Received a 143 X 166 map @ 0.050 m/pix
[amcl-2] [INFO] [1782997344.600350585] [amcl]: createLaserObject
[amcl-2] [WARN] [1782997344.905840994] [amcl]: AMCL cannot publish a pose or update the transform. Please set the initial pose...
[amcl-2] [INFO] [1782997345.543693341] [amcl]: Received a 143 X 166 map @ 0.050 m/pix
[amcl-2] [INFO] [1782997345.599644108] [amcl]: createLaserObject
[amcl-2] [INFO] [1782997346.537191616] [amcl]: Received a 143 X 166 map @ 0.050 m/pix
[amcl-2] [INFO] [1782997346.598619548] [amcl]: createLaserObject
[amcl-2] [WARN] [1782997346.997602332] [amcl]: AMCL cannot publish a pose or update the transform. Please set the initial pose...
[amcl-2] [INFO] [1782997347.537336013] [amcl]: Received a 143 X 166 map @ 0.050 m/pix
[amcl-2] [INFO] [1782997347.599328611] [amcl]: createLaserObject
[amcl-2] [INFO] [1782997348.540824409] [amcl]: Received a 143 X 166 map @ 0.050 m/pix
[amcl-2] [INFO] [1782997348.602247715] [amcl]: createLaserObject
[amcl-2] [WARN] [1782997349.096427958] [amcl]: AMCL cannot publish a pose or update the transform. Please set the initial pose...
[amcl-2] [INFO] [1782997349.541737472] [amcl]: Received a 143 X 166 map @ 0.050 m/pix
[amcl-2] [INFO] [1782997349.595166115] [amcl]: createLaserObject
[amcl-2] [INFO] [1782997350.535609871] [amcl]: Received a 143 X 166 map @ 0.050 m/pix
[amcl-2] [INFO] [1782997350.595510637] [amcl]: createLaserObject
[amcl-2] [WARN] [1782997351.197208290] [amcl]: AMCL cannot publish a pose or update the transform. Please set the initial pose...
[amcl-2] [INFO] [1782997351.547293846] [amcl]: Received a 143 X 166 map @ 0.050 m/pix
[amcl-2] [INFO] [1782997351.593937034] [amcl]: createLaserObject
[amcl-2] [INFO] [1782997352.539828620] [amcl]: Received a 143 X 166 map @ 0.050 m/pix
[amcl-2] [INFO] [1782997352.593863680] [amcl]: createLaserObject
[amcl-2] [WARN] [1782997353.200966748] [amcl]: AMCL cannot publish a pose or update the transform. Please set the initial pose...
[amcl-2] [INFO] [1782997353.539800933] [amcl]: Received a 143 X 166 map @ 0.050 m/pix
[amcl-2] [INFO] [1782997353.592584535] [amcl]: createLaserObject
[amcl-2] [INFO] [1782997354.556068530] [amcl]: Received a 143 X 166 map @ 0.050 m/pix
[amcl-2] [INFO] [1782997354.596286096] [amcl]: createLaserObject
[amcl-2] [WARN] [1782997355.290503667] [amcl]: AMCL cannot publish a pose or update the transform. Please set the initial pose...
[amcl-2] [INFO] [1782997355.537015268] [amcl]: Received a 143 X 166 map @ 0.050 m/pix
[amcl-2] [INFO] [1782997355.590270661] [amcl]: createLaserObject
[amcl-2] [INFO] [1782997356.539367621] [amcl]: Received a 143 X 166 map @ 0.050 m/pix
[amcl-2] [INFO] [1782997356.590310098] [amcl]: createLaserObject
[amcl-2] [WARN] [1782997357.389459290] [amcl]: AMCL cannot publish a pose or update the transform. Please set the initial pose...
[amcl-2] [INFO] [1782997357.538119683] [amcl]: Received a 143 X 166 map @ 0.050 m/pix
[amcl-2] [INFO] [1782997357.588782994] [amcl]: createLaserObject
[amcl-2] [INFO] [1782997358.541575702] [amcl]: Received a 143 X 166 map @ 0.050 m/pix
[amcl-2] [INFO] [1782997358.591877263] [amcl]: createLaserObject
[amcl-2] [WARN] [1782997359.489135203] [amcl]: AMCL cannot publish a pose or update the transform. Please set the initial pose...
[amcl-2] [INFO] [1782997359.542493513] [amcl]: Received a 143 X 166 map @ 0.050 m/pix
[amcl-2] [INFO] [1782997359.587878035] [amcl]: createLaserObject
[amcl-2] [INFO] [1782997360.536834077] [amcl]: Received a 143 X 166 map @ 0.050 m/pix
[amcl-2] [INFO] [1782997360.586516556] [amcl]: createLaserObject
[amcl-2] [WARN] [1782997361.489785451] [amcl]: AMCL cannot publish a pose or update the transform. Please set the initial pose...
[amcl-2] [INFO] [1782997361.539272721] [amcl]: Received a 143 X 166 map @ 0.050 m/pix
[amcl-2] [INFO] [1782997361.587808908] [amcl]: createLaserObject
[amcl-2] [INFO] [1782997362.536646200] [amcl]: Received a 143 X 166 map @ 0.050 m/pix
[amcl-2] [INFO] [1782997362.589637885] [amcl]: createLaserObject
[amcl-2] [INFO] [1782997363.536651428] [amcl]: Received a 143 X 166 map @ 0.050 m/pix
[amcl-2] [INFO] [1782997363.590834987] [amcl]: createLaserObject
[amcl-2] [WARN] [1782997363.645090380] [amcl]: AMCL cannot publish a pose or update the transform. Please set the initial pose...
[amcl-2] [INFO] [1782997364.537430363] [amcl]: Received a 143 X 166 map @ 0.050 m/pix
[amcl-2] [INFO] [1782997364.583875093] [amcl]: createLaserObject
[amcl-2] [INFO] [1782997365.536693883] [amcl]: Received a 143 X 166 map @ 0.050 m/pix
[amcl-2] [INFO] [1782997365.583424820] [amcl]: createLaserObject
[amcl-2] [WARN] [1782997365.682755235] [amcl]: AMCL cannot publish a pose or update the transform. Please set the initial pose...
[amcl-2] [INFO] [1782997366.535648985] [amcl]: Received a 143 X 166 map @ 0.050 m/pix
[amcl-2] [INFO] [1782997366.592166169] [amcl]: createLaserObject
[amcl-2] [INFO] [1782997367.543021876] [amcl]: Received a 143 X 166 map @ 0.050 m/pix
[amcl-2] [INFO] [1782997367.582511233] [amcl]: createLaserObject
[amcl-2] [WARN] [1782997367.781472562] [amcl]: AMCL cannot publish a pose or update the transform. Please set the initial pose...
[amcl-2] [INFO] [1782997368.537176105] [amcl]: Received a 143 X 166 map @ 0.050 m/pix
[amcl-2] [INFO] [1782997368.586935916] [amcl]: createLaserObject
[amcl-2] [INFO] [1782997369.538180414] [amcl]: Received a 143 X 166 map @ 0.050 m/pix
[amcl-2] [INFO] [1782997369.580980729] [amcl]: createLaserObject
[amcl-2] [WARN] [1782997369.782090140] [amcl]: AMCL cannot publish a pose or update the transform. Please set the initial pose...
[amcl-2] [INFO] [1782997370.538237933] [amcl]: Received a 143 X 166 map @ 0.050 m/pix
[amcl-2] [INFO] [1782997370.578161123] [amcl]: createLaserObject
[amcl-2] [INFO] [1782997371.536079868] [amcl]: Received a 143 X 166 map @ 0.050 m/pix
[amcl-2] [INFO] [1782997371.577135225] [amcl]: createLaserObject
[amcl-2] [WARN] [1782997371.877532093] [amcl]: AMCL cannot publish a pose or update the transform. Please set the initial pose...
[amcl-2] [INFO] [1782997372.542303258] [amcl]: Received a 143 X 166 map @ 0.050 m/pix
[amcl-2] [INFO] [1782997372.578424784] [amcl]: createLaserObject
[amcl-2] [INFO] [1782997373.545970274] [amcl]: Received a 143 X 166 map @ 0.050 m/pix
[amcl-2] [INFO] [1782997373.578821426] [amcl]: createLaserObject
[amcl-2] [WARN] [1782997373.977793292] [amcl]: AMCL cannot publish a pose or update the transform. Please set the initial pose...
[amcl-2] [INFO] [1782997374.537216254] [amcl]: Received a 143 X 166 map @ 0.050 m/pix
[amcl-2] [INFO] [1782997374.578553944] [amcl]: createLaserObject
[amcl-2] [INFO] [1782997375.545084601] [amcl]: Received a 143 X 166 map @ 0.050 m/pix
[amcl-2] [INFO] [1782997375.580607919] [amcl]: createLaserObject
[amcl-2] [WARN] [1782997376.075598867] [amcl]: AMCL cannot publish a pose or update the transform. Please set the initial pose...
[amcl-2] [INFO] [1782997376.535934581] [amcl]: Received a 143 X 166 map @ 0.050 m/pix
[amcl-2] [INFO] [1782997376.581288811] [amcl]: createLaserObject
[amcl-2] [INFO] [1782997377.539492929] [amcl]: Received a 143 X 166 map @ 0.050 m/pix
[amcl-2] [INFO] [1782997377.572794290] [amcl]: createLaserObject
[amcl-2] [WARN] [1782997378.172377650] [amcl]: AMCL cannot publish a pose or update the transform. Please set the initial pose...
[amcl-2] [INFO] [1782997378.537173239] [amcl]: Received a 143 X 166 map @ 0.050 m/pix
[amcl-2] [INFO] [1782997378.573967556] [amcl]: createLaserObject
[amcl-2] [INFO] [1782997379.537374339] [amcl]: Received a 143 X 166 map @ 0.050 m/pix
[amcl-2] [INFO] [1782997379.571878365] [amcl]: createLaserObject
[amcl-2] [WARN] [1782997380.174625182] [amcl]: AMCL cannot publish a pose or update the transform. Please set the initial pose...
[amcl-2] [INFO] [1782997380.535456939] [amcl]: Received a 143 X 166 map @ 0.050 m/pix
[amcl-2] [INFO] [1782997380.571218299] [amcl]: createLaserObject
[amcl-2] [INFO] [1782997381.544527035] [amcl]: Received a 143 X 166 map @ 0.050 m/pix
[amcl-2] [INFO] [1782997381.572384564] [amcl]: createLaserObject
[amcl-2] [WARN] [1782997382.270067673] [amcl]: AMCL cannot publish a pose or update the transform. Please set the initial pose...
[amcl-2] [INFO] [1782997382.537585721] [amcl]: Received a 143 X 166 map @ 0.050 m/pix
[amcl-2] [INFO] [1782997382.569718165] [amcl]: createLaserObject
[amcl-2] [INFO] [1782997383.538510653] [amcl]: Received a 143 X 166 map @ 0.050 m/pix
[amcl-2] [INFO] [1782997383.569626889] [amcl]: createLaserObject
[amcl-2] [WARN] [1782997384.369815910] [amcl]: AMCL cannot publish a pose or update the transform. Please set the initial pose...
[amcl-2] [INFO] [1782997384.537614086] [amcl]: Received a 143 X 166 map @ 0.050 m/pix
[amcl-2] [INFO] [1782997384.567501365] [amcl]: createLaserObject
[amcl-2] [INFO] [1782997385.535499228] [amcl]: Received a 143 X 166 map @ 0.050 m/pix
[amcl-2] [INFO] [1782997385.567599047] [amcl]: createLaserObject
[amcl-2] [WARN] [1782997386.385864893] [amcl]: AMCL cannot publish a pose or update the transform. Please set the initial pose...
[amcl-2] [INFO] [1782997386.540030533] [amcl]: Received a 143 X 166 map @ 0.050 m/pix
[amcl-2] [INFO] [1782997386.571900144] [amcl]: createLaserObject
[amcl-2] [INFO] [1782997387.537432174] [amcl]: Received a 143 X 166 map @ 0.050 m/pix
[amcl-2] [INFO] [1782997387.566179078] [amcl]: createLaserObject
[amcl-2] [WARN] [1782997388.465364097] [amcl]: AMCL cannot publish a pose or update the transform. Please set the initial pose...
[amcl-2] [INFO] [1782997388.535864107] [amcl]: Received a 143 X 166 map @ 0.050 m/pix
[amcl-2] [INFO] [1782997388.564814761] [amcl]: createLaserObject
[amcl-2] [INFO] [1782997389.535634205] [amcl]: Received a 143 X 166 map @ 0.050 m/pix
[amcl-2] [INFO] [1782997389.563341318] [amcl]: createLaserObject
[amcl-2] [WARN] [1782997390.467334751] [amcl]: AMCL cannot publish a pose or update the transform. Please set the initial pose...
[amcl-2] [INFO] [1782997390.540482426] [amcl]: Received a 143 X 166 map @ 0.050 m/pix
[amcl-2] [INFO] [1782997390.563483166] [amcl]: createLaserObject
[amcl-2] [INFO] [1782997391.539285567] [amcl]: Received a 143 X 166 map @ 0.050 m/pix
[amcl-2] [INFO] [1782997391.563802098] [amcl]: createLaserObject
[amcl-2] [INFO] [1782997392.536841291] [amcl]: Received a 143 X 166 map @ 0.050 m/pix
[amcl-2] [INFO] [1782997392.561322488] [amcl]: createLaserObject
[amcl-2] [WARN] [1782997392.600768637] [amcl]: AMCL cannot publish a pose or update the transform. Please set the initial pose...
[amcl-2] [INFO] [1782997393.541724928] [amcl]: Received a 143 X 166 map @ 0.050 m/pix
[amcl-2] [INFO] [1782997393.561414378] [amcl]: createLaserObject
[amcl-2] [INFO] [1782997394.536005195] [amcl]: Received a 143 X 166 map @ 0.050 m/pix
[amcl-2] [INFO] [1782997394.559643018] [amcl]: createLaserObject
[amcl-2] [WARN] [1782997394.659923015] [amcl]: AMCL cannot publish a pose or update the transform. Please set the initial pose...
[amcl-2] [INFO] [1782997395.536638000] [amcl]: Received a 143 X 166 map @ 0.050 m/pix
[amcl-2] [INFO] [1782997395.567189070] [amcl]: createLaserObject
[amcl-2] [INFO] [1782997396.536047806] [amcl]: Received a 143 X 166 map @ 0.050 m/pix
[amcl-2] [INFO] [1782997396.578892954] [amcl]: createLaserObject
[amcl-2] [WARN] [1782997396.767570578] [amcl]: AMCL cannot publish a pose or update the transform. Please set the initial pose...
[amcl-2] [INFO] [1782997397.537902861] [amcl]: Received a 143 X 166 map @ 0.050 m/pix
[amcl-2] [INFO] [1782997397.558373393] [amcl]: createLaserObject
[amcl-2] [INFO] [1782997398.536653833] [amcl]: Received a 143 X 166 map @ 0.050 m/pix
[amcl-2] [INFO] [1782997398.556527074] [amcl]: createLaserObject
[amcl-2] [WARN] [1782997398.855844691] [amcl]: AMCL cannot publish a pose or update the transform. Please set the initial pose...
[amcl-2] [INFO] [1782997399.535689389] [amcl]: Received a 143 X 166 map @ 0.050 m/pix
[amcl-2] [INFO] [1782997399.556733838] [amcl]: createLaserObject
[amcl-2] [INFO] [1782997400.537637693] [amcl]: Received a 143 X 166 map @ 0.050 m/pix
[amcl-2] [INFO] [1782997400.560273683] [amcl]: createLaserObject
[amcl-2] [WARN] [1782997400.858306967] [amcl]: AMCL cannot publish a pose or update the transform. Please set the initial pose...
[amcl-2] [INFO] [1782997401.537139748] [amcl]: Received a 143 X 166 map @ 0.050 m/pix
[amcl-2] [INFO] [1782997401.554090699] [amcl]: createLaserObject
[amcl-2] [INFO] [1782997402.540328218] [amcl]: Received a 143 X 166 map @ 0.050 m/pix
[amcl-2] [INFO] [1782997402.555296586] [amcl]: createLaserObject
[amcl-2] [WARN] [1782997402.954573367] [amcl]: AMCL cannot publish a pose or update the transform. Please set the initial pose...
[amcl-2] [INFO] [1782997403.538660648] [amcl]: Received a 143 X 166 map @ 0.050 m/pix
[amcl-2] [INFO] [1782997403.570999009] [amcl]: createLaserObject
[amcl-2] [INFO] [1782997404.541474243] [amcl]: Received a 143 X 166 map @ 0.050 m/pix
[amcl-2] [INFO] [1782997404.553646863] [amcl]: createLaserObject
[amcl-2] [WARN] [1782997405.052219057] [amcl]: AMCL cannot publish a pose or update the transform. Please set the initial pose...
[amcl-2] [INFO] [1782997405.538228549] [amcl]: Received a 143 X 166 map @ 0.050 m/pix
[amcl-2] [INFO] [1782997405.557573624] [amcl]: createLaserObject
[amcl-2] [INFO] [1782997406.540239394] [amcl]: Received a 143 X 166 map @ 0.050 m/pix
[amcl-2] [INFO] [1782997406.553317138] [amcl]: createLaserObject
[amcl-2] [WARN] [1782997407.163746324] [amcl]: AMCL cannot publish a pose or update the transform. Please set the initial pose...
[amcl-2] [INFO] [1782997407.536874074] [amcl]: Received a 143 X 166 map @ 0.050 m/pix
[amcl-2] [INFO] [1782997407.550280110] [amcl]: createLaserObject
[amcl-2] [INFO] [1782997408.537915169] [amcl]: Received a 143 X 166 map @ 0.050 m/pix
[amcl-2] [INFO] [1782997408.548698164] [amcl]: createLaserObject
[amcl-2] [WARN] [1782997409.248667144] [amcl]: AMCL cannot publish a pose or update the transform. Please set the initial pose...
[amcl-2] [INFO] [1782997409.542567846] [amcl]: Received a 143 X 166 map @ 0.050 m/pix
[amcl-2] [INFO] [1782997409.547974052] [amcl]: createLaserObject
[amcl-2] [INFO] [1782997410.539689067] [amcl]: Received a 143 X 166 map @ 0.050 m/pix
[amcl-2] [INFO] [1782997410.548785897] [amcl]: createLaserObject
[amcl-2] [WARN] [1782997411.351296788] [amcl]: AMCL cannot publish a pose or update the transform. Please set the initial pose...
[amcl-2] [INFO] [1782997411.542447661] [amcl]: Received a 143 X 166 map @ 0.050 m/pix
[amcl-2] [INFO] [1782997411.546243868] [amcl]: createLaserObject
[amcl-2] [INFO] [1782997412.536044967] [amcl]: Received a 143 X 166 map @ 0.050 m/pix
[amcl-2] [INFO] [1782997412.545553796] [amcl]: createLaserObject
[amcl-2] [WARN] [1782997413.449114268] [amcl]: AMCL cannot publish a pose or update the transform. Please set the initial pose...
[amcl-2] [INFO] [1782997413.544115142] [amcl]: Received a 143 X 166 map @ 0.050 m/pix
[amcl-2] [INFO] [1782997413.546247183] [amcl]: createLaserObject
[amcl-2] [INFO] [1782997414.535687824] [amcl]: Received a 143 X 166 map @ 0.050 m/pix
[amcl-2] [INFO] [1782997414.543735320] [amcl]: createLaserObject
[amcl-2] [INFO] [1782997415.537520459] [amcl]: Received a 143 X 166 map @ 0.050 m/pix
[amcl-2] [INFO] [1782997415.553855035] [amcl]: createLaserObject
[amcl-2] [WARN] [1782997415.576119650] [amcl]: AMCL cannot publish a pose or update the transform. Please set the initial pose...
[amcl-2] [INFO] [1782997416.538881011] [amcl]: Received a 143 X 166 map @ 0.050 m/pix
[amcl-2] [INFO] [1782997416.543818300] [amcl]: createLaserObject
[amcl-2] [INFO] [1782997417.538341730] [amcl]: Received a 143 X 166 map @ 0.050 m/pix
[amcl-2] [INFO] [1782997417.542275854] [amcl]: createLaserObject
[amcl-2] [WARN] [1782997417.591662998] [amcl]: AMCL cannot publish a pose or update the transform. Please set the initial pose...
[amcl-2] [INFO] [1782997418.539196907] [amcl]: Received a 143 X 166 map @ 0.050 m/pix
[amcl-2] [INFO] [1782997418.541906531] [amcl]: createLaserObject
[amcl-2] [INFO] [1782997419.540534334] [amcl]: Received a 143 X 166 map @ 0.050 m/pix
[amcl-2] [INFO] [1782997419.640229789] [amcl]: createLaserObject
[amcl-2] [WARN] [1782997419.670259068] [amcl]: AMCL cannot publish a pose or update the transform. Please set the initial pose...
[amcl-2] [INFO] [1782997420.536247471] [amcl]: Received a 143 X 166 map @ 0.050 m/pix
[amcl-2] [INFO] [1782997420.540311386] [amcl]: createLaserObject
[amcl-2] [INFO] [1782997421.537494939] [amcl]: Received a 143 X 166 map @ 0.050 m/pix
[amcl-2] [INFO] [1782997421.540946605] [amcl]: createLaserObject
[amcl-2] [WARN] [1782997421.740187099] [amcl]: AMCL cannot publish a pose or update the transform. Please set the initial pose...
[amcl-2] [INFO] [1782997422.543236739] [amcl]: Received a 143 X 166 map @ 0.050 m/pix
[amcl-2] [INFO] [1782997422.545102488] [amcl]: createLaserObject
[amcl-2] [INFO] [1782997423.541343291] [amcl]: Received a 143 X 166 map @ 0.050 m/pix
[amcl-2] [INFO] [1782997423.643729620] [amcl]: createLaserObject
[amcl-2] [WARN] [1782997423.837370492] [amcl]: AMCL cannot publish a pose or update the transform. Please set the initial pose...
[amcl-2] [INFO] [1782997424.538829719] [amcl]: Received a 143 X 166 map @ 0.050 m/pix
[amcl-2] [INFO] [1782997424.541095218] [amcl]: createLaserObject
[amcl-2] [INFO] [1782997425.534787939] [amcl]: Received a 143 X 166 map @ 0.050 m/pix
[amcl-2] [INFO] [1782997425.541892144] [amcl]: createLaserObject
[amcl-2] [WARN] [1782997425.840827010] [amcl]: AMCL cannot publish a pose or update the transform. Please set the initial pose...
[amcl-2] [INFO] [1782997426.536385698] [amcl]: Received a 143 X 166 map @ 0.050 m/pix
[amcl-2] [INFO] [1782997426.544055278] [amcl]: createLaserObject
[amcl-2] [INFO] [1782997427.542188371] [amcl]: Received a 143 X 166 map @ 0.050 m/pix
[amcl-2] [INFO] [1782997427.640551869] [amcl]: createLaserObject
[amcl-2] [WARN] [1782997427.937384611] [amcl]: AMCL cannot publish a pose or update the transform. Please set the initial pose...
[amcl-2] [INFO] [1782997428.538987090] [amcl]: Received a 143 X 166 map @ 0.050 m/pix
[amcl-2] [INFO] [1782997428.541957172] [amcl]: createLaserObject
[amcl-2] [INFO] [1782997429.543314098] [amcl]: Received a 143 X 166 map @ 0.050 m/pix
[amcl-2] [INFO] [1782997429.640389012] [amcl]: createLaserObject
[amcl-2] [WARN] [1782997430.039851875] [amcl]: AMCL cannot publish a pose or update the transform. Please set the initial pose...
[amcl-2] [INFO] [1782997430.535212194] [amcl]: Received a 143 X 166 map @ 0.050 m/pix
[amcl-2] [INFO] [1782997430.638549189] [amcl]: createLaserObject
[amcl-2] [INFO] [1782997431.541131825] [amcl]: Received a 143 X 166 map @ 0.050 m/pix
[amcl-2] [INFO] [1782997431.633336992] [amcl]: createLaserObject
[amcl-2] [WARN] [1782997432.135116516] [amcl]: AMCL cannot publish a pose or update the transform. Please set the initial pose...
[amcl-2] [INFO] [1782997432.537896669] [amcl]: Received a 143 X 166 map @ 0.050 m/pix
[amcl-2] [INFO] [1782997432.636108749] [amcl]: createLaserObject
[amcl-2] [INFO] [1782997433.537642094] [amcl]: Received a 143 X 166 map @ 0.050 m/pix
[amcl-2] [INFO] [1782997433.651442960] [amcl]: createLaserObject
[amcl-2] [WARN] [1782997434.232175365] [amcl]: AMCL cannot publish a pose or update the transform. Please set the initial pose...
[amcl-2] [INFO] [1782997434.542926517] [amcl]: Received a 143 X 166 map @ 0.050 m/pix
[amcl-2] [INFO] [1782997434.629368686] [amcl]: createLaserObject
[amcl-2] [INFO] [1782997435.538701527] [amcl]: Received a 143 X 166 map @ 0.050 m/pix
[amcl-2] [INFO] [1782997435.630750027] [amcl]: createLaserObject
[amcl-2] [WARN] [1782997436.328744922] [amcl]: AMCL cannot publish a pose or update the transform. Please set the initial pose...
[amcl-2] [INFO] [1782997436.538796702] [amcl]: Received a 143 X 166 map @ 0.050 m/pix
[amcl-2] [INFO] [1782997436.639693407] [amcl]: createLaserObject
[amcl-2] [INFO] [1782997437.535216587] [amcl]: Received a 143 X 166 map @ 0.050 m/pix
[amcl-2] [INFO] [1782997437.631838793] [amcl]: createLaserObject
[amcl-2] [WARN] [1782997438.430641684] [amcl]: AMCL cannot publish a pose or update the transform. Please set the initial pose...
[amcl-2] [INFO] [1782997438.542266842] [amcl]: Received a 143 X 166 map @ 0.050 m/pix
[amcl-2] [INFO] [1782997438.656016665] [amcl]: createLaserObject
[amcl-2] [INFO] [1782997439.539423726] [amcl]: Received a 143 X 166 map @ 0.050 m/pix
[amcl-2] [INFO] [1782997439.627001770] [amcl]: createLaserObject
[amcl-2] [WARN] [1782997440.527653489] [amcl]: AMCL cannot publish a pose or update the transform. Please set the initial pose...
[amcl-2] [INFO] [1782997440.539510859] [amcl]: Received a 143 X 166 map @ 0.050 m/pix
[amcl-2] [INFO] [1782997440.632223817] [amcl]: createLaserObject
[amcl-2] [INFO] [1782997441.537759367] [amcl]: Received a 143 X 166 map @ 0.050 m/pix
[amcl-2] [INFO] [1782997441.639750113] [amcl]: createLaserObject
[amcl-2] [INFO] [1782997442.539042207] [amcl]: Received a 143 X 166 map @ 0.050 m/pix
[amcl-2] [INFO] [1782997442.622363378] [amcl]: createLaserObject
[amcl-2] [WARN] [1782997442.674292688] [amcl]: AMCL cannot publish a pose or update the transform. Please set the initial pose...
[amcl-2] [INFO] [1782997443.536899466] [amcl]: Received a 143 X 166 map @ 0.050 m/pix
[amcl-2] [INFO] [1782997443.629168216] [amcl]: createLaserObject
[amcl-2] [INFO] [1782997444.536777056] [amcl]: Received a 143 X 166 map @ 0.050 m/pix
[amcl-2] [INFO] [1782997444.623859225] [amcl]: createLaserObject
[amcl-2] [WARN] [1782997444.721683140] [amcl]: AMCL cannot publish a pose or update the transform. Please set the initial pose...
[amcl-2] [INFO] [1782997445.535959064] [amcl]: Received a 143 X 166 map @ 0.050 m/pix
[amcl-2] [INFO] [1782997445.625487357] [amcl]: createLaserObject
[amcl-2] [INFO] [1782997446.535595238] [amcl]: Received a 143 X 166 map @ 0.050 m/pix
[amcl-2] [INFO] [1782997446.620043616] [amcl]: createLaserObject
[amcl-2] [WARN] [1782997446.734282940] [amcl]: AMCL cannot publish a pose or update the transform. Please set the initial pose...
[amcl-2] [INFO] [1782997447.536933077] [amcl]: Received a 143 X 166 map @ 0.050 m/pix
[amcl-2] [INFO] [1782997447.623181080] [amcl]: createLaserObject
[amcl-2] [INFO] [1782997448.540130499] [amcl]: Received a 143 X 166 map @ 0.050 m/pix
[amcl-2] [INFO] [1782997448.619728588] [amcl]: createLaserObject
[amcl-2] [WARN] [1782997448.821225039] [amcl]: AMCL cannot publish a pose or update the transform. Please set the initial pose...
[amcl-2] [INFO] [1782997449.543102713] [amcl]: Received a 143 X 166 map @ 0.050 m/pix
[amcl-2] [INFO] [1782997449.625531134] [amcl]: createLaserObject
[amcl-2] [INFO] [1782997450.541743178] [amcl]: Received a 143 X 166 map @ 0.050 m/pix
[amcl-2] [INFO] [1782997450.622140142] [amcl]: createLaserObject
[amcl-2] [WARN] [1782997450.917610925] [amcl]: AMCL cannot publish a pose or update the transform. Please set the initial pose...
[amcl-2] [INFO] [1782997451.544723100] [amcl]: Received a 143 X 166 map @ 0.050 m/pix
[amcl-2] [INFO] [1782997451.616601234] [amcl]: createLaserObject
[amcl-2] [INFO] [1782997452.535890777] [amcl]: Received a 143 X 166 map @ 0.050 m/pix
[amcl-2] [INFO] [1782997452.617738073] [amcl]: createLaserObject
[amcl-2] [WARN] [1782997452.922450810] [amcl]: AMCL cannot publish a pose or update the transform. Please set the initial pose...
[amcl-2] [INFO] [1782997453.536045075] [amcl]: Received a 143 X 166 map @ 0.050 m/pix
[amcl-2] [INFO] [1782997453.618162371] [amcl]: createLaserObject
[amcl-2] [INFO] [1782997454.539259954] [amcl]: Received a 143 X 166 map @ 0.050 m/pix
[amcl-2] [INFO] [1782997454.620221876] [amcl]: createLaserObject
[amcl-2] [WARN] [1782997455.014369864] [amcl]: AMCL cannot publish a pose or update the transform. Please set the initial pose...
[amcl-2] [INFO] [1782997455.536649586] [amcl]: Received a 143 X 166 map @ 0.050 m/pix
[amcl-2] [INFO] [1782997455.625016004] [amcl]: createLaserObject
[amcl-2] [INFO] [1782997456.542242173] [amcl]: Received a 143 X 166 map @ 0.050 m/pix
[amcl-2] [INFO] [1782997456.612792016] [amcl]: createLaserObject
[amcl-2] [WARN] [1782997457.111680082] [amcl]: AMCL cannot publish a pose or update the transform. Please set the initial pose...
[amcl-2] [INFO] [1782997457.534596015] [amcl]: Received a 143 X 166 map @ 0.050 m/pix
[amcl-2] [INFO] [1782997457.612076188] [amcl]: createLaserObject
[amcl-2] [INFO] [1782997458.536648895] [amcl]: Received a 143 X 166 map @ 0.050 m/pix
[amcl-2] [INFO] [1782997458.610548236] [amcl]: createLaserObject
[amcl-2] [WARN] [1782997459.209852215] [amcl]: AMCL cannot publish a pose or update the transform. Please set the initial pose...
[amcl-2] [INFO] [1782997459.540025190] [amcl]: Received a 143 X 166 map @ 0.050 m/pix
[amcl-2] [INFO] [1782997459.611525116] [amcl]: createLaserObject
[amcl-2] [INFO] [1782997460.542621153] [amcl]: Received a 143 X 166 map @ 0.050 m/pix
[amcl-2] [INFO] [1782997460.608764331] [amcl]: createLaserObject
[amcl-2] [WARN] [1782997461.309169430] [amcl]: AMCL cannot publish a pose or update the transform. Please set the initial pose...
[amcl-2] [INFO] [1782997461.543722366] [amcl]: Received a 143 X 166 map @ 0.050 m/pix
[amcl-2] [INFO] [1782997461.608870961] [amcl]: createLaserObject
[amcl-2] [INFO] [1782997462.537022582] [amcl]: Received a 143 X 166 map @ 0.050 m/pix
[amcl-2] [INFO] [1782997462.607461384] [amcl]: createLaserObject
[amcl-2] [WARN] [1782997463.407384271] [amcl]: AMCL cannot publish a pose or update the transform. Please set the initial pose...
[amcl-2] [INFO] [1782997463.539462419] [amcl]: Received a 143 X 166 map @ 0.050 m/pix
[amcl-2] [INFO] [1782997463.608034596] [amcl]: createLaserObject
[amcl-2] [INFO] [1782997464.537728883] [amcl]: Received a 143 X 166 map @ 0.050 m/pix
[amcl-2] [INFO] [1782997464.605805186] [amcl]: createLaserObject
[amcl-2] [WARN] [1782997465.507743735] [amcl]: AMCL cannot publish a pose or update the transform. Please set the initial pose...
[amcl-2] [INFO] [1782997465.535593222] [amcl]: Received a 143 X 166 map @ 0.050 m/pix
[amcl-2] [INFO] [1782997465.611874104] [amcl]: createLaserObject
[amcl-2] [INFO] [1782997466.535714268] [amcl]: Received a 143 X 166 map @ 0.050 m/pix
[amcl-2] [INFO] [1782997466.604318237] [amcl]: createLaserObject
[amcl-2] [INFO] [1782997467.534964773] [amcl]: Received a 143 X 166 map @ 0.050 m/pix
[amcl-2] [INFO] [1782997467.604889658] [amcl]: createLaserObject
[amcl-2] [WARN] [1782997467.648566305] [amcl]: AMCL cannot publish a pose or update the transform. Please set the initial pose...
[amcl-2] [INFO] [1782997468.540838442] [amcl]: Received a 143 X 166 map @ 0.050 m/pix
[amcl-2] [INFO] [1782997468.609466869] [amcl]: createLaserObject
[amcl-2] [INFO] [1782997469.537033614] [amcl]: Received a 143 X 166 map @ 0.050 m/pix
[amcl-2] [INFO] [1782997469.602662126] [amcl]: createLaserObject
[amcl-2] [WARN] [1782997469.702630039] [amcl]: AMCL cannot publish a pose or update the transform. Please set the initial pose...
[amcl-2] [INFO] [1782997470.535228494] [amcl]: Received a 143 X 166 map @ 0.050 m/pix
[amcl-2] [INFO] [1782997470.610677376] [amcl]: createLaserObject
[amcl-2] [INFO] [1782997471.546718785] [amcl]: Received a 143 X 166 map @ 0.050 m/pix
[amcl-2] [INFO] [1782997471.611019755] [amcl]: createLaserObject
[amcl-2] [WARN] [1782997471.802479918] [amcl]: AMCL cannot publish a pose or update the transform. Please set the initial pose...
[amcl-2] [INFO] [1782997472.539678042] [amcl]: Received a 143 X 166 map @ 0.050 m/pix
[amcl-2] [INFO] [1782997472.603421846] [amcl]: createLaserObject
[amcl-2] [INFO] [1782997473.541594794] [amcl]: Received a 143 X 166 map @ 0.050 m/pix
[amcl-2] [INFO] [1782997473.601979809] [amcl]: createLaserObject
[amcl-2] [WARN] [1782997473.900382131] [amcl]: AMCL cannot publish a pose or update the transform. Please set the initial pose...
[amcl-2] [INFO] [1782997474.538771174] [amcl]: Received a 143 X 166 map @ 0.050 m/pix
[amcl-2] [INFO] [1782997474.599452397] [amcl]: createLaserObject
[amcl-2] [INFO] [1782997475.536006596] [amcl]: Received a 143 X 166 map @ 0.050 m/pix
[amcl-2] [INFO] [1782997475.600810941] [amcl]: createLaserObject
[amcl-2] [WARN] [1782997475.998326719] [amcl]: AMCL cannot publish a pose or update the transform. Please set the initial pose...
[amcl-2] [INFO] [1782997476.535307891] [amcl]: Received a 143 X 166 map @ 0.050 m/pix
[amcl-2] [INFO] [1782997476.598214446] [amcl]: createLaserObject
[amcl-2] [INFO] [1782997477.540989975] [amcl]: Received a 143 X 166 map @ 0.050 m/pix
[amcl-2] [INFO] [1782997477.597598325] [amcl]: createLaserObject
[amcl-2] [WARN] [1782997478.097007264] [amcl]: AMCL cannot publish a pose or update the transform. Please set the initial pose...
[amcl-2] [INFO] [1782997478.536649689] [amcl]: Received a 143 X 166 map @ 0.050 m/pix
[amcl-2] [INFO] [1782997478.596393245] [amcl]: createLaserObject
[amcl-2] [INFO] [1782997479.534479735] [amcl]: Received a 143 X 166 map @ 0.050 m/pix
[amcl-2] [INFO] [1782997479.594881082] [amcl]: createLaserObject
[amcl-2] [WARN] [1782997480.195929725] [amcl]: AMCL cannot publish a pose or update the transform. Please set the initial pose...
[amcl-2] [INFO] [1782997480.537644111] [amcl]: Received a 143 X 166 map @ 0.050 m/pix
[amcl-2] [INFO] [1782997480.594351127] [amcl]: createLaserObject
[amcl-2] [INFO] [1782997481.538541864] [amcl]: Received a 143 X 166 map @ 0.050 m/pix
[amcl-2] [INFO] [1782997481.593882213] [amcl]: createLaserObject
[amcl-2] [WARN] [1782997482.199777021] [amcl]: AMCL cannot publish a pose or update the transform. Please set the initial pose...
[amcl-2] [INFO] [1782997482.543395906] [amcl]: Received a 143 X 166 map @ 0.050 m/pix
[amcl-2] [INFO] [1782997482.593451300] [amcl]: createLaserObject
[amcl-2] [INFO] [1782997483.537772286] [amcl]: Received a 143 X 166 map @ 0.050 m/pix
[amcl-2] [INFO] [1782997483.592550803] [amcl]: createLaserObject
[amcl-2] [WARN] [1782997484.291702984] [amcl]: AMCL cannot publish a pose or update the transform. Please set the initial pose...
[amcl-2] [INFO] [1782997484.542281578] [amcl]: Received a 143 X 166 map @ 0.050 m/pix
[amcl-2] [INFO] [1782997484.591679681] [amcl]: createLaserObject
[amcl-2] [INFO] [1782997485.542736789] [amcl]: Received a 143 X 166 map @ 0.050 m/pix
[amcl-2] [INFO] [1782997485.592094766] [amcl]: createLaserObject
[amcl-2] [WARN] [1782997486.299433485] [amcl]: AMCL cannot publish a pose or update the transform. Please set the initial pose...
[amcl-2] [INFO] [1782997486.546817498] [amcl]: Received a 143 X 166 map @ 0.050 m/pix
[amcl-2] [INFO] [1782997486.621046589] [amcl]: createLaserObject
[amcl-2] [INFO] [1782997487.538529629] [amcl]: Received a 143 X 166 map @ 0.050 m/pix
[amcl-2] [INFO] [1782997487.591380855] [amcl]: createLaserObject
[amcl-2] [WARN] [1782997488.388809532] [amcl]: AMCL cannot publish a pose or update the transform. Please set the initial pose...
[amcl-2] [INFO] [1782997488.535725507] [amcl]: Received a 143 X 166 map @ 0.050 m/pix
[amcl-2] [INFO] [1782997488.592265148] [amcl]: createLaserObject
[amcl-2] [INFO] [1782997489.545166671] [amcl]: Received a 143 X 166 map @ 0.050 m/pix
[amcl-2] [INFO] [1782997489.588131068] [amcl]: createLaserObject
[amcl-2] [WARN] [1782997490.389273703] [amcl]: AMCL cannot publish a pose or update the transform. Please set the initial pose...
[amcl-2] [INFO] [1782997490.548186505] [amcl]: Received a 143 X 166 map @ 0.050 m/pix
[amcl-2] [INFO] [1782997490.589050945] [amcl]: createLaserObject
[amcl-2] [INFO] [1782997491.539539553] [amcl]: Received a 143 X 166 map @ 0.050 m/pix
[amcl-2] [INFO] [1782997491.585965323] [amcl]: createLaserObject
[amcl-2] [WARN] [1782997492.494809408] [amcl]: AMCL cannot publish a pose or update the transform. Please set the initial pose...
[amcl-2] [INFO] [1782997492.538908346] [amcl]: Received a 143 X 166 map @ 0.050 m/pix
[amcl-2] [INFO] [1782997492.588805490] [amcl]: createLaserObject
[amcl-2] [INFO] [1782997493.535282350] [amcl]: Received a 143 X 166 map @ 0.050 m/pix
[amcl-2] [INFO] [1782997493.590504241] [amcl]: createLaserObject
[amcl-2] [INFO] [1782997494.535435143] [amcl]: Received a 143 X 166 map @ 0.050 m/pix
[amcl-2] [INFO] [1782997494.585023453] [amcl]: createLaserObject
[amcl-2] [WARN] [1782997494.619197438] [amcl]: AMCL cannot publish a pose or update the transform. Please set the initial pose...
[amcl-2] [INFO] [1782997495.538537393] [amcl]: Received a 143 X 166 map @ 0.050 m/pix
[amcl-2] [INFO] [1782997495.582904164] [amcl]: createLaserObject
[amcl-2] [INFO] [1782997496.543342808] [amcl]: Received a 143 X 166 map @ 0.050 m/pix
[amcl-2] [INFO] [1782997496.585566706] [amcl]: createLaserObject
[amcl-2] [WARN] [1782997496.682208453] [amcl]: AMCL cannot publish a pose or update the transform. Please set the initial pose...
[amcl-2] [INFO] [1782997497.536164063] [amcl]: Received a 143 X 166 map @ 0.050 m/pix
[amcl-2] [INFO] [1782997497.593411287] [amcl]: createLaserObject
[amcl-2] [INFO] [1782997498.538169855] [amcl]: Received a 143 X 166 map @ 0.050 m/pix
[amcl-2] [INFO] [1782997498.587362082] [amcl]: createLaserObject
[amcl-2] [WARN] [1782997498.784580367] [amcl]: AMCL cannot publish a pose or update the transform. Please set the initial pose...
[amcl-2] [INFO] [1782997499.571233632] [amcl]: Received a 143 X 166 map @ 0.050 m/pix
[amcl-2] [INFO] [1782997499.718226232] [amcl]: createLaserObject
[planner_server-6] [INFO] [1782997500.105847513] [global_costmap.global_costmap]: Message Filter dropping message: frame 'laser' at time 1782997499.582 for reason 'the timestamp on the message is earlier than all the data in the transform cache'
[amcl-2] [INFO] [1782997500.643709641] [amcl]: Received a 143 X 166 map @ 0.050 m/pix
[amcl-2] [INFO] [1782997500.657874677] [amcl]: createLaserObject
[controller_server-4] [INFO] [1782997500.701497448] [local_costmap.local_costmap]: Message Filter dropping message: frame 'laser' at time 1782997499.979 for reason 'the timestamp on the message is earlier than all the data in the transform cache'
[amcl-2] [WARN] [1782997500.806209109] [amcl]: AMCL cannot publish a pose or update the transform. Please set the initial pose...
[amcl-2] [INFO] [1782997501.535692067] [amcl]: Received a 143 X 166 map @ 0.050 m/pix
[amcl-2] [INFO] [1782997501.587836584] [amcl]: createLaserObject
[amcl-2] [INFO] [1782997502.543923564] [amcl]: Received a 143 X 166 map @ 0.050 m/pix
[amcl-2] [INFO] [1782997502.578040631] [amcl]: createLaserObject
[amcl-2] [WARN] [1782997502.886127657] [amcl]: AMCL cannot publish a pose or update the transform. Please set the initial pose...
[amcl-2] [INFO] [1782997503.538695775] [amcl]: Received a 143 X 166 map @ 0.050 m/pix
[amcl-2] [INFO] [1782997503.583008255] [amcl]: createLaserObject
[amcl-2] [INFO] [1782997504.538144984] [amcl]: Received a 143 X 166 map @ 0.050 m/pix
[amcl-2] [INFO] [1782997504.581171173] [amcl]: createLaserObject
[amcl-2] [WARN] [1782997504.977075866] [amcl]: AMCL cannot publish a pose or update the transform. Please set the initial pose...
[amcl-2] [INFO] [1782997505.536829693] [amcl]: Received a 143 X 166 map @ 0.050 m/pix
[amcl-2] [INFO] [1782997505.576337175] [amcl]: createLaserObject
[amcl-2] [INFO] [1782997506.540339067] [amcl]: Received a 143 X 166 map @ 0.050 m/pix
[amcl-2] [INFO] [1782997506.584236672] [amcl]: createLaserObject
[amcl-2] [WARN] [1782997507.076532571] [amcl]: AMCL cannot publish a pose or update the transform. Please set the initial pose...
[amcl-2] [INFO] [1782997507.549165771] [amcl]: Received a 143 X 166 map @ 0.050 m/pix
[amcl-2] [INFO] [1782997507.573209594] [amcl]: createLaserObject
[amcl-2] [INFO] [1782997508.541018525] [amcl]: Received a 143 X 166 map @ 0.050 m/pix
[amcl-2] [INFO] [1782997508.572058844] [amcl]: createLaserObject
[amcl-2] [WARN] [1782997509.172030236] [amcl]: AMCL cannot publish a pose or update the transform. Please set the initial pose...
[amcl-2] [INFO] [1782997509.540967275] [amcl]: Received a 143 X 166 map @ 0.050 m/pix
[amcl-2] [INFO] [1782997509.571498719] [amcl]: createLaserObject
[amcl-2] [INFO] [1782997510.538297776] [amcl]: Received a 143 X 166 map @ 0.050 m/pix
[amcl-2] [INFO] [1782997510.572596010] [amcl]: createLaserObject
[amcl-2] [WARN] [1782997511.272050481] [amcl]: AMCL cannot publish a pose or update the transform. Please set the initial pose...
[amcl-2] [INFO] [1782997511.537231193] [amcl]: Received a 143 X 166 map @ 0.050 m/pix
[amcl-2] [INFO] [1782997511.585041713] [amcl]: createLaserObject
[amcl-2] [INFO] [1782997512.536474151] [amcl]: Received a 143 X 166 map @ 0.050 m/pix
[amcl-2] [INFO] [1782997512.570894677] [amcl]: createLaserObject
[amcl-2] [WARN] [1782997513.368986686] [amcl]: AMCL cannot publish a pose or update the transform. Please set the initial pose...
[amcl-2] [INFO] [1782997513.540533691] [amcl]: Received a 143 X 166 map @ 0.050 m/pix
[amcl-2] [INFO] [1782997513.571788343] [amcl]: createLaserObject
[amcl-2] [INFO] [1782997514.536609067] [amcl]: Received a 143 X 166 map @ 0.050 m/pix
[amcl-2] [INFO] [1782997514.571169426] [amcl]: createLaserObject
[amcl-2] [WARN] [1782997515.470781763] [amcl]: AMCL cannot publish a pose or update the transform. Please set the initial pose...
[amcl-2] [INFO] [1782997515.535332734] [amcl]: Received a 143 X 166 map @ 0.050 m/pix
[amcl-2] [INFO] [1782997515.569133593] [amcl]: createLaserObject
[amcl-2] [INFO] [1782997516.539712564] [amcl]: Received a 143 X 166 map @ 0.050 m/pix
[amcl-2] [INFO] [1782997516.568250801] [amcl]: createLaserObject
[amcl-2] [INFO] [1782997517.535781065] [amcl]: Received a 143 X 166 map @ 0.050 m/pix
[amcl-2] [INFO] [1782997517.568061509] [amcl]: createLaserObject
[amcl-2] [WARN] [1782997517.604411159] [amcl]: AMCL cannot publish a pose or update the transform. Please set the initial pose...
[amcl-2] [INFO] [1782997518.535068606] [amcl]: Received a 143 X 166 map @ 0.050 m/pix
[amcl-2] [INFO] [1782997518.567657383] [amcl]: createLaserObject
[amcl-2] [INFO] [1782997519.534807106] [amcl]: Received a 143 X 166 map @ 0.050 m/pix
[amcl-2] [INFO] [1782997519.566810716] [amcl]: createLaserObject
[amcl-2] [WARN] [1782997519.667928253] [amcl]: AMCL cannot publish a pose or update the transform. Please set the initial pose...
[amcl-2] [INFO] [1782997520.541019102] [amcl]: Received a 143 X 166 map @ 0.050 m/pix
[amcl-2] [INFO] [1782997520.564120091] [amcl]: createLaserObject
[amcl-2] [INFO] [1782997521.535372895] [amcl]: Received a 143 X 166 map @ 0.050 m/pix
[amcl-2] [INFO] [1782997521.563830298] [amcl]: createLaserObject
[amcl-2] [WARN] [1782997521.765378997] [amcl]: AMCL cannot publish a pose or update the transform. Please set the initial pose...
[amcl-2] [INFO] [1782997522.538503392] [amcl]: Received a 143 X 166 map @ 0.050 m/pix
[amcl-2] [INFO] [1782997522.562446048] [amcl]: createLaserObject
[amcl-2] [INFO] [1782997523.543427513] [amcl]: Received a 143 X 166 map @ 0.050 m/pix
[amcl-2] [INFO] [1782997523.561391588] [amcl]: createLaserObject
[amcl-2] [WARN] [1782997523.867578573] [amcl]: AMCL cannot publish a pose or update the transform. Please set the initial pose...
[amcl-2] [INFO] [1782997524.539093264] [amcl]: Received a 143 X 166 map @ 0.050 m/pix
[amcl-2] [INFO] [1782997524.560879129] [amcl]: createLaserObject
[amcl-2] [INFO] [1782997525.539155887] [amcl]: Received a 143 X 166 map @ 0.050 m/pix
[amcl-2] [INFO] [1782997525.559682836] [amcl]: createLaserObject
[amcl-2] [WARN] [1782997525.962897401] [amcl]: AMCL cannot publish a pose or update the transform. Please set the initial pose...
[amcl-2] [INFO] [1782997526.540467135] [amcl]: Received a 143 X 166 map @ 0.050 m/pix
[amcl-2] [INFO] [1782997526.560148334] [amcl]: createLaserObject
[amcl-2] [INFO] [1782997527.535166886] [amcl]: Received a 143 X 166 map @ 0.050 m/pix
[amcl-2] [INFO] [1782997527.561846623] [amcl]: createLaserObject
[amcl-2] [WARN] [1782997528.061058602] [amcl]: AMCL cannot publish a pose or update the transform. Please set the initial pose...
[amcl-2] [INFO] [1782997528.537021425] [amcl]: Received a 143 X 166 map @ 0.050 m/pix
[amcl-2] [INFO] [1782997528.558578415] [amcl]: createLaserObject
[amcl-2] [INFO] [1782997529.541434837] [amcl]: Received a 143 X 166 map @ 0.050 m/pix
[amcl-2] [INFO] [1782997529.556302414] [amcl]: createLaserObject
[amcl-2] [WARN] [1782997530.156354721] [amcl]: AMCL cannot publish a pose or update the transform. Please set the initial pose...
[amcl-2] [INFO] [1782997530.537418587] [amcl]: Received a 143 X 166 map @ 0.050 m/pix
[amcl-2] [INFO] [1782997530.556420078] [amcl]: createLaserObject
[amcl-2] [INFO] [1782997531.538896418] [amcl]: Received a 143 X 166 map @ 0.050 m/pix
[amcl-2] [INFO] [1782997531.556624493] [amcl]: createLaserObject
[amcl-2] [WARN] [1782997532.255777838] [amcl]: AMCL cannot publish a pose or update the transform. Please set the initial pose...
[amcl-2] [INFO] [1782997532.540920998] [amcl]: Received a 143 X 166 map @ 0.050 m/pix
[amcl-2] [INFO] [1782997532.560374697] [amcl]: createLaserObject
[amcl-2] [INFO] [1782997533.535405998] [amcl]: Received a 143 X 166 map @ 0.050 m/pix
[amcl-2] [INFO] [1782997533.554401614] [amcl]: createLaserObject
[amcl-2] [WARN] [1782997534.260611497] [amcl]: AMCL cannot publish a pose or update the transform. Please set the initial pose...
[amcl-2] [INFO] [1782997534.543544325] [amcl]: Received a 143 X 166 map @ 0.050 m/pix
[amcl-2] [INFO] [1782997534.561446900] [amcl]: createLaserObject
[amcl-2] [INFO] [1782997535.536374785] [amcl]: Received a 143 X 166 map @ 0.050 m/pix
[amcl-2] [INFO] [1782997535.554737318] [amcl]: createLaserObject
[amcl-2] [WARN] [1782997536.261951158] [amcl]: AMCL cannot publish a pose or update the transform. Please set the initial pose...
[amcl-2] [INFO] [1782997536.537367698] [amcl]: Received a 143 X 166 map @ 0.050 m/pix
[amcl-2] [INFO] [1782997536.552500358] [amcl]: createLaserObject
[amcl-2] [INFO] [1782997537.537212529] [amcl]: Received a 143 X 166 map @ 0.050 m/pix
[amcl-2] [INFO] [1782997537.552634980] [amcl]: createLaserObject
[amcl-2] [WARN] [1782997538.352719653] [amcl]: AMCL cannot publish a pose or update the transform. Please set the initial pose...
[amcl-2] [INFO] [1782997538.540077650] [amcl]: Received a 143 X 166 map @ 0.050 m/pix
[amcl-2] [INFO] [1782997538.551676436] [amcl]: createLaserObject
[amcl-2] [INFO] [1782997539.543443062] [amcl]: Received a 143 X 166 map @ 0.050 m/pix
[amcl-2] [INFO] [1782997539.552203141] [amcl]: createLaserObject
[amcl-2] [WARN] [1782997540.450783810] [amcl]: AMCL cannot publish a pose or update the transform. Please set the initial pose...
[amcl-2] [INFO] [1782997540.551807889] [amcl]: Received a 143 X 166 map @ 0.050 m/pix
[amcl-2] [INFO] [1782997540.556144845] [amcl]: createLaserObject
[amcl-2] [INFO] [1782997541.541501599] [amcl]: Received a 143 X 166 map @ 0.050 m/pix
[amcl-2] [INFO] [1782997541.549579303] [amcl]: createLaserObject
[amcl-2] [INFO] [1782997542.537544848] [amcl]: Received a 143 X 166 map @ 0.050 m/pix
[amcl-2] [INFO] [1782997542.551260383] [amcl]: createLaserObject
[amcl-2] [WARN] [1782997542.580813744] [amcl]: AMCL cannot publish a pose or update the transform. Please set the initial pose...
[amcl-2] [INFO] [1782997543.538202177] [amcl]: Received a 143 X 166 map @ 0.050 m/pix
[amcl-2] [INFO] [1782997543.549280714] [amcl]: createLaserObject
[amcl-2] [INFO] [1782997544.536387008] [amcl]: Received a 143 X 166 map @ 0.050 m/pix
[amcl-2] [INFO] [1782997544.548145753] [amcl]: createLaserObject
[amcl-2] [WARN] [1782997544.646901499] [amcl]: AMCL cannot publish a pose or update the transform. Please set the initial pose...
[amcl-2] [INFO] [1782997545.537749129] [amcl]: Received a 143 X 166 map @ 0.050 m/pix
[amcl-2] [INFO] [1782997545.546406375] [amcl]: createLaserObject
[amcl-2] [INFO] [1782997546.537338668] [amcl]: Received a 143 X 166 map @ 0.050 m/pix
[amcl-2] [INFO] [1782997546.545701497] [amcl]: createLaserObject
[amcl-2] [WARN] [1782997546.746673988] [amcl]: AMCL cannot publish a pose or update the transform. Please set the initial pose...
[amcl-2] [INFO] [1782997547.538557705] [amcl]: Received a 143 X 166 map @ 0.050 m/pix
[amcl-2] [INFO] [1782997547.551940116] [amcl]: createLaserObject
[amcl-2] [INFO] [1782997548.536035828] [amcl]: Received a 143 X 166 map @ 0.050 m/pix
[amcl-2] [INFO] [1782997548.544119241] [amcl]: createLaserObject
[amcl-2] [WARN] [1782997548.844459727] [amcl]: AMCL cannot publish a pose or update the transform. Please set the initial pose...
[amcl-2] [INFO] [1782997549.540635405] [amcl]: Received a 143 X 166 map @ 0.050 m/pix
[amcl-2] [INFO] [1782997549.546931111] [amcl]: createLaserObject
[amcl-2] [INFO] [1782997550.535038571] [amcl]: Received a 143 X 166 map @ 0.050 m/pix
[amcl-2] [INFO] [1782997550.543541567] [amcl]: createLaserObject
[amcl-2] [WARN] [1782997550.944452798] [amcl]: AMCL cannot publish a pose or update the transform. Please set the initial pose...
[amcl-2] [INFO] [1782997551.542338397] [amcl]: Received a 143 X 166 map @ 0.050 m/pix
[amcl-2] [INFO] [1782997551.641716101] [amcl]: createLaserObject
[amcl-2] [INFO] [1782997552.545072892] [amcl]: Received a 143 X 166 map @ 0.050 m/pix
[amcl-2] [INFO] [1782997552.549702056] [amcl]: createLaserObject
[amcl-2] [WARN] [1782997553.042193287] [amcl]: AMCL cannot publish a pose or update the transform. Please set the initial pose...
[amcl-2] [INFO] [1782997553.536034559] [amcl]: Received a 143 X 166 map @ 0.050 m/pix
[amcl-2] [INFO] [1782997553.544152555] [amcl]: createLaserObject
[amcl-2] [INFO] [1782997554.544731342] [amcl]: Received a 143 X 166 map @ 0.050 m/pix
[amcl-2] [INFO] [1782997554.644751254] [amcl]: createLaserObject
[amcl-2] [WARN] [1782997555.142875524] [amcl]: AMCL cannot publish a pose or update the transform. Please set the initial pose...
[amcl-2] [INFO] [1782997555.537021633] [amcl]: Received a 143 X 166 map @ 0.050 m/pix
[amcl-2] [INFO] [1782997555.545035921] [amcl]: createLaserObject
[amcl-2] [INFO] [1782997556.541208127] [amcl]: Received a 143 X 166 map @ 0.050 m/pix
[amcl-2] [INFO] [1782997556.638756415] [amcl]: createLaserObject
[amcl-2] [WARN] [1782997557.238222930] [amcl]: AMCL cannot publish a pose or update the transform. Please set the initial pose...
[amcl-2] [INFO] [1782997557.536368292] [amcl]: Received a 143 X 166 map @ 0.050 m/pix
[amcl-2] [INFO] [1782997557.543437455] [amcl]: createLaserObject
[amcl-2] [INFO] [1782997558.539640494] [amcl]: Received a 143 X 166 map @ 0.050 m/pix
[amcl-2] [INFO] [1782997558.636661282] [amcl]: createLaserObject
[amcl-2] [WARN] [1782997559.249257707] [amcl]: AMCL cannot publish a pose or update the transform. Please set the initial pose...
[amcl-2] [INFO] [1782997559.538764907] [amcl]: Received a 143 X 166 map @ 0.050 m/pix
[amcl-2] [INFO] [1782997559.541022114] [amcl]: createLaserObject
[amcl-2] [INFO] [1782997560.537699861] [amcl]: Received a 143 X 166 map @ 0.050 m/pix
[amcl-2] [INFO] [1782997560.542195025] [amcl]: createLaserObject
[amcl-2] [WARN] [1782997561.345425154] [amcl]: AMCL cannot publish a pose or update the transform. Please set the initial pose...
[amcl-2] [INFO] [1782997561.542278396] [amcl]: Received a 143 X 166 map @ 0.050 m/pix
[amcl-2] [INFO] [1782997561.638835684] [amcl]: createLaserObject
[amcl-2] [INFO] [1782997562.537369102] [amcl]: Received a 143 X 166 map @ 0.050 m/pix
[amcl-2] [INFO] [1782997562.539134267] [amcl]: createLaserObject
[amcl-2] [WARN] [1782997563.438260268] [amcl]: AMCL cannot publish a pose or update the transform. Please set the initial pose...
[amcl-2] [INFO] [1782997563.537615055] [amcl]: Received a 143 X 166 map @ 0.050 m/pix
[amcl-2] [INFO] [1782997563.634433927] [amcl]: createLaserObject
[amcl-2] [INFO] [1782997564.550464586] [amcl]: Received a 143 X 166 map @ 0.050 m/pix
[amcl-2] [INFO] [1782997564.632589631] [amcl]: createLaserObject
[amcl-2] [WARN] [1782997565.442299548] [amcl]: AMCL cannot publish a pose or update the transform. Please set the initial pose...
[amcl-2] [INFO] [1782997565.536146296] [amcl]: Received a 143 X 166 map @ 0.050 m/pix
[amcl-2] [INFO] [1782997565.633487917] [amcl]: createLaserObject
[amcl-2] [INFO] [1782997566.537469248] [amcl]: Received a 143 X 166 map @ 0.050 m/pix
[amcl-2] [INFO] [1782997566.631281997] [amcl]: createLaserObject
[amcl-2] [WARN] [1782997567.539899367] [amcl]: AMCL cannot publish a pose or update the transform. Please set the initial pose...
[amcl-2] [INFO] [1782997567.543057032] [amcl]: Received a 143 X 166 map @ 0.050 m/pix
[amcl-2] [INFO] [1782997567.632580283] [amcl]: createLaserObject
[amcl-2] [INFO] [1782997568.539249696] [amcl]: Received a 143 X 166 map @ 0.050 m/pix
[amcl-2] [INFO] [1782997568.540754445] [amcl]: createLaserObject
[amcl-2] [INFO] [1782997569.537412608] [amcl]: Received a 143 X 166 map @ 0.050 m/pix
[amcl-2] [INFO] [1782997569.632959772] [amcl]: createLaserObject
[amcl-2] [WARN] [1782997569.662634008] [amcl]: AMCL cannot publish a pose or update the transform. Please set the initial pose...
[amcl-2] [INFO] [1782997570.537420644] [amcl]: Received a 143 X 166 map @ 0.050 m/pix
[amcl-2] [INFO] [1782997570.628816643] [amcl]: createLaserObject
[amcl-2] [INFO] [1782997571.539391138] [amcl]: Received a 143 X 166 map @ 0.050 m/pix
[amcl-2] [INFO] [1782997571.630606804] [amcl]: createLaserObject
[amcl-2] [WARN] [1782997571.673696492] [amcl]: AMCL cannot publish a pose or update the transform. Please set the initial pose...
[amcl-2] [INFO] [1782997572.537984966] [amcl]: Received a 143 X 166 map @ 0.050 m/pix
[amcl-2] [INFO] [1782997572.626426967] [amcl]: createLaserObject
[amcl-2] [INFO] [1782997573.539535335] [amcl]: Received a 143 X 166 map @ 0.050 m/pix
[amcl-2] [INFO] [1782997573.631838709] [amcl]: createLaserObject
[amcl-2] [WARN] [1782997573.726003498] [amcl]: AMCL cannot publish a pose or update the transform. Please set the initial pose...
[amcl-2] [INFO] [1782997574.537955038] [amcl]: Received a 143 X 166 map @ 0.050 m/pix
[amcl-2] [INFO] [1782997574.633019702] [amcl]: createLaserObject
[amcl-2] [INFO] [1782997575.542487822] [amcl]: Received a 143 X 166 map @ 0.050 m/pix
[amcl-2] [INFO] [1782997575.626279908] [amcl]: createLaserObject
[amcl-2] [WARN] [1782997575.737387982] [amcl]: AMCL cannot publish a pose or update the transform. Please set the initial pose...
[amcl-2] [INFO] [1782997576.541436817] [amcl]: Received a 143 X 166 map @ 0.050 m/pix
[amcl-2] [INFO] [1782997576.623994528] [amcl]: createLaserObject
[amcl-2] [INFO] [1782997577.541408436] [amcl]: Received a 143 X 166 map @ 0.050 m/pix
[amcl-2] [INFO] [1782997577.623721481] [amcl]: createLaserObject
[amcl-2] [WARN] [1782997577.838758381] [amcl]: AMCL cannot publish a pose or update the transform. Please set the initial pose...
[amcl-2] [INFO] [1782997578.536621432] [amcl]: Received a 143 X 166 map @ 0.050 m/pix
[amcl-2] [INFO] [1782997578.635782219] [amcl]: createLaserObject
[amcl-2] [INFO] [1782997579.537071634] [amcl]: Received a 143 X 166 map @ 0.050 m/pix
[amcl-2] [INFO] [1782997579.624429052] [amcl]: createLaserObject
[amcl-2] [WARN] [1782997579.921437581] [amcl]: AMCL cannot publish a pose or update the transform. Please set the initial pose...
[amcl-2] [INFO] [1782997580.538253377] [amcl]: Received a 143 X 166 map @ 0.050 m/pix
[amcl-2] [INFO] [1782997580.624764254] [amcl]: createLaserObject
[amcl-2] [INFO] [1782997581.534901706] [amcl]: Received a 143 X 166 map @ 0.050 m/pix
[amcl-2] [INFO] [1782997581.628050454] [amcl]: createLaserObject
[amcl-2] [WARN] [1782997581.921942776] [amcl]: AMCL cannot publish a pose or update the transform. Please set the initial pose...
[amcl-2] [INFO] [1782997582.542984988] [amcl]: Received a 143 X 166 map @ 0.050 m/pix
[amcl-2] [INFO] [1782997582.621005326] [amcl]: createLaserObject
[amcl-2] [INFO] [1782997583.538453108] [amcl]: Received a 143 X 166 map @ 0.050 m/pix
[amcl-2] [INFO] [1782997583.617912905] [amcl]: createLaserObject
[amcl-2] [WARN] [1782997583.922652555] [amcl]: AMCL cannot publish a pose or update the transform. Please set the initial pose...
[amcl-2] [INFO] [1782997584.536523520] [amcl]: Received a 143 X 166 map @ 0.050 m/pix
[amcl-2] [INFO] [1782997584.622232688] [amcl]: createLaserObject
[amcl-2] [INFO] [1782997585.538997595] [amcl]: Received a 143 X 166 map @ 0.050 m/pix
[amcl-2] [INFO] [1782997585.619743641] [amcl]: createLaserObject
[amcl-2] [WARN] [1782997586.016595498] [amcl]: AMCL cannot publish a pose or update the transform. Please set the initial pose...
[amcl-2] [INFO] [1782997586.541162671] [amcl]: Received a 143 X 166 map @ 0.050 m/pix
[amcl-2] [INFO] [1782997586.617134469] [amcl]: createLaserObject
[amcl-2] [INFO] [1782997587.535925667] [amcl]: Received a 143 X 166 map @ 0.050 m/pix
[amcl-2] [INFO] [1782997587.618964336] [amcl]: createLaserObject
[amcl-2] [WARN] [1782997588.121946144] [amcl]: AMCL cannot publish a pose or update the transform. Please set the initial pose...
[amcl-2] [INFO] [1782997588.540497783] [amcl]: Received a 143 X 166 map @ 0.050 m/pix
[amcl-2] [INFO] [1782997588.624012827] [amcl]: createLaserObject
[amcl-2] [INFO] [1782997589.539696360] [amcl]: Received a 143 X 166 map @ 0.050 m/pix
[amcl-2] [INFO] [1782997589.617312657] [amcl]: createLaserObject
[amcl-2] [WARN] [1782997590.213887005] [amcl]: AMCL cannot publish a pose or update the transform. Please set the initial pose...
[amcl-2] [INFO] [1782997590.541984560] [amcl]: Received a 143 X 166 map @ 0.050 m/pix
[amcl-2] [INFO] [1782997590.613480402] [amcl]: createLaserObject
[amcl-2] [INFO] [1782997591.547205717] [amcl]: Received a 143 X 166 map @ 0.050 m/pix
[amcl-2] [INFO] [1782997591.613180187] [amcl]: createLaserObject
[amcl-2] [WARN] [1782997592.313176278] [amcl]: AMCL cannot publish a pose or update the transform. Please set the initial pose...
[amcl-2] [INFO] [1782997592.535452091] [amcl]: Received a 143 X 166 map @ 0.050 m/pix
[amcl-2] [INFO] [1782997592.612402472] [amcl]: createLaserObject
[amcl-2] [INFO] [1782997593.539974332] [amcl]: Received a 143 X 166 map @ 0.050 m/pix
[amcl-2] [INFO] [1782997593.611896548] [amcl]: createLaserObject
[amcl-2] [WARN] [1782997594.410873510] [amcl]: AMCL cannot publish a pose or update the transform. Please set the initial pose...
[amcl-2] [INFO] [1782997594.535312577] [amcl]: Received a 143 X 166 map @ 0.050 m/pix
[amcl-2] [INFO] [1782997594.611322708] [amcl]: createLaserObject
[amcl-2] [INFO] [1782997595.536107361] [amcl]: Received a 143 X 166 map @ 0.050 m/pix
[amcl-2] [INFO] [1782997595.609836077] [amcl]: createLaserObject
[amcl-2] [WARN] [1782997596.511225782] [amcl]: AMCL cannot publish a pose or update the transform. Please set the initial pose...
[amcl-2] [INFO] [1782997596.541023768] [amcl]: Received a 143 X 166 map @ 0.050 m/pix
[amcl-2] [INFO] [1782997596.611893235] [amcl]: createLaserObject
[amcl-2] [INFO] [1782997597.534629097] [amcl]: Received a 143 X 166 map @ 0.050 m/pix
[amcl-2] [INFO] [1782997597.608159979] [amcl]: createLaserObject
[amcl-2] [WARN] [1782997598.525922302] [amcl]: AMCL cannot publish a pose or update the transform. Please set the initial pose...
[amcl-2] [INFO] [1782997598.542384211] [amcl]: Received a 143 X 166 map @ 0.050 m/pix
[amcl-2] [INFO] [1782997598.613852303] [amcl]: createLaserObject
[amcl-2] [INFO] [1782997599.544377244] [amcl]: Received a 143 X 166 map @ 0.050 m/pix
[amcl-2] [INFO] [1782997599.607824131] [amcl]: createLaserObject
[amcl-2] [INFO] [1782997600.537801240] [amcl]: Received a 143 X 166 map @ 0.050 m/pix
[amcl-2] [INFO] [1782997600.606792291] [amcl]: createLaserObject
[amcl-2] [WARN] [1782997600.657706475] [amcl]: AMCL cannot publish a pose or update the transform. Please set the initial pose...
[amcl-2] [INFO] [1782997601.541862355] [amcl]: Received a 143 X 166 map @ 0.050 m/pix
[amcl-2] [INFO] [1782997601.606434242] [amcl]: createLaserObject
[amcl-2] [INFO] [1782997602.540611306] [amcl]: Received a 143 X 166 map @ 0.050 m/pix
[amcl-2] [INFO] [1782997602.608341858] [amcl]: createLaserObject
[amcl-2] [WARN] [1782997602.704170230] [amcl]: AMCL cannot publish a pose or update the transform. Please set the initial pose...
[amcl-2] [INFO] [1782997603.545030171] [amcl]: Received a 143 X 166 map @ 0.050 m/pix
[amcl-2] [INFO] [1782997603.606870059] [amcl]: createLaserObject
[amcl-2] [INFO] [1782997604.537130792] [amcl]: Received a 143 X 166 map @ 0.050 m/pix
[amcl-2] [INFO] [1782997604.613153965] [amcl]: createLaserObject
[amcl-2] [WARN] [1782997604.803887501] [amcl]: AMCL cannot publish a pose or update the transform. Please set the initial pose...
[amcl-2] [INFO] [1782997605.548982529] [amcl]: Received a 143 X 166 map @ 0.050 m/pix
[amcl-2] [INFO] [1782997605.602672837] [amcl]: createLaserObject
[amcl-2] [INFO] [1782997606.535850152] [amcl]: Received a 143 X 166 map @ 0.050 m/pix
[amcl-2] [INFO] [1782997606.602497913] [amcl]: createLaserObject
[amcl-2] [WARN] [1782997606.901921690] [amcl]: AMCL cannot publish a pose or update the transform. Please set the initial pose...
[amcl-2] [INFO] [1782997607.537210977] [amcl]: Received a 143 X 166 map @ 0.050 m/pix
[amcl-2] [INFO] [1782997607.607488652] [amcl]: createLaserObject
[amcl-2] [INFO] [1782997608.535696011] [amcl]: Received a 143 X 166 map @ 0.050 m/pix
[amcl-2] [INFO] [1782997608.608179227] [amcl]: createLaserObject
[amcl-2] [WARN] [1782997608.999941503] [amcl]: AMCL cannot publish a pose or update the transform. Please set the initial pose...
[amcl-2] [INFO] [1782997609.552829286] [amcl]: Received a 143 X 166 map @ 0.050 m/pix
[amcl-2] [INFO] [1782997609.604813887] [amcl]: createLaserObject
[amcl-2] [INFO] [1782997610.540586200] [amcl]: Received a 143 X 166 map @ 0.050 m/pix
[amcl-2] [INFO] [1782997610.602497380] [amcl]: createLaserObject
[amcl-2] [WARN] [1782997611.102120855] [amcl]: AMCL cannot publish a pose or update the transform. Please set the initial pose...
[amcl-2] [INFO] [1782997611.534744028] [amcl]: Received a 143 X 166 map @ 0.050 m/pix
[amcl-2] [INFO] [1782997611.598709290] [amcl]: createLaserObject
[amcl-2] [INFO] [1782997612.536519602] [amcl]: Received a 143 X 166 map @ 0.050 m/pix
[amcl-2] [INFO] [1782997612.598951448] [amcl]: createLaserObject
[amcl-2] [WARN] [1782997613.199714668] [amcl]: AMCL cannot publish a pose or update the transform. Please set the initial pose...
[amcl-2] [INFO] [1782997613.536032177] [amcl]: Received a 143 X 166 map @ 0.050 m/pix
[amcl-2] [INFO] [1782997613.598662273] [amcl]: createLaserObject
[amcl-2] [INFO] [1782997614.539768334] [amcl]: Received a 143 X 166 map @ 0.050 m/pix
[amcl-2] [INFO] [1782997614.596331474] [amcl]: createLaserObject
[amcl-2] [WARN] [1782997615.203249607] [amcl]: AMCL cannot publish a pose or update the transform. Please set the initial pose...
[amcl-2] [INFO] [1782997615.536932452] [amcl]: Received a 143 X 166 map @ 0.050 m/pix
[amcl-2] [INFO] [1782997615.595725674] [amcl]: createLaserObject
[amcl-2] [INFO] [1782997616.542525065] [amcl]: Received a 143 X 166 map @ 0.050 m/pix
[amcl-2] [INFO] [1782997616.594699666] [amcl]: createLaserObject
[amcl-2] [WARN] [1782997617.294355548] [amcl]: AMCL cannot publish a pose or update the transform. Please set the initial pose...
[amcl-2] [INFO] [1782997617.536159185] [amcl]: Received a 143 X 166 map @ 0.050 m/pix
[amcl-2] [INFO] [1782997617.601478821] [amcl]: createLaserObject
[amcl-2] [INFO] [1782997618.539136508] [amcl]: Received a 143 X 166 map @ 0.050 m/pix
[amcl-2] [INFO] [1782997618.595120232] [amcl]: createLaserObject
[amcl-2] [WARN] [1782997619.393582650] [amcl]: AMCL cannot publish a pose or update the transform. Please set the initial pose...
[amcl-2] [INFO] [1782997619.536397000] [amcl]: Received a 143 X 166 map @ 0.050 m/pix
[amcl-2] [INFO] [1782997619.593007849] [amcl]: createLaserObject
[amcl-2] [INFO] [1782997620.538383782] [amcl]: Received a 143 X 166 map @ 0.050 m/pix
[amcl-2] [INFO] [1782997620.595768130] [amcl]: createLaserObject
[amcl-2] [WARN] [1782997621.398718963] [amcl]: AMCL cannot publish a pose or update the transform. Please set the initial pose...
[amcl-2] [INFO] [1782997621.540161814] [amcl]: Received a 143 X 166 map @ 0.050 m/pix
[amcl-2] [INFO] [1782997621.591379790] [amcl]: createLaserObject
[amcl-2] [INFO] [1782997622.536110640] [amcl]: Received a 143 X 166 map @ 0.050 m/pix
[amcl-2] [INFO] [1782997622.604331025] [amcl]: createLaserObject
[amcl-2] [WARN] [1782997623.490233652] [amcl]: AMCL cannot publish a pose or update the transform. Please set the initial pose...
[amcl-2] [INFO] [1782997623.534413424] [amcl]: Received a 143 X 166 map @ 0.050 m/pix
[amcl-2] [INFO] [1782997623.597420102] [amcl]: createLaserObject
[amcl-2] [INFO] [1782997624.539832703] [amcl]: Received a 143 X 166 map @ 0.050 m/pix
[amcl-2] [INFO] [1782997624.588843222] [amcl]: createLaserObject
[amcl-2] [INFO] [1782997625.541005444] [amcl]: Received a 143 X 166 map @ 0.050 m/pix
[amcl-2] [INFO] [1782997625.588502338] [amcl]: createLaserObject
[amcl-2] [WARN] [1782997625.628321861] [amcl]: AMCL cannot publish a pose or update the transform. Please set the initial pose...
[amcl-2] [INFO] [1782997626.543736142] [amcl]: Received a 143 X 166 map @ 0.050 m/pix
[amcl-2] [INFO] [1782997626.590271828] [amcl]: createLaserObject
[amcl-2] [INFO] [1782997627.540503675] [amcl]: Received a 143 X 166 map @ 0.050 m/pix
[amcl-2] [INFO] [1782997627.589223944] [amcl]: createLaserObject
[amcl-2] [WARN] [1782997627.686985982] [amcl]: AMCL cannot publish a pose or update the transform. Please set the initial pose...
[amcl-2] [INFO] [1782997628.536798126] [amcl]: Received a 143 X 166 map @ 0.050 m/pix
[amcl-2] [INFO] [1782997628.586224145] [amcl]: createLaserObject
[amcl-2] [INFO] [1782997629.542229947] [amcl]: Received a 143 X 166 map @ 0.050 m/pix
[amcl-2] [INFO] [1782997629.586069135] [amcl]: createLaserObject
[amcl-2] [WARN] [1782997629.691904711] [amcl]: AMCL cannot publish a pose or update the transform. Please set the initial pose...
[amcl-2] [INFO] [1782997630.534411150] [amcl]: Received a 143 X 166 map @ 0.050 m/pix
[amcl-2] [INFO] [1782997630.587111333] [amcl]: createLaserObject
[amcl-2] [INFO] [1782997631.540999470] [amcl]: Received a 143 X 166 map @ 0.050 m/pix
[amcl-2] [INFO] [1782997631.587371032] [amcl]: createLaserObject
[amcl-2] [WARN] [1782997631.786609272] [amcl]: AMCL cannot publish a pose or update the transform. Please set the initial pose...
[amcl-2] [INFO] [1782997632.544802001] [amcl]: Received a 143 X 166 map @ 0.050 m/pix
[amcl-2] [INFO] [1782997632.584652065] [amcl]: createLaserObject
[amcl-2] [INFO] [1782997633.543299200] [amcl]: Received a 143 X 166 map @ 0.050 m/pix
[amcl-2] [INFO] [1782997633.584025389] [amcl]: createLaserObject
[amcl-2] [WARN] [1782997633.886696164] [amcl]: AMCL cannot publish a pose or update the transform. Please set the initial pose...
[amcl-2] [INFO] [1782997634.538614484] [amcl]: Received a 143 X 166 map @ 0.050 m/pix
[amcl-2] [INFO] [1782997634.582436214] [amcl]: createLaserObject
[amcl-2] [INFO] [1782997635.537254975] [amcl]: Received a 143 X 166 map @ 0.050 m/pix
[amcl-2] [INFO] [1782997635.582358995] [amcl]: createLaserObject
[amcl-2] [WARN] [1782997635.888883644] [amcl]: AMCL cannot publish a pose or update the transform. Please set the initial pose...
[amcl-2] [INFO] [1782997636.534343675] [amcl]: Received a 143 X 166 map @ 0.050 m/pix
[amcl-2] [INFO] [1782997636.581836403] [amcl]: createLaserObject
[amcl-2] [INFO] [1782997637.536745747] [amcl]: Received a 143 X 166 map @ 0.050 m/pix
[amcl-2] [INFO] [1782997637.582291434] [amcl]: createLaserObject
[amcl-2] [WARN] [1782997637.985160204] [amcl]: AMCL cannot publish a pose or update the transform. Please set the initial pose...
[amcl-2] [INFO] [1782997638.535033904] [amcl]: Received a 143 X 166 map @ 0.050 m/pix
[amcl-2] [INFO] [1782997638.581805466] [amcl]: createLaserObject
[amcl-2] [INFO] [1782997639.539384517] [amcl]: Received a 143 X 166 map @ 0.050 m/pix
[amcl-2] [INFO] [1782997639.584408663] [amcl]: createLaserObject
[amcl-2] [WARN] [1782997640.078317182] [amcl]: AMCL cannot publish a pose or update the transform. Please set the initial pose...
[amcl-2] [INFO] [1782997640.534760801] [amcl]: Received a 143 X 166 map @ 0.050 m/pix
[amcl-2] [INFO] [1782997640.577818739] [amcl]: createLaserObject
[amcl-2] [INFO] [1782997641.536107457] [amcl]: Received a 143 X 166 map @ 0.050 m/pix
[amcl-2] [INFO] [1782997641.577424813] [amcl]: createLaserObject
[amcl-2] [WARN] [1782997642.177444198] [amcl]: AMCL cannot publish a pose or update the transform. Please set the initial pose...
[amcl-2] [INFO] [1782997642.539727070] [amcl]: Received a 143 X 166 map @ 0.050 m/pix
[amcl-2] [INFO] [1782997642.578246094] [amcl]: createLaserObject
[amcl-2] [INFO] [1782997643.538647102] [amcl]: Received a 143 X 166 map @ 0.050 m/pix
[amcl-2] [INFO] [1782997643.576444543] [amcl]: createLaserObject
[amcl-2] [WARN] [1782997644.279488421] [amcl]: AMCL cannot publish a pose or update the transform. Please set the initial pose...
[amcl-2] [INFO] [1782997644.535530468] [amcl]: Received a 143 X 166 map @ 0.050 m/pix
[amcl-2] [INFO] [1782997644.575104074] [amcl]: createLaserObject
[amcl-2] [INFO] [1782997645.536741624] [amcl]: Received a 143 X 166 map @ 0.050 m/pix
[amcl-2] [INFO] [1782997645.573967898] [amcl]: createLaserObject
[amcl-2] [WARN] [1782997646.373468440] [amcl]: AMCL cannot publish a pose or update the transform. Please set the initial pose...
[amcl-2] [INFO] [1782997646.534904114] [amcl]: Received a 143 X 166 map @ 0.050 m/pix
[amcl-2] [INFO] [1782997646.575215262] [amcl]: createLaserObject
[amcl-2] [INFO] [1782997647.536420894] [amcl]: Received a 143 X 166 map @ 0.050 m/pix
[amcl-2] [INFO] [1782997647.572711961] [amcl]: createLaserObject
[amcl-2] [WARN] [1782997648.472578080] [amcl]: AMCL cannot publish a pose or update the transform. Please set the initial pose...
[amcl-2] [INFO] [1782997648.537340717] [amcl]: Received a 143 X 166 map @ 0.050 m/pix
[amcl-2] [INFO] [1782997648.571835159] [amcl]: createLaserObject
[amcl-2] [INFO] [1782997649.540399580] [amcl]: Received a 143 X 166 map @ 0.050 m/pix
[amcl-2] [INFO] [1782997649.575093605] [amcl]: createLaserObject
[amcl-2] [INFO] [1782997650.539575861] [amcl]: Received a 143 X 166 map @ 0.050 m/pix
[amcl-2] [INFO] [1782997650.570254347] [amcl]: createLaserObject
[amcl-2] [WARN] [1782997650.606370871] [amcl]: AMCL cannot publish a pose or update the transform. Please set the initial pose...
[amcl-2] [INFO] [1782997651.537770059] [amcl]: Received a 143 X 166 map @ 0.050 m/pix
[amcl-2] [INFO] [1782997651.571052627] [amcl]: createLaserObject
[amcl-2] [INFO] [1782997652.538350507] [amcl]: Received a 143 X 166 map @ 0.050 m/pix
[amcl-2] [INFO] [1782997652.571959991] [amcl]: createLaserObject
[amcl-2] [WARN] [1782997652.669050820] [amcl]: AMCL cannot publish a pose or update the transform. Please set the initial pose...
[amcl-2] [INFO] [1782997653.535238164] [amcl]: Received a 143 X 166 map @ 0.050 m/pix
[amcl-2] [INFO] [1782997653.575880020] [amcl]: createLaserObject
[amcl-2] [INFO] [1782997654.540994317] [amcl]: Received a 143 X 166 map @ 0.050 m/pix
[amcl-2] [INFO] [1782997654.566499555] [amcl]: createLaserObject
[amcl-2] [WARN] [1782997654.767558252] [amcl]: AMCL cannot publish a pose or update the transform. Please set the initial pose...
[amcl-2] [INFO] [1782997655.535011850] [amcl]: Received a 143 X 166 map @ 0.050 m/pix
[amcl-2] [INFO] [1782997655.566652336] [amcl]: createLaserObject
[amcl-2] [INFO] [1782997656.539434629] [amcl]: Received a 143 X 166 map @ 0.050 m/pix
[amcl-2] [INFO] [1782997656.568806282] [amcl]: createLaserObject
[amcl-2] [WARN] [1782997656.767982897] [amcl]: AMCL cannot publish a pose or update the transform. Please set the initial pose...
[amcl-2] [INFO] [1782997657.537946494] [amcl]: Received a 143 X 166 map @ 0.050 m/pix
[amcl-2] [INFO] [1782997657.565217731] [amcl]: createLaserObject
[amcl-2] [INFO] [1782997658.536565150] [amcl]: Received a 143 X 166 map @ 0.050 m/pix
[amcl-2] [INFO] [1782997658.566632136] [amcl]: createLaserObject
[amcl-2] [WARN] [1782997658.864191579] [amcl]: AMCL cannot publish a pose or update the transform. Please set the initial pose...
[amcl-2] [INFO] [1782997659.537864971] [amcl]: Received a 143 X 166 map @ 0.050 m/pix
[amcl-2] [INFO] [1782997659.565177667] [amcl]: createLaserObject
[amcl-2] [INFO] [1782997660.536260211] [amcl]: Received a 143 X 166 map @ 0.050 m/pix
[amcl-2] [INFO] [1782997660.562879948] [amcl]: createLaserObject
[amcl-2] [WARN] [1782997660.962657511] [amcl]: AMCL cannot publish a pose or update the transform. Please set the initial pose...
[amcl-2] [INFO] [1782997661.546637111] [amcl]: Received a 143 X 166 map @ 0.050 m/pix
[amcl-2] [INFO] [1782997661.565322436] [amcl]: createLaserObject
[amcl-2] [INFO] [1782997662.537730979] [amcl]: Received a 143 X 166 map @ 0.050 m/pix
[amcl-2] [INFO] [1782997662.561269885] [amcl]: createLaserObject
[amcl-2] [WARN] [1782997663.060958192] [amcl]: AMCL cannot publish a pose or update the transform. Please set the initial pose...
[amcl-2] [INFO] [1782997663.540262675] [amcl]: Received a 143 X 166 map @ 0.050 m/pix
[amcl-2] [INFO] [1782997663.564431330] [amcl]: createLaserObject
[amcl-2] [INFO] [1782997664.538914872] [amcl]: Received a 143 X 166 map @ 0.050 m/pix
[amcl-2] [INFO] [1782997664.560992404] [amcl]: createLaserObject
[amcl-2] [WARN] [1782997665.161551121] [amcl]: AMCL cannot publish a pose or update the transform. Please set the initial pose...
[amcl-2] [INFO] [1782997665.539902235] [amcl]: Received a 143 X 166 map @ 0.050 m/pix
[amcl-2] [INFO] [1782997665.560389142] [amcl]: createLaserObject
[amcl-2] [INFO] [1782997666.540695182] [amcl]: Received a 143 X 166 map @ 0.050 m/pix
[amcl-2] [INFO] [1782997666.564481379] [amcl]: createLaserObject
[amcl-2] [WARN] [1782997667.262182343] [amcl]: AMCL cannot publish a pose or update the transform. Please set the initial pose...
[amcl-2] [INFO] [1782997667.540279587] [amcl]: Received a 143 X 166 map @ 0.050 m/pix
[amcl-2] [INFO] [1782997667.558028204] [amcl]: createLaserObject
[amcl-2] [INFO] [1782997668.548940738] [amcl]: Received a 143 X 166 map @ 0.050 m/pix
[amcl-2] [INFO] [1782997668.561657024] [amcl]: createLaserObject
[amcl-2] [WARN] [1782997669.361221773] [amcl]: AMCL cannot publish a pose or update the transform. Please set the initial pose...
[amcl-2] [INFO] [1782997669.536949232] [amcl]: Received a 143 X 166 map @ 0.050 m/pix
[amcl-2] [INFO] [1782997669.559168805] [amcl]: createLaserObject
[amcl-2] [INFO] [1782997670.536806845] [amcl]: Received a 143 X 166 map @ 0.050 m/pix
[amcl-2] [INFO] [1782997670.559623001] [amcl]: createLaserObject
[amcl-2] [WARN] [1782997671.455005330] [amcl]: AMCL cannot publish a pose or update the transform. Please set the initial pose...
[amcl-2] [INFO] [1782997671.545160663] [amcl]: Received a 143 X 166 map @ 0.050 m/pix
[amcl-2] [INFO] [1782997671.555864574] [amcl]: createLaserObject
[amcl-2] [INFO] [1782997672.539554237] [amcl]: Received a 143 X 166 map @ 0.050 m/pix
[amcl-2] [INFO] [1782997672.554870146] [amcl]: createLaserObject
[amcl-2] [INFO] [1782997673.534781810] [amcl]: Received a 143 X 166 map @ 0.050 m/pix
[amcl-2] [INFO] [1782997673.553835843] [amcl]: createLaserObject
[amcl-2] [WARN] [1782997673.580934372] [amcl]: AMCL cannot publish a pose or update the transform. Please set the initial pose...
[amcl-2] [INFO] [1782997674.535671631] [amcl]: Received a 143 X 166 map @ 0.050 m/pix
[amcl-2] [INFO] [1782997674.552624040] [amcl]: createLaserObject
[amcl-2] [INFO] [1782997675.536723077] [amcl]: Received a 143 X 166 map @ 0.050 m/pix
[amcl-2] [INFO] [1782997675.552846861] [amcl]: createLaserObject
[amcl-2] [WARN] [1782997675.655425688] [amcl]: AMCL cannot publish a pose or update the transform. Please set the initial pose...
[amcl-2] [INFO] [1782997676.538686647] [amcl]: Received a 143 X 166 map @ 0.050 m/pix
[amcl-2] [INFO] [1782997676.551345391] [amcl]: createLaserObject
[amcl-2] [INFO] [1782997677.536393928] [amcl]: Received a 143 X 166 map @ 0.050 m/pix
[amcl-2] [INFO] [1782997677.553506836] [amcl]: createLaserObject
[amcl-2] [WARN] [1782997677.750968702] [amcl]: AMCL cannot publish a pose or update the transform. Please set the initial pose...
[amcl-2] [INFO] [1782997678.536322249] [amcl]: Received a 143 X 166 map @ 0.050 m/pix
[amcl-2] [INFO] [1782997678.555146865] [amcl]: createLaserObject
[amcl-2] [INFO] [1782997679.536809278] [amcl]: Received a 143 X 166 map @ 0.050 m/pix
[amcl-2] [INFO] [1782997679.556566436] [amcl]: createLaserObject
[amcl-2] [WARN] [1782997679.754473801] [amcl]: AMCL cannot publish a pose or update the transform. Please set the initial pose...
[amcl-2] [INFO] [1782997680.540357389] [amcl]: Received a 143 X 166 map @ 0.050 m/pix
[amcl-2] [INFO] [1782997680.548342760] [amcl]: createLaserObject
[amcl-2] [INFO] [1782997681.535290254] [amcl]: Received a 143 X 166 map @ 0.050 m/pix
[amcl-2] [INFO] [1782997681.551409788] [amcl]: createLaserObject
[amcl-2] [WARN] [1782997681.856317686] [amcl]: AMCL cannot publish a pose or update the transform. Please set the initial pose...
[amcl-2] [INFO] [1782997682.539595198] [amcl]: Received a 143 X 166 map @ 0.050 m/pix
[amcl-2] [INFO] [1782997682.552369067] [amcl]: createLaserObject
[amcl-2] [INFO] [1782997683.542583893] [amcl]: Received a 143 X 166 map @ 0.050 m/pix
[amcl-2] [INFO] [1782997683.555001053] [amcl]: createLaserObject
[amcl-2] [WARN] [1782997683.945076328] [amcl]: AMCL cannot publish a pose or update the transform. Please set the initial pose...
[amcl-2] [INFO] [1782997684.534825592] [amcl]: Received a 143 X 166 map @ 0.050 m/pix
[amcl-2] [INFO] [1782997684.545644420] [amcl]: createLaserObject
[amcl-2] [INFO] [1782997685.542515909] [amcl]: Received a 143 X 166 map @ 0.050 m/pix
[amcl-2] [INFO] [1782997685.547301449] [amcl]: createLaserObject
[amcl-2] [WARN] [1782997686.043284298] [amcl]: AMCL cannot publish a pose or update the transform. Please set the initial pose...
[amcl-2] [INFO] [1782997686.538232899] [amcl]: Received a 143 X 166 map @ 0.050 m/pix
[amcl-2] [INFO] [1782997686.544381729] [amcl]: createLaserObject
[amcl-2] [INFO] [1782997687.535262971] [amcl]: Received a 143 X 166 map @ 0.050 m/pix
[amcl-2] [INFO] [1782997687.544006550] [amcl]: createLaserObject
[amcl-2] [WARN] [1782997688.142615976] [amcl]: AMCL cannot publish a pose or update the transform. Please set the initial pose...
[amcl-2] [INFO] [1782997688.539411123] [amcl]: Received a 143 X 166 map @ 0.050 m/pix
[amcl-2] [INFO] [1782997688.543898496] [amcl]: createLaserObject
[amcl-2] [INFO] [1782997689.536583861] [amcl]: Received a 143 X 166 map @ 0.050 m/pix
[amcl-2] [INFO] [1782997689.541935317] [amcl]: createLaserObject
[amcl-2] [WARN] [1782997690.242720820] [amcl]: AMCL cannot publish a pose or update the transform. Please set the initial pose...
[amcl-2] [INFO] [1782997690.535821766] [amcl]: Received a 143 X 166 map @ 0.050 m/pix
[amcl-2] [INFO] [1782997690.540221180] [amcl]: createLaserObject
[amcl-2] [INFO] [1782997691.538646710] [amcl]: Received a 143 X 166 map @ 0.050 m/pix
[amcl-2] [INFO] [1782997691.541991958] [amcl]: createLaserObject
[amcl-2] [WARN] [1782997692.339326874] [amcl]: AMCL cannot publish a pose or update the transform. Please set the initial pose...
[amcl-2] [INFO] [1782997692.540216488] [amcl]: Received a 143 X 166 map @ 0.050 m/pix
[amcl-2] [INFO] [1782997692.545433152] [amcl]: createLaserObject
[amcl-2] [INFO] [1782997693.537080768] [amcl]: Received a 143 X 166 map @ 0.050 m/pix
[amcl-2] [INFO] [1782997693.544477764] [amcl]: createLaserObject
[amcl-2] [WARN] [1782997694.341772472] [amcl]: AMCL cannot publish a pose or update the transform. Please set the initial pose...
[amcl-2] [INFO] [1782997694.538300338] [amcl]: Received a 143 X 166 map @ 0.050 m/pix
[amcl-2] [INFO] [1782997694.541031336] [amcl]: createLaserObject
[amcl-2] [INFO] [1782997695.538934866] [amcl]: Received a 143 X 166 map @ 0.050 m/pix
[amcl-2] [INFO] [1782997695.541004240] [amcl]: createLaserObject
[amcl-2] [WARN] [1782997696.345867736] [amcl]: AMCL cannot publish a pose or update the transform. Please set the initial pose...
[amcl-2] [INFO] [1782997696.542908309] [amcl]: Received a 143 X 166 map @ 0.050 m/pix
[amcl-2] [INFO] [1782997696.639624972] [amcl]: createLaserObject
[amcl-2] [INFO] [1782997697.535653675] [amcl]: Received a 143 X 166 map @ 0.050 m/pix
[amcl-2] [INFO] [1782997697.538100882] [amcl]: createLaserObject
[amcl-2] [WARN] [1782997698.438802416] [amcl]: AMCL cannot publish a pose or update the transform. Please set the initial pose...
[amcl-2] [INFO] [1782997698.543215283] [amcl]: Received a 143 X 166 map @ 0.050 m/pix
[amcl-2] [INFO] [1782997698.640770529] [amcl]: createLaserObject
[amcl-2] [INFO] [1782997699.547489809] [amcl]: Received a 143 X 166 map @ 0.050 m/pix
[amcl-2] [INFO] [1782997699.636653351] [amcl]: createLaserObject
[amcl-2] [WARN] [1782997700.440698388] [amcl]: AMCL cannot publish a pose or update the transform. Please set the initial pose...
[amcl-2] [INFO] [1782997700.538919467] [amcl]: Received a 143 X 166 map @ 0.050 m/pix
[amcl-2] [INFO] [1782997700.544436673] [amcl]: createLaserObject
[amcl-2] [INFO] [1782997701.539302703] [amcl]: Received a 143 X 166 map @ 0.050 m/pix
[amcl-2] [INFO] [1782997701.638311115] [amcl]: createLaserObject
[amcl-2] [WARN] [1782997702.532171902] [amcl]: AMCL cannot publish a pose or update the transform. Please set the initial pose...
[amcl-2] [INFO] [1782997702.546079978] [amcl]: Received a 143 X 166 map @ 0.050 m/pix
[amcl-2] [INFO] [1782997702.635706978] [amcl]: createLaserObject
[amcl-2] [INFO] [1782997703.542824466] [amcl]: Received a 143 X 166 map @ 0.050 m/pix
[amcl-2] [INFO] [1782997703.638651380] [amcl]: createLaserObject
[amcl-2] [INFO] [1782997704.536098373] [amcl]: Received a 143 X 166 map @ 0.050 m/pix
[amcl-2] [INFO] [1782997704.634125243] [amcl]: createLaserObject
[amcl-2] [WARN] [1782997704.668109394] [amcl]: AMCL cannot publish a pose or update the transform. Please set the initial pose...
[amcl-2] [INFO] [1782997705.537318775] [amcl]: Received a 143 X 166 map @ 0.050 m/pix
[amcl-2] [INFO] [1782997705.641701060] [amcl]: createLaserObject
[amcl-2] [INFO] [1782997706.538112053] [amcl]: Received a 143 X 166 map @ 0.050 m/pix
[amcl-2] [INFO] [1782997706.627524553] [amcl]: createLaserObject
[amcl-2] [WARN] [1782997706.729834338] [amcl]: AMCL cannot publish a pose or update the transform. Please set the initial pose...
[amcl-2] [INFO] [1782997707.537487623] [amcl]: Received a 143 X 166 map @ 0.050 m/pix
[amcl-2] [INFO] [1782997707.626811998] [amcl]: createLaserObject
[amcl-2] [INFO] [1782997708.544928106] [amcl]: Received a 143 X 166 map @ 0.050 m/pix
[amcl-2] [INFO] [1782997708.628219567] [amcl]: createLaserObject
[amcl-2] [WARN] [1782997708.828309889] [amcl]: AMCL cannot publish a pose or update the transform. Please set the initial pose...
[amcl-2] [INFO] [1782997709.541062136] [amcl]: Received a 143 X 166 map @ 0.050 m/pix
[amcl-2] [INFO] [1782997709.627026554] [amcl]: createLaserObject
[amcl-2] [INFO] [1782997710.537452207] [amcl]: Received a 143 X 166 map @ 0.050 m/pix
[amcl-2] [INFO] [1782997710.626727332] [amcl]: createLaserObject
[amcl-2] [WARN] [1782997710.930504230] [amcl]: AMCL cannot publish a pose or update the transform. Please set the initial pose...
[amcl-2] [INFO] [1782997711.537464277] [amcl]: Received a 143 X 166 map @ 0.050 m/pix
[amcl-2] [INFO] [1782997711.625576110] [amcl]: createLaserObject
[amcl-2] [INFO] [1782997712.538360096] [amcl]: Received a 143 X 166 map @ 0.050 m/pix
[amcl-2] [INFO] [1782997712.623601222] [amcl]: createLaserObject
[amcl-2] [WARN] [1782997713.024625616] [amcl]: AMCL cannot publish a pose or update the transform. Please set the initial pose...
[amcl-2] [INFO] [1782997713.535527458] [amcl]: Received a 143 X 166 map @ 0.050 m/pix
[amcl-2] [INFO] [1782997713.622877750] [amcl]: createLaserObject
[amcl-2] [INFO] [1782997714.539968817] [amcl]: Received a 143 X 166 map @ 0.050 m/pix
[amcl-2] [INFO] [1782997714.634718981] [amcl]: createLaserObject
[amcl-2] [WARN] [1782997715.123499000] [amcl]: AMCL cannot publish a pose or update the transform. Please set the initial pose...
[amcl-2] [INFO] [1782997715.536278597] [amcl]: Received a 143 X 166 map @ 0.050 m/pix
[amcl-2] [INFO] [1782997715.621100598] [amcl]: createLaserObject
[amcl-2] [INFO] [1782997716.545906870] [amcl]: Received a 143 X 166 map @ 0.050 m/pix
[amcl-2] [INFO] [1782997716.624617666] [amcl]: createLaserObject
[amcl-2] [WARN] [1782997717.125026055] [amcl]: AMCL cannot publish a pose or update the transform. Please set the initial pose...
[amcl-2] [INFO] [1782997717.543735815] [amcl]: Received a 143 X 166 map @ 0.050 m/pix
[amcl-2] [INFO] [1782997717.618784405] [amcl]: createLaserObject
[amcl-2] [INFO] [1782997718.537663346] [amcl]: Received a 143 X 166 map @ 0.050 m/pix
[amcl-2] [INFO] [1782997718.629037511] [amcl]: createLaserObject
[amcl-2] [WARN] [1782997719.125626609] [amcl]: AMCL cannot publish a pose or update the transform. Please set the initial pose...
[amcl-2] [INFO] [1782997719.536559874] [amcl]: Received a 143 X 166 map @ 0.050 m/pix
[amcl-2] [INFO] [1782997719.617448585] [amcl]: createLaserObject
[amcl-2] [INFO] [1782997720.537420401] [amcl]: Received a 143 X 166 map @ 0.050 m/pix
[amcl-2] [INFO] [1782997720.631855648] [amcl]: createLaserObject
[amcl-2] [WARN] [1782997721.220570703] [amcl]: AMCL cannot publish a pose or update the transform. Please set the initial pose...
[amcl-2] [INFO] [1782997721.544176300] [amcl]: Received a 143 X 166 map @ 0.050 m/pix
[amcl-2] [INFO] [1782997721.615946808] [amcl]: createLaserObject
[amcl-2] [INFO] [1782997722.540581037] [amcl]: Received a 143 X 166 map @ 0.050 m/pix
[amcl-2] [INFO] [1782997722.615979502] [amcl]: createLaserObject
[amcl-2] [WARN] [1782997723.322908251] [amcl]: AMCL cannot publish a pose or update the transform. Please set the initial pose...
[amcl-2] [INFO] [1782997723.540766106] [amcl]: Received a 143 X 166 map @ 0.050 m/pix
[amcl-2] [INFO] [1782997723.613585072] [amcl]: createLaserObject
[amcl-2] [INFO] [1782997724.534903345] [amcl]: Received a 143 X 166 map @ 0.050 m/pix
[amcl-2] [INFO] [1782997724.613893391] [amcl]: createLaserObject
[amcl-2] [WARN] [1782997725.413676138] [amcl]: AMCL cannot publish a pose or update the transform. Please set the initial pose...
[amcl-2] [INFO] [1782997725.541108077] [amcl]: Received a 143 X 166 map @ 0.050 m/pix
[amcl-2] [INFO] [1782997725.612466335] [amcl]: createLaserObject
[amcl-2] [INFO] [1782997726.547746852] [amcl]: Received a 143 X 166 map @ 0.050 m/pix
[amcl-2] [INFO] [1782997726.611932030] [amcl]: createLaserObject
[amcl-2] [WARN] [1782997727.511142188] [amcl]: AMCL cannot publish a pose or update the transform. Please set the initial pose...
[amcl-2] [INFO] [1782997727.538845550] [amcl]: Received a 143 X 166 map @ 0.050 m/pix
[amcl-2] [INFO] [1782997727.610849557] [amcl]: createLaserObject
[amcl-2] [INFO] [1782997728.536101911] [amcl]: Received a 143 X 166 map @ 0.050 m/pix
[amcl-2] [INFO] [1782997728.613165292] [amcl]: createLaserObject
[amcl-2] [WARN] [1782997729.511418159] [amcl]: AMCL cannot publish a pose or update the transform. Please set the initial pose...
[amcl-2] [INFO] [1782997729.542705310] [amcl]: Received a 143 X 166 map @ 0.050 m/pix
[amcl-2] [INFO] [1782997729.612916444] [amcl]: createLaserObject
[amcl-2] [INFO] [1782997730.553398332] [amcl]: Received a 143 X 166 map @ 0.050 m/pix
[amcl-2] [INFO] [1782997730.609009014] [amcl]: createLaserObject
[amcl-2] [INFO] [1782997731.539504991] [amcl]: Received a 143 X 166 map @ 0.050 m/pix
[amcl-2] [INFO] [1782997731.607536792] [amcl]: createLaserObject
[amcl-2] [WARN] [1782997731.631316323] [amcl]: AMCL cannot publish a pose or update the transform. Please set the initial pose...
[amcl-2] [INFO] [1782997732.536718311] [amcl]: Received a 143 X 166 map @ 0.050 m/pix
[amcl-2] [INFO] [1782997732.606141195] [amcl]: createLaserObject
[amcl-2] [INFO] [1782997733.538403170] [amcl]: Received a 143 X 166 map @ 0.050 m/pix
[amcl-2] [INFO] [1782997733.607494138] [amcl]: createLaserObject
[amcl-2] [WARN] [1782997733.652892200] [amcl]: AMCL cannot publish a pose or update the transform. Please set the initial pose...
[amcl-2] [INFO] [1782997734.536104573] [amcl]: Received a 143 X 166 map @ 0.050 m/pix
[amcl-2] [INFO] [1782997734.612026038] [amcl]: createLaserObject
[amcl-2] [INFO] [1782997735.536233767] [amcl]: Received a 143 X 166 map @ 0.050 m/pix
[amcl-2] [INFO] [1782997735.603478943] [amcl]: createLaserObject
[amcl-2] [WARN] [1782997735.704376312] [amcl]: AMCL cannot publish a pose or update the transform. Please set the initial pose...
[amcl-2] [INFO] [1782997736.537828876] [amcl]: Received a 143 X 166 map @ 0.050 m/pix
[amcl-2] [INFO] [1782997736.604344512] [amcl]: createLaserObject
[amcl-2] [INFO] [1782997737.541454568] [amcl]: Received a 143 X 166 map @ 0.050 m/pix
[amcl-2] [INFO] [1782997737.603462914] [amcl]: createLaserObject
[amcl-2] [WARN] [1782997737.804430152] [amcl]: AMCL cannot publish a pose or update the transform. Please set the initial pose...
[amcl-2] [INFO] [1782997738.541669803] [amcl]: Received a 143 X 166 map @ 0.050 m/pix
[amcl-2] [INFO] [1782997738.602229774] [amcl]: createLaserObject
[amcl-2] [INFO] [1782997739.535512166] [amcl]: Received a 143 X 166 map @ 0.050 m/pix
[amcl-2] [INFO] [1782997739.602436884] [amcl]: createLaserObject
[amcl-2] [WARN] [1782997739.909243156] [amcl]: AMCL cannot publish a pose or update the transform. Please set the initial pose...
[amcl-2] [INFO] [1782997740.539050358] [amcl]: Received a 143 X 166 map @ 0.050 m/pix
[amcl-2] [INFO] [1782997740.612156240] [amcl]: createLaserObject
[amcl-2] [INFO] [1782997741.538142301] [amcl]: Received a 143 X 166 map @ 0.050 m/pix
[amcl-2] [INFO] [1782997741.610657059] [amcl]: createLaserObject
[amcl-2] [WARN] [1782997742.000430999] [amcl]: AMCL cannot publish a pose or update the transform. Please set the initial pose...
[amcl-2] [INFO] [1782997742.536846287] [amcl]: Received a 143 X 166 map @ 0.050 m/pix
[amcl-2] [INFO] [1782997742.622801663] [amcl]: createLaserObject
[amcl-2] [INFO] [1782997743.535754022] [amcl]: Received a 143 X 166 map @ 0.050 m/pix
[amcl-2] [INFO] [1782997743.601212700] [amcl]: createLaserObject
[amcl-2] [WARN] [1782997744.000810885] [amcl]: AMCL cannot publish a pose or update the transform. Please set the initial pose...
[amcl-2] [INFO] [1782997744.540129547] [amcl]: Received a 143 X 166 map @ 0.050 m/pix
[amcl-2] [INFO] [1782997744.615666386] [amcl]: createLaserObject
[amcl-2] [INFO] [1782997745.535775492] [amcl]: Received a 143 X 166 map @ 0.050 m/pix
[amcl-2] [INFO] [1782997745.606914042] [amcl]: createLaserObject
[amcl-2] [WARN] [1782997746.098323934] [amcl]: AMCL cannot publish a pose or update the transform. Please set the initial pose...
[amcl-2] [INFO] [1782997746.540435683] [amcl]: Received a 143 X 166 map @ 0.050 m/pix
[amcl-2] [INFO] [1782997746.598244905] [amcl]: createLaserObject
[amcl-2] [INFO] [1782997747.540566417] [amcl]: Received a 143 X 166 map @ 0.050 m/pix
[amcl-2] [INFO] [1782997747.595911058] [amcl]: createLaserObject
[amcl-2] [WARN] [1782997748.198737481] [amcl]: AMCL cannot publish a pose or update the transform. Please set the initial pose...
[amcl-2] [INFO] [1782997748.535457363] [amcl]: Received a 143 X 166 map @ 0.050 m/pix
[amcl-2] [INFO] [1782997748.598774708] [amcl]: createLaserObject
[amcl-2] [INFO] [1782997749.534813390] [amcl]: Received a 143 X 166 map @ 0.050 m/pix
[amcl-2] [INFO] [1782997749.595954111] [amcl]: createLaserObject
[amcl-2] [WARN] [1782997750.295014279] [amcl]: AMCL cannot publish a pose or update the transform. Please set the initial pose...
[amcl-2] [INFO] [1782997750.540215455] [amcl]: Received a 143 X 166 map @ 0.050 m/pix
[amcl-2] [INFO] [1782997750.593884471] [amcl]: createLaserObject
[amcl-2] [INFO] [1782997751.535711192] [amcl]: Received a 143 X 166 map @ 0.050 m/pix
[amcl-2] [INFO] [1782997751.593039706] [amcl]: createLaserObject
[amcl-2] [WARN] [1782997752.391739286] [amcl]: AMCL cannot publish a pose or update the transform. Please set the initial pose...
[amcl-2] [INFO] [1782997752.539271133] [amcl]: Received a 143 X 166 map @ 0.050 m/pix
[amcl-2] [INFO] [1782997752.591117233] [amcl]: createLaserObject
[amcl-2] [INFO] [1782997753.539860825] [amcl]: Received a 143 X 166 map @ 0.050 m/pix
[amcl-2] [INFO] [1782997753.590802301] [amcl]: createLaserObject
[amcl-2] [WARN] [1782997754.490614625] [amcl]: AMCL cannot publish a pose or update the transform. Please set the initial pose...
[amcl-2] [INFO] [1782997754.536869270] [amcl]: Received a 143 X 166 map @ 0.050 m/pix
[amcl-2] [INFO] [1782997754.589357953] [amcl]: createLaserObject
[amcl-2] [INFO] [1782997755.538907878] [amcl]: Received a 143 X 166 map @ 0.050 m/pix
[amcl-2] [INFO] [1782997755.597681850] [amcl]: createLaserObject
[amcl-2] [INFO] [1782997756.535652114] [amcl]: Received a 143 X 166 map @ 0.050 m/pix
[amcl-2] [INFO] [1782997756.590865129] [amcl]: createLaserObject
[amcl-2] [WARN] [1782997756.630777861] [amcl]: AMCL cannot publish a pose or update the transform. Please set the initial pose...
[amcl-2] [INFO] [1782997757.540582304] [amcl]: Received a 143 X 166 map @ 0.050 m/pix
[amcl-2] [INFO] [1782997757.588718323] [amcl]: createLaserObject
[amcl-2] [INFO] [1782997758.538150248] [amcl]: Received a 143 X 166 map @ 0.050 m/pix
[amcl-2] [INFO] [1782997758.588151016] [amcl]: createLaserObject
[amcl-2] [WARN] [1782997758.640063991] [amcl]: AMCL cannot publish a pose or update the transform. Please set the initial pose...
[amcl-2] [INFO] [1782997759.538764815] [amcl]: Received a 143 X 166 map @ 0.050 m/pix
[amcl-2] [INFO] [1782997759.586742043] [amcl]: createLaserObject
[amcl-2] [INFO] [1782997760.538140050] [amcl]: Received a 143 X 166 map @ 0.050 m/pix
[amcl-2] [INFO] [1782997760.587989651] [amcl]: createLaserObject
[amcl-2] [WARN] [1782997760.691783435] [amcl]: AMCL cannot publish a pose or update the transform. Please set the initial pose...
[amcl-2] [INFO] [1782997761.535027661] [amcl]: Received a 143 X 166 map @ 0.050 m/pix
[amcl-2] [INFO] [1782997761.588066719] [amcl]: createLaserObject
[amcl-2] [INFO] [1782997762.540294517] [amcl]: Received a 143 X 166 map @ 0.050 m/pix
[amcl-2] [INFO] [1782997762.584067205] [amcl]: createLaserObject
[amcl-2] [WARN] [1782997762.789464524] [amcl]: AMCL cannot publish a pose or update the transform. Please set the initial pose...
[amcl-2] [INFO] [1782997763.537510753] [amcl]: Received a 143 X 166 map @ 0.050 m/pix
[amcl-2] [INFO] [1782997763.585435647] [amcl]: createLaserObject
[amcl-2] [INFO] [1782997764.541480443] [amcl]: Received a 143 X 166 map @ 0.050 m/pix
[amcl-2] [INFO] [1782997764.582856965] [amcl]: createLaserObject
[amcl-2] [WARN] [1782997764.888321404] [amcl]: AMCL cannot publish a pose or update the transform. Please set the initial pose...
[amcl-2] [INFO] [1782997765.542213135] [amcl]: Received a 143 X 166 map @ 0.050 m/pix
[amcl-2] [INFO] [1782997765.585895073] [amcl]: createLaserObject
[amcl-2] [INFO] [1782997766.534840706] [amcl]: Received a 143 X 166 map @ 0.050 m/pix
[amcl-2] [INFO] [1782997766.583143058] [amcl]: createLaserObject
[amcl-2] [WARN] [1782997766.985416201] [amcl]: AMCL cannot publish a pose or update the transform. Please set the initial pose...
[amcl-2] [INFO] [1782997767.534975815] [amcl]: Received a 143 X 166 map @ 0.050 m/pix
[amcl-2] [INFO] [1782997767.582290626] [amcl]: createLaserObject
[amcl-2] [INFO] [1782997768.534621466] [amcl]: Received a 143 X 166 map @ 0.050 m/pix
[amcl-2] [INFO] [1782997768.578771028] [amcl]: createLaserObject
[amcl-2] [WARN] [1782997769.080407165] [amcl]: AMCL cannot publish a pose or update the transform. Please set the initial pose...
[amcl-2] [INFO] [1782997769.539821989] [amcl]: Received a 143 X 166 map @ 0.050 m/pix
[amcl-2] [INFO] [1782997769.578646387] [amcl]: createLaserObject
[amcl-2] [INFO] [1782997770.538665557] [amcl]: Received a 143 X 166 map @ 0.050 m/pix
[amcl-2] [INFO] [1782997770.577524913] [amcl]: createLaserObject
[amcl-2] [WARN] [1782997771.081229091] [amcl]: AMCL cannot publish a pose or update the transform. Please set the initial pose...
[amcl-2] [INFO] [1782997771.538120041] [amcl]: Received a 143 X 166 map @ 0.050 m/pix
[amcl-2] [INFO] [1782997771.582757728] [amcl]: createLaserObject
[amcl-2] [INFO] [1782997772.534989609] [amcl]: Received a 143 X 166 map @ 0.050 m/pix
[amcl-2] [INFO] [1782997772.576731965] [amcl]: createLaserObject
[amcl-2] [WARN] [1782997773.178522804] [amcl]: AMCL cannot publish a pose or update the transform. Please set the initial pose...
[amcl-2] [INFO] [1782997773.541722298] [amcl]: Received a 143 X 166 map @ 0.050 m/pix
[amcl-2] [INFO] [1782997773.574785699] [amcl]: createLaserObject
[amcl-2] [INFO] [1782997774.537825659] [amcl]: Received a 143 X 166 map @ 0.050 m/pix
[amcl-2] [INFO] [1782997774.573102517] [amcl]: createLaserObject
[amcl-2] [WARN] [1782997775.275124059] [amcl]: AMCL cannot publish a pose or update the transform. Please set the initial pose...
[amcl-2] [INFO] [1782997775.543070140] [amcl]: Received a 143 X 166 map @ 0.050 m/pix
[amcl-2] [INFO] [1782997775.583466662] [amcl]: createLaserObject
[amcl-2] [INFO] [1782997776.535779085] [amcl]: Received a 143 X 166 map @ 0.050 m/pix
[amcl-2] [INFO] [1782997776.571933110] [amcl]: createLaserObject
[amcl-2] [WARN] [1782997777.377287311] [amcl]: AMCL cannot publish a pose or update the transform. Please set the initial pose...
[amcl-2] [INFO] [1782997777.537948485] [amcl]: Received a 143 X 166 map @ 0.050 m/pix
[amcl-2] [INFO] [1782997777.571714510] [amcl]: createLaserObject
[amcl-2] [INFO] [1782997778.542015050] [amcl]: Received a 143 X 166 map @ 0.050 m/pix
[amcl-2] [INFO] [1782997778.571279286] [amcl]: createLaserObject
[amcl-2] [WARN] [1782997779.470892359] [amcl]: AMCL cannot publish a pose or update the transform. Please set the initial pose...
[amcl-2] [INFO] [1782997779.537215452] [amcl]: Received a 143 X 166 map @ 0.050 m/pix
[amcl-2] [INFO] [1782997779.571986061] [amcl]: createLaserObject
[amcl-2] [INFO] [1782997780.540816351] [amcl]: Received a 143 X 166 map @ 0.050 m/pix
[amcl-2] [INFO] [1782997780.569918712] [amcl]: createLaserObject
[amcl-2] [WARN] [1782997781.471955325] [amcl]: AMCL cannot publish a pose or update the transform. Please set the initial pose...
[amcl-2] [INFO] [1782997781.534990170] [amcl]: Received a 143 X 166 map @ 0.050 m/pix
[amcl-2] [INFO] [1782997781.569572362] [amcl]: createLaserObject
[amcl-2] [INFO] [1782997782.538589485] [amcl]: Received a 143 X 166 map @ 0.050 m/pix
[amcl-2] [INFO] [1782997782.569172887] [amcl]: createLaserObject
[amcl-2] [INFO] [1782997783.546108299] [amcl]: Received a 143 X 166 map @ 0.050 m/pix
[amcl-2] [INFO] [1782997783.567322747] [amcl]: createLaserObject
[amcl-2] [WARN] [1782997783.589119570] [amcl]: AMCL cannot publish a pose or update the transform. Please set the initial pose...
[amcl-2] [INFO] [1782997784.537843619] [amcl]: Received a 143 X 166 map @ 0.050 m/pix
[amcl-2] [INFO] [1782997784.566620064] [amcl]: createLaserObject
[amcl-2] [INFO] [1782997785.535911312] [amcl]: Received a 143 X 166 map @ 0.050 m/pix
[amcl-2] [INFO] [1782997785.566937422] [amcl]: createLaserObject
[amcl-2] [WARN] [1782997785.596414450] [amcl]: AMCL cannot publish a pose or update the transform. Please set the initial pose...
[amcl-2] [INFO] [1782997786.539458252] [amcl]: Received a 143 X 166 map @ 0.050 m/pix
[amcl-2] [INFO] [1782997786.569686446] [amcl]: createLaserObject
[amcl-2] [INFO] [1782997787.536324903] [amcl]: Received a 143 X 166 map @ 0.050 m/pix
[amcl-2] [INFO] [1782997787.566749389] [amcl]: createLaserObject
[amcl-2] [WARN] [1782997787.670299590] [amcl]: AMCL cannot publish a pose or update the transform. Please set the initial pose...
[amcl-2] [INFO] [1782997788.537559094] [amcl]: Received a 143 X 166 map @ 0.050 m/pix
[amcl-2] [INFO] [1782997788.567015372] [amcl]: createLaserObject
[amcl-2] [INFO] [1782997789.541551992] [amcl]: Received a 143 X 166 map @ 0.050 m/pix
[amcl-2] [INFO] [1782997789.579482557] [amcl]: createLaserObject
[amcl-2] [WARN] [1782997789.764987594] [amcl]: AMCL cannot publish a pose or update the transform. Please set the initial pose...
[amcl-2] [INFO] [1782997790.548437180] [amcl]: Received a 143 X 166 map @ 0.050 m/pix
[amcl-2] [INFO] [1782997790.566721838] [amcl]: createLaserObject
[amcl-2] [INFO] [1782997791.536535140] [amcl]: Received a 143 X 166 map @ 0.050 m/pix
[amcl-2] [INFO] [1782997791.565864534] [amcl]: createLaserObject
[amcl-2] [WARN] [1782997791.864665724] [amcl]: AMCL cannot publish a pose or update the transform. Please set the initial pose...
[amcl-2] [INFO] [1782997792.536530173] [amcl]: Received a 143 X 166 map @ 0.050 m/pix
[amcl-2] [INFO] [1782997792.561480905] [amcl]: createLaserObject
[amcl-2] [INFO] [1782997793.535822834] [amcl]: Received a 143 X 166 map @ 0.050 m/pix
[amcl-2] [INFO] [1782997793.566453352] [amcl]: createLaserObject
[amcl-2] [WARN] [1782997793.903664306] [amcl]: AMCL cannot publish a pose or update the transform. Please set the initial pose...
[amcl-2] [INFO] [1782997794.550091151] [amcl]: Received a 143 X 166 map @ 0.050 m/pix
[amcl-2] [INFO] [1782997794.562107350] [amcl]: createLaserObject
[amcl-2] [INFO] [1782997795.537222280] [amcl]: Received a 143 X 166 map @ 0.050 m/pix
[amcl-2] [INFO] [1782997795.559043472] [amcl]: createLaserObject
[amcl-2] [WARN] [1782997795.959154087] [amcl]: AMCL cannot publish a pose or update the transform. Please set the initial pose...
[amcl-2] [INFO] [1782997796.536347319] [amcl]: Received a 143 X 166 map @ 0.050 m/pix
[amcl-2] [INFO] [1782997796.562890465] [amcl]: createLaserObject
[amcl-2] [INFO] [1782997797.536655316] [amcl]: Received a 143 X 166 map @ 0.050 m/pix
[amcl-2] [INFO] [1782997797.560854172] [amcl]: createLaserObject
[amcl-2] [WARN] [1782997797.961125454] [amcl]: AMCL cannot publish a pose or update the transform. Please set the initial pose...
[amcl-2] [INFO] [1782997798.551215761] [amcl]: Received a 143 X 166 map @ 0.050 m/pix
[amcl-2] [INFO] [1782997798.559151130] [amcl]: createLaserObject
[amcl-2] [INFO] [1782997799.546239638] [amcl]: Received a 143 X 166 map @ 0.050 m/pix
[amcl-2] [INFO] [1782997799.560031920] [amcl]: createLaserObject
[amcl-2] [WARN] [1782997799.963983700] [amcl]: AMCL cannot publish a pose or update the transform. Please set the initial pose...
[amcl-2] [INFO] [1782997800.544983723] [amcl]: Received a 143 X 166 map @ 0.050 m/pix
[amcl-2] [INFO] [1782997800.559614587] [amcl]: createLaserObject
[amcl-2] [INFO] [1782997801.538112270] [amcl]: Received a 143 X 166 map @ 0.050 m/pix
[amcl-2] [INFO] [1782997801.554604258] [amcl]: createLaserObject
[amcl-2] [WARN] [1782997802.055374841] [amcl]: AMCL cannot publish a pose or update the transform. Please set the initial pose...
[amcl-2] [INFO] [1782997802.551211554] [amcl]: Received a 143 X 166 map @ 0.050 m/pix
[amcl-2] [INFO] [1782997802.554439509] [amcl]: createLaserObject
[amcl-2] [INFO] [1782997803.713983559] [amcl]: Received a 143 X 166 map @ 0.050 m/pix
[amcl-2] [INFO] [1782997803.721843679] [amcl]: createLaserObject
[amcl-2] [WARN] [1782997804.062355924] [amcl]: AMCL cannot publish a pose or update the transform. Please set the initial pose...
[amcl-2] [INFO] [1782997804.539147027] [amcl]: Received a 143 X 166 map @ 0.050 m/pix
[amcl-2] [INFO] [1782997804.558450137] [amcl]: createLaserObject
[amcl-2] [INFO] [1782997805.546663776] [amcl]: Received a 143 X 166 map @ 0.050 m/pix
[amcl-2] [INFO] [1782997805.553244479] [amcl]: createLaserObject
[amcl-2] [WARN] [1782997806.243223923] [amcl]: AMCL cannot publish a pose or update the transform. Please set the initial pose...
[amcl-2] [INFO] [1782997806.565732642] [amcl]: Received a 143 X 166 map @ 0.050 m/pix
[amcl-2] [INFO] [1782997806.590844206] [amcl]: createLaserObject
[amcl-2] [INFO] [1782997807.545788954] [amcl]: Received a 143 X 166 map @ 0.050 m/pix
[amcl-2] [INFO] [1782997807.556064072] [amcl]: createLaserObject
[amcl-2] [WARN] [1782997808.264224045] [amcl]: AMCL cannot publish a pose or update the transform. Please set the initial pose...
[amcl-2] [INFO] [1782997808.536166760] [amcl]: Received a 143 X 166 map @ 0.050 m/pix
[amcl-2] [INFO] [1782997808.550048125] [amcl]: createLaserObject
[amcl-2] [INFO] [1782997809.550318216] [amcl]: Received a 143 X 166 map @ 0.050 m/pix
[amcl-2] [INFO] [1782997809.557906460] [amcl]: createLaserObject
[amcl-2] [WARN] [1782997810.348068750] [amcl]: AMCL cannot publish a pose or update the transform. Please set the initial pose...
[amcl-2] [INFO] [1782997810.540421107] [amcl]: Received a 143 X 166 map @ 0.050 m/pix
[amcl-2] [INFO] [1782997810.561296175] [amcl]: createLaserObject
[amcl-2] [INFO] [1782997811.537729702] [amcl]: Received a 143 X 166 map @ 0.050 m/pix
[amcl-2] [INFO] [1782997811.547204029] [amcl]: createLaserObject
[amcl-2] [WARN] [1782997812.446431822] [amcl]: AMCL cannot publish a pose or update the transform. Please set the initial pose...
[amcl-2] [INFO] [1782997812.536129797] [amcl]: Received a 143 X 166 map @ 0.050 m/pix
[amcl-2] [INFO] [1782997812.545394791] [amcl]: createLaserObject
[amcl-2] [INFO] [1782997813.537979058] [amcl]: Received a 143 X 166 map @ 0.050 m/pix
[amcl-2] [INFO] [1782997813.545114177] [amcl]: createLaserObject
[amcl-2] [WARN] [1782997814.450027260] [amcl]: AMCL cannot publish a pose or update the transform. Please set the initial pose...
[amcl-2] [INFO] [1782997814.535777321] [amcl]: Received a 143 X 166 map @ 0.050 m/pix
[amcl-2] [INFO] [1782997814.548786520] [amcl]: createLaserObject
[amcl-2] [INFO] [1782997815.537823917] [amcl]: Received a 143 X 166 map @ 0.050 m/pix
[amcl-2] [INFO] [1782997815.545599327] [amcl]: createLaserObject
[amcl-2] [INFO] [1782997816.540360095] [amcl]: Received a 143 X 166 map @ 0.050 m/pix
[amcl-2] [INFO] [1782997816.542991927] [amcl]: createLaserObject
[amcl-2] [WARN] [1782997816.585643646] [amcl]: AMCL cannot publish a pose or update the transform. Please set the initial pose...
[amcl-2] [INFO] [1782997817.535932489] [amcl]: Received a 143 X 166 map @ 0.050 m/pix
[amcl-2] [INFO] [1782997817.543619400] [amcl]: createLaserObject
[amcl-2] [INFO] [1782997818.539464169] [amcl]: Received a 143 X 166 map @ 0.050 m/pix
[amcl-2] [INFO] [1782997818.546319622] [amcl]: createLaserObject
[amcl-2] [WARN] [1782997818.641187636] [amcl]: AMCL cannot publish a pose or update the transform. Please set the initial pose...
[amcl-2] [INFO] [1782997819.547388930] [amcl]: Received a 143 X 166 map @ 0.050 m/pix
[amcl-2] [INFO] [1782997819.640212070] [amcl]: createLaserObject
[amcl-2] [INFO] [1782997820.547992655] [amcl]: Received a 143 X 166 map @ 0.050 m/pix
[amcl-2] [INFO] [1782997820.644417584] [amcl]: createLaserObject
[amcl-2] [WARN] [1782997820.682075140] [amcl]: AMCL cannot publish a pose or update the transform. Please set the initial pose...
[amcl-2] [INFO] [1782997821.535899016] [amcl]: Received a 143 X 166 map @ 0.050 m/pix
[amcl-2] [INFO] [1782997821.551866296] [amcl]: createLaserObject
[amcl-2] [INFO] [1782997822.537630242] [amcl]: Received a 143 X 166 map @ 0.050 m/pix
[amcl-2] [INFO] [1782997822.541129031] [amcl]: createLaserObject
[amcl-2] [WARN] [1782997822.737986262] [amcl]: AMCL cannot publish a pose or update the transform. Please set the initial pose...
[amcl-2] [INFO] [1782997823.543446091] [amcl]: Received a 143 X 166 map @ 0.050 m/pix
[amcl-2] [INFO] [1782997823.639077980] [amcl]: createLaserObject
[amcl-2] [INFO] [1782997824.542047155] [amcl]: Received a 143 X 166 map @ 0.050 m/pix
[amcl-2] [INFO] [1782997824.639114334] [amcl]: createLaserObject
[amcl-2] [WARN] [1782997824.738617678] [amcl]: AMCL cannot publish a pose or update the transform. Please set the initial pose...
[amcl-2] [INFO] [1782997825.536594222] [amcl]: Received a 143 X 166 map @ 0.050 m/pix
[amcl-2] [INFO] [1782997825.539541845] [amcl]: createLaserObject
[amcl-2] [INFO] [1782997826.539447493] [amcl]: Received a 143 X 166 map @ 0.050 m/pix
[amcl-2] [INFO] [1782997826.548255111] [amcl]: createLaserObject
[amcl-2] [WARN] [1782997826.844237479] [amcl]: AMCL cannot publish a pose or update the transform. Please set the initial pose...
[amcl-2] [INFO] [1782997827.546416803] [amcl]: Received a 143 X 166 map @ 0.050 m/pix
[amcl-2] [INFO] [1782997827.640655193] [amcl]: createLaserObject
[amcl-2] [INFO] [1782997828.543918621] [amcl]: Received a 143 X 166 map @ 0.050 m/pix
[amcl-2] [INFO] [1782997828.546289577] [amcl]: createLaserObject
[amcl-2] [WARN] [1782997828.944337663] [amcl]: AMCL cannot publish a pose or update the transform. Please set the initial pose...
[amcl-2] [INFO] [1782997829.546857644] [amcl]: Received a 143 X 166 map @ 0.050 m/pix
[amcl-2] [INFO] [1782997829.549894183] [amcl]: createLaserObject
[amcl-2] [INFO] [1782997830.544083463] [amcl]: Received a 143 X 166 map @ 0.050 m/pix
[amcl-2] [INFO] [1782997830.551531333] [amcl]: createLaserObject
[amcl-2] [WARN] [1782997831.042812394] [amcl]: AMCL cannot publish a pose or update the transform. Please set the initial pose...
[amcl-2] [INFO] [1782997831.538688786] [amcl]: Received a 143 X 166 map @ 0.050 m/pix
[amcl-2] [INFO] [1782997831.645482500] [amcl]: createLaserObject
[amcl-2] [INFO] [1782997832.542424227] [amcl]: Received a 143 X 166 map @ 0.050 m/pix
[amcl-2] [INFO] [1782997832.639162699] [amcl]: createLaserObject
[amcl-2] [WARN] [1782997833.131991343] [amcl]: AMCL cannot publish a pose or update the transform. Please set the initial pose...
[amcl-2] [INFO] [1782997833.542681505] [amcl]: Received a 143 X 166 map @ 0.050 m/pix
[amcl-2] [INFO] [1782997833.641490476] [amcl]: createLaserObject
[amcl-2] [INFO] [1782997834.537183997] [amcl]: Received a 143 X 166 map @ 0.050 m/pix
[amcl-2] [INFO] [1782997834.638814549] [amcl]: createLaserObject
[amcl-2] [WARN] [1782997835.317816726] [amcl]: AMCL cannot publish a pose or update the transform. Please set the initial pose...
[amcl-2] [INFO] [1782997835.590808280] [amcl]: Received a 143 X 166 map @ 0.050 m/pix
[amcl-2] [INFO] [1782997835.642456409] [amcl]: createLaserObject
[amcl-2] [INFO] [1782997836.553903296] [amcl]: Received a 143 X 166 map @ 0.050 m/pix
[amcl-2] [INFO] [1782997836.629859241] [amcl]: createLaserObject
[amcl-2] [WARN] [1782997837.339352773] [amcl]: AMCL cannot publish a pose or update the transform. Please set the initial pose...
[amcl-2] [INFO] [1782997837.543180335] [amcl]: Received a 143 X 166 map @ 0.050 m/pix
[amcl-2] [INFO] [1782997837.632004729] [amcl]: createLaserObject
[amcl-2] [INFO] [1782997838.538424621] [amcl]: Received a 143 X 166 map @ 0.050 m/pix
[amcl-2] [INFO] [1782997838.605847156] [amcl]: createLaserObject
[amcl-2] [WARN] [1782997839.360069532] [amcl]: AMCL cannot publish a pose or update the transform. Please set the initial pose...
[amcl-2] [INFO] [1782997839.546031607] [amcl]: Received a 143 X 166 map @ 0.050 m/pix
[amcl-2] [INFO] [1782997839.632717961] [amcl]: createLaserObject
[amcl-2] [INFO] [1782997840.540318520] [amcl]: Received a 143 X 166 map @ 0.050 m/pix
[amcl-2] [INFO] [1782997840.625352084] [amcl]: createLaserObject
[amcl-2] [WARN] [1782997841.427286552] [amcl]: AMCL cannot publish a pose or update the transform. Please set the initial pose...
[amcl-2] [INFO] [1782997841.540967179] [amcl]: Received a 143 X 166 map @ 0.050 m/pix
[amcl-2] [INFO] [1782997841.625884535] [amcl]: createLaserObject
[amcl-2] [INFO] [1782997842.542720422] [amcl]: Received a 143 X 166 map @ 0.050 m/pix
[amcl-2] [INFO] [1782997842.626717570] [amcl]: createLaserObject
[amcl-2] [WARN] [1782997843.432651620] [amcl]: AMCL cannot publish a pose or update the transform. Please set the initial pose...
[amcl-2] [INFO] [1782997843.539350127] [amcl]: Received a 143 X 166 map @ 0.050 m/pix
[amcl-2] [INFO] [1782997843.623555067] [amcl]: createLaserObject
[amcl-2] [INFO] [1782997844.536131750] [amcl]: Received a 143 X 166 map @ 0.050 m/pix
[amcl-2] [INFO] [1782997844.624627937] [amcl]: createLaserObject
[amcl-2] [WARN] [1782997845.528314169] [amcl]: AMCL cannot publish a pose or update the transform. Please set the initial pose...
[amcl-2] [INFO] [1782997845.537659662] [amcl]: Received a 143 X 166 map @ 0.050 m/pix
[amcl-2] [INFO] [1782997845.621138769] [amcl]: createLaserObject
[amcl-2] [INFO] [1782997846.535345952] [amcl]: Received a 143 X 166 map @ 0.050 m/pix
[amcl-2] [INFO] [1782997846.620927516] [amcl]: createLaserObject
[amcl-2] [INFO] [1782997847.539267822] [amcl]: Received a 143 X 166 map @ 0.050 m/pix
[amcl-2] [INFO] [1782997847.626880885] [amcl]: createLaserObject
[amcl-2] [WARN] [1782997847.669093063] [amcl]: AMCL cannot publish a pose or update the transform. Please set the initial pose...
[amcl-2] [INFO] [1782997848.539696779] [amcl]: Received a 143 X 166 map @ 0.050 m/pix
[amcl-2] [INFO] [1782997848.624877760] [amcl]: createLaserObject
[amcl-2] [INFO] [1782997849.539929111] [amcl]: Received a 143 X 166 map @ 0.050 m/pix
[amcl-2] [INFO] [1782997849.620607179] [amcl]: createLaserObject
[amcl-2] [WARN] [1782997849.722072149] [amcl]: AMCL cannot publish a pose or update the transform. Please set the initial pose...
[amcl-2] [INFO] [1782997850.538716321] [amcl]: Received a 143 X 166 map @ 0.050 m/pix
[amcl-2] [INFO] [1782997850.616512057] [amcl]: createLaserObject
[amcl-2] [INFO] [1782997851.542217736] [amcl]: Received a 143 X 166 map @ 0.050 m/pix
[amcl-2] [INFO] [1782997851.616517266] [amcl]: createLaserObject
[amcl-2] [WARN] [1782997851.724441815] [amcl]: AMCL cannot publish a pose or update the transform. Please set the initial pose...
[amcl-2] [INFO] [1782997852.537728032] [amcl]: Received a 143 X 166 map @ 0.050 m/pix
[amcl-2] [INFO] [1782997852.616380602] [amcl]: createLaserObject
[amcl-2] [INFO] [1782997853.545657321] [amcl]: Received a 143 X 166 map @ 0.050 m/pix
[amcl-2] [INFO] [1782997853.631892926] [amcl]: createLaserObject
[amcl-2] [WARN] [1782997853.814103464] [amcl]: AMCL cannot publish a pose or update the transform. Please set the initial pose...
[amcl-2] [INFO] [1782997854.542627992] [amcl]: Received a 143 X 166 map @ 0.050 m/pix
[amcl-2] [INFO] [1782997854.616072191] [amcl]: createLaserObject
[amcl-2] [INFO] [1782997855.541272206] [amcl]: Received a 143 X 166 map @ 0.050 m/pix
[amcl-2] [INFO] [1782997855.614093446] [amcl]: createLaserObject
[amcl-2] [WARN] [1782997855.912251153] [amcl]: AMCL cannot publish a pose or update the transform. Please set the initial pose...
[amcl-2] [INFO] [1782997856.543428084] [amcl]: Received a 143 X 166 map @ 0.050 m/pix
[amcl-2] [INFO] [1782997856.618322656] [amcl]: createLaserObject
[amcl-2] [INFO] [1782997857.538795301] [amcl]: Received a 143 X 166 map @ 0.050 m/pix
[amcl-2] [INFO] [1782997857.610069584] [amcl]: createLaserObject
[amcl-2] [WARN] [1782997858.009980469] [amcl]: AMCL cannot publish a pose or update the transform. Please set the initial pose...
[amcl-2] [INFO] [1782997858.539455173] [amcl]: Received a 143 X 166 map @ 0.050 m/pix
[amcl-2] [INFO] [1782997858.608610185] [amcl]: createLaserObject
[amcl-2] [INFO] [1782997859.538210184] [amcl]: Received a 143 X 166 map @ 0.050 m/pix
[amcl-2] [INFO] [1782997859.616798228] [amcl]: createLaserObject
[amcl-2] [WARN] [1782997860.108329638] [amcl]: AMCL cannot publish a pose or update the transform. Please set the initial pose...
[amcl-2] [INFO] [1782997860.538084862] [amcl]: Received a 143 X 166 map @ 0.050 m/pix
[amcl-2] [INFO] [1782997860.609450330] [amcl]: createLaserObject
[amcl-2] [INFO] [1782997861.541855787] [amcl]: Received a 143 X 166 map @ 0.050 m/pix
[amcl-2] [INFO] [1782997861.606865262] [amcl]: createLaserObject
[amcl-2] [WARN] [1782997862.206756770] [amcl]: AMCL cannot publish a pose or update the transform. Please set the initial pose...
[amcl-2] [INFO] [1782997862.538419804] [amcl]: Received a 143 X 166 map @ 0.050 m/pix
[amcl-2] [INFO] [1782997862.612133728] [amcl]: createLaserObject
[amcl-2] [INFO] [1782997863.537087861] [amcl]: Received a 143 X 166 map @ 0.050 m/pix
[amcl-2] [INFO] [1782997863.616160197] [amcl]: createLaserObject
[amcl-2] [WARN] [1782997864.307281737] [amcl]: AMCL cannot publish a pose or update the transform. Please set the initial pose...
[amcl-2] [INFO] [1782997864.551891319] [amcl]: Received a 143 X 166 map @ 0.050 m/pix
[amcl-2] [INFO] [1782997864.606179805] [amcl]: createLaserObject
[amcl-2] [INFO] [1782997865.535928727] [amcl]: Received a 143 X 166 map @ 0.050 m/pix
[amcl-2] [INFO] [1782997865.608685486] [amcl]: createLaserObject
[amcl-2] [WARN] [1782997866.408030042] [amcl]: AMCL cannot publish a pose or update the transform. Please set the initial pose...
[amcl-2] [INFO] [1782997866.535386328] [amcl]: Received a 143 X 166 map @ 0.050 m/pix
[amcl-2] [INFO] [1782997866.602848301] [amcl]: createLaserObject
[amcl-2] [INFO] [1782997867.544004462] [amcl]: Received a 143 X 166 map @ 0.050 m/pix
[amcl-2] [INFO] [1782997867.601669112] [amcl]: createLaserObject
[amcl-2] [WARN] [1782997868.468383100] [amcl]: AMCL cannot publish a pose or update the transform. Please set the initial pose...
[amcl-2] [INFO] [1782997868.538682529] [amcl]: Received a 143 X 166 map @ 0.050 m/pix
[amcl-2] [INFO] [1782997868.620166237] [amcl]: createLaserObject
[amcl-2] [INFO] [1782997869.540753880] [amcl]: Received a 143 X 166 map @ 0.050 m/pix
[amcl-2] [INFO] [1782997869.604313398] [amcl]: createLaserObject
[amcl-2] [WARN] [1782997870.501432233] [amcl]: AMCL cannot publish a pose or update the transform. Please set the initial pose...
[amcl-2] [INFO] [1782997870.539969943] [amcl]: Received a 143 X 166 map @ 0.050 m/pix
[amcl-2] [INFO] [1782997870.599369466] [amcl]: createLaserObject
[amcl-2] [INFO] [1782997871.550393497] [amcl]: Received a 143 X 166 map @ 0.050 m/pix
[amcl-2] [INFO] [1782997871.600489404] [amcl]: createLaserObject
[amcl-2] [WARN] [1782997872.514474764] [amcl]: AMCL cannot publish a pose or update the transform. Please set the initial pose...
[amcl-2] [INFO] [1782997872.723284844] [amcl]: Received a 143 X 166 map @ 0.050 m/pix
[amcl-2] [INFO] [1782997872.737194954] [amcl]: createLaserObject
[amcl-2] [INFO] [1782997873.538707097] [amcl]: Received a 143 X 166 map @ 0.050 m/pix
[amcl-2] [INFO] [1782997873.602484741] [amcl]: createLaserObject
[amcl-2] [INFO] [1782997874.565471470] [amcl]: Received a 143 X 166 map @ 0.050 m/pix
[amcl-2] [INFO] [1782997874.650483842] [amcl]: createLaserObject
[amcl-2] [WARN] [1782997874.739814959] [amcl]: AMCL cannot publish a pose or update the transform. Please set the initial pose...
[amcl-2] [INFO] [1782997875.771571953] [amcl]: Received a 143 X 166 map @ 0.050 m/pix
[amcl-2] [INFO] [1782997875.820324446] [amcl]: createLaserObject
[amcl-2] [INFO] [1782997876.565900564] [amcl]: Received a 143 X 166 map @ 0.050 m/pix
[amcl-2] [INFO] [1782997876.598364698] [amcl]: createLaserObject
[planner_server-6] [INFO] [1782997876.918604540] [global_costmap.global_costmap]: Message Filter dropping message: frame 'laser' at time 1782997876.494 for reason 'the timestamp on the message is earlier than all the data in the transform cache'
[controller_server-4] [INFO] [1782997876.920941704] [local_costmap.local_costmap]: Message Filter dropping message: frame 'laser' at time 1782997876.494 for reason 'the timestamp on the message is earlier than all the data in the transform cache'
[amcl-2] [INFO] [1782997877.571182462] [amcl]: Received a 143 X 166 map @ 0.050 m/pix
[amcl-2] [INFO] [1782997877.707755282] [amcl]: Message Filter dropping message: frame 'laser' at time 1782997876.594 for reason 'discarding message because the queue is full'
[amcl-2] [INFO] [1782997878.546134058] [amcl]: Received a 143 X 166 map @ 0.050 m/pix
[controller_server-4] [INFO] [1782997879.432980494] [local_costmap.local_costmap]: Message Filter dropping message: frame 'laser' at time 1782997878.994 for reason 'the timestamp on the message is earlier than all the data in the transform cache'
[planner_server-6] [INFO] [1782997879.443704525] [global_costmap.global_costmap]: Message Filter dropping message: frame 'laser' at time 1782997878.994 for reason 'the timestamp on the message is earlier than all the data in the transform cache'
[amcl-2] [INFO] [1782997879.552047040] [amcl]: Received a 143 X 166 map @ 0.050 m/pix
[amcl-2] [INFO] [1782997880.290986835] [amcl]: Message Filter dropping message: frame 'laser' at time 1782997879.192 for reason 'discarding message because the queue is full'
[amcl-2] [INFO] [1782997880.539571125] [amcl]: Received a 143 X 166 map @ 0.050 m/pix
[amcl-2] [INFO] [1782997881.542226237] [amcl]: Received a 143 X 166 map @ 0.050 m/pix
[controller_server-4] [INFO] [1782997881.997310403] [local_costmap.local_costmap]: Message Filter dropping message: frame 'laser' at time 1782997881.587 for reason 'the timestamp on the message is earlier than all the data in the transform cache'
[planner_server-6] [INFO] [1782997881.997448820] [global_costmap.global_costmap]: Message Filter dropping message: frame 'laser' at time 1782997881.587 for reason 'the timestamp on the message is earlier than all the data in the transform cache'
[amcl-2] [INFO] [1782997882.536492984] [amcl]: Received a 143 X 166 map @ 0.050 m/pix
[amcl-2] [INFO] [1782997882.887721422] [amcl]: Message Filter dropping message: frame 'laser' at time 1782997881.787 for reason 'discarding message because the queue is full'
[amcl-2] [INFO] [1782997883.539061432] [amcl]: Received a 143 X 166 map @ 0.050 m/pix
[planner_server-6] [INFO] [1782997884.500344547] [global_costmap.global_costmap]: Message Filter dropping message: frame 'laser' at time 1782997884.085 for reason 'the timestamp on the message is earlier than all the data in the transform cache'
[controller_server-4] [INFO] [1782997884.501728254] [local_costmap.local_costmap]: Message Filter dropping message: frame 'laser' at time 1782997884.085 for reason 'the timestamp on the message is earlier than all the data in the transform cache'
[amcl-2] [INFO] [1782997884.539186633] [amcl]: Received a 143 X 166 map @ 0.050 m/pix
[amcl-2] [INFO] [1782997885.486279222] [amcl]: Message Filter dropping message: frame 'laser' at time 1782997884.385 for reason 'discarding message because the queue is full'
[amcl-2] [INFO] [1782997885.538970127] [amcl]: Received a 143 X 166 map @ 0.050 m/pix
[amcl-2] [INFO] [1782997886.539801205] [amcl]: Received a 143 X 166 map @ 0.050 m/pix
[controller_server-4] [INFO] [1782997887.090329527] [local_costmap.local_costmap]: Message Filter dropping message: frame 'laser' at time 1782997886.682 for reason 'the timestamp on the message is earlier than all the data in the transform cache'
[planner_server-6] [INFO] [1782997887.102463348] [global_costmap.global_costmap]: Message Filter dropping message: frame 'laser' at time 1782997886.682 for reason 'the timestamp on the message is earlier than all the data in the transform cache'
[amcl-2] [INFO] [1782997887.539373576] [amcl]: Received a 143 X 166 map @ 0.050 m/pix
[amcl-2] [INFO] [1782997888.083265739] [amcl]: Message Filter dropping message: frame 'laser' at time 1782997886.982 for reason 'the timestamp on the message is earlier than all the data in the transform cache'
[amcl-2] [INFO] [1782997888.539461531] [amcl]: Received a 143 X 166 map @ 0.050 m/pix
[amcl-2] [INFO] [1782997889.538568655] [amcl]: Received a 143 X 166 map @ 0.050 m/pix
[controller_server-4] [INFO] [1782997889.590484728] [local_costmap.local_costmap]: Message Filter dropping message: frame 'laser' at time 1782997889.180 for reason 'the timestamp on the message is earlier than all the data in the transform cache'
[planner_server-6] [INFO] [1782997889.686754840] [global_costmap.global_costmap]: Message Filter dropping message: frame 'laser' at time 1782997889.280 for reason 'the timestamp on the message is earlier than all the data in the transform cache'
[amcl-2] [INFO] [1782997890.535607156] [amcl]: Received a 143 X 166 map @ 0.050 m/pix
[amcl-2] [INFO] [1782997890.679433888] [amcl]: Message Filter dropping message: frame 'laser' at time 1782997889.579 for reason 'discarding message because the queue is full'
[amcl-2] [INFO] [1782997891.543604023] [amcl]: Received a 143 X 166 map @ 0.050 m/pix
[controller_server-4] [INFO] [1782997892.186755797] [local_costmap.local_costmap]: Message Filter dropping message: frame 'laser' at time 1782997891.778 for reason 'the timestamp on the message is earlier than all the data in the transform cache'
[planner_server-6] [INFO] [1782997892.187332588] [global_costmap.global_costmap]: Message Filter dropping message: frame 'laser' at time 1782997891.778 for reason 'the timestamp on the message is earlier than all the data in the transform cache'
[amcl-2] [INFO] [1782997892.539266778] [amcl]: Received a 143 X 166 map @ 0.050 m/pix
[amcl-2] [INFO] [1782997893.278660123] [amcl]: Message Filter dropping message: frame 'laser' at time 1782997892.178 for reason 'discarding message because the queue is full'
[amcl-2] [INFO] [1782997893.541957944] [amcl]: Received a 143 X 166 map @ 0.050 m/pix
[amcl-2] [INFO] [1782997894.541347155] [amcl]: Received a 143 X 166 map @ 0.050 m/pix
[controller_server-4] [INFO] [1782997894.688706008] [local_costmap.local_costmap]: Message Filter dropping message: frame 'laser' at time 1782997894.276 for reason 'the timestamp on the message is earlier than all the data in the transform cache'
[planner_server-6] [INFO] [1782997894.784720454] [global_costmap.global_costmap]: Message Filter dropping message: frame 'laser' at time 1782997894.376 for reason 'the timestamp on the message is earlier than all the data in the transform cache'
[amcl-2] [INFO] [1782997895.540828825] [amcl]: Received a 143 X 166 map @ 0.050 m/pix
[amcl-2] [INFO] [1782997895.876745991] [amcl]: Message Filter dropping message: frame 'laser' at time 1782997894.776 for reason 'discarding message because the queue is full'
[amcl-2] [INFO] [1782997896.538775165] [amcl]: Received a 143 X 166 map @ 0.050 m/pix
[controller_server-4] [INFO] [1782997897.286360296] [local_costmap.local_costmap]: Message Filter dropping message: frame 'laser' at time 1782997896.874 for reason 'the timestamp on the message is earlier than all the data in the transform cache'
[planner_server-6] [INFO] [1782997897.290378542] [global_costmap.global_costmap]: Message Filter dropping message: frame 'laser' at time 1782997896.874 for reason 'the timestamp on the message is earlier than all the data in the transform cache'
[amcl-2] [INFO] [1782997897.545368747] [amcl]: Received a 143 X 166 map @ 0.050 m/pix
[amcl-2] [INFO] [1782997898.481113442] [amcl]: Message Filter dropping message: frame 'laser' at time 1782997897.374 for reason 'the timestamp on the message is earlier than all the data in the transform cache'
[amcl-2] [INFO] [1782997898.540600716] [amcl]: Received a 143 X 166 map @ 0.050 m/pix
[amcl-2] [INFO] [1782997899.551443255] [amcl]: Received a 143 X 166 map @ 0.050 m/pix
[planner_server-6] [INFO] [1782997899.800875215] [global_costmap.global_costmap]: Message Filter dropping message: frame 'laser' at time 1782997899.374 for reason 'the timestamp on the message is earlier than all the data in the transform cache'
[controller_server-4] [INFO] [1782997899.820838362] [local_costmap.local_costmap]: Message Filter dropping message: frame 'laser' at time 1782997898.977 for reason 'the timestamp on the message is earlier than all the data in the transform cache'
[amcl-2] [INFO] [1782997900.537449276] [amcl]: Received a 143 X 166 map @ 0.050 m/pix
[amcl-2] [INFO] [1782997901.073335203] [amcl]: Message Filter dropping message: frame 'laser' at time 1782997899.973 for reason 'discarding message because the queue is full'
[amcl-2] [INFO] [1782997901.539065409] [amcl]: Received a 143 X 166 map @ 0.050 m/pix
[controller_server-4] [INFO] [1782997902.377815995] [local_costmap.local_costmap]: Message Filter dropping message: frame 'laser' at time 1782997901.971 for reason 'the timestamp on the message is earlier than all the data in the transform cache'
[planner_server-6] [INFO] [1782997902.380082243] [global_costmap.global_costmap]: Message Filter dropping message: frame 'laser' at time 1782997901.971 for reason 'the timestamp on the message is earlier than all the data in the transform cache'
[amcl-2] [INFO] [1782997902.536243546] [amcl]: Received a 143 X 166 map @ 0.050 m/pix
[amcl-2] [INFO] [1782997903.544931090] [amcl]: Received a 143 X 166 map @ 0.050 m/pix
[amcl-2] [INFO] [1782997903.670982049] [amcl]: Message Filter dropping message: frame 'laser' at time 1782997902.570 for reason 'discarding message because the queue is full'
[amcl-2] [INFO] [1782997904.535253903] [amcl]: Received a 143 X 166 map @ 0.050 m/pix
[controller_server-4] [INFO] [1782997904.881465936] [local_costmap.local_costmap]: Message Filter dropping message: frame 'laser' at time 1782997904.468 for reason 'the timestamp on the message is earlier than all the data in the transform cache'
[planner_server-6] [INFO] [1782997904.976895425] [global_costmap.global_costmap]: Message Filter dropping message: frame 'laser' at time 1782997904.568 for reason 'the timestamp on the message is earlier than all the data in the transform cache'
[amcl-2] [INFO] [1782997905.536144040] [amcl]: Received a 143 X 166 map @ 0.050 m/pix
[amcl-2] [INFO] [1782997906.268904109] [amcl]: Message Filter dropping message: frame 'laser' at time 1782997905.167 for reason 'the timestamp on the message is earlier than all the data in the transform cache'
[amcl-2] [INFO] [1782997906.535194513] [amcl]: Received a 143 X 166 map @ 0.050 m/pix
[controller_server-4] [INFO] [1782997907.473099297] [local_costmap.local_costmap]: Message Filter dropping message: frame 'laser' at time 1782997907.066 for reason 'the timestamp on the message is earlier than all the data in the transform cache'
[amcl-2] [INFO] [1782997907.535670777] [amcl]: Received a 143 X 166 map @ 0.050 m/pix
[planner_server-6] [INFO] [1782997907.573273157] [global_costmap.global_costmap]: Message Filter dropping message: frame 'laser' at time 1782997907.166 for reason 'the timestamp on the message is earlier than all the data in the transform cache'
[amcl-2] [INFO] [1782997908.536508667] [amcl]: Received a 143 X 166 map @ 0.050 m/pix
[amcl-2] [INFO] [1782997908.866209384] [amcl]: Message Filter dropping message: frame 'laser' at time 1782997907.765 for reason 'discarding message because the queue is full'
[amcl-2] [INFO] [1782997909.538481306] [amcl]: Received a 143 X 166 map @ 0.050 m/pix
[controller_server-4] [INFO] [1782997910.078286358] [local_costmap.local_costmap]: Message Filter dropping message: frame 'laser' at time 1782997909.663 for reason 'the timestamp on the message is earlier than all the data in the transform cache'
[planner_server-6] [INFO] [1782997910.083112562] [global_costmap.global_costmap]: Message Filter dropping message: frame 'laser' at time 1782997909.663 for reason 'the timestamp on the message is earlier than all the data in the transform cache'
[amcl-2] [INFO] [1782997910.538809031] [amcl]: Received a 143 X 166 map @ 0.050 m/pix
[amcl-2] [INFO] [1782997911.465278163] [amcl]: Message Filter dropping message: frame 'laser' at time 1782997910.363 for reason 'the timestamp on the message is earlier than all the data in the transform cache'
[amcl-2] [INFO] [1782997911.534972761] [amcl]: Received a 143 X 166 map @ 0.050 m/pix
[amcl-2] [INFO] [1782997912.536062821] [amcl]: Received a 143 X 166 map @ 0.050 m/pix
[planner_server-6] [INFO] [1782997912.669133399] [global_costmap.global_costmap]: Message Filter dropping message: frame 'laser' at time 1782997912.262 for reason 'the timestamp on the message is earlier than all the data in the transform cache'
[controller_server-4] [INFO] [1782997912.669247399] [local_costmap.local_costmap]: Message Filter dropping message: frame 'laser' at time 1782997912.262 for reason 'the timestamp on the message is earlier than all the data in the transform cache'
[amcl-2] [INFO] [1782997913.534677842] [amcl]: Received a 143 X 166 map @ 0.050 m/pix
[amcl-2] [INFO] [1782997914.061120618] [amcl]: Message Filter dropping message: frame 'laser' at time 1782997912.961 for reason 'discarding message because the queue is full'
[amcl-2] [INFO] [1782997914.537886735] [amcl]: Received a 143 X 166 map @ 0.050 m/pix
[controller_server-4] [INFO] [1782997915.267973146] [local_costmap.local_costmap]: Message Filter dropping message: frame 'laser' at time 1782997914.859 for reason 'the timestamp on the message is earlier than all the data in the transform cache'
[planner_server-6] [INFO] [1782997915.268052812] [global_costmap.global_costmap]: Message Filter dropping message: frame 'laser' at time 1782997914.859 for reason 'the timestamp on the message is earlier than all the data in the transform cache'
[amcl-2] [INFO] [1782997915.537685215] [amcl]: Received a 143 X 166 map @ 0.050 m/pix
[amcl-2] [INFO] [1782997916.535788698] [amcl]: Received a 143 X 166 map @ 0.050 m/pix
[amcl-2] [INFO] [1782997916.660060952] [amcl]: Message Filter dropping message: frame 'laser' at time 1782997915.559 for reason 'the timestamp on the message is earlier than all the data in the transform cache'
[amcl-2] [INFO] [1782997917.539054260] [amcl]: Received a 143 X 166 map @ 0.050 m/pix
[planner_server-6] [INFO] [1782997917.770448159] [global_costmap.global_costmap]: Message Filter dropping message: frame 'laser' at time 1782997917.359 for reason 'the timestamp on the message is earlier than all the data in the transform cache'
[controller_server-4] [INFO] [1782997917.773622614] [local_costmap.local_costmap]: Message Filter dropping message: frame 'laser' at time 1782997917.359 for reason 'the timestamp on the message is earlier than all the data in the transform cache'
[amcl-2] [INFO] [1782997918.537229786] [amcl]: Received a 143 X 166 map @ 0.050 m/pix
[amcl-2] [INFO] [1782997919.259970040] [amcl]: Message Filter dropping message: frame 'laser' at time 1782997918.157 for reason 'discarding message because the queue is full'
[amcl-2] [INFO] [1782997919.537273103] [amcl]: Received a 143 X 166 map @ 0.050 m/pix
[planner_server-6] [INFO] [1782997920.271823513] [global_costmap.global_costmap]: Message Filter dropping message: frame 'laser' at time 1782997919.855 for reason 'the timestamp on the message is earlier than all the data in the transform cache'
[controller_server-4] [INFO] [1782997920.368205294] [local_costmap.local_costmap]: Message Filter dropping message: frame 'laser' at time 1782997919.955 for reason 'the timestamp on the message is earlier than all the data in the transform cache'
[amcl-2] [INFO] [1782997920.534901715] [amcl]: Received a 143 X 166 map @ 0.050 m/pix
[amcl-2] [INFO] [1782997921.704740369] [amcl]: Received a 143 X 166 map @ 0.050 m/pix
[amcl-2] [INFO] [1782997921.857564512] [amcl]: Message Filter dropping message: frame 'laser' at time 1782997920.755 for reason 'the timestamp on the message is earlier than all the data in the transform cache'
[amcl-2] [INFO] [1782997922.538255850] [amcl]: Received a 143 X 166 map @ 0.050 m/pix
[planner_server-6] [INFO] [1782997922.771946331] [global_costmap.global_costmap]: Message Filter dropping message: frame 'laser' at time 1782997922.355 for reason 'the timestamp on the message is earlier than all the data in the transform cache'
[controller_server-4] [INFO] [1782997922.880488726] [local_costmap.local_costmap]: Message Filter dropping message: frame 'laser' at time 1782997922.456 for reason 'the timestamp on the message is earlier than all the data in the transform cache'
[amcl-2] [INFO] [1782997923.535067507] [amcl]: Received a 143 X 166 map @ 0.050 m/pix
[amcl-2] [INFO] [1782997924.365237285] [amcl]: Message Filter dropping message: frame 'laser' at time 1782997923.257 for reason 'the timestamp on the message is earlier than all the data in the transform cache'
[amcl-2] [INFO] [1782997924.537692784] [amcl]: Received a 143 X 166 map @ 0.050 m/pix
[planner_server-6] [INFO] [1782997925.370525810] [global_costmap.global_costmap]: Message Filter dropping message: frame 'laser' at time 1782997924.952 for reason 'the timestamp on the message is earlier than all the data in the transform cache'
[controller_server-4] [INFO] [1782997925.459107849] [local_costmap.local_costmap]: Message Filter dropping message: frame 'laser' at time 1782997925.053 for reason 'the timestamp on the message is earlier than all the data in the transform cache'
[amcl-2] [INFO] [1782997925.600786379] [amcl]: Received a 143 X 166 map @ 0.050 m/pix
[amcl-2] [INFO] [1782997926.535938223] [amcl]: Received a 143 X 166 map @ 0.050 m/pix
[amcl-2] [INFO] [1782997926.950424114] [amcl]: Message Filter dropping message: frame 'laser' at time 1782997925.851 for reason 'discarding message because the queue is full'
[amcl-2] [INFO] [1782997927.534525299] [amcl]: Received a 143 X 166 map @ 0.050 m/pix
[planner_server-6] [INFO] [1782997927.959393054] [global_costmap.global_costmap]: Message Filter dropping message: frame 'laser' at time 1782997927.549 for reason 'the timestamp on the message is earlier than all the data in the transform cache'
[controller_server-4] [INFO] [1782997927.959655346] [local_costmap.local_costmap]: Message Filter dropping message: frame 'laser' at time 1782997927.549 for reason 'the timestamp on the message is earlier than all the data in the transform cache'
[amcl-2] [INFO] [1782997928.538948619] [amcl]: Received a 143 X 166 map @ 0.050 m/pix
[amcl-2] [INFO] [1782997929.536099573] [amcl]: Received a 143 X 166 map @ 0.050 m/pix
[amcl-2] [INFO] [1782997929.548352978] [amcl]: Message Filter dropping message: frame 'laser' at time 1782997928.448 for reason 'discarding message because the queue is full'
[amcl-2] [INFO] [1782997930.537938606] [amcl]: Received a 143 X 166 map @ 0.050 m/pix
[planner_server-6] [INFO] [1782997930.553984132] [global_costmap.global_costmap]: Message Filter dropping message: frame 'laser' at time 1782997930.147 for reason 'the timestamp on the message is earlier than all the data in the transform cache'
[controller_server-4] [INFO] [1782997930.554220840] [local_costmap.local_costmap]: Message Filter dropping message: frame 'laser' at time 1782997930.147 for reason 'the timestamp on the message is earlier than all the data in the transform cache'
[amcl-2] [INFO] [1782997931.536722768] [amcl]: Received a 143 X 166 map @ 0.050 m/pix
[amcl-2] [INFO] [1782997932.145718015] [amcl]: Message Filter dropping message: frame 'laser' at time 1782997931.046 for reason 'discarding message because the queue is full'
[amcl-2] [INFO] [1782997932.539830469] [amcl]: Received a 143 X 166 map @ 0.050 m/pix
[planner_server-6] [INFO] [1782997933.152150379] [global_costmap.global_costmap]: Message Filter dropping message: frame 'laser' at time 1782997932.744 for reason 'the timestamp on the message is earlier than all the data in the transform cache'
[controller_server-4] [INFO] [1782997933.152513045] [local_costmap.local_costmap]: Message Filter dropping message: frame 'laser' at time 1782997932.744 for reason 'the timestamp on the message is earlier than all the data in the transform cache'
[amcl-2] [INFO] [1782997933.534943469] [amcl]: Received a 143 X 166 map @ 0.050 m/pix
[amcl-2] [INFO] [1782997934.534568633] [amcl]: Received a 143 X 166 map @ 0.050 m/pix
[amcl-2] [INFO] [1782997934.743968640] [amcl]: Message Filter dropping message: frame 'laser' at time 1782997933.643 for reason 'discarding message because the queue is full'
[amcl-2] [INFO] [1782997935.536516587] [amcl]: Received a 143 X 166 map @ 0.050 m/pix
[planner_server-6] [INFO] [1782997935.751303673] [global_costmap.global_costmap]: Message Filter dropping message: frame 'laser' at time 1782997935.342 for reason 'the timestamp on the message is earlier than all the data in the transform cache'
[controller_server-4] [INFO] [1782997935.751984255] [local_costmap.local_costmap]: Message Filter dropping message: frame 'laser' at time 1782997935.342 for reason 'the timestamp on the message is earlier than all the data in the transform cache'
[amcl-2] [INFO] [1782997936.536695586] [amcl]: Received a 143 X 166 map @ 0.050 m/pix
[amcl-2] [INFO] [1782997937.341304772] [amcl]: Message Filter dropping message: frame 'laser' at time 1782997936.242 for reason 'discarding message because the queue is full'
[amcl-2] [INFO] [1782997937.539316916] [amcl]: Received a 143 X 166 map @ 0.050 m/pix
[controller_server-4] [INFO] [1782997938.352680595] [local_costmap.local_costmap]: Message Filter dropping message: frame 'laser' at time 1782997937.940 for reason 'the timestamp on the message is earlier than all the data in the transform cache'
[planner_server-6] [INFO] [1782997938.352680595] [global_costmap.global_costmap]: Message Filter dropping message: frame 'laser' at time 1782997937.940 for reason 'the timestamp on the message is earlier than all the data in the transform cache'
[amcl-2] [INFO] [1782997938.535896169] [amcl]: Received a 143 X 166 map @ 0.050 m/pix
[amcl-2] [INFO] [1782997939.542168623] [amcl]: Received a 143 X 166 map @ 0.050 m/pix
[amcl-2] [INFO] [1782997939.939679118] [amcl]: Message Filter dropping message: frame 'laser' at time 1782997938.840 for reason 'discarding message because the queue is full'
[amcl-2] [INFO] [1782997940.536124464] [amcl]: Received a 143 X 166 map @ 0.050 m/pix
[planner_server-6] [INFO] [1782997940.949758777] [global_costmap.global_costmap]: Message Filter dropping message: frame 'laser' at time 1782997940.538 for reason 'the timestamp on the message is earlier than all the data in the transform cache'
[controller_server-4] [INFO] [1782997940.951042401] [local_costmap.local_costmap]: Message Filter dropping message: frame 'laser' at time 1782997940.538 for reason 'the timestamp on the message is earlier than all the data in the transform cache'
[amcl-2] [INFO] [1782997941.535967509] [amcl]: Received a 143 X 166 map @ 0.050 m/pix
[amcl-2] [INFO] [1782997942.535531305] [amcl]: Received a 143 X 166 map @ 0.050 m/pix
[amcl-2] [INFO] [1782997942.537667386] [amcl]: Message Filter dropping message: frame 'laser' at time 1782997941.437 for reason 'discarding message because the queue is full'
[amcl-2] [INFO] [1782997943.538202598] [amcl]: Received a 143 X 166 map @ 0.050 m/pix
[controller_server-4] [INFO] [1782997943.550020545] [local_costmap.local_costmap]: Message Filter dropping message: frame 'laser' at time 1782997943.137 for reason 'the timestamp on the message is earlier than all the data in the transform cache'
[planner_server-6] [INFO] [1782997943.552587376] [global_costmap.global_costmap]: Message Filter dropping message: frame 'laser' at time 1782997943.137 for reason 'the timestamp on the message is earlier than all the data in the transform cache'
[amcl-2] [INFO] [1782997944.538354062] [amcl]: Received a 143 X 166 map @ 0.050 m/pix
[amcl-2] [INFO] [1782997945.038038836] [amcl]: Message Filter dropping message: frame 'laser' at time 1782997943.936 for reason 'discarding message because the queue is full'
[amcl-2] [INFO] [1782997945.539670109] [amcl]: Received a 143 X 166 map @ 0.050 m/pix
[controller_server-4] [INFO] [1782997946.146054948] [local_costmap.local_costmap]: Message Filter dropping message: frame 'laser' at time 1782997945.734 for reason 'the timestamp on the message is earlier than all the data in the transform cache'
[planner_server-6] [INFO] [1782997946.146406198] [global_costmap.global_costmap]: Message Filter dropping message: frame 'laser' at time 1782997945.734 for reason 'the timestamp on the message is earlier than all the data in the transform cache'
[amcl-2] [INFO] [1782997946.537131535] [amcl]: Received a 143 X 166 map @ 0.050 m/pix
[amcl-2] [INFO] [1782997947.542308538] [amcl]: Received a 143 X 166 map @ 0.050 m/pix
[amcl-2] [INFO] [1782997947.633512909] [amcl]: Message Filter dropping message: frame 'laser' at time 1782997946.533 for reason 'discarding message because the queue is full'
[amcl-2] [INFO] [1782997948.540764798] [amcl]: Received a 143 X 166 map @ 0.050 m/pix
[controller_server-4] [INFO] [1782997948.740985608] [local_costmap.local_costmap]: Message Filter dropping message: frame 'laser' at time 1782997948.332 for reason 'the timestamp on the message is earlier than all the data in the transform cache'
[planner_server-6] [INFO] [1782997948.744275688] [global_costmap.global_costmap]: Message Filter dropping message: frame 'laser' at time 1782997948.332 for reason 'the timestamp on the message is earlier than all the data in the transform cache'
[amcl-2] [INFO] [1782997949.534976522] [amcl]: Received a 143 X 166 map @ 0.050 m/pix
[amcl-2] [INFO] [1782997950.230786529] [amcl]: Message Filter dropping message: frame 'laser' at time 1782997949.131 for reason 'discarding message because the queue is full'
[amcl-2] [INFO] [1782997950.534620699] [amcl]: Received a 143 X 166 map @ 0.050 m/pix
[controller_server-4] [INFO] [1782997951.338366646] [local_costmap.local_costmap]: Message Filter dropping message: frame 'laser' at time 1782997950.929 for reason 'the timestamp on the message is earlier than all the data in the transform cache'
[planner_server-6] [INFO] [1782997951.342324976] [global_costmap.global_costmap]: Message Filter dropping message: frame 'laser' at time 1782997950.929 for reason 'the timestamp on the message is earlier than all the data in the transform cache'
[amcl-2] [INFO] [1782997951.535194501] [amcl]: Received a 143 X 166 map @ 0.050 m/pix
[amcl-2] [INFO] [1782997952.535730013] [amcl]: Received a 143 X 166 map @ 0.050 m/pix
[amcl-2] [INFO] [1782997952.731410286] [amcl]: Message Filter dropping message: frame 'laser' at time 1782997951.629 for reason 'discarding message because the queue is full'
[amcl-2] [INFO] [1782997953.535121402] [amcl]: Received a 143 X 166 map @ 0.050 m/pix
[planner_server-6] [INFO] [1782997953.941990434] [global_costmap.global_costmap]: Message Filter dropping message: frame 'laser' at time 1782997953.527 for reason 'the timestamp on the message is earlier than all the data in the transform cache'
[controller_server-4] [INFO] [1782997953.942906725] [local_costmap.local_costmap]: Message Filter dropping message: frame 'laser' at time 1782997953.527 for reason 'the timestamp on the message is earlier than all the data in the transform cache'
[amcl-2] [INFO] [1782997954.535159624] [amcl]: Received a 143 X 166 map @ 0.050 m/pix
[amcl-2] [INFO] [1782997955.327416959] [amcl]: Message Filter dropping message: frame 'laser' at time 1782997954.227 for reason 'discarding message because the queue is full'
[amcl-2] [INFO] [1782997955.534569639] [amcl]: Received a 143 X 166 map @ 0.050 m/pix
[amcl-2] [INFO] [1782997956.536859152] [amcl]: Received a 143 X 166 map @ 0.050 m/pix
[planner_server-6] [INFO] [1782997956.541580606] [global_costmap.global_costmap]: Message Filter dropping message: frame 'laser' at time 1782997956.126 for reason 'the timestamp on the message is earlier than all the data in the transform cache'
[controller_server-4] [INFO] [1782997956.542871855] [local_costmap.local_costmap]: Message Filter dropping message: frame 'laser' at time 1782997956.126 for reason 'the timestamp on the message is earlier than all the data in the transform cache'
[amcl-2] [INFO] [1782997957.535600670] [amcl]: Received a 143 X 166 map @ 0.050 m/pix
[amcl-2] [INFO] [1782997957.926440177] [amcl]: Message Filter dropping message: frame 'laser' at time 1782997956.825 for reason 'the timestamp on the message is earlier than all the data in the transform cache'
[amcl-2] [INFO] [1782997958.538173476] [amcl]: Received a 143 X 166 map @ 0.050 m/pix
[planner_server-6] [INFO] [1782997959.136054497] [global_costmap.global_costmap]: Message Filter dropping message: frame 'laser' at time 1782997958.724 for reason 'the timestamp on the message is earlier than all the data in the transform cache'
[controller_server-4] [INFO] [1782997959.136412414] [local_costmap.local_costmap]: Message Filter dropping message: frame 'laser' at time 1782997958.724 for reason 'the timestamp on the message is earlier than all the data in the transform cache'
[amcl-2] [INFO] [1782997959.536462579] [amcl]: Received a 143 X 166 map @ 0.050 m/pix
[amcl-2] [INFO] [1782997960.523687443] [amcl]: Message Filter dropping message: frame 'laser' at time 1782997959.424 for reason 'discarding message because the queue is full'
[amcl-2] [INFO] [1782997960.534577100] [amcl]: Received a 143 X 166 map @ 0.050 m/pix
[amcl-2] [INFO] [1782997961.535415160] [amcl]: Received a 143 X 166 map @ 0.050 m/pix
[planner_server-6] [INFO] [1782997961.728916354] [global_costmap.global_costmap]: Message Filter dropping message: frame 'laser' at time 1782997961.322 for reason 'the timestamp on the message is earlier than all the data in the transform cache'
[controller_server-4] [INFO] [1782997961.728916312] [local_costmap.local_costmap]: Message Filter dropping message: frame 'laser' at time 1782997961.322 for reason 'the timestamp on the message is earlier than all the data in the transform cache'
[amcl-2] [INFO] [1782997962.537197762] [amcl]: Received a 143 X 166 map @ 0.050 m/pix
[amcl-2] [INFO] [1782997963.128783416] [amcl]: Message Filter dropping message: frame 'laser' at time 1782997962.021 for reason 'the timestamp on the message is earlier than all the data in the transform cache'
[amcl-2] [INFO] [1782997963.535178452] [amcl]: Received a 143 X 166 map @ 0.050 m/pix
[controller_server-4] [INFO] [1782997964.229857135] [local_costmap.local_costmap]: Message Filter dropping message: frame 'laser' at time 1782997963.820 for reason 'the timestamp on the message is earlier than all the data in the transform cache'
[planner_server-6] [INFO] [1782997964.327325627] [global_costmap.global_costmap]: Message Filter dropping message: frame 'laser' at time 1782997963.919 for reason 'the timestamp on the message is earlier than all the data in the transform cache'
[amcl-2] [INFO] [1782997964.534745225] [amcl]: Received a 143 X 166 map @ 0.050 m/pix
[amcl-2] [INFO] [1782997965.536726496] [amcl]: Received a 143 X 166 map @ 0.050 m/pix
[amcl-2] [INFO] [1782997965.719106867] [amcl]: Message Filter dropping message: frame 'laser' at time 1782997964.619 for reason 'discarding message because the queue is full'
[amcl-2] [INFO] [1782997966.535978437] [amcl]: Received a 143 X 166 map @ 0.050 m/pix
[controller_server-4] [INFO] [1782997966.825511375] [local_costmap.local_costmap]: Message Filter dropping message: frame 'laser' at time 1782997966.417 for reason 'the timestamp on the message is earlier than all the data in the transform cache'
[planner_server-6] [INFO] [1782997966.936289896] [global_costmap.global_costmap]: Message Filter dropping message: frame 'laser' at time 1782997966.517 for reason 'the timestamp on the message is earlier than all the data in the transform cache'
[amcl-2] [INFO] [1782997967.536402419] [amcl]: Received a 143 X 166 map @ 0.050 m/pix
[amcl-2] [INFO] [1782997968.220740447] [amcl]: Message Filter dropping message: frame 'laser' at time 1782997967.117 for reason 'the timestamp on the message is earlier than all the data in the transform cache'
[amcl-2] [INFO] [1782997968.535365946] [amcl]: Received a 143 X 166 map @ 0.050 m/pix
[controller_server-4] [INFO] [1782997969.325947250] [local_costmap.local_costmap]: Message Filter dropping message: frame 'laser' at time 1782997968.916 for reason 'the timestamp on the message is earlier than all the data in the transform cache'
[planner_server-6] [INFO] [1782997969.530976143] [global_costmap.global_costmap]: Message Filter dropping message: frame 'laser' at time 1782997969.115 for reason 'the timestamp on the message is earlier than all the data in the transform cache'
[amcl-2] [INFO] [1782997969.536819679] [amcl]: Received a 143 X 166 map @ 0.050 m/pix
[amcl-2] [INFO] [1782997970.535397249] [amcl]: Received a 143 X 166 map @ 0.050 m/pix
[amcl-2] [INFO] [1782997970.817776652] [amcl]: Message Filter dropping message: frame 'laser' at time 1782997969.715 for reason 'discarding message because the queue is full'
[amcl-2] [INFO] [1782997971.538095357] [amcl]: Received a 143 X 166 map @ 0.050 m/pix
[controller_server-4] [INFO] [1782997971.928848536] [local_costmap.local_costmap]: Message Filter dropping message: frame 'laser' at time 1782997971.513 for reason 'the timestamp on the message is earlier than all the data in the transform cache'
[planner_server-6] [INFO] [1782997972.126541185] [global_costmap.global_costmap]: Message Filter dropping message: frame 'laser' at time 1782997971.713 for reason 'the timestamp on the message is earlier than all the data in the transform cache'
[amcl-2] [INFO] [1782997972.536702221] [amcl]: Received a 143 X 166 map @ 0.050 m/pix
[amcl-2] [INFO] [1782997973.416158112] [amcl]: Message Filter dropping message: frame 'laser' at time 1782997972.312 for reason 'the timestamp on the message is earlier than all the data in the transform cache'
[amcl-2] [INFO] [1782997973.537631332] [amcl]: Received a 143 X 166 map @ 0.050 m/pix
[controller_server-4] [INFO] [1782997974.430514420] [local_costmap.local_costmap]: Message Filter dropping message: frame 'laser' at time 1782997974.011 for reason 'the timestamp on the message is earlier than all the data in the transform cache'
[amcl-2] [INFO] [1782997974.537252863] [amcl]: Received a 143 X 166 map @ 0.050 m/pix
[planner_server-6] [INFO] [1782997974.642394474] [global_costmap.global_costmap]: Message Filter dropping message: frame 'laser' at time 1782997974.211 for reason 'the timestamp on the message is earlier than all the data in the transform cache'
[amcl-2] [INFO] [1782997975.534748105] [amcl]: Received a 143 X 166 map @ 0.050 m/pix
[amcl-2] [INFO] [1782997976.009882747] [amcl]: Message Filter dropping message: frame 'laser' at time 1782997974.910 for reason 'discarding message because the queue is full'
[amcl-2] [INFO] [1782997976.535174844] [amcl]: Received a 143 X 166 map @ 0.050 m/pix
[controller_server-4] [INFO] [1782997977.018257188] [local_costmap.local_costmap]: Message Filter dropping message: frame 'laser' at time 1782997976.608 for reason 'the timestamp on the message is earlier than all the data in the transform cache'
[planner_server-6] [INFO] [1782997977.220328585] [global_costmap.global_costmap]: Message Filter dropping message: frame 'laser' at time 1782997976.808 for reason 'the timestamp on the message is earlier than all the data in the transform cache'
[amcl-2] [INFO] [1782997977.535793126] [amcl]: Received a 143 X 166 map @ 0.050 m/pix
[amcl-2] [INFO] [1782997978.534949035] [amcl]: Received a 143 X 166 map @ 0.050 m/pix
[amcl-2] [INFO] [1782997978.607821718] [amcl]: Message Filter dropping message: frame 'laser' at time 1782997977.508 for reason 'discarding message because the queue is full'
[controller_server-4] [INFO] [1782997979.523138330] [local_costmap.local_costmap]: Message Filter dropping message: frame 'laser' at time 1782997979.107 for reason 'the timestamp on the message is earlier than all the data in the transform cache'
[amcl-2] [INFO] [1782997979.536039610] [amcl]: Received a 143 X 166 map @ 0.050 m/pix
[planner_server-6] [INFO] [1782997979.816007685] [global_costmap.global_costmap]: Message Filter dropping message: frame 'laser' at time 1782997979.407 for reason 'the timestamp on the message is earlier than all the data in the transform cache'
[amcl-2] [INFO] [1782997980.535513062] [amcl]: Received a 143 X 166 map @ 0.050 m/pix
[amcl-2] [INFO] [1782997981.111883364] [amcl]: Message Filter dropping message: frame 'laser' at time 1782997980.006 for reason 'the timestamp on the message is earlier than all the data in the transform cache'
[amcl-2] [INFO] [1782997981.534656474] [amcl]: Received a 143 X 166 map @ 0.050 m/pix
[controller_server-4] [INFO] [1782997982.140335207] [local_costmap.local_costmap]: Message Filter dropping message: frame 'laser' at time 1782997981.705 for reason 'the timestamp on the message is earlier than all the data in the transform cache'
[planner_server-6] [INFO] [1782997982.412525748] [global_costmap.global_costmap]: Message Filter dropping message: frame 'laser' at time 1782997982.005 for reason 'the timestamp on the message is earlier than all the data in the transform cache'
[amcl-2] [INFO] [1782997982.536029926] [amcl]: Received a 143 X 166 map @ 0.050 m/pix
[amcl-2] [INFO] [1782997983.725026372] [amcl]: Received a 143 X 166 map @ 0.050 m/pix
[amcl-2] [INFO] [1782997983.731591908] [amcl]: Message Filter dropping message: frame 'laser' at time 1782997982.604 for reason 'discarding message because the queue is full'
[amcl-2] [INFO] [1782997984.535037586] [amcl]: Received a 143 X 166 map @ 0.050 m/pix
[controller_server-4] [INFO] [1782997984.711943381] [local_costmap.local_costmap]: Message Filter dropping message: frame 'laser' at time 1782997984.304 for reason 'the timestamp on the message is earlier than all the data in the transform cache'
[planner_server-6] [INFO] [1782997984.913457321] [global_costmap.global_costmap]: Message Filter dropping message: frame 'laser' at time 1782997984.504 for reason 'the timestamp on the message is earlier than all the data in the transform cache'
[amcl-2] [INFO] [1782997985.535519041] [amcl]: Received a 143 X 166 map @ 0.050 m/pix
[amcl-2] [INFO] [1782997986.301820170] [amcl]: Message Filter dropping message: frame 'laser' at time 1782997985.202 for reason 'discarding message because the queue is full'
[amcl-2] [INFO] [1782997986.535156914] [amcl]: Received a 143 X 166 map @ 0.050 m/pix
[controller_server-4] [INFO] [1782997987.309519786] [local_costmap.local_costmap]: Message Filter dropping message: frame 'laser' at time 1782997986.900 for reason 'the timestamp on the message is earlier than all the data in the transform cache'
[planner_server-6] [INFO] [1782997987.420279227] [global_costmap.global_costmap]: Message Filter dropping message: frame 'laser' at time 1782997987.001 for reason 'the timestamp on the message is earlier than all the data in the transform cache'
[amcl-2] [INFO] [1782997987.535995454] [amcl]: Received a 143 X 166 map @ 0.050 m/pix
[amcl-2] [INFO] [1782997988.535947995] [amcl]: Received a 143 X 166 map @ 0.050 m/pix
[amcl-2] [INFO] [1782997988.901092327] [amcl]: Message Filter dropping message: frame 'laser' at time 1782997987.800 for reason 'discarding message because the queue is full'
[amcl-2] [INFO] [1782997989.538429410] [amcl]: Received a 143 X 166 map @ 0.050 m/pix
[controller_server-4] [INFO] [1782997989.909143820] [local_costmap.local_costmap]: Message Filter dropping message: frame 'laser' at time 1782997989.499 for reason 'the timestamp on the message is earlier than all the data in the transform cache'
[planner_server-6] [INFO] [1782997990.006026273] [global_costmap.global_costmap]: Message Filter dropping message: frame 'laser' at time 1782997989.602 for reason 'the timestamp on the message is earlier than all the data in the transform cache'
[amcl-2] [INFO] [1782997990.537670662] [amcl]: Received a 143 X 166 map @ 0.050 m/pix
[amcl-2] [INFO] [1782997991.499950865] [amcl]: Message Filter dropping message: frame 'laser' at time 1782997990.398 for reason 'the timestamp on the message is earlier than all the data in the transform cache'
[amcl-2] [INFO] [1782997991.537252289] [amcl]: Received a 143 X 166 map @ 0.050 m/pix
[controller_server-4] [INFO] [1782997992.421726814] [local_costmap.local_costmap]: Message Filter dropping message: frame 'laser' at time 1782997991.998 for reason 'the timestamp on the message is earlier than all the data in the transform cache'
[amcl-2] [INFO] [1782997992.535254460] [amcl]: Received a 143 X 166 map @ 0.050 m/pix
[planner_server-6] [INFO] [1782997992.606370187] [global_costmap.global_costmap]: Message Filter dropping message: frame 'laser' at time 1782997992.197 for reason 'the timestamp on the message is earlier than all the data in the transform cache'
[amcl-2] [INFO] [1782997993.535576005] [amcl]: Received a 143 X 166 map @ 0.050 m/pix
[amcl-2] [INFO] [1782997994.097089867] [amcl]: Message Filter dropping message: frame 'laser' at time 1782997992.996 for reason 'discarding message because the queue is full'
[amcl-2] [INFO] [1782997994.535958759] [amcl]: Received a 143 X 166 map @ 0.050 m/pix
[controller_server-4] [INFO] [1782997995.003791374] [local_costmap.local_costmap]: Message Filter dropping message: frame 'laser' at time 1782997994.595 for reason 'the timestamp on the message is earlier than all the data in the transform cache'
[planner_server-6] [INFO] [1782997995.203006525] [global_costmap.global_costmap]: Message Filter dropping message: frame 'laser' at time 1782997994.795 for reason 'the timestamp on the message is earlier than all the data in the transform cache'
[amcl-2] [INFO] [1782997995.537171929] [amcl]: Received a 143 X 166 map @ 0.050 m/pix
[amcl-2] [INFO] [1782997996.534891229] [amcl]: Received a 143 X 166 map @ 0.050 m/pix
[amcl-2] [INFO] [1782997996.694240834] [amcl]: Message Filter dropping message: frame 'laser' at time 1782997995.594 for reason 'discarding message because the queue is full'
[amcl-2] [INFO] [1782997997.536493609] [amcl]: Received a 143 X 166 map @ 0.050 m/pix
[controller_server-4] [INFO] [1782997997.604590755] [local_costmap.local_costmap]: Message Filter dropping message: frame 'laser' at time 1782997997.193 for reason 'the timestamp on the message is earlier than all the data in the transform cache'
[planner_server-6] [INFO] [1782997997.805033781] [global_costmap.global_costmap]: Message Filter dropping message: frame 'laser' at time 1782997997.393 for reason 'the timestamp on the message is earlier than all the data in the transform cache'
[amcl-2] [INFO] [1782997998.536070158] [amcl]: Received a 143 X 166 map @ 0.050 m/pix
[amcl-2] [INFO] [1782997999.292785846] [amcl]: Message Filter dropping message: frame 'laser' at time 1782997998.193 for reason 'discarding message because the queue is full'
[amcl-2] [INFO] [1782997999.536471333] [amcl]: Received a 143 X 166 map @ 0.050 m/pix
[controller_server-4] [INFO] [1782998000.199890564] [local_costmap.local_costmap]: Message Filter dropping message: frame 'laser' at time 1782997999.791 for reason 'the timestamp on the message is earlier than all the data in the transform cache'
[planner_server-6] [INFO] [1782998000.398528842] [global_costmap.global_costmap]: Message Filter dropping message: frame 'laser' at time 1782997999.991 for reason 'the timestamp on the message is earlier than all the data in the transform cache'
[amcl-2] [INFO] [1782998000.537172882] [amcl]: Received a 143 X 166 map @ 0.050 m/pix
[amcl-2] [INFO] [1782998001.540675931] [amcl]: Received a 143 X 166 map @ 0.050 m/pix
[amcl-2] [INFO] [1782998001.890614488] [amcl]: Message Filter dropping message: frame 'laser' at time 1782998000.791 for reason 'discarding message because the queue is full'
[amcl-2] [INFO] [1782998002.536474486] [amcl]: Received a 143 X 166 map @ 0.050 m/pix
[controller_server-4] [INFO] [1782998002.796970584] [local_costmap.local_costmap]: Message Filter dropping message: frame 'laser' at time 1782998002.390 for reason 'the timestamp on the message is earlier than all the data in the transform cache'
[planner_server-6] [INFO] [1782998002.901182948] [global_costmap.global_costmap]: Message Filter dropping message: frame 'laser' at time 1782998002.489 for reason 'the timestamp on the message is earlier than all the data in the transform cache'
[amcl-2] [INFO] [1782998003.536807997] [amcl]: Received a 143 X 166 map @ 0.050 m/pix
[amcl-2] [INFO] [1782998004.491439592] [amcl]: Message Filter dropping message: frame 'laser' at time 1782998003.389 for reason 'the timestamp on the message is earlier than all the data in the transform cache'
[amcl-2] [INFO] [1782998004.539685965] [amcl]: Received a 143 X 166 map @ 0.050 m/pix
[controller_server-4] [INFO] [1782998005.311107601] [local_costmap.local_costmap]: Message Filter dropping message: frame 'laser' at time 1782998004.888 for reason 'the timestamp on the message is earlier than all the data in the transform cache'
[amcl-2] [INFO] [1782998005.593220346] [amcl]: Received a 143 X 166 map @ 0.050 m/pix
[planner_server-6] [INFO] [1782998005.692927964] [global_costmap.global_costmap]: Message Filter dropping message: frame 'laser' at time 1782998005.088 for reason 'the timestamp on the message is earlier than all the data in the transform cache'
[amcl-2] [INFO] [1782998006.534732662] [amcl]: Received a 143 X 166 map @ 0.050 m/pix
[amcl-2] [INFO] [1782998007.091201743] [amcl]: Message Filter dropping message: frame 'laser' at time 1782998005.992 for reason 'discarding message because the queue is full'
[amcl-2] [INFO] [1782998007.543079502] [amcl]: Received a 143 X 166 map @ 0.050 m/pix
[controller_server-4] [INFO] [1782998007.896474183] [local_costmap.local_costmap]: Message Filter dropping message: frame 'laser' at time 1782998007.487 for reason 'the timestamp on the message is earlier than all the data in the transform cache'
[planner_server-6] [INFO] [1782998008.243706745] [global_costmap.global_costmap]: Message Filter dropping message: frame 'laser' at time 1782998007.786 for reason 'the timestamp on the message is earlier than all the data in the transform cache'
[amcl-2] [INFO] [1782998008.539890853] [amcl]: Received a 143 X 166 map @ 0.050 m/pix
[amcl-2] [INFO] [1782998009.535808247] [amcl]: Received a 143 X 166 map @ 0.050 m/pix
[amcl-2] [INFO] [1782998009.685377487] [amcl]: Message Filter dropping message: frame 'laser' at time 1782998008.587 for reason 'discarding message because the queue is full'
[controller_server-4] [INFO] [1782998010.491873636] [local_costmap.local_costmap]: Message Filter dropping message: frame 'laser' at time 1782998010.084 for reason 'the timestamp on the message is earlier than all the data in the transform cache'
[amcl-2] [INFO] [1782998010.535486472] [amcl]: Received a 143 X 166 map @ 0.050 m/pix
[planner_server-6] [INFO] [1782998010.793452782] [global_costmap.global_costmap]: Message Filter dropping message: frame 'laser' at time 1782998010.383 for reason 'the timestamp on the message is earlier than all the data in the transform cache'
[amcl-2] [INFO] [1782998011.537419279] [amcl]: Received a 143 X 166 map @ 0.050 m/pix
[amcl-2] [INFO] [1782998012.282421568] [amcl]: Message Filter dropping message: frame 'laser' at time 1782998011.183 for reason 'discarding message because the queue is full'
[amcl-2] [INFO] [1782998012.534913091] [amcl]: Received a 143 X 166 map @ 0.050 m/pix
[controller_server-4] [INFO] [1782998013.091451091] [local_costmap.local_costmap]: Message Filter dropping message: frame 'laser' at time 1782998012.681 for reason 'the timestamp on the message is earlier than all the data in the transform cache'
[planner_server-6] [INFO] [1782998013.389782657] [global_costmap.global_costmap]: Message Filter dropping message: frame 'laser' at time 1782998012.981 for reason 'the timestamp on the message is earlier than all the data in the transform cache'
[amcl-2] [INFO] [1782998013.537478024] [amcl]: Received a 143 X 166 map @ 0.050 m/pix
[amcl-2] [INFO] [1782998014.534931754] [amcl]: Received a 143 X 166 map @ 0.050 m/pix
[amcl-2] [INFO] [1782998014.888939145] [amcl]: Message Filter dropping message: frame 'laser' at time 1782998013.781 for reason 'the timestamp on the message is earlier than all the data in the transform cache'
[amcl-2] [INFO] [1782998015.535091399] [amcl]: Received a 143 X 166 map @ 0.050 m/pix
[controller_server-4] [INFO] [1782998015.690611593] [local_costmap.local_costmap]: Message Filter dropping message: frame 'laser' at time 1782998015.282 for reason 'the timestamp on the message is earlier than all the data in the transform cache'
[planner_server-6] [INFO] [1782998015.986478661] [global_costmap.global_costmap]: Message Filter dropping message: frame 'laser' at time 1782998015.579 for reason 'the timestamp on the message is earlier than all the data in the transform cache'
[amcl-2] [INFO] [1782998016.536805293] [amcl]: Received a 143 X 166 map @ 0.050 m/pix
[amcl-2] [INFO] [1782998017.478941117] [amcl]: Message Filter dropping message: frame 'laser' at time 1782998016.378 for reason 'discarding message because the queue is full'
[amcl-2] [INFO] [1782998017.536195149] [amcl]: Received a 143 X 166 map @ 0.050 m/pix
[controller_server-4] [INFO] [1782998018.286304561] [local_costmap.local_costmap]: Message Filter dropping message: frame 'laser' at time 1782998017.877 for reason 'the timestamp on the message is earlier than all the data in the transform cache'
[planner_server-6] [INFO] [1782998018.489896837] [global_costmap.global_costmap]: Message Filter dropping message: frame 'laser' at time 1782998018.077 for reason 'the timestamp on the message is earlier than all the data in the transform cache'
[amcl-2] [INFO] [1782998018.535048297] [amcl]: Received a 143 X 166 map @ 0.050 m/pix
[amcl-2] [INFO] [1782998019.535863111] [amcl]: Received a 143 X 166 map @ 0.050 m/pix
[amcl-2] [INFO] [1782998020.076816419] [amcl]: Message Filter dropping message: frame 'laser' at time 1782998018.977 for reason 'discarding message because the queue is full'
[amcl-2] [INFO] [1782998020.538714632] [amcl]: Received a 143 X 166 map @ 0.050 m/pix
[controller_server-4] [INFO] [1782998020.887666446] [local_costmap.local_costmap]: Message Filter dropping message: frame 'laser' at time 1782998020.475 for reason 'the timestamp on the message is earlier than all the data in the transform cache'
[planner_server-6] [INFO] [1782998021.083179021] [global_costmap.global_costmap]: Message Filter dropping message: frame 'laser' at time 1782998020.676 for reason 'the timestamp on the message is earlier than all the data in the transform cache'
[amcl-2] [INFO] [1782998021.535187826] [amcl]: Received a 143 X 166 map @ 0.050 m/pix
[amcl-2] [INFO] [1782998022.536424392] [amcl]: Received a 143 X 166 map @ 0.050 m/pix
[amcl-2] [INFO] [1782998022.675120644] [amcl]: Message Filter dropping message: frame 'laser' at time 1782998021.574 for reason 'discarding message because the queue is full'
[controller_server-4] [INFO] [1782998023.390384340] [local_costmap.local_costmap]: Message Filter dropping message: frame 'laser' at time 1782998022.974 for reason 'the timestamp on the message is earlier than all the data in the transform cache'
[amcl-2] [INFO] [1782998023.542974454] [amcl]: Received a 143 X 166 map @ 0.050 m/pix
[planner_server-6] [INFO] [1782998023.584286709] [global_costmap.global_costmap]: Message Filter dropping message: frame 'laser' at time 1782998023.173 for reason 'the timestamp on the message is earlier than all the data in the transform cache'
[amcl-2] [INFO] [1782998024.536220320] [amcl]: Received a 143 X 166 map @ 0.050 m/pix
[amcl-2] [INFO] [1782998025.278946451] [amcl]: Message Filter dropping message: frame 'laser' at time 1782998024.173 for reason 'discarding message because the queue is full'
[amcl-2] [INFO] [1782998025.535443765] [amcl]: Received a 143 X 166 map @ 0.050 m/pix
[controller_server-4] [INFO] [1782998025.987228322] [local_costmap.local_costmap]: Message Filter dropping message: frame 'laser' at time 1782998025.572 for reason 'the timestamp on the message is earlier than all the data in the transform cache'
[planner_server-6] [INFO] [1782998026.270430112] [global_costmap.global_costmap]: Message Filter dropping message: frame 'laser' at time 1782998025.671 for reason 'the timestamp on the message is earlier than all the data in the transform cache'
[amcl-2] [INFO] [1782998026.538116374] [amcl]: Received a 143 X 166 map @ 0.050 m/pix
[amcl-2] [INFO] [1782998027.536659529] [amcl]: Received a 143 X 166 map @ 0.050 m/pix
[amcl-2] [INFO] [1782998027.870552399] [amcl]: Message Filter dropping message: frame 'laser' at time 1782998026.771 for reason 'discarding message because the queue is full'
[amcl-2] [INFO] [1782998028.539097348] [amcl]: Received a 143 X 166 map @ 0.050 m/pix
[controller_server-4] [INFO] [1782998028.582615268] [local_costmap.local_costmap]: Message Filter dropping message: frame 'laser' at time 1782998028.170 for reason 'the timestamp on the message is earlier than all the data in the transform cache'
[planner_server-6] [INFO] [1782998028.779819218] [global_costmap.global_costmap]: Message Filter dropping message: frame 'laser' at time 1782998028.369 for reason 'the timestamp on the message is earlier than all the data in the transform cache'
[amcl-2] [INFO] [1782998029.536830672] [amcl]: Received a 143 X 166 map @ 0.050 m/pix
[amcl-2] [INFO] [1782998030.370740350] [amcl]: Message Filter dropping message: frame 'laser' at time 1782998029.269 for reason 'discarding message because the queue is full'
[amcl-2] [INFO] [1782998030.542041990] [amcl]: Received a 143 X 166 map @ 0.050 m/pix
[controller_server-4] [INFO] [1782998031.177040220] [local_costmap.local_costmap]: Message Filter dropping message: frame 'laser' at time 1782998030.768 for reason 'the timestamp on the message is earlier than all the data in the transform cache'
[planner_server-6] [INFO] [1782998031.384060537] [global_costmap.global_costmap]: Message Filter dropping message: frame 'laser' at time 1782998030.967 for reason 'the timestamp on the message is earlier than all the data in the transform cache'
[amcl-2] [INFO] [1782998031.541227189] [amcl]: Received a 143 X 166 map @ 0.050 m/pix
[amcl-2] [INFO] [1782998032.537127642] [amcl]: Received a 143 X 166 map @ 0.050 m/pix
[amcl-2] [INFO] [1782998032.968052303] [amcl]: Message Filter dropping message: frame 'laser' at time 1782998031.869 for reason 'the timestamp on the message is earlier than all the data in the transform cache'
[amcl-2] [INFO] [1782998033.539364548] [amcl]: Received a 143 X 166 map @ 0.050 m/pix
[controller_server-4] [INFO] [1782998033.849460566] [local_costmap.local_costmap]: Message Filter dropping message: frame 'laser' at time 1782998033.066 for reason 'the timestamp on the message is earlier than all the data in the transform cache'
[planner_server-6] [INFO] [1782998033.909360222] [global_costmap.global_costmap]: Message Filter dropping message: frame 'laser' at time 1782998033.466 for reason 'the timestamp on the message is earlier than all the data in the transform cache'
[amcl-2] [INFO] [1782998034.537923250] [amcl]: Received a 143 X 166 map @ 0.050 m/pix
[amcl-2] [INFO] [1782998035.535449620] [amcl]: Received a 143 X 166 map @ 0.050 m/pix
[amcl-2] [INFO] [1782998035.571876463] [amcl]: Message Filter dropping message: frame 'laser' at time 1782998034.466 for reason 'the timestamp on the message is earlier than all the data in the transform cache'
[controller_server-4] [INFO] [1782998036.371041300] [local_costmap.local_costmap]: Message Filter dropping message: frame 'laser' at time 1782998035.964 for reason 'the timestamp on the message is earlier than all the data in the transform cache'
[planner_server-6] [INFO] [1782998036.471028337] [global_costmap.global_costmap]: Message Filter dropping message: frame 'laser' at time 1782998036.064 for reason 'the timestamp on the message is earlier than all the data in the transform cache'
[amcl-2] [INFO] [1782998036.534826823] [amcl]: Received a 143 X 166 map @ 0.050 m/pix
[amcl-2] [INFO] [1782998037.535849400] [amcl]: Received a 143 X 166 map @ 0.050 m/pix
[amcl-2] [INFO] [1782998038.164902929] [amcl]: Message Filter dropping message: frame 'laser' at time 1782998037.063 for reason 'discarding message because the queue is full'
[amcl-2] [INFO] [1782998038.535401270] [amcl]: Received a 143 X 166 map @ 0.050 m/pix
[planner_server-6] [INFO] [1782998038.973450385] [global_costmap.global_costmap]: Message Filter dropping message: frame 'laser' at time 1782998038.562 for reason 'the timestamp on the message is earlier than all the data in the transform cache'
[controller_server-4] [INFO] [1782998038.973872968] [local_costmap.local_costmap]: Message Filter dropping message: frame 'laser' at time 1782998038.562 for reason 'the timestamp on the message is earlier than all the data in the transform cache'
[amcl-2] [INFO] [1782998039.536934681] [amcl]: Received a 143 X 166 map @ 0.050 m/pix
[amcl-2] [INFO] [1782998040.535287762] [amcl]: Received a 143 X 166 map @ 0.050 m/pix
[amcl-2] [INFO] [1782998040.762673229] [amcl]: Message Filter dropping message: frame 'laser' at time 1782998039.661 for reason 'the timestamp on the message is earlier than all the data in the transform cache'
[amcl-2] [INFO] [1782998041.541668296] [amcl]: Received a 143 X 166 map @ 0.050 m/pix
[controller_server-4] [INFO] [1782998041.569891521] [local_costmap.local_costmap]: Message Filter dropping message: frame 'laser' at time 1782998041.162 for reason 'the timestamp on the message is earlier than all the data in the transform cache'
[planner_server-6] [INFO] [1782998041.573633976] [global_costmap.global_costmap]: Message Filter dropping message: frame 'laser' at time 1782998041.162 for reason 'the timestamp on the message is earlier than all the data in the transform cache'
[amcl-2] [INFO] [1782998042.535708465] [amcl]: Received a 143 X 166 map @ 0.050 m/pix
[amcl-2] [INFO] [1782998043.358538869] [amcl]: Message Filter dropping message: frame 'laser' at time 1782998042.258 for reason 'discarding message because the queue is full'
[amcl-2] [INFO] [1782998043.538203045] [amcl]: Received a 143 X 166 map @ 0.050 m/pix
[planner_server-6] [INFO] [1782998044.168006535] [global_costmap.global_costmap]: Message Filter dropping message: frame 'laser' at time 1782998043.757 for reason 'the timestamp on the message is earlier than all the data in the transform cache'
[controller_server-4] [INFO] [1782998044.174586196] [local_costmap.local_costmap]: Message Filter dropping message: frame 'laser' at time 1782998043.757 for reason 'the timestamp on the message is earlier than all the data in the transform cache'
[amcl-2] [INFO] [1782998044.535193505] [amcl]: Received a 143 X 166 map @ 0.050 m/pix
[amcl-2] [INFO] [1782998045.536015880] [amcl]: Received a 143 X 166 map @ 0.050 m/pix
[amcl-2] [INFO] [1782998045.956088470] [amcl]: Message Filter dropping message: frame 'laser' at time 1782998044.856 for reason 'discarding message because the queue is full'
[amcl-2] [INFO] [1782998046.536976046] [amcl]: Received a 143 X 166 map @ 0.050 m/pix
[planner_server-6] [INFO] [1782998046.761538350] [global_costmap.global_costmap]: Message Filter dropping message: frame 'laser' at time 1782998046.355 for reason 'the timestamp on the message is earlier than all the data in the transform cache'
[controller_server-4] [INFO] [1782998046.761538308] [local_costmap.local_costmap]: Message Filter dropping message: frame 'laser' at time 1782998046.355 for reason 'the timestamp on the message is earlier than all the data in the transform cache'
[amcl-2] [INFO] [1782998047.535055632] [amcl]: Received a 143 X 166 map @ 0.050 m/pix
[amcl-2] [INFO] [1782998048.535673259] [amcl]: Received a 143 X 166 map @ 0.050 m/pix
[amcl-2] [INFO] [1782998048.554578576] [amcl]: Message Filter dropping message: frame 'laser' at time 1782998047.454 for reason 'discarding message because the queue is full'
[controller_server-4] [INFO] [1782998049.359902040] [local_costmap.local_costmap]: Message Filter dropping message: frame 'laser' at time 1782998048.953 for reason 'the timestamp on the message is earlier than all the data in the transform cache'
[planner_server-6] [INFO] [1782998049.359902040] [global_costmap.global_costmap]: Message Filter dropping message: frame 'laser' at time 1782998048.953 for reason 'the timestamp on the message is earlier than all the data in the transform cache'
[amcl-2] [INFO] [1782998049.539687092] [amcl]: Received a 143 X 166 map @ 0.050 m/pix
[amcl-2] [INFO] [1782998050.535046182] [amcl]: Received a 143 X 166 map @ 0.050 m/pix
[amcl-2] [INFO] [1782998051.152520103] [amcl]: Message Filter dropping message: frame 'laser' at time 1782998050.052 for reason 'discarding message because the queue is full'
[amcl-2] [INFO] [1782998051.536799143] [amcl]: Received a 143 X 166 map @ 0.050 m/pix
[controller_server-4] [INFO] [1782998051.859966362] [local_costmap.local_costmap]: Message Filter dropping message: frame 'laser' at time 1782998051.451 for reason 'the timestamp on the message is earlier than all the data in the transform cache'
[planner_server-6] [INFO] [1782998051.960092108] [global_costmap.global_costmap]: Message Filter dropping message: frame 'laser' at time 1782998051.551 for reason 'the timestamp on the message is earlier than all the data in the transform cache'
[amcl-2] [INFO] [1782998052.534876691] [amcl]: Received a 143 X 166 map @ 0.050 m/pix
[amcl-2] [INFO] [1782998053.536957862] [amcl]: Received a 143 X 166 map @ 0.050 m/pix
[amcl-2] [INFO] [1782998053.750110260] [amcl]: Message Filter dropping message: frame 'laser' at time 1782998052.652 for reason 'discarding message because the queue is full'
[controller_server-4] [INFO] [1782998054.458408603] [local_costmap.local_costmap]: Message Filter dropping message: frame 'laser' at time 1782998054.049 for reason 'the timestamp on the message is earlier than all the data in the transform cache'
[amcl-2] [INFO] [1782998054.534874703] [amcl]: Received a 143 X 166 map @ 0.050 m/pix
[planner_server-6] [INFO] [1782998054.560349306] [global_costmap.global_costmap]: Message Filter dropping message: frame 'laser' at time 1782998054.149 for reason 'the timestamp on the message is earlier than all the data in the transform cache'
[amcl-2] [INFO] [1782998055.535686251] [amcl]: Received a 143 X 166 map @ 0.050 m/pix
[amcl-2] [INFO] [1782998056.348236046] [amcl]: Message Filter dropping message: frame 'laser' at time 1782998055.248 for reason 'discarding message because the queue is full'
[amcl-2] [INFO] [1782998056.536116425] [amcl]: Received a 143 X 166 map @ 0.050 m/pix
[controller_server-4] [INFO] [1782998057.056960932] [local_costmap.local_costmap]: Message Filter dropping message: frame 'laser' at time 1782998056.648 for reason 'the timestamp on the message is earlier than all the data in the transform cache'
[planner_server-6] [INFO] [1782998057.156994678] [global_costmap.global_costmap]: Message Filter dropping message: frame 'laser' at time 1782998056.747 for reason 'the timestamp on the message is earlier than all the data in the transform cache'
[amcl-2] [INFO] [1782998057.539892555] [amcl]: Received a 143 X 166 map @ 0.050 m/pix
[amcl-2] [INFO] [1782998058.535059485] [amcl]: Received a 143 X 166 map @ 0.050 m/pix
[amcl-2] [INFO] [1782998058.946528170] [amcl]: Message Filter dropping message: frame 'laser' at time 1782998057.847 for reason 'discarding message because the queue is full'
[amcl-2] [INFO] [1782998059.535820452] [amcl]: Received a 143 X 166 map @ 0.050 m/pix
[controller_server-4] [INFO] [1782998059.653428808] [local_costmap.local_costmap]: Message Filter dropping message: frame 'laser' at time 1782998059.245 for reason 'the timestamp on the message is earlier than all the data in the transform cache'
[planner_server-6] [INFO] [1782998059.755971095] [global_costmap.global_costmap]: Message Filter dropping message: frame 'laser' at time 1782998059.345 for reason 'the timestamp on the message is earlier than all the data in the transform cache'
[amcl-2] [INFO] [1782998060.535796879] [amcl]: Received a 143 X 166 map @ 0.050 m/pix
[amcl-2] [INFO] [1782998061.536237223] [amcl]: Received a 143 X 166 map @ 0.050 m/pix
[amcl-2] [INFO] [1782998061.543644966] [amcl]: Message Filter dropping message: frame 'laser' at time 1782998060.444 for reason 'discarding message because the queue is full'
[controller_server-4] [INFO] [1782998062.252360896] [local_costmap.local_costmap]: Message Filter dropping message: frame 'laser' at time 1782998061.843 for reason 'the timestamp on the message is earlier than all the data in the transform cache'
[planner_server-6] [INFO] [1782998062.351669060] [global_costmap.global_costmap]: Message Filter dropping message: frame 'laser' at time 1782998061.943 for reason 'the timestamp on the message is earlier than all the data in the transform cache'
[amcl-2] [INFO] [1782998062.536985692] [amcl]: Received a 143 X 166 map @ 0.050 m/pix
[amcl-2] [INFO] [1782998063.535183914] [amcl]: Received a 143 X 166 map @ 0.050 m/pix
[amcl-2] [INFO] [1782998064.141438808] [amcl]: Message Filter dropping message: frame 'laser' at time 1782998063.042 for reason 'discarding message because the queue is full'
[amcl-2] [INFO] [1782998064.536181801] [amcl]: Received a 143 X 166 map @ 0.050 m/pix
[controller_server-4] [INFO] [1782998064.848888615] [local_costmap.local_costmap]: Message Filter dropping message: frame 'laser' at time 1782998064.440 for reason 'the timestamp on the message is earlier than all the data in the transform cache'
[planner_server-6] [INFO] [1782998064.947081239] [global_costmap.global_costmap]: Message Filter dropping message: frame 'laser' at time 1782998064.540 for reason 'the timestamp on the message is earlier than all the data in the transform cache'
[amcl-2] [INFO] [1782998065.535946482] [amcl]: Received a 143 X 166 map @ 0.050 m/pix
[amcl-2] [INFO] [1782998066.538773410] [amcl]: Received a 143 X 166 map @ 0.050 m/pix
[amcl-2] [INFO] [1782998066.643406987] [amcl]: Message Filter dropping message: frame 'laser' at time 1782998065.546 for reason 'the timestamp on the message is earlier than all the data in the transform cache'
[controller_server-4] [INFO] [1782998067.448390961] [local_costmap.local_costmap]: Message Filter dropping message: frame 'laser' at time 1782998067.039 for reason 'the timestamp on the message is earlier than all the data in the transform cache'
[planner_server-6] [INFO] [1782998067.448650628] [global_costmap.global_costmap]: Message Filter dropping message: frame 'laser' at time 1782998067.039 for reason 'the timestamp on the message is earlier than all the data in the transform cache'
[amcl-2] [INFO] [1782998067.535382762] [amcl]: Received a 143 X 166 map @ 0.050 m/pix
[amcl-2] [INFO] [1782998068.537076401] [amcl]: Received a 143 X 166 map @ 0.050 m/pix
[amcl-2] [INFO] [1782998069.238178174] [amcl]: Message Filter dropping message: frame 'laser' at time 1782998068.138 for reason 'discarding message because the queue is full'
[amcl-2] [INFO] [1782998069.538013250] [amcl]: Received a 143 X 166 map @ 0.050 m/pix
[planner_server-6] [INFO] [1782998069.950199771] [global_costmap.global_costmap]: Message Filter dropping message: frame 'laser' at time 1782998069.537 for reason 'the timestamp on the message is earlier than all the data in the transform cache'
[controller_server-4] [INFO] [1782998069.950346896] [local_costmap.local_costmap]: Message Filter dropping message: frame 'laser' at time 1782998069.537 for reason 'the timestamp on the message is earlier than all the data in the transform cache'
[amcl-2] [INFO] [1782998070.534537978] [amcl]: Received a 143 X 166 map @ 0.050 m/pix
[amcl-2] [INFO] [1782998071.536919910] [amcl]: Received a 143 X 166 map @ 0.050 m/pix
[amcl-2] [INFO] [1782998071.836110154] [amcl]: Message Filter dropping message: frame 'laser' at time 1782998070.736 for reason 'discarding message because the queue is full'
[amcl-2] [INFO] [1782998072.543908173] [amcl]: Received a 143 X 166 map @ 0.050 m/pix
[controller_server-4] [INFO] [1782998072.548161961] [local_costmap.local_costmap]: Message Filter dropping message: frame 'laser' at time 1782998072.137 for reason 'the timestamp on the message is earlier than all the data in the transform cache'
[planner_server-6] [INFO] [1782998072.548399169] [global_costmap.global_costmap]: Message Filter dropping message: frame 'laser' at time 1782998072.137 for reason 'the timestamp on the message is earlier than all the data in the transform cache'
[amcl-2] [INFO] [1782998073.545571274] [amcl]: Received a 143 X 166 map @ 0.050 m/pix
[amcl-2] [INFO] [1782998074.433599639] [amcl]: Message Filter dropping message: frame 'laser' at time 1782998073.334 for reason 'discarding message because the queue is full'
[amcl-2] [INFO] [1782998074.544449336] [amcl]: Received a 143 X 166 map @ 0.050 m/pix
[controller_server-4] [INFO] [1782998075.049736487] [local_costmap.local_costmap]: Message Filter dropping message: frame 'laser' at time 1782998074.632 for reason 'the timestamp on the message is earlier than all the data in the transform cache'
[planner_server-6] [INFO] [1782998075.053379317] [global_costmap.global_costmap]: Message Filter dropping message: frame 'laser' at time 1782998074.632 for reason 'the timestamp on the message is earlier than all the data in the transform cache'
[amcl-2] [INFO] [1782998075.554774931] [amcl]: Received a 143 X 166 map @ 0.050 m/pix
[amcl-2] [INFO] [1782998076.546609292] [amcl]: Received a 143 X 166 map @ 0.050 m/pix
[amcl-2] [INFO] [1782998076.934362211] [amcl]: Message Filter dropping message: frame 'laser' at time 1782998075.832 for reason 'the timestamp on the message is earlier than all the data in the transform cache'
[amcl-2] [INFO] [1782998077.536307697] [amcl]: Received a 143 X 166 map @ 0.050 m/pix
[planner_server-6] [INFO] [1782998077.638521110] [global_costmap.global_costmap]: Message Filter dropping message: frame 'laser' at time 1782998077.231 for reason 'the timestamp on the message is earlier than all the data in the transform cache'
[controller_server-4] [INFO] [1782998077.639253068] [local_costmap.local_costmap]: Message Filter dropping message: frame 'laser' at time 1782998077.231 for reason 'the timestamp on the message is earlier than all the data in the transform cache'
[amcl-2] [INFO] [1782998078.535924845] [amcl]: Received a 143 X 166 map @ 0.050 m/pix
[amcl-2] [INFO] [1782998079.435676287] [amcl]: Message Filter dropping message: frame 'laser' at time 1782998078.329 for reason 'discarding message because the queue is full'
[amcl-2] [INFO] [1782998079.535168702] [amcl]: Received a 143 X 166 map @ 0.050 m/pix
[planner_server-6] [INFO] [1782998080.140598520] [global_costmap.global_costmap]: Message Filter dropping message: frame 'laser' at time 1782998079.729 for reason 'the timestamp on the message is earlier than all the data in the transform cache'
[controller_server-4] [INFO] [1782998080.141083686] [local_costmap.local_costmap]: Message Filter dropping message: frame 'laser' at time 1782998079.729 for reason 'the timestamp on the message is earlier than all the data in the transform cache'
[amcl-2] [INFO] [1782998080.536713432] [amcl]: Received a 143 X 166 map @ 0.050 m/pix
[amcl-2] [INFO] [1782998081.536392332] [amcl]: Received a 143 X 166 map @ 0.050 m/pix
[amcl-2] [INFO] [1782998082.027570372] [amcl]: Message Filter dropping message: frame 'laser' at time 1782998080.927 for reason 'discarding message because the queue is full'
[amcl-2] [INFO] [1782998082.537045940] [amcl]: Received a 143 X 166 map @ 0.050 m/pix
[planner_server-6] [INFO] [1782998082.737005228] [global_costmap.global_costmap]: Message Filter dropping message: frame 'laser' at time 1782998082.326 for reason 'the timestamp on the message is earlier than all the data in the transform cache'
[controller_server-4] [INFO] [1782998082.737299936] [local_costmap.local_costmap]: Message Filter dropping message: frame 'laser' at time 1782998082.326 for reason 'the timestamp on the message is earlier than all the data in the transform cache'
[amcl-2] [INFO] [1782998083.539285880] [amcl]: Received a 143 X 166 map @ 0.050 m/pix
[amcl-2] [INFO] [1782998084.536560325] [amcl]: Received a 143 X 166 map @ 0.050 m/pix
[amcl-2] [INFO] [1782998084.625523249] [amcl]: Message Filter dropping message: frame 'laser' at time 1782998083.525 for reason 'discarding message because the queue is full'
[controller_server-4] [INFO] [1782998085.331893650] [local_costmap.local_costmap]: Message Filter dropping message: frame 'laser' at time 1782998084.924 for reason 'the timestamp on the message is earlier than all the data in the transform cache'
[planner_server-6] [INFO] [1782998085.336582063] [global_costmap.global_costmap]: Message Filter dropping message: frame 'laser' at time 1782998084.924 for reason 'the timestamp on the message is earlier than all the data in the transform cache'
[amcl-2] [INFO] [1782998085.538525892] [amcl]: Received a 143 X 166 map @ 0.050 m/pix
[amcl-2] [INFO] [1782998086.539768710] [amcl]: Received a 143 X 166 map @ 0.050 m/pix
[amcl-2] [INFO] [1782998087.127028796] [amcl]: Message Filter dropping message: frame 'laser' at time 1782998086.024 for reason 'discarding message because the queue is full'
[amcl-2] [INFO] [1782998087.535827200] [amcl]: Received a 143 X 166 map @ 0.050 m/pix
[planner_server-6] [INFO] [1782998087.939004733] [global_costmap.global_costmap]: Message Filter dropping message: frame 'laser' at time 1782998087.521 for reason 'the timestamp on the message is earlier than all the data in the transform cache'
[controller_server-4] [INFO] [1782998087.939094733] [local_costmap.local_costmap]: Message Filter dropping message: frame 'laser' at time 1782998087.521 for reason 'the timestamp on the message is earlier than all the data in the transform cache'
[amcl-2] [INFO] [1782998088.538893309] [amcl]: Received a 143 X 166 map @ 0.050 m/pix
[amcl-2] [INFO] [1782998089.536367424] [amcl]: Received a 143 X 166 map @ 0.050 m/pix
[amcl-2] [INFO] [1782998089.720731726] [amcl]: Message Filter dropping message: frame 'laser' at time 1782998088.621 for reason 'discarding message because the queue is full'
[controller_server-4] [INFO] [1782998090.442565075] [local_costmap.local_costmap]: Message Filter dropping message: frame 'laser' at time 1782998090.020 for reason 'the timestamp on the message is earlier than all the data in the transform cache'
[planner_server-6] [INFO] [1782998090.540558450] [global_costmap.global_costmap]: Message Filter dropping message: frame 'laser' at time 1782998090.120 for reason 'the timestamp on the message is earlier than all the data in the transform cache'
[amcl-2] [INFO] [1782998090.546843903] [amcl]: Received a 143 X 166 map @ 0.050 m/pix
[amcl-2] [INFO] [1782998091.536959776] [amcl]: Received a 143 X 166 map @ 0.050 m/pix
[amcl-2] [INFO] [1782998092.220934949] [amcl]: Message Filter dropping message: frame 'laser' at time 1782998091.119 for reason 'the timestamp on the message is earlier than all the data in the transform cache'
[amcl-2] [INFO] [1782998092.539229222] [amcl]: Received a 143 X 166 map @ 0.050 m/pix
[controller_server-4] [INFO] [1782998093.029346975] [local_costmap.local_costmap]: Message Filter dropping message: frame 'laser' at time 1782998092.619 for reason 'the timestamp on the message is earlier than all the data in the transform cache'
[planner_server-6] [INFO] [1782998093.125563727] [global_costmap.global_costmap]: Message Filter dropping message: frame 'laser' at time 1782998092.721 for reason 'the timestamp on the message is earlier than all the data in the transform cache'
[amcl-2] [INFO] [1782998093.537859505] [amcl]: Received a 143 X 166 map @ 0.050 m/pix
[amcl-2] [INFO] [1782998094.537077580] [amcl]: Received a 143 X 166 map @ 0.050 m/pix
[amcl-2] [INFO] [1782998094.722127549] [amcl]: Message Filter dropping message: frame 'laser' at time 1782998093.617 for reason 'the timestamp on the message is earlier than all the data in the transform cache'
[amcl-2] [INFO] [1782998095.535290364] [amcl]: Received a 143 X 166 map @ 0.050 m/pix
[controller_server-4] [INFO] [1782998095.624868206] [local_costmap.local_costmap]: Message Filter dropping message: frame 'laser' at time 1782998095.216 for reason 'the timestamp on the message is earlier than all the data in the transform cache'
[planner_server-6] [INFO] [1782998095.725873662] [global_costmap.global_costmap]: Message Filter dropping message: frame 'laser' at time 1782998095.316 for reason 'the timestamp on the message is earlier than all the data in the transform cache'
[amcl-2] [INFO] [1782998096.539515145] [amcl]: Received a 143 X 166 map @ 0.050 m/pix
[amcl-2] [INFO] [1782998097.318503823] [amcl]: Message Filter dropping message: frame 'laser' at time 1782998096.216 for reason 'the timestamp on the message is earlier than all the data in the transform cache'
[amcl-2] [INFO] [1782998097.537826972] [amcl]: Received a 143 X 166 map @ 0.050 m/pix
[controller_server-4] [INFO] [1782998098.125746312] [local_costmap.local_costmap]: Message Filter dropping message: frame 'laser' at time 1782998097.714 for reason 'the timestamp on the message is earlier than all the data in the transform cache'
[planner_server-6] [INFO] [1782998098.326560560] [global_costmap.global_costmap]: Message Filter dropping message: frame 'laser' at time 1782998097.914 for reason 'the timestamp on the message is earlier than all the data in the transform cache'
[amcl-2] [INFO] [1782998098.537438008] [amcl]: Received a 143 X 166 map @ 0.050 m/pix
[amcl-2] [INFO] [1782998099.535405004] [amcl]: Received a 143 X 166 map @ 0.050 m/pix
[amcl-2] [INFO] [1782998099.913708436] [amcl]: Message Filter dropping message: frame 'laser' at time 1782998098.815 for reason 'discarding message because the queue is full'
[amcl-2] [INFO] [1782998100.537083538] [amcl]: Received a 143 X 166 map @ 0.050 m/pix
[controller_server-4] [INFO] [1782998100.731337084] [local_costmap.local_costmap]: Message Filter dropping message: frame 'laser' at time 1782998100.313 for reason 'the timestamp on the message is earlier than all the data in the transform cache'
[planner_server-6] [INFO] [1782998100.923037132] [global_costmap.global_costmap]: Message Filter dropping message: frame 'laser' at time 1782998100.512 for reason 'the timestamp on the message is earlier than all the data in the transform cache'
[amcl-2] [INFO] [1782998101.536721867] [amcl]: Received a 143 X 166 map @ 0.050 m/pix
[amcl-2] [INFO] [1782998102.511585926] [amcl]: Message Filter dropping message: frame 'laser' at time 1782998101.411 for reason 'discarding message because the queue is full'
[amcl-2] [INFO] [1782998102.539107278] [amcl]: Received a 143 X 166 map @ 0.050 m/pix
[controller_server-4] [INFO] [1782998103.318181751] [local_costmap.local_costmap]: Message Filter dropping message: frame 'laser' at time 1782998102.912 for reason 'the timestamp on the message is earlier than all the data in the transform cache'
[planner_server-6] [INFO] [1782998103.518111709] [global_costmap.global_costmap]: Message Filter dropping message: frame 'laser' at time 1782998103.111 for reason 'the timestamp on the message is earlier than all the data in the transform cache'
[amcl-2] [INFO] [1782998103.537667984] [amcl]: Received a 143 X 166 map @ 0.050 m/pix
[amcl-2] [INFO] [1782998104.534663317] [amcl]: Received a 143 X 166 map @ 0.050 m/pix
[amcl-2] [INFO] [1782998105.109699586] [amcl]: Message Filter dropping message: frame 'laser' at time 1782998104.010 for reason 'discarding message because the queue is full'
[amcl-2] [INFO] [1782998105.536738813] [amcl]: Received a 143 X 166 map @ 0.050 m/pix
[controller_server-4] [INFO] [1782998105.922755741] [local_costmap.local_costmap]: Message Filter dropping message: frame 'laser' at time 1782998105.509 for reason 'the timestamp on the message is earlier than all the data in the transform cache'
[planner_server-6] [INFO] [1782998106.023699156] [global_costmap.global_costmap]: Message Filter dropping message: frame 'laser' at time 1782998105.609 for reason 'the timestamp on the message is earlier than all the data in the transform cache'
[amcl-2] [INFO] [1782998106.537346186] [amcl]: Received a 143 X 166 map @ 0.050 m/pix
[amcl-2] [INFO] [1782998107.535472228] [amcl]: Received a 143 X 166 map @ 0.050 m/pix
[amcl-2] [INFO] [1782998107.707672876] [amcl]: Message Filter dropping message: frame 'laser' at time 1782998106.608 for reason 'discarding message because the queue is full'
[controller_server-4] [INFO] [1782998108.513828371] [local_costmap.local_costmap]: Message Filter dropping message: frame 'laser' at time 1782998108.106 for reason 'the timestamp on the message is earlier than all the data in the transform cache'
[amcl-2] [INFO] [1782998108.539666933] [amcl]: Received a 143 X 166 map @ 0.050 m/pix
[planner_server-6] [INFO] [1782998108.614178246] [global_costmap.global_costmap]: Message Filter dropping message: frame 'laser' at time 1782998108.206 for reason 'the timestamp on the message is earlier than all the data in the transform cache'
[amcl-2] [INFO] [1782998109.535650228] [amcl]: Received a 143 X 166 map @ 0.050 m/pix
[amcl-2] [INFO] [1782998110.305793295] [amcl]: Message Filter dropping message: frame 'laser' at time 1782998109.206 for reason 'discarding message because the queue is full'
[amcl-2] [INFO] [1782998110.540173017] [amcl]: Received a 143 X 166 map @ 0.050 m/pix
[controller_server-4] [INFO] [1782998111.111836791] [local_costmap.local_costmap]: Message Filter dropping message: frame 'laser' at time 1782998110.706 for reason 'the timestamp on the message is earlier than all the data in the transform cache'
[planner_server-6] [INFO] [1782998111.218384703] [global_costmap.global_costmap]: Message Filter dropping message: frame 'laser' at time 1782998110.804 for reason 'the timestamp on the message is earlier than all the data in the transform cache'
[amcl-2] [INFO] [1782998111.538764436] [amcl]: Received a 143 X 166 map @ 0.050 m/pix
[amcl-2] [INFO] [1782998112.537456273] [amcl]: Received a 143 X 166 map @ 0.050 m/pix
[amcl-2] [INFO] [1782998112.904409384] [amcl]: Message Filter dropping message: frame 'laser' at time 1782998111.804 for reason 'discarding message because the queue is full'
[amcl-2] [INFO] [1782998113.536362526] [amcl]: Received a 143 X 166 map @ 0.050 m/pix
[controller_server-4] [INFO] [1782998113.618466875] [local_costmap.local_costmap]: Message Filter dropping message: frame 'laser' at time 1782998113.203 for reason 'the timestamp on the message is earlier than all the data in the transform cache'
[planner_server-6] [INFO] [1782998113.811403798] [global_costmap.global_costmap]: Message Filter dropping message: frame 'laser' at time 1782998113.403 for reason 'the timestamp on the message is earlier than all the data in the transform cache'
[amcl-2] [INFO] [1782998114.535572155] [amcl]: Received a 143 X 166 map @ 0.050 m/pix
[amcl-2] [INFO] [1782998115.502328020] [amcl]: Message Filter dropping message: frame 'laser' at time 1782998114.402 for reason 'discarding message because the queue is full'
[amcl-2] [INFO] [1782998115.537227700] [amcl]: Received a 143 X 166 map @ 0.050 m/pix
[controller_server-4] [INFO] [1782998116.208917351] [local_costmap.local_costmap]: Message Filter dropping message: frame 'laser' at time 1782998115.801 for reason 'the timestamp on the message is earlier than all the data in the transform cache'
[planner_server-6] [INFO] [1782998116.416000805] [global_costmap.global_costmap]: Message Filter dropping message: frame 'laser' at time 1782998116.001 for reason 'the timestamp on the message is earlier than all the data in the transform cache'
[amcl-2] [INFO] [1782998116.534580248] [amcl]: Received a 143 X 166 map @ 0.050 m/pix
[amcl-2] [INFO] [1782998117.536488002] [amcl]: Received a 143 X 166 map @ 0.050 m/pix
[amcl-2] [INFO] [1782998118.100290827] [amcl]: Message Filter dropping message: frame 'laser' at time 1782998117.000 for reason 'discarding message because the queue is full'
[amcl-2] [INFO] [1782998118.541489962] [amcl]: Received a 143 X 166 map @ 0.050 m/pix
[controller_server-4] [INFO] [1782998118.806487909] [local_costmap.local_costmap]: Message Filter dropping message: frame 'laser' at time 1782998118.399 for reason 'the timestamp on the message is earlier than all the data in the transform cache'
[planner_server-6] [INFO] [1782998119.006731327] [global_costmap.global_costmap]: Message Filter dropping message: frame 'laser' at time 1782998118.605 for reason 'the timestamp on the message is earlier than all the data in the transform cache'
[amcl-2] [INFO] [1782998119.537319305] [amcl]: Received a 143 X 166 map @ 0.050 m/pix
[amcl-2] [INFO] [1782998120.538590936] [amcl]: Received a 143 X 166 map @ 0.050 m/pix
[amcl-2] [INFO] [1782998120.698164220] [amcl]: Message Filter dropping message: frame 'laser' at time 1782998119.599 for reason 'discarding message because the queue is full'
[controller_server-4] [INFO] [1782998121.408305717] [local_costmap.local_costmap]: Message Filter dropping message: frame 'laser' at time 1782998120.997 for reason 'the timestamp on the message is earlier than all the data in the transform cache'
[amcl-2] [INFO] [1782998121.535038196] [amcl]: Received a 143 X 166 map @ 0.050 m/pix
[planner_server-6] [INFO] [1782998121.610024634] [global_costmap.global_costmap]: Message Filter dropping message: frame 'laser' at time 1782998121.197 for reason 'the timestamp on the message is earlier than all the data in the transform cache'
[amcl-2] [INFO] [1782998122.535392287] [amcl]: Received a 143 X 166 map @ 0.050 m/pix
[amcl-2] [INFO] [1782998123.297576534] [amcl]: Message Filter dropping message: frame 'laser' at time 1782998122.197 for reason 'discarding message because the queue is full'
[amcl-2] [INFO] [1782998123.539345418] [amcl]: Received a 143 X 166 map @ 0.050 m/pix
[controller_server-4] [INFO] [1782998123.908338697] [local_costmap.local_costmap]: Message Filter dropping message: frame 'laser' at time 1782998123.496 for reason 'the timestamp on the message is earlier than all the data in the transform cache'
[planner_server-6] [INFO] [1782998124.111933029] [global_costmap.global_costmap]: Message Filter dropping message: frame 'laser' at time 1782998123.697 for reason 'the timestamp on the message is earlier than all the data in the transform cache'
[amcl-2] [INFO] [1782998124.535152222] [amcl]: Received a 143 X 166 map @ 0.050 m/pix
[amcl-2] [INFO] [1782998125.535632524] [amcl]: Received a 143 X 166 map @ 0.050 m/pix
[amcl-2] [INFO] [1782998125.897781435] [amcl]: Message Filter dropping message: frame 'laser' at time 1782998124.795 for reason 'discarding message because the queue is full'
[controller_server-4] [INFO] [1782998126.421734293] [local_costmap.local_costmap]: Message Filter dropping message: frame 'laser' at time 1782998125.994 for reason 'the timestamp on the message is earlier than all the data in the transform cache'
[amcl-2] [INFO] [1782998126.537488416] [amcl]: Received a 143 X 166 map @ 0.050 m/pix
[planner_server-6] [INFO] [1782998126.703840121] [global_costmap.global_costmap]: Message Filter dropping message: frame 'laser' at time 1782998126.294 for reason 'the timestamp on the message is earlier than all the data in the transform cache'
[amcl-2] [INFO] [1782998127.536376313] [amcl]: Received a 143 X 166 map @ 0.050 m/pix
[amcl-2] [INFO] [1782998128.494700543] [amcl]: Message Filter dropping message: frame 'laser' at time 1782998127.394 for reason 'the timestamp on the message is earlier than all the data in the transform cache'
[amcl-2] [INFO] [1782998128.535838125] [amcl]: Received a 143 X 166 map @ 0.050 m/pix
[controller_server-4] [INFO] [1782998129.002432240] [local_costmap.local_costmap]: Message Filter dropping message: frame 'laser' at time 1782998128.592 for reason 'the timestamp on the message is earlier than all the data in the transform cache'
[planner_server-6] [INFO] [1782998129.301709317] [global_costmap.global_costmap]: Message Filter dropping message: frame 'laser' at time 1782998128.892 for reason 'the timestamp on the message is earlier than all the data in the transform cache'
[amcl-2] [INFO] [1782998129.535808270] [amcl]: Received a 143 X 166 map @ 0.050 m/pix
[amcl-2] [INFO] [1782998130.537790955] [amcl]: Received a 143 X 166 map @ 0.050 m/pix
[amcl-2] [INFO] [1782998131.091866275] [amcl]: Message Filter dropping message: frame 'laser' at time 1782998129.991 for reason 'discarding message because the queue is full'
[amcl-2] [INFO] [1782998131.535132306] [amcl]: Received a 143 X 166 map @ 0.050 m/pix
[controller_server-4] [INFO] [1782998131.599950096] [local_costmap.local_costmap]: Message Filter dropping message: frame 'laser' at time 1782998131.191 for reason 'the timestamp on the message is earlier than all the data in the transform cache'
[planner_server-6] [INFO] [1782998131.898896256] [global_costmap.global_costmap]: Message Filter dropping message: frame 'laser' at time 1782998131.490 for reason 'the timestamp on the message is earlier than all the data in the transform cache'
[amcl-2] [INFO] [1782998132.538117906] [amcl]: Received a 143 X 166 map @ 0.050 m/pix
[amcl-2] [INFO] [1782998133.537659630] [amcl]: Received a 143 X 166 map @ 0.050 m/pix
[amcl-2] [INFO] [1782998133.689363585] [amcl]: Message Filter dropping message: frame 'laser' at time 1782998132.590 for reason 'discarding message because the queue is full'
[controller_server-4] [INFO] [1782998134.197950946] [local_costmap.local_costmap]: Message Filter dropping message: frame 'laser' at time 1782998133.789 for reason 'the timestamp on the message is earlier than all the data in the transform cache'
[planner_server-6] [INFO] [1782998134.495792313] [global_costmap.global_costmap]: Message Filter dropping message: frame 'laser' at time 1782998134.088 for reason 'the timestamp on the message is earlier than all the data in the transform cache'
[amcl-2] [INFO] [1782998134.538445520] [amcl]: Received a 143 X 166 map @ 0.050 m/pix
[amcl-2] [INFO] [1782998135.535252076] [amcl]: Received a 143 X 166 map @ 0.050 m/pix
[amcl-2] [INFO] [1782998136.288236721] [amcl]: Message Filter dropping message: frame 'laser' at time 1782998135.188 for reason 'discarding message because the queue is full'
[amcl-2] [INFO] [1782998136.534983589] [amcl]: Received a 143 X 166 map @ 0.050 m/pix
[controller_server-4] [INFO] [1782998136.796349207] [local_costmap.local_costmap]: Message Filter dropping message: frame 'laser' at time 1782998136.387 for reason 'the timestamp on the message is earlier than all the data in the transform cache'
[planner_server-6] [INFO] [1782998136.997082367] [global_costmap.global_costmap]: Message Filter dropping message: frame 'laser' at time 1782998136.587 for reason 'the timestamp on the message is earlier than all the data in the transform cache'
[amcl-2] [INFO] [1782998137.536139893] [amcl]: Received a 143 X 166 map @ 0.050 m/pix
[amcl-2] [INFO] [1782998138.534862779] [amcl]: Received a 143 X 166 map @ 0.050 m/pix
[amcl-2] [INFO] [1782998138.886072685] [amcl]: Message Filter dropping message: frame 'laser' at time 1782998137.786 for reason 'discarding message because the queue is full'
[controller_server-4] [INFO] [1782998139.414864418] [local_costmap.local_costmap]: Message Filter dropping message: frame 'laser' at time 1782998138.985 for reason 'the timestamp on the message is earlier than all the data in the transform cache'
[amcl-2] [INFO] [1782998139.536289748] [amcl]: Received a 143 X 166 map @ 0.050 m/pix
[planner_server-6] [INFO] [1782998139.593118204] [global_costmap.global_costmap]: Message Filter dropping message: frame 'laser' at time 1782998139.185 for reason 'the timestamp on the message is earlier than all the data in the transform cache'
[amcl-2] [INFO] [1782998140.537536882] [amcl]: Received a 143 X 166 map @ 0.050 m/pix
[amcl-2] [INFO] [1782998141.486085934] [amcl]: Message Filter dropping message: frame 'laser' at time 1782998140.385 for reason 'the timestamp on the message is earlier than all the data in the transform cache'
[amcl-2] [INFO] [1782998141.534637682] [amcl]: Received a 143 X 166 map @ 0.050 m/pix
[controller_server-4] [INFO] [1782998141.991494917] [local_costmap.local_costmap]: Message Filter dropping message: frame 'laser' at time 1782998141.584 for reason 'the timestamp on the message is earlier than all the data in the transform cache'
[planner_server-6] [INFO] [1782998142.095871788] [global_costmap.global_costmap]: Message Filter dropping message: frame 'laser' at time 1782998141.684 for reason 'the timestamp on the message is earlier than all the data in the transform cache'
[amcl-2] [INFO] [1782998142.534482232] [amcl]: Received a 143 X 166 map @ 0.050 m/pix
[amcl-2] [INFO] [1782998143.537262405] [amcl]: Received a 143 X 166 map @ 0.050 m/pix
[amcl-2] [INFO] [1782998143.990465722] [amcl]: Message Filter dropping message: frame 'laser' at time 1782998142.883 for reason 'the timestamp on the message is earlier than all the data in the transform cache'
[controller_server-4] [INFO] [1782998144.493599704] [local_costmap.local_costmap]: Message Filter dropping message: frame 'laser' at time 1782998144.082 for reason 'the timestamp on the message is earlier than all the data in the transform cache'
[amcl-2] [INFO] [1782998144.540003286] [amcl]: Received a 143 X 166 map @ 0.050 m/pix
[planner_server-6] [INFO] [1782998144.691565988] [global_costmap.global_costmap]: Message Filter dropping message: frame 'laser' at time 1782998144.282 for reason 'the timestamp on the message is earlier than all the data in the transform cache'
[amcl-2] [INFO] [1782998145.535652582] [amcl]: Received a 143 X 166 map @ 0.050 m/pix
[amcl-2] [INFO] [1782998146.537795544] [amcl]: Received a 143 X 166 map @ 0.050 m/pix
[amcl-2] [INFO] [1782998146.581918418] [amcl]: Message Filter dropping message: frame 'laser' at time 1782998145.482 for reason 'discarding message because the queue is full'
[controller_server-4] [INFO] [1782998147.088673107] [local_costmap.local_costmap]: Message Filter dropping message: frame 'laser' at time 1782998146.680 for reason 'the timestamp on the message is earlier than all the data in the transform cache'
[planner_server-6] [INFO] [1782998147.194858227] [global_costmap.global_costmap]: Message Filter dropping message: frame 'laser' at time 1782998146.781 for reason 'the timestamp on the message is earlier than all the data in the transform cache'
[amcl-2] [INFO] [1782998147.538019297] [amcl]: Received a 143 X 166 map @ 0.050 m/pix
[amcl-2] [INFO] [1782998148.535962424] [amcl]: Received a 143 X 166 map @ 0.050 m/pix
[amcl-2] [INFO] [1782998149.185466190] [amcl]: Message Filter dropping message: frame 'laser' at time 1782998148.079 for reason 'the timestamp on the message is earlier than all the data in the transform cache'
[amcl-2] [INFO] [1782998149.537717509] [amcl]: Received a 143 X 166 map @ 0.050 m/pix
[controller_server-4] [INFO] [1782998149.588902299] [local_costmap.local_costmap]: Message Filter dropping message: frame 'laser' at time 1782998149.179 for reason 'the timestamp on the message is earlier than all the data in the transform cache'
[planner_server-6] [INFO] [1782998149.788970374] [global_costmap.global_costmap]: Message Filter dropping message: frame 'laser' at time 1782998149.378 for reason 'the timestamp on the message is earlier than all the data in the transform cache'
[amcl-2] [INFO] [1782998150.536836759] [amcl]: Received a 143 X 166 map @ 0.050 m/pix
[amcl-2] [INFO] [1782998151.535966759] [amcl]: Received a 143 X 166 map @ 0.050 m/pix
[amcl-2] [INFO] [1782998151.777703373] [amcl]: Message Filter dropping message: frame 'laser' at time 1782998150.679 for reason 'discarding message because the queue is full'
[controller_server-4] [INFO] [1782998152.184084064] [local_costmap.local_costmap]: Message Filter dropping message: frame 'laser' at time 1782998151.777 for reason 'the timestamp on the message is earlier than all the data in the transform cache'
[planner_server-6] [INFO] [1782998152.385490847] [global_costmap.global_costmap]: Message Filter dropping message: frame 'laser' at time 1782998151.976 for reason 'the timestamp on the message is earlier than all the data in the transform cache'
[amcl-2] [INFO] [1782998152.535928174] [amcl]: Received a 143 X 166 map @ 0.050 m/pix
[amcl-2] [INFO] [1782998153.535027755] [amcl]: Received a 143 X 166 map @ 0.050 m/pix
[amcl-2] [INFO] [1782998154.375778717] [amcl]: Message Filter dropping message: frame 'laser' at time 1782998153.276 for reason 'discarding message because the queue is full'
[amcl-2] [INFO] [1782998154.537443210] [amcl]: Received a 143 X 166 map @ 0.050 m/pix
[controller_server-4] [INFO] [1782998154.686530703] [local_costmap.local_costmap]: Message Filter dropping message: frame 'laser' at time 1782998154.275 for reason 'the timestamp on the message is earlier than all the data in the transform cache'
[planner_server-6] [INFO] [1782998154.988235648] [global_costmap.global_costmap]: Message Filter dropping message: frame 'laser' at time 1782998154.575 for reason 'the timestamp on the message is earlier than all the data in the transform cache'
[amcl-2] [INFO] [1782998155.534929289] [amcl]: Received a 143 X 166 map @ 0.050 m/pix
[amcl-2] [INFO] [1782998156.539835325] [amcl]: Received a 143 X 166 map @ 0.050 m/pix
[amcl-2] [INFO] [1782998156.975428055] [amcl]: Message Filter dropping message: frame 'laser' at time 1782998155.874 for reason 'the timestamp on the message is earlier than all the data in the transform cache'
[controller_server-4] [INFO] [1782998157.281887915] [local_costmap.local_costmap]: Message Filter dropping message: frame 'laser' at time 1782998156.873 for reason 'the timestamp on the message is earlier than all the data in the transform cache'
[planner_server-6] [INFO] [1782998157.489013697] [global_costmap.global_costmap]: Message Filter dropping message: frame 'laser' at time 1782998157.073 for reason 'the timestamp on the message is earlier than all the data in the transform cache'
[amcl-2] [INFO] [1782998157.541223028] [amcl]: Received a 143 X 166 map @ 0.050 m/pix
[amcl-2] [INFO] [1782998158.536951063] [amcl]: Received a 143 X 166 map @ 0.050 m/pix
[amcl-2] [INFO] [1782998159.536368138] [amcl]: Received a 143 X 166 map @ 0.050 m/pix
[amcl-2] [INFO] [1782998159.572592553] [amcl]: Message Filter dropping message: frame 'laser' at time 1782998158.472 for reason 'discarding message because the queue is full'
[controller_server-4] [INFO] [1782998159.887385329] [local_costmap.local_costmap]: Message Filter dropping message: frame 'laser' at time 1782998159.472 for reason 'the timestamp on the message is earlier than all the data in the transform cache'
[planner_server-6] [INFO] [1782998160.078218736] [global_costmap.global_costmap]: Message Filter dropping message: frame 'laser' at time 1782998159.671 for reason 'the timestamp on the message is earlier than all the data in the transform cache'
[amcl-2] [INFO] [1782998160.537283880] [amcl]: Received a 143 X 166 map @ 0.050 m/pix
[amcl-2] [INFO] [1782998161.536238204] [amcl]: Received a 143 X 166 map @ 0.050 m/pix
[amcl-2] [INFO] [1782998162.171191962] [amcl]: Message Filter dropping message: frame 'laser' at time 1782998161.070 for reason 'discarding message because the queue is full'
[controller_server-4] [INFO] [1782998162.479751404] [local_costmap.local_costmap]: Message Filter dropping message: frame 'laser' at time 1782998162.069 for reason 'the timestamp on the message is earlier than all the data in the transform cache'
[amcl-2] [INFO] [1782998162.535644610] [amcl]: Received a 143 X 166 map @ 0.050 m/pix
[planner_server-6] [INFO] [1782998162.583410691] [global_costmap.global_costmap]: Message Filter dropping message: frame 'laser' at time 1782998162.170 for reason 'the timestamp on the message is earlier than all the data in the transform cache'
[amcl-2] [INFO] [1782998163.537321682] [amcl]: Received a 143 X 166 map @ 0.050 m/pix
[amcl-2] [INFO] [1782998164.534798461] [amcl]: Received a 143 X 166 map @ 0.050 m/pix
[amcl-2] [INFO] [1782998164.768581407] [amcl]: Message Filter dropping message: frame 'laser' at time 1782998163.670 for reason 'discarding message because the queue is full'
[controller_server-4] [INFO] [1782998165.077869640] [local_costmap.local_costmap]: Message Filter dropping message: frame 'laser' at time 1782998164.668 for reason 'the timestamp on the message is earlier than all the data in the transform cache'
[planner_server-6] [INFO] [1782998165.178715218] [global_costmap.global_costmap]: Message Filter dropping message: frame 'laser' at time 1782998164.768 for reason 'the timestamp on the message is earlier than all the data in the transform cache'
[amcl-2] [INFO] [1782998165.537889157] [amcl]: Received a 143 X 166 map @ 0.050 m/pix
[amcl-2] [INFO] [1782998166.542095351] [amcl]: Received a 143 X 166 map @ 0.050 m/pix
[amcl-2] [INFO] [1782998167.367607804] [amcl]: Message Filter dropping message: frame 'laser' at time 1782998166.267 for reason 'discarding message because the queue is full'
[amcl-2] [INFO] [1782998167.535952086] [amcl]: Received a 143 X 166 map @ 0.050 m/pix
[controller_server-4] [INFO] [1782998167.577975001] [local_costmap.local_costmap]: Message Filter dropping message: frame 'laser' at time 1782998167.166 for reason 'the timestamp on the message is earlier than all the data in the transform cache'
[planner_server-6] [INFO] [1782998167.679170537] [global_costmap.global_costmap]: Message Filter dropping message: frame 'laser' at time 1782998167.266 for reason 'the timestamp on the message is earlier than all the data in the transform cache'
[amcl-2] [INFO] [1782998168.535636112] [amcl]: Received a 143 X 166 map @ 0.050 m/pix
[amcl-2] [INFO] [1782998169.536936054] [amcl]: Received a 143 X 166 map @ 0.050 m/pix
[amcl-2] [INFO] [1782998169.965347862] [amcl]: Message Filter dropping message: frame 'laser' at time 1782998168.865 for reason 'discarding message because the queue is full'
[controller_server-4] [INFO] [1782998170.172569642] [local_costmap.local_costmap]: Message Filter dropping message: frame 'laser' at time 1782998169.765 for reason 'the timestamp on the message is earlier than all the data in the transform cache'
[planner_server-6] [INFO] [1782998170.274574677] [global_costmap.global_costmap]: Message Filter dropping message: frame 'laser' at time 1782998169.865 for reason 'the timestamp on the message is earlier than all the data in the transform cache'
[amcl-2] [INFO] [1782998170.536698787] [amcl]: Received a 143 X 166 map @ 0.050 m/pix
[amcl-2] [INFO] [1782998171.535114685] [amcl]: Received a 143 X 166 map @ 0.050 m/pix
[amcl-2] [INFO] [1782998172.465930254] [amcl]: Message Filter dropping message: frame 'laser' at time 1782998171.367 for reason 'discarding message because the queue is full'
[amcl-2] [INFO] [1782998172.535761916] [amcl]: Received a 143 X 166 map @ 0.050 m/pix
[controller_server-4] [INFO] [1782998172.683207949] [local_costmap.local_costmap]: Message Filter dropping message: frame 'laser' at time 1782998172.262 for reason 'the timestamp on the message is earlier than all the data in the transform cache'
[planner_server-6] [INFO] [1782998172.786500734] [global_costmap.global_costmap]: Message Filter dropping message: frame 'laser' at time 1782998172.362 for reason 'the timestamp on the message is earlier than all the data in the transform cache'
[amcl-2] [INFO] [1782998173.539263021] [amcl]: Received a 143 X 166 map @ 0.050 m/pix
[amcl-2] [INFO] [1782998174.536098000] [amcl]: Received a 143 X 166 map @ 0.050 m/pix
[amcl-2] [INFO] [1782998175.062466884] [amcl]: Message Filter dropping message: frame 'laser' at time 1782998173.962 for reason 'discarding message because the queue is full'
[controller_server-4] [INFO] [1782998175.268021121] [local_costmap.local_costmap]: Message Filter dropping message: frame 'laser' at time 1782998174.861 for reason 'the timestamp on the message is earlier than all the data in the transform cache'
[planner_server-6] [INFO] [1782998175.372584989] [global_costmap.global_costmap]: Message Filter dropping message: frame 'laser' at time 1782998174.961 for reason 'the timestamp on the message is earlier than all the data in the transform cache'
[amcl-2] [INFO] [1782998175.536040062] [amcl]: Received a 143 X 166 map @ 0.050 m/pix
[amcl-2] [INFO] [1782998176.536403164] [amcl]: Received a 143 X 166 map @ 0.050 m/pix
[amcl-2] [INFO] [1782998177.536146891] [amcl]: Received a 143 X 166 map @ 0.050 m/pix
[amcl-2] [INFO] [1782998177.660027966] [amcl]: Message Filter dropping message: frame 'laser' at time 1782998176.560 for reason 'discarding message because the queue is full'
[controller_server-4] [INFO] [1782998177.768996167] [local_costmap.local_costmap]: Message Filter dropping message: frame 'laser' at time 1782998177.360 for reason 'the timestamp on the message is earlier than all the data in the transform cache'
[planner_server-6] [INFO] [1782998177.967483113] [global_costmap.global_costmap]: Message Filter dropping message: frame 'laser' at time 1782998177.559 for reason 'the timestamp on the message is earlier than all the data in the transform cache'
[amcl-2] [INFO] [1782998178.537881783] [amcl]: Received a 143 X 166 map @ 0.050 m/pix
[amcl-2] [INFO] [1782998179.534664925] [amcl]: Received a 143 X 166 map @ 0.050 m/pix
[amcl-2] [INFO] [1782998180.258671418] [amcl]: Message Filter dropping message: frame 'laser' at time 1782998179.158 for reason 'the timestamp on the message is earlier than all the data in the transform cache'
[controller_server-4] [INFO] [1782998180.365955952] [local_costmap.local_costmap]: Message Filter dropping message: frame 'laser' at time 1782998179.957 for reason 'the timestamp on the message is earlier than all the data in the transform cache'
[amcl-2] [INFO] [1782998180.537443940] [amcl]: Received a 143 X 166 map @ 0.050 m/pix
[planner_server-6] [INFO] [1782998180.564662647] [global_costmap.global_costmap]: Message Filter dropping message: frame 'laser' at time 1782998180.157 for reason 'the timestamp on the message is earlier than all the data in the transform cache'
[amcl-2] [INFO] [1782998181.535390289] [amcl]: Received a 143 X 166 map @ 0.050 m/pix
[amcl-2] [INFO] [1782998182.537475011] [amcl]: Received a 143 X 166 map @ 0.050 m/pix
[amcl-2] [INFO] [1782998182.856707197] [amcl]: Message Filter dropping message: frame 'laser' at time 1782998181.756 for reason 'discarding message because the queue is full'
[controller_server-4] [INFO] [1782998182.964013565] [local_costmap.local_costmap]: Message Filter dropping message: frame 'laser' at time 1782998182.555 for reason 'the timestamp on the message is earlier than all the data in the transform cache'
[planner_server-6] [INFO] [1782998183.069247557] [global_costmap.global_costmap]: Message Filter dropping message: frame 'laser' at time 1782998182.656 for reason 'the timestamp on the message is earlier than all the data in the transform cache'
[amcl-2] [INFO] [1782998183.537779441] [amcl]: Received a 143 X 166 map @ 0.050 m/pix
[amcl-2] [INFO] [1782998184.536008245] [amcl]: Received a 143 X 166 map @ 0.050 m/pix
[amcl-2] [INFO] [1782998185.356843644] [amcl]: Message Filter dropping message: frame 'laser' at time 1782998184.255 for reason 'the timestamp on the message is earlier than all the data in the transform cache'
[amcl-2] [INFO] [1782998185.535267798] [amcl]: Received a 143 X 166 map @ 0.050 m/pix
[controller_server-4] [INFO] [1782998185.563257879] [local_costmap.local_costmap]: Message Filter dropping message: frame 'laser' at time 1782998185.154 for reason 'the timestamp on the message is earlier than all the data in the transform cache'
[planner_server-6] [INFO] [1782998185.664886997] [global_costmap.global_costmap]: Message Filter dropping message: frame 'laser' at time 1782998185.254 for reason 'the timestamp on the message is earlier than all the data in the transform cache'
[amcl-2] [INFO] [1782998186.535470059] [amcl]: Received a 143 X 166 map @ 0.050 m/pix
[amcl-2] [INFO] [1782998187.535840277] [amcl]: Received a 143 X 166 map @ 0.050 m/pix
[amcl-2] [INFO] [1782998187.961466079] [amcl]: Message Filter dropping message: frame 'laser' at time 1782998186.854 for reason 'the timestamp on the message is earlier than all the data in the transform cache'
[controller_server-4] [INFO] [1782998188.168740730] [local_costmap.local_costmap]: Message Filter dropping message: frame 'laser' at time 1782998187.752 for reason 'the timestamp on the message is earlier than all the data in the transform cache'
[planner_server-6] [INFO] [1782998188.261792598] [global_costmap.global_costmap]: Message Filter dropping message: frame 'laser' at time 1782998187.852 for reason 'the timestamp on the message is earlier than all the data in the transform cache'
[amcl-2] [INFO] [1782998188.536906286] [amcl]: Received a 143 X 166 map @ 0.050 m/pix
[amcl-2] [INFO] [1782998189.540125335] [amcl]: Received a 143 X 166 map @ 0.050 m/pix
[amcl-2] [INFO] [1782998190.539648384] [amcl]: Received a 143 X 166 map @ 0.050 m/pix
[amcl-2] [INFO] [1782998190.551572467] [amcl]: Message Filter dropping message: frame 'laser' at time 1782998189.451 for reason 'discarding message because the queue is full'
[controller_server-4] [INFO] [1782998190.759378451] [local_costmap.local_costmap]: Message Filter dropping message: frame 'laser' at time 1782998190.355 for reason 'the timestamp on the message is earlier than all the data in the transform cache'
[planner_server-6] [INFO] [1782998190.860184860] [global_costmap.global_costmap]: Message Filter dropping message: frame 'laser' at time 1782998190.451 for reason 'the timestamp on the message is earlier than all the data in the transform cache'
[amcl-2] [INFO] [1782998191.535870849] [amcl]: Received a 143 X 166 map @ 0.050 m/pix
[amcl-2] [INFO] [1782998192.535033855] [amcl]: Received a 143 X 166 map @ 0.050 m/pix
[amcl-2] [INFO] [1782998193.149904515] [amcl]: Message Filter dropping message: frame 'laser' at time 1782998192.049 for reason 'discarding message because the queue is full'
[controller_server-4] [INFO] [1782998193.356668707] [local_costmap.local_costmap]: Message Filter dropping message: frame 'laser' at time 1782998192.949 for reason 'the timestamp on the message is earlier than all the data in the transform cache'
[planner_server-6] [INFO] [1782998193.459894991] [global_costmap.global_costmap]: Message Filter dropping message: frame 'laser' at time 1782998193.049 for reason 'the timestamp on the message is earlier than all the data in the transform cache'
[amcl-2] [INFO] [1782998193.535800401] [amcl]: Received a 143 X 166 map @ 0.050 m/pix
[amcl-2] [INFO] [1782998194.541372696] [amcl]: Received a 143 X 166 map @ 0.050 m/pix
[amcl-2] [INFO] [1782998195.536021908] [amcl]: Received a 143 X 166 map @ 0.050 m/pix
[amcl-2] [INFO] [1782998195.747609141] [amcl]: Message Filter dropping message: frame 'laser' at time 1782998194.648 for reason 'discarding message because the queue is full'
[controller_server-4] [INFO] [1782998195.859546216] [local_costmap.local_costmap]: Message Filter dropping message: frame 'laser' at time 1782998195.447 for reason 'the timestamp on the message is earlier than all the data in the transform cache'
[planner_server-6] [INFO] [1782998196.054151908] [global_costmap.global_costmap]: Message Filter dropping message: frame 'laser' at time 1782998195.647 for reason 'the timestamp on the message is earlier than all the data in the transform cache'
[amcl-2] [INFO] [1782998196.537635202] [amcl]: Received a 143 X 166 map @ 0.050 m/pix
[amcl-2] [INFO] [1782998197.535788537] [amcl]: Received a 143 X 166 map @ 0.050 m/pix
[amcl-2] [INFO] [1782998198.345733054] [amcl]: Message Filter dropping message: frame 'laser' at time 1782998197.245 for reason 'discarding message because the queue is full'
[controller_server-4] [INFO] [1782998198.453586336] [local_costmap.local_costmap]: Message Filter dropping message: frame 'laser' at time 1782998198.045 for reason 'the timestamp on the message is earlier than all the data in the transform cache'
[amcl-2] [INFO] [1782998198.534651871] [amcl]: Received a 143 X 166 map @ 0.050 m/pix
[planner_server-6] [INFO] [1782998198.554260578] [global_costmap.global_costmap]: Message Filter dropping message: frame 'laser' at time 1782998198.145 for reason 'the timestamp on the message is earlier than all the data in the transform cache'
[amcl-2] [INFO] [1782998199.536563413] [amcl]: Received a 143 X 166 map @ 0.050 m/pix
[amcl-2] [INFO] [1782998200.537475078] [amcl]: Received a 143 X 166 map @ 0.050 m/pix
[amcl-2] [INFO] [1782998200.943795960] [amcl]: Message Filter dropping message: frame 'laser' at time 1782998199.843 for reason 'discarding message because the queue is full'
[controller_server-4] [INFO] [1782998201.052280743] [local_costmap.local_costmap]: Message Filter dropping message: frame 'laser' at time 1782998200.643 for reason 'the timestamp on the message is earlier than all the data in the transform cache'
[planner_server-6] [INFO] [1782998201.154185151] [global_costmap.global_costmap]: Message Filter dropping message: frame 'laser' at time 1782998200.743 for reason 'the timestamp on the message is earlier than all the data in the transform cache'
[amcl-2] [INFO] [1782998201.534953118] [amcl]: Received a 143 X 166 map @ 0.050 m/pix
[amcl-2] [INFO] [1782998202.538397574] [amcl]: Received a 143 X 166 map @ 0.050 m/pix
[amcl-2] [INFO] [1782998203.536072487] [amcl]: Received a 143 X 166 map @ 0.050 m/pix
[amcl-2] [INFO] [1782998203.541652987] [amcl]: Message Filter dropping message: frame 'laser' at time 1782998202.442 for reason 'discarding message because the queue is full'
[controller_server-4] [INFO] [1782998203.561778818] [local_costmap.local_costmap]: Message Filter dropping message: frame 'laser' at time 1782998203.141 for reason 'the timestamp on the message is earlier than all the data in the transform cache'
[planner_server-6] [INFO] [1782998203.748281427] [global_costmap.global_costmap]: Message Filter dropping message: frame 'laser' at time 1782998203.341 for reason 'the timestamp on the message is earlier than all the data in the transform cache'
[amcl-2] [INFO] [1782998204.536588775] [amcl]: Received a 143 X 166 map @ 0.050 m/pix
[amcl-2] [INFO] [1782998205.541546394] [amcl]: Received a 143 X 166 map @ 0.050 m/pix
[amcl-2] [INFO] [1782998206.139762549] [amcl]: Message Filter dropping message: frame 'laser' at time 1782998205.040 for reason 'discarding message because the queue is full'
[controller_server-4] [INFO] [1782998206.163102422] [local_costmap.local_costmap]: Message Filter dropping message: frame 'laser' at time 1782998205.739 for reason 'the timestamp on the message is earlier than all the data in the transform cache'
[planner_server-6] [INFO] [1782998206.254861289] [global_costmap.global_costmap]: Message Filter dropping message: frame 'laser' at time 1782998205.839 for reason 'the timestamp on the message is earlier than all the data in the transform cache'
[amcl-2] [INFO] [1782998206.534966930] [amcl]: Received a 143 X 166 map @ 0.050 m/pix
[amcl-2] [INFO] [1782998207.535334340] [amcl]: Received a 143 X 166 map @ 0.050 m/pix
[amcl-2] [INFO] [1782998208.536074875] [amcl]: Received a 143 X 166 map @ 0.050 m/pix
[amcl-2] [INFO] [1782998208.641872948] [amcl]: Message Filter dropping message: frame 'laser' at time 1782998207.538 for reason 'the timestamp on the message is earlier than all the data in the transform cache'
[controller_server-4] [INFO] [1782998208.745348522] [local_costmap.local_costmap]: Message Filter dropping message: frame 'laser' at time 1782998208.338 for reason 'the timestamp on the message is earlier than all the data in the transform cache'
[planner_server-6] [INFO] [1782998208.845396180] [global_costmap.global_costmap]: Message Filter dropping message: frame 'laser' at time 1782998208.438 for reason 'the timestamp on the message is earlier than all the data in the transform cache'
[amcl-2] [INFO] [1782998209.537393283] [amcl]: Received a 143 X 166 map @ 0.050 m/pix
[amcl-2] [INFO] [1782998210.542680898] [amcl]: Received a 143 X 166 map @ 0.050 m/pix
[amcl-2] [INFO] [1782998211.238104084] [amcl]: Message Filter dropping message: frame 'laser' at time 1782998210.135 for reason 'discarding message because the queue is full'
[controller_server-4] [INFO] [1782998211.344784407] [local_costmap.local_costmap]: Message Filter dropping message: frame 'laser' at time 1782998210.935 for reason 'the timestamp on the message is earlier than all the data in the transform cache'
[planner_server-6] [INFO] [1782998211.450287189] [global_costmap.global_costmap]: Message Filter dropping message: frame 'laser' at time 1782998211.035 for reason 'the timestamp on the message is earlier than all the data in the transform cache'
[amcl-2] [INFO] [1782998211.535250972] [amcl]: Received a 143 X 166 map @ 0.050 m/pix
[amcl-2] [INFO] [1782998212.535789128] [amcl]: Received a 143 X 166 map @ 0.050 m/pix
[amcl-2] [INFO] [1782998213.540528783] [amcl]: Received a 143 X 166 map @ 0.050 m/pix
[amcl-2] [INFO] [1782998213.833888130] [amcl]: Message Filter dropping message: frame 'laser' at time 1782998212.734 for reason 'discarding message because the queue is full'
[controller_server-4] [INFO] [1782998213.846227337] [local_costmap.local_costmap]: Message Filter dropping message: frame 'laser' at time 1782998213.433 for reason 'the timestamp on the message is earlier than all the data in the transform cache'
[planner_server-6] [INFO] [1782998214.040776277] [global_costmap.global_costmap]: Message Filter dropping message: frame 'laser' at time 1782998213.633 for reason 'the timestamp on the message is earlier than all the data in the transform cache'
[amcl-2] [INFO] [1782998214.539959479] [amcl]: Received a 143 X 166 map @ 0.050 m/pix
[amcl-2] [INFO] [1782998215.535163133] [amcl]: Received a 143 X 166 map @ 0.050 m/pix
[amcl-2] [INFO] [1782998216.334900806] [amcl]: Message Filter dropping message: frame 'laser' at time 1782998215.234 for reason 'discarding message because the queue is full'
[controller_server-4] [INFO] [1782998216.348212513] [local_costmap.local_costmap]: Message Filter dropping message: frame 'laser' at time 1782998215.934 for reason 'the timestamp on the message is earlier than all the data in the transform cache'
[amcl-2] [INFO] [1782998216.546641077] [amcl]: Received a 143 X 166 map @ 0.050 m/pix
[planner_server-6] [INFO] [1782998216.549060368] [global_costmap.global_costmap]: Message Filter dropping message: frame 'laser' at time 1782998216.134 for reason 'the timestamp on the message is earlier than all the data in the transform cache'
[amcl-2] [INFO] [1782998217.544009312] [amcl]: Received a 143 X 166 map @ 0.050 m/pix
[amcl-2] [INFO] [1782998218.549336505] [amcl]: Received a 143 X 166 map @ 0.050 m/pix
[amcl-2] [INFO] [1782998218.836337226] [amcl]: Message Filter dropping message: frame 'laser' at time 1782998217.732 for reason 'the timestamp on the message is earlier than all the data in the transform cache'
[controller_server-4] [INFO] [1782998218.848320308] [local_costmap.local_costmap]: Message Filter dropping message: frame 'laser' at time 1782998218.432 for reason 'the timestamp on the message is earlier than all the data in the transform cache'
[planner_server-6] [INFO] [1782998219.144468321] [global_costmap.global_costmap]: Message Filter dropping message: frame 'laser' at time 1782998218.733 for reason 'the timestamp on the message is earlier than all the data in the transform cache'
[amcl-2] [INFO] [1782998219.541399698] [amcl]: Received a 143 X 166 map @ 0.050 m/pix
[amcl-2] [INFO] [1782998220.540614306] [amcl]: Received a 143 X 166 map @ 0.050 m/pix
[amcl-2] [INFO] [1782998221.428279299] [amcl]: Message Filter dropping message: frame 'laser' at time 1782998220.329 for reason 'discarding message because the queue is full'
[controller_server-4] [INFO] [1782998221.439388923] [local_costmap.local_costmap]: Message Filter dropping message: frame 'laser' at time 1782998221.028 for reason 'the timestamp on the message is earlier than all the data in the transform cache'
[amcl-2] [INFO] [1782998221.538270830] [amcl]: Received a 143 X 166 map @ 0.050 m/pix
[planner_server-6] [INFO] [1782998221.739693768] [global_costmap.global_costmap]: Message Filter dropping message: frame 'laser' at time 1782998221.328 for reason 'the timestamp on the message is earlier than all the data in the transform cache'
[amcl-2] [INFO] [1782998222.539101936] [amcl]: Received a 143 X 166 map @ 0.050 m/pix
[amcl-2] [INFO] [1782998223.536631500] [amcl]: Received a 143 X 166 map @ 0.050 m/pix
[amcl-2] [INFO] [1782998224.028467991] [amcl]: Message Filter dropping message: frame 'laser' at time 1782998222.927 for reason 'the timestamp on the message is earlier than all the data in the transform cache'
[controller_server-4] [INFO] [1782998224.038121532] [local_costmap.local_costmap]: Message Filter dropping message: frame 'laser' at time 1782998223.626 for reason 'the timestamp on the message is earlier than all the data in the transform cache'
[planner_server-6] [INFO] [1782998224.240193678] [global_costmap.global_costmap]: Message Filter dropping message: frame 'laser' at time 1782998223.826 for reason 'the timestamp on the message is earlier than all the data in the transform cache'
[amcl-2] [INFO] [1782998224.535473022] [amcl]: Received a 143 X 166 map @ 0.050 m/pix
[amcl-2] [INFO] [1782998225.535738751] [amcl]: Received a 143 X 166 map @ 0.050 m/pix
[amcl-2] [INFO] [1782998226.538886646] [amcl]: Received a 143 X 166 map @ 0.050 m/pix
[controller_server-4] [INFO] [1782998226.540923520] [local_costmap.local_costmap]: Message Filter dropping message: frame 'laser' at time 1782998226.123 for reason 'the timestamp on the message is earlier than all the data in the transform cache'
[amcl-2] [INFO] [1782998226.625101720] [amcl]: Message Filter dropping message: frame 'laser' at time 1782998225.527 for reason 'discarding message because the queue is full'
[planner_server-6] [INFO] [1782998226.833240740] [global_costmap.global_costmap]: Message Filter dropping message: frame 'laser' at time 1782998226.423 for reason 'the timestamp on the message is earlier than all the data in the transform cache'
[amcl-2] [INFO] [1782998227.535598040] [amcl]: Received a 143 X 166 map @ 0.050 m/pix
[amcl-2] [INFO] [1782998228.537933017] [amcl]: Received a 143 X 166 map @ 0.050 m/pix
[controller_server-4] [INFO] [1782998229.042587421] [local_costmap.local_costmap]: Message Filter dropping message: frame 'laser' at time 1782998228.628 for reason 'the timestamp on the message is earlier than all the data in the transform cache'
[amcl-2] [INFO] [1782998229.223061027] [amcl]: Message Filter dropping message: frame 'laser' at time 1782998228.122 for reason 'discarding message because the queue is full'
[planner_server-6] [INFO] [1782998229.338737264] [global_costmap.global_costmap]: Message Filter dropping message: frame 'laser' at time 1782998228.923 for reason 'the timestamp on the message is earlier than all the data in the transform cache'
[amcl-2] [INFO] [1782998229.536479659] [amcl]: Received a 143 X 166 map @ 0.050 m/pix
[amcl-2] [INFO] [1782998230.570616089] [amcl]: Received a 143 X 166 map @ 0.050 m/pix
[controller_server-4] [INFO] [1782998231.551477941] [local_costmap.local_costmap]: Message Filter dropping message: frame 'laser' at time 1782998231.122 for reason 'the timestamp on the message is earlier than all the data in the transform cache'
[amcl-2] [INFO] [1782998231.572518147] [amcl]: Received a 143 X 166 map @ 0.050 m/pix
[amcl-2] [INFO] [1782998231.724491505] [amcl]: Message Filter dropping message: frame 'laser' at time 1782998230.622 for reason 'discarding message because the queue is full'
[planner_server-6] [INFO] [1782998231.861572615] [global_costmap.global_costmap]: Message Filter dropping message: frame 'laser' at time 1782998231.422 for reason 'the timestamp on the message is earlier than all the data in the transform cache'
[amcl-2] [INFO] [1782998232.558258622] [amcl]: Received a 143 X 166 map @ 0.050 m/pix
[amcl-2] [INFO] [1782998233.541268180] [amcl]: Received a 143 X 166 map @ 0.050 m/pix
[controller_server-4] [INFO] [1782998234.150339571] [local_costmap.local_costmap]: Message Filter dropping message: frame 'laser' at time 1782998233.720 for reason 'the timestamp on the message is earlier than all the data in the transform cache'
[amcl-2] [INFO] [1782998234.321336135] [amcl]: Message Filter dropping message: frame 'laser' at time 1782998233.220 for reason 'discarding message because the queue is full'
[planner_server-6] [INFO] [1782998234.372371921] [global_costmap.global_costmap]: Message Filter dropping message: frame 'laser' at time 1782998233.825 for reason 'the timestamp on the message is earlier than all the data in the transform cache'
[amcl-2] [INFO] [1782998234.537837319] [amcl]: Received a 143 X 166 map @ 0.050 m/pix
[amcl-2] [INFO] [1782998235.606180283] [amcl]: Received a 143 X 166 map @ 0.050 m/pix
[amcl-2] [INFO] [1782998236.544643261] [amcl]: Received a 143 X 166 map @ 0.050 m/pix
[controller_server-4] [INFO] [1782998236.683453995] [local_costmap.local_costmap]: Message Filter dropping message: frame 'laser' at time 1782998236.118 for reason 'the timestamp on the message is earlier than all the data in the transform cache'
[amcl-2] [INFO] [1782998236.878015306] [amcl]: Message Filter dropping message: frame 'laser' at time 1782998235.719 for reason 'discarding message because the queue is full'
[planner_server-6] [INFO] [1782998236.891836430] [global_costmap.global_costmap]: Message Filter dropping message: frame 'laser' at time 1782998236.418 for reason 'the timestamp on the message is earlier than all the data in the transform cache'
[amcl-2] [INFO] [1782998237.541206314] [amcl]: Received a 143 X 166 map @ 0.050 m/pix
[amcl-2] [INFO] [1782998238.539525117] [amcl]: Received a 143 X 166 map @ 0.050 m/pix
[controller_server-4] [INFO] [1782998239.229111829] [local_costmap.local_costmap]: Message Filter dropping message: frame 'laser' at time 1782998238.815 for reason 'the timestamp on the message is earlier than all the data in the transform cache'
[amcl-2] [INFO] [1782998239.414936058] [amcl]: Message Filter dropping message: frame 'laser' at time 1782998238.316 for reason 'discarding message because the queue is full'
[planner_server-6] [INFO] [1782998239.424724307] [global_costmap.global_costmap]: Message Filter dropping message: frame 'laser' at time 1782998239.015 for reason 'the timestamp on the message is earlier than all the data in the transform cache'
[amcl-2] [INFO] [1782998239.537207169] [amcl]: Received a 143 X 166 map @ 0.050 m/pix
[amcl-2] [INFO] [1782998240.535459053] [amcl]: Received a 143 X 166 map @ 0.050 m/pix
[amcl-2] [INFO] [1782998241.535991978] [amcl]: Received a 143 X 166 map @ 0.050 m/pix
[controller_server-4] [INFO] [1782998241.734978455] [local_costmap.local_costmap]: Message Filter dropping message: frame 'laser' at time 1782998241.313 for reason 'the timestamp on the message is earlier than all the data in the transform cache'
[planner_server-6] [INFO] [1782998241.925508141] [global_costmap.global_costmap]: Message Filter dropping message: frame 'laser' at time 1782998241.512 for reason 'the timestamp on the message is earlier than all the data in the transform cache'
[amcl-2] [INFO] [1782998242.013459297] [amcl]: Message Filter dropping message: frame 'laser' at time 1782998240.922 for reason 'discarding message because the queue is full'
[amcl-2] [INFO] [1782998242.535498319] [amcl]: Received a 143 X 166 map @ 0.050 m/pix
[amcl-2] [INFO] [1782998243.537347284] [amcl]: Received a 143 X 166 map @ 0.050 m/pix
[controller_server-4] [INFO] [1782998244.319526775] [local_costmap.local_costmap]: Message Filter dropping message: frame 'laser' at time 1782998243.911 for reason 'the timestamp on the message is earlier than all the data in the transform cache'
[planner_server-6] [INFO] [1782998244.518655376] [global_costmap.global_costmap]: Message Filter dropping message: frame 'laser' at time 1782998244.111 for reason 'the timestamp on the message is earlier than all the data in the transform cache'
[amcl-2] [INFO] [1782998244.535759749] [amcl]: Received a 143 X 166 map @ 0.050 m/pix
[amcl-2] [INFO] [1782998244.611321615] [amcl]: Message Filter dropping message: frame 'laser' at time 1782998243.511 for reason 'discarding message because the queue is full'
[amcl-2] [INFO] [1782998245.535987796] [amcl]: Received a 143 X 166 map @ 0.050 m/pix
[amcl-2] [INFO] [1782998246.535830301] [amcl]: Received a 143 X 166 map @ 0.050 m/pix
[controller_server-4] [INFO] [1782998246.822182391] [local_costmap.local_costmap]: Message Filter dropping message: frame 'laser' at time 1782998246.409 for reason 'the timestamp on the message is earlier than all the data in the transform cache'
[planner_server-6] [INFO] [1782998247.026047783] [global_costmap.global_costmap]: Message Filter dropping message: frame 'laser' at time 1782998246.609 for reason 'the timestamp on the message is earlier than all the data in the transform cache'
[amcl-2] [INFO] [1782998247.209457220] [amcl]: Message Filter dropping message: frame 'laser' at time 1782998246.109 for reason 'discarding message because the queue is full'
[amcl-2] [INFO] [1782998247.539631388] [amcl]: Received a 143 X 166 map @ 0.050 m/pix
[amcl-2] [INFO] [1782998248.535725017] [amcl]: Received a 143 X 166 map @ 0.050 m/pix
[controller_server-4] [INFO] [1782998249.414349326] [local_costmap.local_costmap]: Message Filter dropping message: frame 'laser' at time 1782998249.007 for reason 'the timestamp on the message is earlier than all the data in the transform cache'
[amcl-2] [INFO] [1782998249.534717769] [amcl]: Received a 143 X 166 map @ 0.050 m/pix
[planner_server-6] [INFO] [1782998249.617859176] [global_costmap.global_costmap]: Message Filter dropping message: frame 'laser' at time 1782998249.207 for reason 'the timestamp on the message is earlier than all the data in the transform cache'
[amcl-2] [INFO] [1782998249.807314486] [amcl]: Message Filter dropping message: frame 'laser' at time 1782998248.707 for reason 'discarding message because the queue is full'
[amcl-2] [INFO] [1782998250.537316646] [amcl]: Received a 143 X 166 map @ 0.050 m/pix
[amcl-2] [INFO] [1782998251.535787438] [amcl]: Received a 143 X 166 map @ 0.050 m/pix
[controller_server-4] [INFO] [1782998251.921341515] [local_costmap.local_costmap]: Message Filter dropping message: frame 'laser' at time 1782998251.506 for reason 'the timestamp on the message is earlier than all the data in the transform cache'
[planner_server-6] [INFO] [1782998252.212226521] [global_costmap.global_costmap]: Message Filter dropping message: frame 'laser' at time 1782998251.805 for reason 'the timestamp on the message is earlier than all the data in the transform cache'
[amcl-2] [INFO] [1782998252.405252163] [amcl]: Message Filter dropping message: frame 'laser' at time 1782998251.306 for reason 'discarding message because the queue is full'
[amcl-2] [INFO] [1782998252.537222980] [amcl]: Received a 143 X 166 map @ 0.050 m/pix
[amcl-2] [INFO] [1782998253.535618188] [amcl]: Received a 143 X 166 map @ 0.050 m/pix
[controller_server-4] [INFO] [1782998254.513998481] [local_costmap.local_costmap]: Message Filter dropping message: frame 'laser' at time 1782998254.103 for reason 'the timestamp on the message is earlier than all the data in the transform cache'
[amcl-2] [INFO] [1782998254.535579687] [amcl]: Received a 143 X 166 map @ 0.050 m/pix
[planner_server-6] [INFO] [1782998254.713319998] [global_costmap.global_costmap]: Message Filter dropping message: frame 'laser' at time 1782998254.303 for reason 'the timestamp on the message is earlier than all the data in the transform cache'
[amcl-2] [INFO] [1782998255.003797294] [amcl]: Message Filter dropping message: frame 'laser' at time 1782998253.904 for reason 'discarding message because the queue is full'
[amcl-2] [INFO] [1782998255.536532685] [amcl]: Received a 143 X 166 map @ 0.050 m/pix
[amcl-2] [INFO] [1782998256.537867599] [amcl]: Received a 143 X 166 map @ 0.050 m/pix
[controller_server-4] [INFO] [1782998257.109095901] [local_costmap.local_costmap]: Message Filter dropping message: frame 'laser' at time 1782998256.701 for reason 'the timestamp on the message is earlier than all the data in the transform cache'
[planner_server-6] [INFO] [1782998257.217637303] [global_costmap.global_costmap]: Message Filter dropping message: frame 'laser' at time 1782998256.801 for reason 'the timestamp on the message is earlier than all the data in the transform cache'
[amcl-2] [INFO] [1782998257.535109012] [amcl]: Received a 143 X 166 map @ 0.050 m/pix
[amcl-2] [INFO] [1782998257.601847004] [amcl]: Message Filter dropping message: frame 'laser' at time 1782998256.501 for reason 'discarding message because the queue is full'
[amcl-2] [INFO] [1782998258.536129175] [amcl]: Received a 143 X 166 map @ 0.050 m/pix
[amcl-2] [INFO] [1782998259.536281170] [amcl]: Received a 143 X 166 map @ 0.050 m/pix
[controller_server-4] [INFO] [1782998259.712245189] [local_costmap.local_costmap]: Message Filter dropping message: frame 'laser' at time 1782998259.299 for reason 'the timestamp on the message is earlier than all the data in the transform cache'
[planner_server-6] [INFO] [1782998259.806896801] [global_costmap.global_costmap]: Message Filter dropping message: frame 'laser' at time 1782998259.399 for reason 'the timestamp on the message is earlier than all the data in the transform cache'
[amcl-2] [INFO] [1782998260.200183292] [amcl]: Message Filter dropping message: frame 'laser' at time 1782998259.100 for reason 'discarding message because the queue is full'
[amcl-2] [INFO] [1782998260.535513873] [amcl]: Received a 143 X 166 map @ 0.050 m/pix
[amcl-2] [INFO] [1782998261.540181533] [amcl]: Received a 143 X 166 map @ 0.050 m/pix
[controller_server-4] [INFO] [1782998262.306086931] [local_costmap.local_costmap]: Message Filter dropping message: frame 'laser' at time 1782998261.897 for reason 'the timestamp on the message is earlier than all the data in the transform cache'
[planner_server-6] [INFO] [1782998262.410020168] [global_costmap.global_costmap]: Message Filter dropping message: frame 'laser' at time 1782998261.998 for reason 'the timestamp on the message is earlier than all the data in the transform cache'
[amcl-2] [INFO] [1782998262.537990817] [amcl]: Received a 143 X 166 map @ 0.050 m/pix
[amcl-2] [INFO] [1782998262.802983282] [amcl]: Message Filter dropping message: frame 'laser' at time 1782998261.698 for reason 'discarding message because the queue is full'
