[INFO] [launch]: All log files can be found below /root/.ros/log/2026-07-03-14-45-53-438840-ubuntu-59933
[INFO] [launch]: Default logging verbosity is set to INFO
[INFO] [map_server-1]: process started with pid [60057]
[INFO] [amcl-2]: process started with pid [60059]
[INFO] [lifecycle_manager-3]: process started with pid [60061]
[INFO] [controller_server-4]: process started with pid [60063]
[INFO] [smoother_server-5]: process started with pid [60065]
[INFO] [planner_server-6]: process started with pid [60067]
[INFO] [behavior_server-7]: process started with pid [60069]
[INFO] [bt_navigator-8]: process started with pid [60072]
[INFO] [waypoint_follower-9]: process started with pid [60081]
[INFO] [velocity_smoother-10]: process started with pid [60091]
[INFO] [lifecycle_manager-11]: process started with pid [60101]
[amcl-2] [INFO] [1783061156.737662884] [amcl]: 
[amcl-2] 	amcl lifecycle node launched. 
[amcl-2] 	Waiting on external lifecycle transitions to activate
[amcl-2] 	See https://design.ros2.org/articles/node_lifecycle.html for more information.
[lifecycle_manager-3] [INFO] [1783061156.757643673] [lifecycle_manager_localization]: Creating
[amcl-2] [INFO] [1783061156.763278214] [amcl]: Creating
[lifecycle_manager-3] [INFO] [1783061157.008743354] [lifecycle_manager_localization]: [34m[1mCreating and initializing lifecycle service clients[0m[0m
[controller_server-4] [INFO] [1783061157.083042721] [controller_server]: 
[controller_server-4] 	controller_server lifecycle node launched. 
[controller_server-4] 	Waiting on external lifecycle transitions to activate
[controller_server-4] 	See https://design.ros2.org/articles/node_lifecycle.html for more information.
[controller_server-4] [INFO] [1783061157.129143841] [controller_server]: Creating controller server
[lifecycle_manager-11] [INFO] [1783061157.248172744] [lifecycle_manager_navigation]: Creating
[lifecycle_manager-11] [INFO] [1783061157.289998198] [lifecycle_manager_navigation]: [34m[1mCreating and initializing lifecycle service clients[0m[0m
[planner_server-6] [INFO] [1783061157.298634905] [planner_server]: 
[planner_server-6] 	planner_server lifecycle node launched. 
[planner_server-6] 	Waiting on external lifecycle transitions to activate
[planner_server-6] 	See https://design.ros2.org/articles/node_lifecycle.html for more information.
[velocity_smoother-10] [INFO] [1783061157.317696987] [velocity_smoother]: 
[velocity_smoother-10] 	velocity_smoother lifecycle node launched. 
[velocity_smoother-10] 	Waiting on external lifecycle transitions to activate
[velocity_smoother-10] 	See https://design.ros2.org/articles/node_lifecycle.html for more information.
[planner_server-6] [INFO] [1783061157.406652519] [planner_server]: Creating
[lifecycle_manager-3] [INFO] [1783061157.542617087] [lifecycle_manager_localization]: [34m[1mStarting managed nodes bringup...[0m[0m
[lifecycle_manager-3] [INFO] [1783061157.542840170] [lifecycle_manager_localization]: [34m[1mConfiguring map_server[0m[0m
[map_server-1] [INFO] [1783061157.603190455] [map_server]: 
[map_server-1] 	map_server lifecycle node launched. 
[map_server-1] 	Waiting on external lifecycle transitions to activate
[map_server-1] 	See https://design.ros2.org/articles/node_lifecycle.html for more information.
[map_server-1] [INFO] [1783061157.603805372] [map_server]: Creating
[map_server-1] [INFO] [1783061157.605710622] [map_server]: Configuring
[map_server-1] [INFO] [1783061157.605958538] [map_io]: Loading yaml file: /root/rdk_x5_vln_robot/maps/joy_calibrated_corridor_map.yaml
[map_server-1] [INFO] [1783061157.606988538] [map_io]: resolution: 0.05
[map_server-1] [INFO] [1783061157.607074122] [map_io]: origin[0]: -7.45
[map_server-1] [INFO] [1783061157.607108205] [map_io]: origin[1]: -5.43
[map_server-1] [INFO] [1783061157.607137330] [map_io]: origin[2]: 0
[map_server-1] [INFO] [1783061157.607168080] [map_io]: free_thresh: 0.25
[map_server-1] [INFO] [1783061157.607196872] [map_io]: occupied_thresh: 0.65
[map_server-1] [INFO] [1783061157.607234247] [map_io]: mode: trinary
[map_server-1] [INFO] [1783061157.607265538] [map_io]: negate: 0
[map_server-1] [INFO] [1783061157.608015163] [map_io]: Loading image_file: /root/rdk_x5_vln_robot/maps/joy_calibrated_corridor_map.pgm
[smoother_server-5] [INFO] [1783061157.690380946] [smoother_server]: 
[smoother_server-5] 	smoother_server lifecycle node launched. 
[smoother_server-5] 	Waiting on external lifecycle transitions to activate
[smoother_server-5] 	See https://design.ros2.org/articles/node_lifecycle.html for more information.
[smoother_server-5] [INFO] [1783061157.697093278] [smoother_server]: Creating smoother server
[waypoint_follower-9] [INFO] [1783061157.768820146] [waypoint_follower]: 
[waypoint_follower-9] 	waypoint_follower lifecycle node launched. 
[waypoint_follower-9] 	Waiting on external lifecycle transitions to activate
[waypoint_follower-9] 	See https://design.ros2.org/articles/node_lifecycle.html for more information.
[waypoint_follower-9] [INFO] [1783061157.774511103] [waypoint_follower]: Creating
[behavior_server-7] [INFO] [1783061157.805162058] [behavior_server]: 
[behavior_server-7] 	behavior_server lifecycle node launched. 
[behavior_server-7] 	Waiting on external lifecycle transitions to activate
[behavior_server-7] 	See https://design.ros2.org/articles/node_lifecycle.html for more information.
[map_server-1] [INFO] [1783061157.885137841] [map_io]: Read map /root/rdk_x5_vln_robot/maps/joy_calibrated_corridor_map.pgm: 215 X 196 map @ 0.05 m/cell
[controller_server-4] [INFO] [1783061157.928585003] [local_costmap.local_costmap]: 
[controller_server-4] 	local_costmap lifecycle node launched. 
[controller_server-4] 	Waiting on external lifecycle transitions to activate
[controller_server-4] 	See https://design.ros2.org/articles/node_lifecycle.html for more information.
[controller_server-4] [INFO] [1783061157.931567336] [local_costmap.local_costmap]: Creating Costmap
[lifecycle_manager-3] [INFO] [1783061158.336087500] [lifecycle_manager_localization]: [34m[1mConfiguring amcl[0m[0m
[amcl-2] [INFO] [1783061158.351762332] [amcl]: Configuring
[amcl-2] [INFO] [1783061158.355130040] [amcl]: initTransforms
[bt_navigator-8] [INFO] [1783061158.381096287] [bt_navigator]: 
[bt_navigator-8] 	bt_navigator lifecycle node launched. 
[bt_navigator-8] 	Waiting on external lifecycle transitions to activate
[bt_navigator-8] 	See https://design.ros2.org/articles/node_lifecycle.html for more information.
[bt_navigator-8] [INFO] [1783061158.385333953] [bt_navigator]: Creating
[amcl-2] [INFO] [1783061158.658295631] [amcl]: initPubSub
[planner_server-6] [INFO] [1783061158.831138862] [global_costmap.global_costmap]: 
[planner_server-6] 	global_costmap lifecycle node launched. 
[planner_server-6] 	Waiting on external lifecycle transitions to activate
[planner_server-6] 	See https://design.ros2.org/articles/node_lifecycle.html for more information.
[planner_server-6] [INFO] [1783061158.844575819] [global_costmap.global_costmap]: Creating Costmap
[amcl-2] [INFO] [1783061159.118645122] [amcl]: Subscribed to map topic.
[lifecycle_manager-11] [INFO] [1783061159.242610776] [lifecycle_manager_navigation]: [34m[1mStarting managed nodes bringup...[0m[0m
[lifecycle_manager-11] [INFO] [1783061159.242883234] [lifecycle_manager_navigation]: [34m[1mConfiguring controller_server[0m[0m
[controller_server-4] [INFO] [1783061159.249793025] [controller_server]: Configuring controller interface
[controller_server-4] [INFO] [1783061159.250687941] [controller_server]: getting goal checker plugins..
[controller_server-4] [INFO] [1783061159.251152025] [controller_server]: Controller frequency set to 20.0000Hz
[controller_server-4] [INFO] [1783061159.253034358] [local_costmap.local_costmap]: Configuring
[lifecycle_manager-3] [INFO] [1783061159.326432933] [lifecycle_manager_localization]: [34m[1mActivating map_server[0m[0m
[map_server-1] [INFO] [1783061159.329954224] [map_server]: Activating
[map_server-1] [INFO] [1783061159.330901516] [map_server]: Creating bond (map_server) to lifecycle manager.
[amcl-2] [INFO] [1783061159.332981724] [amcl]: Received a 215 X 196 map @ 0.050 m/pix
[controller_server-4] [INFO] [1783061159.534834118] [local_costmap.local_costmap]: Using plugin "static_layer"
[lifecycle_manager-3] [INFO] [1783061159.572361239] [lifecycle_manager_localization]: Server map_server connected with bond.
[lifecycle_manager-3] [INFO] [1783061159.572539989] [lifecycle_manager_localization]: [34m[1mActivating amcl[0m[0m
[amcl-2] [INFO] [1783061159.575351114] [amcl]: Activating
[amcl-2] [INFO] [1783061159.575536822] [amcl]: Creating bond (amcl) to lifecycle manager.
[amcl-2] [INFO] [1783061159.641707773] [amcl]: createLaserObject
[lifecycle_manager-3] [INFO] [1783061159.701948017] [lifecycle_manager_localization]: Server amcl connected with bond.
[lifecycle_manager-3] [INFO] [1783061159.702123683] [lifecycle_manager_localization]: [34m[1mManaged nodes are active[0m[0m
[lifecycle_manager-3] [INFO] [1783061159.702186475] [lifecycle_manager_localization]: [34m[1mCreating bond timer...[0m[0m
[controller_server-4] [INFO] [1783061159.811150588] [local_costmap.local_costmap]: Subscribing to the map topic (/map) with transient local durability
[controller_server-4] [INFO] [1783061159.873975206] [local_costmap.local_costmap]: Initialized plugin "static_layer"
[controller_server-4] [INFO] [1783061159.891950121] [local_costmap.local_costmap]: Using plugin "voxel_layer"
[controller_server-4] [INFO] [1783061159.945920198] [local_costmap.local_costmap]: Subscribed to Topics: scan
[amcl-2] [WARN] [1783061160.166583091] [amcl.rclcpp]: failed to send response to /amcl/list_parameters (timeout): client will not receive response, at ./src/rmw_response.cpp:154, at ./src/rcl/service.c:314
[controller_server-4] [INFO] [1783061160.220897085] [local_costmap.local_costmap]: Initialized plugin "voxel_layer"
[controller_server-4] [INFO] [1783061160.221080543] [local_costmap.local_costmap]: Using plugin "inflation_layer"
[controller_server-4] [INFO] [1783061160.262394664] [local_costmap.local_costmap]: Initialized plugin "inflation_layer"
[amcl-2] [WARN] [1783061160.441006602] [amcl]: AMCL cannot publish a pose or update the transform. Please set the initial pose...
[controller_server-4] [INFO] [1783061160.582966128] [controller_server]: Created progress_checker : progress_checker of type nav2_controller::SimpleProgressChecker
[controller_server-4] [INFO] [1783061160.601273710] [controller_server]: Created goal checker : general_goal_checker of type nav2_controller::SimpleGoalChecker
[controller_server-4] [INFO] [1783061160.605264126] [controller_server]: Controller Server has general_goal_checker  goal checkers available.
[controller_server-4] [INFO] [1783061160.615144916] [controller_server]: Created controller : FollowPath of type nav2_regulated_pure_pursuit_controller::RegulatedPurePursuitController
[controller_server-4] [INFO] [1783061160.704492240] [controller_server]: Controller Server has FollowPath  controllers available.
[lifecycle_manager-11] [INFO] [1783061160.892125594] [lifecycle_manager_navigation]: [34m[1mConfiguring smoother_server[0m[0m
[smoother_server-5] [INFO] [1783061160.893657427] [smoother_server]: Configuring smoother server
[controller_server-4] [INFO] [1783061161.027716621] [local_costmap.local_costmap]: StaticLayer: Resizing static layer to 215 X 196 at 0.050000 m/pix
[smoother_server-5] [INFO] [1783061161.073884241] [smoother_server]: Created smoother : simple_smoother of type nav2_smoother::SimpleSmoother
[smoother_server-5] [INFO] [1783061161.098527655] [smoother_server]: Smoother Server has simple_smoother  smoothers available.
[lifecycle_manager-11] [INFO] [1783061161.222160558] [lifecycle_manager_navigation]: [34m[1mConfiguring planner_server[0m[0m
[planner_server-6] [INFO] [1783061161.223915558] [planner_server]: Configuring
[planner_server-6] [INFO] [1783061161.224153683] [global_costmap.global_costmap]: Configuring
[planner_server-6] [INFO] [1783061161.307599215] [global_costmap.global_costmap]: Using plugin "static_layer"
[planner_server-6] [INFO] [1783061161.333540837] [global_costmap.global_costmap]: Subscribing to the map topic (/map) with transient local durability
[planner_server-6] [INFO] [1783061161.350028252] [global_costmap.global_costmap]: Initialized plugin "static_layer"
[planner_server-6] [INFO] [1783061161.350186169] [global_costmap.global_costmap]: Using plugin "obstacle_layer"
[planner_server-6] [INFO] [1783061161.386614790] [global_costmap.global_costmap]: Subscribed to Topics: scan
[planner_server-6] [INFO] [1783061161.476095613] [global_costmap.global_costmap]: Initialized plugin "obstacle_layer"
[planner_server-6] [INFO] [1783061161.476351697] [global_costmap.global_costmap]: Using plugin "inflation_layer"
[planner_server-6] [INFO] [1783061161.497212069] [global_costmap.global_costmap]: Initialized plugin "inflation_layer"
[planner_server-6] [INFO] [1783061161.633433054] [global_costmap.global_costmap]: StaticLayer: Resizing costmap to 215 X 196 at 0.050000 m/pix
[planner_server-6] [INFO] [1783061161.636042929] [planner_server]: Created global planner plugin GridBased of type nav2_navfn_planner/NavfnPlanner
[planner_server-6] [INFO] [1783061161.636345762] [planner_server]: Configuring plugin GridBased of type NavfnPlanner
[planner_server-6] [INFO] [1783061161.659321760] [planner_server]: Planner Server has GridBased  planners available.
[lifecycle_manager-11] [INFO] [1783061161.771175456] [lifecycle_manager_navigation]: [34m[1mConfiguring behavior_server[0m[0m
[behavior_server-7] [INFO] [1783061161.772807081] [behavior_server]: Configuring
[behavior_server-7] [INFO] [1783061161.869561278] [behavior_server]: Creating behavior plugin spin of type nav2_behaviors/Spin
[behavior_server-7] [INFO] [1783061161.874780195] [behavior_server]: Configuring spin
[behavior_server-7] [INFO] [1783061161.959206310] [behavior_server]: Creating behavior plugin backup of type nav2_behaviors/BackUp
[behavior_server-7] [INFO] [1783061161.963273727] [behavior_server]: Configuring backup
[behavior_server-7] [INFO] [1783061162.025592428] [behavior_server]: Creating behavior plugin drive_on_heading of type nav2_behaviors/DriveOnHeading
[behavior_server-7] [INFO] [1783061162.029677969] [behavior_server]: Configuring drive_on_heading
[behavior_server-7] [INFO] [1783061162.086552546] [behavior_server]: Creating behavior plugin assisted_teleop of type nav2_behaviors/AssistedTeleop
[behavior_server-7] [INFO] [1783061162.095549004] [behavior_server]: Configuring assisted_teleop
[behavior_server-7] [INFO] [1783061162.148323456] [behavior_server]: Creating behavior plugin wait of type nav2_behaviors/Wait
[behavior_server-7] [INFO] [1783061162.152395372] [behavior_server]: Configuring wait
[lifecycle_manager-11] [INFO] [1783061162.195746451] [lifecycle_manager_navigation]: [34m[1mConfiguring bt_navigator[0m[0m
[bt_navigator-8] [INFO] [1783061162.196876242] [bt_navigator]: Configuring
[amcl-2] [WARN] [1783061162.537667372] [amcl]: AMCL cannot publish a pose or update the transform. Please set the initial pose...
[lifecycle_manager-11] [INFO] [1783061163.026386443] [lifecycle_manager_navigation]: [34m[1mConfiguring waypoint_follower[0m[0m
[waypoint_follower-9] [INFO] [1783061163.031471567] [waypoint_follower]: Configuring
[waypoint_follower-9] [INFO] [1783061163.178596009] [waypoint_follower]: Created waypoint_task_executor : wait_at_waypoint of type nav2_waypoint_follower::WaitAtWaypoint
[lifecycle_manager-11] [INFO] [1783061163.183851675] [lifecycle_manager_navigation]: [34m[1mConfiguring velocity_smoother[0m[0m
[velocity_smoother-10] [INFO] [1783061163.186031467] [velocity_smoother]: Configuring velocity smoother
[lifecycle_manager-11] [INFO] [1783061163.208028923] [lifecycle_manager_navigation]: [34m[1mActivating controller_server[0m[0m
[controller_server-4] [INFO] [1783061163.208931048] [controller_server]: Activating
[controller_server-4] [INFO] [1783061163.209112673] [local_costmap.local_costmap]: Activating
[controller_server-4] [INFO] [1783061163.209178298] [local_costmap.local_costmap]: Checking transform
[controller_server-4] [INFO] [1783061163.209557923] [local_costmap.local_costmap]: start
[controller_server-4] [ERROR] [1783061163.713663450] [local_costmap.local_costmap]: StaticLayer: "map" passed to lookupTransform argument target_frame does not exist. 
[controller_server-4] [INFO] [1783061163.716404117] [controller_server]: Activating controller: FollowPath of type regulated_pure_pursuit_controller::RegulatedPurePursuitController
[controller_server-4] [INFO] [1783061163.716587283] [controller_server]: Creating bond (controller_server) to lifecycle manager.
[lifecycle_manager-11] [INFO] [1783061163.832045396] [lifecycle_manager_navigation]: Server controller_server connected with bond.
[lifecycle_manager-11] [INFO] [1783061163.832204771] [lifecycle_manager_navigation]: [34m[1mActivating smoother_server[0m[0m
[smoother_server-5] [INFO] [1783061163.833249271] [smoother_server]: Activating
[smoother_server-5] [INFO] [1783061163.833419229] [smoother_server]: Creating bond (smoother_server) to lifecycle manager.
[lifecycle_manager-11] [INFO] [1783061163.956012174] [lifecycle_manager_navigation]: Server smoother_server connected with bond.
[lifecycle_manager-11] [INFO] [1783061163.956173215] [lifecycle_manager_navigation]: [34m[1mActivating planner_server[0m[0m
[planner_server-6] [INFO] [1783061163.957348590] [planner_server]: Activating
[planner_server-6] [INFO] [1783061163.957557257] [global_costmap.global_costmap]: Activating
[planner_server-6] [INFO] [1783061163.957677715] [global_costmap.global_costmap]: Checking transform
[planner_server-6] [INFO] [1783061163.957810424] [global_costmap.global_costmap]: Timed out waiting for transform from base_link to map to become available, tf error: Invalid frame ID "map" passed to canTransform argument target_frame - frame does not exist
[controller_server-4] [ERROR] [1783061164.020120583] [local_costmap.local_costmap]: StaticLayer: "map" passed to lookupTransform argument target_frame does not exist. 
[controller_server-4] [ERROR] [1783061164.327692924] [local_costmap.local_costmap]: StaticLayer: "map" passed to lookupTransform argument target_frame does not exist. 
[planner_server-6] [INFO] [1783061164.458240202] [global_costmap.global_costmap]: Timed out waiting for transform from base_link to map to become available, tf error: Invalid frame ID "map" passed to canTransform argument target_frame - frame does not exist
[amcl-2] [WARN] [1783061164.632713016] [amcl]: AMCL cannot publish a pose or update the transform. Please set the initial pose...
[controller_server-4] [ERROR] [1783061164.727563005] [local_costmap.local_costmap]: StaticLayer: "map" passed to lookupTransform argument target_frame does not exist. 
[planner_server-6] [INFO] [1783061164.957851355] [global_costmap.global_costmap]: Timed out waiting for transform from base_link to map to become available, tf error: Invalid frame ID "map" passed to canTransform argument target_frame - frame does not exist
[controller_server-4] [ERROR] [1783061165.033777013] [local_costmap.local_costmap]: StaticLayer: "map" passed to lookupTransform argument target_frame does not exist. 
[controller_server-4] [ERROR] [1783061165.340974438] [local_costmap.local_costmap]: StaticLayer: "map" passed to lookupTransform argument target_frame does not exist. 
[planner_server-6] [INFO] [1783061165.457852633] [global_costmap.global_costmap]: Timed out waiting for transform from base_link to map to become available, tf error: Invalid frame ID "map" passed to canTransform argument target_frame - frame does not exist
[controller_server-4] [ERROR] [1783061165.741143060] [local_costmap.local_costmap]: StaticLayer: "map" passed to lookupTransform argument target_frame does not exist. 
[planner_server-6] [INFO] [1783061165.957844786] [global_costmap.global_costmap]: Timed out waiting for transform from base_link to map to become available, tf error: Invalid frame ID "map" passed to canTransform argument target_frame - frame does not exist
[controller_server-4] [ERROR] [1783061166.043003693] [local_costmap.local_costmap]: StaticLayer: "map" passed to lookupTransform argument target_frame does not exist. 
[controller_server-4] [ERROR] [1783061166.344119535] [local_costmap.local_costmap]: StaticLayer: "map" passed to lookupTransform argument target_frame does not exist. 
[planner_server-6] [INFO] [1783061166.457842148] [global_costmap.global_costmap]: Timed out waiting for transform from base_link to map to become available, tf error: Invalid frame ID "map" passed to canTransform argument target_frame - frame does not exist
[amcl-2] [WARN] [1783061166.639516419] [amcl]: AMCL cannot publish a pose or update the transform. Please set the initial pose...
[controller_server-4] [ERROR] [1783061166.756729698] [local_costmap.local_costmap]: StaticLayer: "map" passed to lookupTransform argument target_frame does not exist. 
[planner_server-6] [INFO] [1783061166.957930467] [global_costmap.global_costmap]: Timed out waiting for transform from base_link to map to become available, tf error: Invalid frame ID "map" passed to canTransform argument target_frame - frame does not exist
[controller_server-4] [ERROR] [1783061167.062224123] [local_costmap.local_costmap]: StaticLayer: "map" passed to lookupTransform argument target_frame does not exist. 
[controller_server-4] [ERROR] [1783061167.368932214] [local_costmap.local_costmap]: StaticLayer: "map" passed to lookupTransform argument target_frame does not exist. 
[planner_server-6] [INFO] [1783061167.457871162] [global_costmap.global_costmap]: Timed out waiting for transform from base_link to map to become available, tf error: Invalid frame ID "map" passed to canTransform argument target_frame - frame does not exist
[controller_server-4] [ERROR] [1783061167.768695711] [local_costmap.local_costmap]: StaticLayer: "map" passed to lookupTransform argument target_frame does not exist. 
[planner_server-6] [INFO] [1783061167.957856398] [global_costmap.global_costmap]: Timed out waiting for transform from base_link to map to become available, tf error: Invalid frame ID "map" passed to canTransform argument target_frame - frame does not exist
[controller_server-4] [ERROR] [1783061168.079556927] [local_costmap.local_costmap]: StaticLayer: "map" passed to lookupTransform argument target_frame does not exist. 
[controller_server-4] [ERROR] [1783061168.389693809] [local_costmap.local_costmap]: StaticLayer: "map" passed to lookupTransform argument target_frame does not exist. 
[planner_server-6] [INFO] [1783061168.458534051] [global_costmap.global_costmap]: Timed out waiting for transform from base_link to map to become available, tf error: Invalid frame ID "map" passed to canTransform argument target_frame - frame does not exist
[amcl-2] [WARN] [1783061168.729664021] [amcl]: AMCL cannot publish a pose or update the transform. Please set the initial pose...
[controller_server-4] [ERROR] [1783061168.785724890] [local_costmap.local_costmap]: StaticLayer: "map" passed to lookupTransform argument target_frame does not exist. 
[planner_server-6] [INFO] [1783061168.958202538] [global_costmap.global_costmap]: Timed out waiting for transform from base_link to map to become available, tf error: Invalid frame ID "map" passed to canTransform argument target_frame - frame does not exist
[controller_server-4] [ERROR] [1783061169.087006190] [local_costmap.local_costmap]: StaticLayer: "map" passed to lookupTransform argument target_frame does not exist. 
[controller_server-4] [ERROR] [1783061169.391528656] [local_costmap.local_costmap]: StaticLayer: "map" passed to lookupTransform argument target_frame does not exist. 
[planner_server-6] [INFO] [1783061169.462374190] [global_costmap.global_costmap]: Timed out waiting for transform from base_link to map to become available, tf error: Invalid frame ID "map" passed to canTransform argument target_frame - frame does not exist
[controller_server-4] [ERROR] [1783061169.806059611] [local_costmap.local_costmap]: StaticLayer: "map" passed to lookupTransform argument target_frame does not exist. 
[planner_server-6] [INFO] [1783061169.957856760] [global_costmap.global_costmap]: Timed out waiting for transform from base_link to map to become available, tf error: Invalid frame ID "map" passed to canTransform argument target_frame - frame does not exist
[controller_server-4] [ERROR] [1783061170.112729410] [local_costmap.local_costmap]: StaticLayer: "map" passed to lookupTransform argument target_frame does not exist. 
[controller_server-4] [ERROR] [1783061170.431459333] [local_costmap.local_costmap]: StaticLayer: "map" passed to lookupTransform argument target_frame does not exist. 
[planner_server-6] [INFO] [1783061170.462389913] [global_costmap.global_costmap]: Timed out waiting for transform from base_link to map to become available, tf error: Invalid frame ID "map" passed to canTransform argument target_frame - frame does not exist
[controller_server-4] [INFO] [1783061170.747448715] [local_costmap.local_costmap]: Message Filter dropping message: frame 'laser' at time 1783061170.328 for reason 'the timestamp on the message is earlier than all the data in the transform cache'
[controller_server-4] [ERROR] [1783061170.840306079] [local_costmap.local_costmap]: StaticLayer: "map" passed to lookupTransform argument target_frame does not exist. 
[planner_server-6] [INFO] [1783061170.957860858] [global_costmap.global_costmap]: Timed out waiting for transform from base_link to map to become available, tf error: Invalid frame ID "map" passed to canTransform argument target_frame - frame does not exist
[controller_server-4] [ERROR] [1783061171.155323711] [local_costmap.local_costmap]: StaticLayer: "map" passed to lookupTransform argument target_frame does not exist. 
[planner_server-6] [INFO] [1783061171.457871927] [global_costmap.global_costmap]: Timed out waiting for transform from base_link to map to become available, tf error: Invalid frame ID "map" passed to canTransform argument target_frame - frame does not exist
[controller_server-4] [ERROR] [1783061171.464853052] [local_costmap.local_costmap]: StaticLayer: "map" passed to lookupTransform argument target_frame does not exist. 
[amcl-2] [INFO] [1783061171.528342461] [amcl]: Message Filter dropping message: frame 'laser' at time 1783061170.428 for reason 'discarding message because the queue is full'
[controller_server-4] [ERROR] [1783061171.859936383] [local_costmap.local_costmap]: StaticLayer: "map" passed to lookupTransform argument target_frame does not exist. 
[planner_server-6] [INFO] [1783061171.957851039] [global_costmap.global_costmap]: Timed out waiting for transform from base_link to map to become available, tf error: Invalid frame ID "map" passed to canTransform argument target_frame - frame does not exist
[controller_server-4] [ERROR] [1783061172.167797557] [local_costmap.local_costmap]: StaticLayer: "map" passed to lookupTransform argument target_frame does not exist. 
[planner_server-6] [INFO] [1783061172.457873192] [global_costmap.global_costmap]: Timed out waiting for transform from base_link to map to become available, tf error: Invalid frame ID "map" passed to canTransform argument target_frame - frame does not exist
[controller_server-4] [ERROR] [1783061172.475495565] [local_costmap.local_costmap]: StaticLayer: "map" passed to lookupTransform argument target_frame does not exist. 
[controller_server-4] [ERROR] [1783061172.876777562] [local_costmap.local_costmap]: StaticLayer: "map" passed to lookupTransform argument target_frame does not exist. 
[planner_server-6] [INFO] [1783061172.958527094] [global_costmap.global_costmap]: Timed out waiting for transform from base_link to map to become available, tf error: Invalid frame ID "map" passed to canTransform argument target_frame - frame does not exist
[controller_server-4] [ERROR] [1783061173.184595069] [local_costmap.local_costmap]: StaticLayer: "map" passed to lookupTransform argument target_frame does not exist. 
[controller_server-4] [INFO] [1783061173.332349261] [local_costmap.local_costmap]: Message Filter dropping message: frame 'laser' at time 1783061172.923 for reason 'the timestamp on the message is earlier than all the data in the transform cache'
[planner_server-6] [INFO] [1783061173.458014580] [global_costmap.global_costmap]: Timed out waiting for transform from base_link to map to become available, tf error: Invalid frame ID "map" passed to canTransform argument target_frame - frame does not exist
[controller_server-4] [ERROR] [1783061173.495806951] [local_costmap.local_costmap]: StaticLayer: "map" passed to lookupTransform argument target_frame does not exist. 
[controller_server-4] [ERROR] [1783061173.896071698] [local_costmap.local_costmap]: StaticLayer: "map" passed to lookupTransform argument target_frame does not exist. 
[planner_server-6] [INFO] [1783061173.957844442] [global_costmap.global_costmap]: Timed out waiting for transform from base_link to map to become available, tf error: Invalid frame ID "map" passed to canTransform argument target_frame - frame does not exist
[amcl-2] [INFO] [1783061174.124807131] [amcl]: Message Filter dropping message: frame 'laser' at time 1783061173.023 for reason 'the timestamp on the message is earlier than all the data in the transform cache'
[controller_server-4] [ERROR] [1783061174.203325331] [local_costmap.local_costmap]: StaticLayer: "map" passed to lookupTransform argument target_frame does not exist. 
[planner_server-6] [INFO] [1783061174.457865136] [global_costmap.global_costmap]: Timed out waiting for transform from base_link to map to become available, tf error: Invalid frame ID "map" passed to canTransform argument target_frame - frame does not exist
[controller_server-4] [ERROR] [1783061174.512143547] [local_costmap.local_costmap]: StaticLayer: "map" passed to lookupTransform argument target_frame does not exist. 
[controller_server-4] [ERROR] [1783061174.907663128] [local_costmap.local_costmap]: StaticLayer: "map" passed to lookupTransform argument target_frame does not exist. 
[planner_server-6] [INFO] [1783061174.957848539] [global_costmap.global_costmap]: Timed out waiting for transform from base_link to map to become available, tf error: Invalid frame ID "map" passed to canTransform argument target_frame - frame does not exist
[controller_server-4] [ERROR] [1783061175.214849093] [local_costmap.local_costmap]: StaticLayer: "map" passed to lookupTransform argument target_frame does not exist. 
[planner_server-6] [INFO] [1783061175.457827483] [global_costmap.global_costmap]: Timed out waiting for transform from base_link to map to become available, tf error: Invalid frame ID "map" passed to canTransform argument target_frame - frame does not exist
[controller_server-4] [ERROR] [1783061175.520309976] [local_costmap.local_costmap]: StaticLayer: "map" passed to lookupTransform argument target_frame does not exist. 
[controller_server-4] [ERROR] [1783061175.919290682] [local_costmap.local_costmap]: StaticLayer: "map" passed to lookupTransform argument target_frame does not exist. 
[planner_server-6] [INFO] [1783061175.957883094] [global_costmap.global_costmap]: Timed out waiting for transform from base_link to map to become available, tf error: Invalid frame ID "map" passed to canTransform argument target_frame - frame does not exist
[controller_server-4] [ERROR] [1783061176.252911936] [local_costmap.local_costmap]: StaticLayer: "map" passed to lookupTransform argument target_frame does not exist. 
[planner_server-6] [INFO] [1783061176.457845622] [global_costmap.global_costmap]: Timed out waiting for transform from base_link to map to become available, tf error: Invalid frame ID "map" passed to canTransform argument target_frame - frame does not exist
[controller_server-4] [ERROR] [1783061176.559876110] [local_costmap.local_costmap]: StaticLayer: "map" passed to lookupTransform argument target_frame does not exist. 
[planner_server-6] [INFO] [1783061176.957847483] [global_costmap.global_costmap]: Timed out waiting for transform from base_link to map to become available, tf error: Invalid frame ID "map" passed to canTransform argument target_frame - frame does not exist
[controller_server-4] [ERROR] [1783061176.959945316] [local_costmap.local_costmap]: StaticLayer: "map" passed to lookupTransform argument target_frame does not exist. 
[controller_server-4] [ERROR] [1783061177.267134907] [local_costmap.local_costmap]: StaticLayer: "map" passed to lookupTransform argument target_frame does not exist. 
[planner_server-6] [INFO] [1783061177.457839135] [global_costmap.global_costmap]: Timed out waiting for transform from base_link to map to become available, tf error: Invalid frame ID "map" passed to canTransform argument target_frame - frame does not exist
[controller_server-4] [ERROR] [1783061177.575385539] [local_costmap.local_costmap]: StaticLayer: "map" passed to lookupTransform argument target_frame does not exist. 
[planner_server-6] [INFO] [1783061177.957840663] [global_costmap.global_costmap]: Timed out waiting for transform from base_link to map to become available, tf error: Invalid frame ID "map" passed to canTransform argument target_frame - frame does not exist
[controller_server-4] [ERROR] [1783061177.974994244] [local_costmap.local_costmap]: StaticLayer: "map" passed to lookupTransform argument target_frame does not exist. 
[controller_server-4] [ERROR] [1783061178.282676502] [local_costmap.local_costmap]: StaticLayer: "map" passed to lookupTransform argument target_frame does not exist. 
[planner_server-6] [INFO] [1783061178.457862482] [global_costmap.global_costmap]: Timed out waiting for transform from base_link to map to become available, tf error: Invalid frame ID "map" passed to canTransform argument target_frame - frame does not exist
[controller_server-4] [ERROR] [1783061178.584519676] [local_costmap.local_costmap]: StaticLayer: "map" passed to lookupTransform argument target_frame does not exist. 
[planner_server-6] [INFO] [1783061178.957846718] [global_costmap.global_costmap]: Timed out waiting for transform from base_link to map to become available, tf error: Invalid frame ID "map" passed to canTransform argument target_frame - frame does not exist
[controller_server-4] [ERROR] [1783061178.986177006] [local_costmap.local_costmap]: StaticLayer: "map" passed to lookupTransform argument target_frame does not exist. 
[amcl-2] [WARN] [1783061179.073813413] [amcl]: AMCL cannot publish a pose or update the transform. Please set the initial pose...
[controller_server-4] [ERROR] [1783061179.301423138] [local_costmap.local_costmap]: StaticLayer: "map" passed to lookupTransform argument target_frame does not exist. 
[planner_server-6] [INFO] [1783061179.457849079] [global_costmap.global_costmap]: Timed out waiting for transform from base_link to map to become available, tf error: Invalid frame ID "map" passed to canTransform argument target_frame - frame does not exist
[controller_server-4] [ERROR] [1783061179.611464937] [local_costmap.local_costmap]: StaticLayer: "map" passed to lookupTransform argument target_frame does not exist. 
[amcl-2] [INFO] [1783061179.617015353] [amcl]: initialPoseReceived
[amcl-2] [WARN] [1783061179.617389686] [amcl]: Failed to transform initial pose in time (Lookup would require extrapolation into the future.  Requested time 1783061179.617182 but the latest data is at time 1783061179.581835, when looking up transform from frame [base_link] to frame [odom])
[amcl-2] [INFO] [1783061179.617493728] [amcl]: Setting pose (1783061179.617489): -1.629 -0.540 3.011
[planner_server-6] [INFO] [1783061179.958837023] [global_costmap.global_costmap]: Timed out waiting for transform from base_link to map to become available, tf error: Lookup would require extrapolation into the past.  Requested time 1783061179.949240 but the earliest data is at time 1783061180.550386, when looking up transform from frame [base_link] to frame [map]
[amcl-2] [INFO] [1783061180.055727304] [amcl]: initialPoseReceived
[amcl-2] [WARN] [1783061180.056086304] [amcl]: Failed to transform initial pose in time (Lookup would require extrapolation into the past.  Requested time 1783061180.055916 but the earliest data is at time 1783061180.550386, when looking up transform from frame [base_link] to frame [odom])
[amcl-2] [INFO] [1783061180.056210095] [amcl]: Setting pose (1783061180.056205): -1.629 -0.540 3.011
[planner_server-6] [INFO] [1783061180.457917384] [global_costmap.global_costmap]: Timed out waiting for transform from base_link to map to become available, tf error: Lookup would require extrapolation into the past.  Requested time 1783061180.447798 but the earliest data is at time 1783061180.550386, when looking up transform from frame [base_link] to frame [map]
[amcl-2] [INFO] [1783061180.475514173] [amcl]: initialPoseReceived
[amcl-2] [WARN] [1783061180.475813882] [amcl]: Failed to transform initial pose in time (Lookup would require extrapolation into the past.  Requested time 1783061180.475656 but the earliest data is at time 1783061180.550386, when looking up transform from frame [base_link] to frame [odom])
[amcl-2] [INFO] [1783061180.475894882] [amcl]: Setting pose (1783061180.475891): -1.629 -0.540 3.011
[amcl-2] [INFO] [1783061180.900971168] [amcl]: initialPoseReceived
[amcl-2] [WARN] [1783061180.901287334] [amcl]: Failed to transform initial pose in time (Lookup would require extrapolation into the future.  Requested time 1783061180.901134 but the latest data is at time 1783061180.880800, when looking up transform from frame [base_link] to frame [odom])
[amcl-2] [INFO] [1783061180.901370376] [amcl]: Setting pose (1783061180.901366): -1.629 -0.540 3.011
[planner_server-6] [INFO] [1783061180.958368578] [global_costmap.global_costmap]: start
[amcl-2] [INFO] [1783061181.342180868] [amcl]: initialPoseReceived
[amcl-2] [WARN] [1783061181.342558327] [amcl]: Failed to transform initial pose in time (Lookup would require extrapolation into the future.  Requested time 1783061181.342399 but the latest data is at time 1783061181.314100, when looking up transform from frame [base_link] to frame [odom])
[amcl-2] [INFO] [1783061181.342685826] [amcl]: Setting pose (1783061181.342681): -1.629 -0.540 3.011
[amcl-2] [INFO] [1783061181.787631943] [amcl]: initialPoseReceived
[amcl-2] [WARN] [1783061181.792654776] [amcl]: Failed to transform initial pose in time (Lookup would require extrapolation into the future.  Requested time 1783061181.792483 but the latest data is at time 1783061181.783498, when looking up transform from frame [base_link] to frame [odom])
[amcl-2] [INFO] [1783061181.792817776] [amcl]: Setting pose (1783061181.792812): -1.629 -0.540 3.011
[planner_server-6] [INFO] [1783061182.014235668] [planner_server]: Activating plugin GridBased of type NavfnPlanner
[planner_server-6] [INFO] [1783061182.095060117] [planner_server]: Creating bond (planner_server) to lifecycle manager.
[amcl-2] [INFO] [1783061182.212924229] [amcl]: initialPoseReceived
[amcl-2] [WARN] [1783061182.213274104] [amcl]: Failed to transform initial pose in time (Lookup would require extrapolation into the future.  Requested time 1783061182.213112 but the latest data is at time 1783061182.181155, when looking up transform from frame [base_link] to frame [odom])
[amcl-2] [INFO] [1783061182.213371437] [amcl]: Setting pose (1783061182.213367): -1.629 -0.540 3.011
[lifecycle_manager-11] [INFO] [1783061182.343931881] [lifecycle_manager_navigation]: Server planner_server connected with bond.
[lifecycle_manager-11] [INFO] [1783061182.344141464] [lifecycle_manager_navigation]: [34m[1mActivating behavior_server[0m[0m
[behavior_server-7] [INFO] [1783061182.345549381] [behavior_server]: Activating
[behavior_server-7] [INFO] [1783061182.345711423] [behavior_server]: Activating spin
[behavior_server-7] [INFO] [1783061182.345781714] [behavior_server]: Activating backup
[behavior_server-7] [INFO] [1783061182.345829756] [behavior_server]: Activating drive_on_heading
[behavior_server-7] [INFO] [1783061182.345874798] [behavior_server]: Activating assisted_teleop
[behavior_server-7] [INFO] [1783061182.345918923] [behavior_server]: Activating wait
[behavior_server-7] [INFO] [1783061182.345981589] [behavior_server]: Creating bond (behavior_server) to lifecycle manager.
[lifecycle_manager-11] [INFO] [1783061182.537413359] [lifecycle_manager_navigation]: Server behavior_server connected with bond.
[lifecycle_manager-11] [INFO] [1783061182.537592818] [lifecycle_manager_navigation]: [34m[1mActivating bt_navigator[0m[0m
[bt_navigator-8] [INFO] [1783061182.539260901] [bt_navigator]: Activating
[amcl-2] [INFO] [1783061182.639470056] [amcl]: initialPoseReceived
[amcl-2] [WARN] [1783061182.639817890] [amcl]: Failed to transform initial pose in time (Lookup would require extrapolation into the future.  Requested time 1783061182.639653 but the latest data is at time 1783061182.614460, when looking up transform from frame [base_link] to frame [odom])
[amcl-2] [INFO] [1783061182.639955098] [amcl]: Setting pose (1783061182.639949): -1.629 -0.540 3.011
[amcl-2] [INFO] [1783061183.067927967] [amcl]: initialPoseReceived
[amcl-2] [WARN] [1783061183.068294592] [amcl]: Failed to transform initial pose in time (Lookup would require extrapolation into the future.  Requested time 1783061183.068124 but the latest data is at time 1783061183.047719, when looking up transform from frame [base_link] to frame [odom])
[amcl-2] [INFO] [1783061183.068412342] [amcl]: Setting pose (1783061183.068407): -1.629 -0.540 3.011
[amcl-2] [INFO] [1783061183.465864464] [amcl]: initialPoseReceived
[amcl-2] [WARN] [1783061183.471588588] [amcl]: Failed to transform initial pose in time (Lookup would require extrapolation into the future.  Requested time 1783061183.471419 but the latest data is at time 1783061183.457027, when looking up transform from frame [base_link] to frame [odom])
[amcl-2] [INFO] [1783061183.471733630] [amcl]: Setting pose (1783061183.471728): -1.629 -0.540 3.011
[amcl-2] [INFO] [1783061183.867775627] [amcl]: initialPoseReceived
[amcl-2] [WARN] [1783061183.868120835] [amcl]: Failed to transform initial pose in time (Lookup would require extrapolation into the future.  Requested time 1783061183.867958 but the latest data is at time 1783061183.848646, when looking up transform from frame [base_link] to frame [odom])
[amcl-2] [INFO] [1783061183.868239085] [amcl]: Setting pose (1783061183.868234): -1.629 -0.540 3.011
[bt_navigator-8] [INFO] [1783061183.889976333] [bt_navigator]: Creating bond (bt_navigator) to lifecycle manager.
[lifecycle_manager-11] [INFO] [1783061184.037196483] [lifecycle_manager_navigation]: Server bt_navigator connected with bond.
[lifecycle_manager-11] [INFO] [1783061184.038035400] [lifecycle_manager_navigation]: [34m[1mActivating waypoint_follower[0m[0m
[waypoint_follower-9] [INFO] [1783061184.039534983] [waypoint_follower]: Activating
[waypoint_follower-9] [INFO] [1783061184.039758650] [waypoint_follower]: Creating bond (waypoint_follower) to lifecycle manager.
[lifecycle_manager-11] [INFO] [1783061184.201031548] [lifecycle_manager_navigation]: Server waypoint_follower connected with bond.
[lifecycle_manager-11] [INFO] [1783061184.201209715] [lifecycle_manager_navigation]: [34m[1mActivating velocity_smoother[0m[0m
[velocity_smoother-10] [INFO] [1783061184.203207340] [velocity_smoother]: Activating
[velocity_smoother-10] [INFO] [1783061184.203510381] [velocity_smoother]: Creating bond (velocity_smoother) to lifecycle manager.
[amcl-2] [INFO] [1783061184.291346663] [amcl]: initialPoseReceived
[amcl-2] [WARN] [1783061184.291692705] [amcl]: Failed to transform initial pose in time (Lookup would require extrapolation into the future.  Requested time 1783061184.291527 but the latest data is at time 1783061184.281725, when looking up transform from frame [base_link] to frame [odom])
[amcl-2] [INFO] [1783061184.291809871] [amcl]: Setting pose (1783061184.291805): -1.629 -0.540 3.011
[lifecycle_manager-11] [INFO] [1783061184.366841196] [lifecycle_manager_navigation]: Server velocity_smoother connected with bond.
[lifecycle_manager-11] [INFO] [1783061184.367024655] [lifecycle_manager_navigation]: [34m[1mManaged nodes are active[0m[0m
[lifecycle_manager-11] [INFO] [1783061184.367083696] [lifecycle_manager_navigation]: [34m[1mCreating bond timer...[0m[0m
[amcl-2] [INFO] [1783061184.733485655] [amcl]: initialPoseReceived
[amcl-2] [WARN] [1783061184.733983197] [amcl]: Failed to transform initial pose in time (Lookup would require extrapolation into the future.  Requested time 1783061184.733644 but the latest data is at time 1783061184.715607, when looking up transform from frame [base_link] to frame [odom])
[amcl-2] [INFO] [1783061184.734113905] [amcl]: Setting pose (1783061184.734109): -1.629 -0.540 3.011
[amcl-2] [INFO] [1783061185.132092735] [amcl]: initialPoseReceived
[amcl-2] [WARN] [1783061185.132504694] [amcl]: Failed to transform initial pose in time (Lookup would require extrapolation into the future.  Requested time 1783061185.132293 but the latest data is at time 1783061185.120383, when looking up transform from frame [base_link] to frame [odom])
[amcl-2] [INFO] [1783061185.132635694] [amcl]: Setting pose (1783061185.132630): -1.629 -0.540 3.011
[amcl-2] [INFO] [1783061185.553421730] [amcl]: initialPoseReceived
[amcl-2] [WARN] [1783061185.553771438] [amcl]: Failed to transform initial pose in time (Lookup would require extrapolation into the future.  Requested time 1783061185.553607 but the latest data is at time 1783061185.514673, when looking up transform from frame [base_link] to frame [odom])
[amcl-2] [INFO] [1783061185.554080980] [amcl]: Setting pose (1783061185.554075): -1.629 -0.540 3.011
[amcl-2] [INFO] [1783061185.954624476] [amcl]: initialPoseReceived
[amcl-2] [WARN] [1783061185.957959643] [amcl]: Failed to transform initial pose in time (Lookup would require extrapolation into the future.  Requested time 1783061185.957788 but the latest data is at time 1783061185.947492, when looking up transform from frame [base_link] to frame [odom])
[amcl-2] [INFO] [1783061185.962998017] [amcl]: Setting pose (1783061185.962991): -1.629 -0.540 3.011
[amcl-2] [INFO] [1783061186.356941265] [amcl]: initialPoseReceived
[amcl-2] [WARN] [1783061186.357290515] [amcl]: Failed to transform initial pose in time (Lookup would require extrapolation into the future.  Requested time 1783061186.357129 but the latest data is at time 1783061186.347521, when looking up transform from frame [base_link] to frame [odom])
[amcl-2] [INFO] [1783061186.357396140] [amcl]: Setting pose (1783061186.357391): -1.629 -0.540 3.011
[amcl-2] [INFO] [1783061186.786253008] [amcl]: initialPoseReceived
[amcl-2] [WARN] [1783061186.786565841] [amcl]: Failed to transform initial pose in time (Lookup would require extrapolation into the future.  Requested time 1783061186.786410 but the latest data is at time 1783061186.780798, when looking up transform from frame [base_link] to frame [odom])
[amcl-2] [INFO] [1783061186.786681008] [amcl]: Setting pose (1783061186.786676): -1.629 -0.540 3.011
[amcl-2] [INFO] [1783061187.186327713] [amcl]: initialPoseReceived
[amcl-2] [WARN] [1783061187.186660630] [amcl]: Failed to transform initial pose in time (Lookup would require extrapolation into the future.  Requested time 1783061187.186504 but the latest data is at time 1783061187.180741, when looking up transform from frame [base_link] to frame [odom])
[amcl-2] [INFO] [1783061187.186750713] [amcl]: Setting pose (1783061187.186747): -1.629 -0.540 3.011
[amcl-2] [INFO] [1783061187.589073043] [amcl]: initialPoseReceived
[amcl-2] [WARN] [1783061187.589382543] [amcl]: Failed to transform initial pose in time (Lookup would require extrapolation into the future.  Requested time 1783061187.589225 but the latest data is at time 1783061187.580803, when looking up transform from frame [base_link] to frame [odom])
[amcl-2] [INFO] [1783061187.589465376] [amcl]: Setting pose (1783061187.589461): -1.629 -0.540 3.011
[amcl-2] [INFO] [1783061188.020318369] [amcl]: initialPoseReceived
[amcl-2] [WARN] [1783061188.020670953] [amcl]: Failed to transform initial pose in time (Lookup would require extrapolation into the future.  Requested time 1783061188.020502 but the latest data is at time 1783061188.014243, when looking up transform from frame [base_link] to frame [odom])
[amcl-2] [INFO] [1783061188.020787828] [amcl]: Setting pose (1783061188.020783): -1.629 -0.540 3.011
[amcl-2] [INFO] [1783061188.424506866] [amcl]: initialPoseReceived
[amcl-2] [WARN] [1783061188.428047657] [amcl]: Failed to transform initial pose in time (Lookup would require extrapolation into the future.  Requested time 1783061188.427876 but the latest data is at time 1783061188.414349, when looking up transform from frame [base_link] to frame [odom])
[amcl-2] [INFO] [1783061188.428170032] [amcl]: Setting pose (1783061188.428165): -1.629 -0.540 3.011
[amcl-2] [INFO] [1783061188.838936194] [amcl]: initialPoseReceived
[amcl-2] [WARN] [1783061188.840181777] [amcl]: Failed to transform initial pose in time (Lookup would require extrapolation into the future.  Requested time 1783061188.840010 but the latest data is at time 1783061188.814996, when looking up transform from frame [base_link] to frame [odom])
[amcl-2] [INFO] [1783061188.840303569] [amcl]: Setting pose (1783061188.840298): -1.629 -0.540 3.011
[amcl-2] [INFO] [1783061189.251152189] [amcl]: initialPoseReceived
[amcl-2] [WARN] [1783061189.251494064] [amcl]: Failed to transform initial pose in time (Lookup would require extrapolation into the future.  Requested time 1783061189.251336 but the latest data is at time 1783061189.247606, when looking up transform from frame [base_link] to frame [odom])
[amcl-2] [INFO] [1783061189.252267106] [amcl]: Setting pose (1783061189.252260): -1.629 -0.540 3.011
[controller_server-4] [INFO] [1783061276.598806354] [local_costmap.local_costmap]: Message Filter dropping message: frame 'laser' at time 1783061276.155 for reason 'the timestamp on the message is earlier than all the data in the transform cache'
[map_server-1] [WARN] [1783061280.618588746] [rcl_lifecycle]: No transition matching 1 found for current state active
[map_server-1] [ERROR] [1783061280.618716871] [map_server]: Unable to start transition 1 from current state active: Transition is not registered., at ./src/rcl_lifecycle.c:355
[controller_server-4] [INFO] [1783061284.412293996] [local_costmap.local_costmap]: Message Filter dropping message: frame 'laser' at time 1783061283.852 for reason 'the timestamp on the message is earlier than all the data in the transform cache'
[controller_server-4] [WARN] [1783061289.194858168] [rcl_lifecycle]: No transition matching 1 found for current state active
[controller_server-4] [ERROR] [1783061289.194997209] [controller_server]: Unable to start transition 1 from current state active: Transition is not registered., at ./src/rcl_lifecycle.c:355
[planner_server-6] [INFO] [1783061307.441950567] [global_costmap.global_costmap]: Message Filter dropping message: frame 'laser' at time 1783061307.031 for reason 'the timestamp on the message is earlier than all the data in the transform cache'
[planner_server-6] [INFO] [1783061319.012672809] [global_costmap.global_costmap]: Message Filter dropping message: frame 'laser' at time 1783061318.521 for reason 'the timestamp on the message is earlier than all the data in the transform cache'
[planner_server-6] [INFO] [1783061339.962595119] [global_costmap.global_costmap]: Message Filter dropping message: frame 'laser' at time 1783061339.506 for reason 'the timestamp on the message is earlier than all the data in the transform cache'
[planner_server-6] [INFO] [1783061371.795058050] [global_costmap.global_costmap]: Message Filter dropping message: frame 'laser' at time 1783061371.281 for reason 'the timestamp on the message is earlier than all the data in the transform cache'
[controller_server-4] [INFO] [1783061371.901073286] [local_costmap.local_costmap]: Message Filter dropping message: frame 'laser' at time 1783061371.483 for reason 'the timestamp on the message is earlier than all the data in the transform cache'
[planner_server-6] [INFO] [1783061379.752254989] [global_costmap.global_costmap]: Message Filter dropping message: frame 'laser' at time 1783061379.279 for reason 'the timestamp on the message is earlier than all the data in the transform cache'
[controller_server-4] [INFO] [1783061379.771199320] [local_costmap.local_costmap]: Message Filter dropping message: frame 'laser' at time 1783061379.279 for reason 'the timestamp on the message is earlier than all the data in the transform cache'
[bt_navigator-8] [INFO] [1783061403.942730650] [bt_navigator]: Begin navigating from current location (-1.63, -0.52) to (0.52, 0.12)
[bt_navigator-8] [WARN] [1783061403.971045699] [BehaviorTreeEngine]: Behavior Tree tick rate 100.00 was exceeded!
[controller_server-4] [INFO] [1783061403.985143369] [local_costmap.local_costmap]: Message Filter dropping message: frame 'laser' at time 1783061403.357 for reason 'the timestamp on the message is earlier than all the data in the transform cache'
[bt_navigator-8] [WARN] [1783061403.987908203] [BehaviorTreeEngine]: Behavior Tree tick rate 100.00 was exceeded!
[bt_navigator-8] [WARN] [1783061404.009869084] [BehaviorTreeEngine]: Behavior Tree tick rate 100.00 was exceeded!
[bt_navigator-8] [WARN] [1783061404.010392875] [bt_navigator_navigate_to_pose_rclcpp_node]: Timed out while waiting for action server to acknowledge goal request for compute_path_to_pose
[bt_navigator-8] [WARN] [1783061404.066711765] [BehaviorTreeEngine]: Behavior Tree tick rate 100.00 was exceeded!
[bt_navigator-8] [WARN] [1783061404.082848977] [bt_navigator_navigate_to_pose_rclcpp_node]: Node timed out while executing service call to global_costmap/clear_entirely_global_costmap.
[planner_server-6] [INFO] [1783061404.121358153] [global_costmap.global_costmap]: Message Filter dropping message: frame 'laser' at time 1783061403.357 for reason 'the timestamp on the message is earlier than all the data in the transform cache'
[planner_server-6] [WARN] [1783061404.195117922] [planner_server]: No planners specified in action call. Server will use only plugin GridBased  in server. This warning will appear once.
[bt_navigator-8] [WARN] [1783061404.149607785] [BehaviorTreeEngine]: Behavior Tree tick rate 100.00 was exceeded!
[bt_navigator-8] [WARN] [1783061404.149753952] [bt_navigator_navigate_to_pose_rclcpp_node]: Node timed out while executing service call to local_costmap/clear_entirely_local_costmap.
[bt_navigator-8] [WARN] [1783061404.164710414] [bt_navigator]: [navigate_to_pose] [ActionServer] Aborting handle.
[bt_navigator-8] [ERROR] [1783061404.185425211] [bt_navigator]: Goal failed
[bt_navigator-8] [INFO] [1783061404.188172545] [bt_navigator]: Begin navigating from current location (-1.63, -0.52) to (0.52, 0.12)
[bt_navigator-8] [WARN] [1783061404.212097093] [BehaviorTreeEngine]: Behavior Tree tick rate 100.00 was exceeded!
[planner_server-6] [INFO] [1783061404.356081004] [global_costmap.global_costmap]: Received request to clear entirely the global_costmap
[controller_server-4] [INFO] [1783061404.377700009] [local_costmap.local_costmap]: Received request to clear entirely the local_costmap
[bt_navigator-8] [WARN] [1783061404.424390312] [BehaviorTreeEngine]: Behavior Tree tick rate 100.00 was exceeded!
[bt_navigator-8] [WARN] [1783061404.424550229] [bt_navigator_navigate_to_pose_rclcpp_node]: Timed out while waiting for action server to acknowledge goal request for compute_path_to_pose
[bt_navigator-8] [WARN] [1783061404.483709911] [BehaviorTreeEngine]: Behavior Tree tick rate 100.00 was exceeded!
[bt_navigator-8] [WARN] [1783061404.488519620] [bt_navigator_navigate_to_pose_rclcpp_node]: Node timed out while executing service call to global_costmap/clear_entirely_global_costmap.
[bt_navigator-8] [WARN] [1783061404.517085836] [BehaviorTreeEngine]: Behavior Tree tick rate 100.00 was exceeded!
[controller_server-4] [INFO] [1783061404.517172211] [local_costmap.local_costmap]: Received request to clear entirely the local_costmap
[bt_navigator-8] [WARN] [1783061404.553436178] [BehaviorTreeEngine]: Behavior Tree tick rate 100.00 was exceeded!
[bt_navigator-8] [WARN] [1783061404.579173476] [BehaviorTreeEngine]: Behavior Tree tick rate 100.00 was exceeded!
[bt_navigator-8] [WARN] [1783061404.579334435] [bt_navigator_navigate_to_pose_rclcpp_node]: Node timed out while executing service call to global_costmap/clear_entirely_global_costmap.
[bt_navigator-8] [WARN] [1783061404.623254196] [BehaviorTreeEngine]: Behavior Tree tick rate 100.00 was exceeded!
[bt_navigator-8] [WARN] [1783061404.623435279] [bt_navigator]: [navigate_to_pose] [ActionServer] Aborting handle.
[bt_navigator-8] [ERROR] [1783061404.623959987] [bt_navigator]: Goal failed
[planner_server-6] [INFO] [1783061404.762444855] [global_costmap.global_costmap]: Received request to clear entirely the global_costmap
[planner_server-6] [INFO] [1783061404.798033656] [global_costmap.global_costmap]: Received request to clear entirely the global_costmap
[planner_server-6] [WARN] [1783061404.974315325] [planner_server]: Planner loop missed its desired rate of 20.0000 Hz. Current loop rate is 2.4184 Hz
[controller_server-4] [INFO] [1783061454.758620216] [local_costmap.local_costmap]: Message Filter dropping message: frame 'laser' at time 1783061454.321 for reason 'the timestamp on the message is earlier than all the data in the transform cache'
[planner_server-6] [INFO] [1783061454.795581224] [global_costmap.global_costmap]: Message Filter dropping message: frame 'laser' at time 1783061454.321 for reason 'the timestamp on the message is earlier than all the data in the transform cache'
[controller_server-4] [INFO] [1783061466.783388990] [local_costmap.local_costmap]: Message Filter dropping message: frame 'laser' at time 1783061466.308 for reason 'the timestamp on the message is earlier than all the data in the transform cache'
[planner_server-6] [INFO] [1783061466.796448660] [global_costmap.global_costmap]: Message Filter dropping message: frame 'laser' at time 1783061466.308 for reason 'the timestamp on the message is earlier than all the data in the transform cache'
[planner_server-6] [INFO] [1783061701.115989910] [global_costmap.global_costmap]: Message Filter dropping message: frame 'laser' at time 1783061700.700 for reason 'the timestamp on the message is earlier than all the data in the transform cache'
[amcl-2] [INFO] [1783061701.804987603] [amcl]: Message Filter dropping message: frame 'laser' at time 1783061700.700 for reason 'discarding message because the queue is full'
[controller_server-4] [INFO] [1783061703.513192331] [local_costmap.local_costmap]: Message Filter dropping message: frame 'laser' at time 1783061703.102 for reason 'the timestamp on the message is earlier than all the data in the transform cache'
[planner_server-6] [INFO] [1783061703.709771362] [global_costmap.global_costmap]: Message Filter dropping message: frame 'laser' at time 1783061703.302 for reason 'the timestamp on the message is earlier than all the data in the transform cache'
[amcl-2] [INFO] [1783061704.401965721] [amcl]: Message Filter dropping message: frame 'laser' at time 1783061703.302 for reason 'discarding message because the queue is full'
[controller_server-4] [INFO] [1783061706.104795489] [local_costmap.local_costmap]: Message Filter dropping message: frame 'laser' at time 1783061705.697 for reason 'the timestamp on the message is earlier than all the data in the transform cache'
[planner_server-6] [INFO] [1783061706.304994979] [global_costmap.global_costmap]: Message Filter dropping message: frame 'laser' at time 1783061705.897 for reason 'the timestamp on the message is earlier than all the data in the transform cache'
[amcl-2] [INFO] [1783061706.998693379] [amcl]: Message Filter dropping message: frame 'laser' at time 1783061705.897 for reason 'the timestamp on the message is earlier than all the data in the transform cache'
[controller_server-4] [INFO] [1783061708.702562271] [local_costmap.local_costmap]: Message Filter dropping message: frame 'laser' at time 1783061708.296 for reason 'the timestamp on the message is earlier than all the data in the transform cache'
[planner_server-6] [INFO] [1783061708.901720553] [global_costmap.global_costmap]: Message Filter dropping message: frame 'laser' at time 1783061708.495 for reason 'the timestamp on the message is earlier than all the data in the transform cache'
[amcl-2] [INFO] [1783061709.594292077] [amcl]: Message Filter dropping message: frame 'laser' at time 1783061708.495 for reason 'discarding message because the queue is full'
[controller_server-4] [INFO] [1783061711.299329635] [local_costmap.local_costmap]: Message Filter dropping message: frame 'laser' at time 1783061710.892 for reason 'the timestamp on the message is earlier than all the data in the transform cache'
[planner_server-6] [INFO] [1783061711.498965458] [global_costmap.global_costmap]: Message Filter dropping message: frame 'laser' at time 1783061711.092 for reason 'the timestamp on the message is earlier than all the data in the transform cache'
[amcl-2] [INFO] [1783061712.192701941] [amcl]: Message Filter dropping message: frame 'laser' at time 1783061711.092 for reason 'the timestamp on the message is earlier than all the data in the transform cache'
[amcl-2] [INFO] [1783061720.755140179] [amcl]: Received a 134 X 85 map @ 0.050 m/pix
[amcl-2] [INFO] [1783061720.783074392] [amcl]: createLaserObject
[controller_server-4] [INFO] [1783061720.902509243] [local_costmap.local_costmap]: StaticLayer: Resizing static layer to 134 X 85 at 0.050000 m/pix
[planner_server-6] [INFO] [1783061720.958889710] [global_costmap.global_costmap]: StaticLayer: Resizing costmap to 134 X 85 at 0.050000 m/pix
[amcl-2] [INFO] [1783061721.756356124] [amcl]: Received a 134 X 85 map @ 0.050 m/pix
[amcl-2] [INFO] [1783061721.784247170] [amcl]: createLaserObject
[amcl-2] [INFO] [1783061722.760181361] [amcl]: Received a 134 X 85 map @ 0.050 m/pix
[amcl-2] [INFO] [1783061722.781974697] [amcl]: createLaserObject
[amcl-2] [INFO] [1783061723.753712262] [amcl]: Received a 134 X 85 map @ 0.050 m/pix
[amcl-2] [INFO] [1783061723.779261183] [amcl]: createLaserObject
[amcl-2] [INFO] [1783061724.753787040] [amcl]: Received a 134 X 85 map @ 0.050 m/pix
[amcl-2] [INFO] [1783061724.778495418] [amcl]: createLaserObject
[amcl-2] [INFO] [1783061725.754373650] [amcl]: Received a 134 X 85 map @ 0.050 m/pix
[amcl-2] [INFO] [1783061725.776420612] [amcl]: createLaserObject
[amcl-2] [INFO] [1783061726.754406760] [amcl]: Received a 134 X 85 map @ 0.050 m/pix
[amcl-2] [INFO] [1783061726.776789180] [amcl]: createLaserObject
[amcl-2] [INFO] [1783061727.754742495] [amcl]: Received a 134 X 85 map @ 0.050 m/pix
[amcl-2] [INFO] [1783061727.774812290] [amcl]: createLaserObject
[amcl-2] [INFO] [1783061728.764175065] [amcl]: Received a 134 X 85 map @ 0.050 m/pix
[amcl-2] [INFO] [1783061728.774618441] [amcl]: createLaserObject
[amcl-2] [INFO] [1783061729.785628510] [amcl]: Received a 134 X 85 map @ 0.050 m/pix
[amcl-2] [INFO] [1783061729.791553595] [amcl]: createLaserObject
[amcl-2] [INFO] [1783061730.754551282] [amcl]: Received a 134 X 85 map @ 0.050 m/pix
[amcl-2] [INFO] [1783061730.775472826] [amcl]: createLaserObject
[amcl-2] [INFO] [1783061731.753968599] [amcl]: Received a 134 X 85 map @ 0.050 m/pix
[amcl-2] [INFO] [1783061731.773439185] [amcl]: createLaserObject
[amcl-2] [INFO] [1783061732.754413082] [amcl]: Received a 134 X 85 map @ 0.050 m/pix
[amcl-2] [INFO] [1783061732.772165627] [amcl]: createLaserObject
[amcl-2] [INFO] [1783061733.774333277] [amcl]: Received a 134 X 85 map @ 0.050 m/pix
[amcl-2] [INFO] [1783061733.775285485] [amcl]: createLaserObject
[amcl-2] [INFO] [1783061734.830831685] [amcl]: Received a 134 X 85 map @ 0.050 m/pix
[amcl-2] [INFO] [1783061734.879512901] [amcl]: createLaserObject
[amcl-2] [INFO] [1783061735.765839616] [amcl]: Received a 134 X 85 map @ 0.050 m/pix
[amcl-2] [INFO] [1783061735.788782703] [amcl]: createLaserObject
[amcl-2] [INFO] [1783061736.761978473] [amcl]: Received a 134 X 85 map @ 0.050 m/pix
[amcl-2] [INFO] [1783061736.777368017] [amcl]: createLaserObject
[amcl-2] [INFO] [1783061737.756044788] [amcl]: Received a 134 X 85 map @ 0.050 m/pix
[amcl-2] [INFO] [1783061737.777184500] [amcl]: createLaserObject
[amcl-2] [INFO] [1783061738.757928270] [amcl]: Received a 134 X 85 map @ 0.050 m/pix
[amcl-2] [INFO] [1783061738.769188730] [amcl]: createLaserObject
[amcl-2] [INFO] [1783061739.755994419] [amcl]: Received a 134 X 85 map @ 0.050 m/pix
[amcl-2] [INFO] [1783061739.771162629] [amcl]: createLaserObject
[amcl-2] [INFO] [1783061740.758617234] [amcl]: Received a 134 X 85 map @ 0.050 m/pix
[amcl-2] [INFO] [1783061740.765889568] [amcl]: createLaserObject
[amcl-2] [INFO] [1783061741.763229591] [amcl]: Received a 134 X 85 map @ 0.050 m/pix
[amcl-2] [INFO] [1783061741.767507841] [amcl]: createLaserObject
[amcl-2] [INFO] [1783061742.757899488] [amcl]: Received a 134 X 85 map @ 0.050 m/pix
[amcl-2] [INFO] [1783061742.765197489] [amcl]: createLaserObject
[amcl-2] [INFO] [1783061743.761264886] [amcl]: Received a 134 X 85 map @ 0.050 m/pix
[amcl-2] [INFO] [1783061743.763058969] [amcl]: createLaserObject
[amcl-2] [INFO] [1783061744.754740657] [amcl]: Received a 134 X 85 map @ 0.050 m/pix
[amcl-2] [INFO] [1783061744.762913950] [amcl]: createLaserObject
[amcl-2] [INFO] [1783061745.754284970] [amcl]: Received a 134 X 85 map @ 0.050 m/pix
[amcl-2] [INFO] [1783061745.760716180] [amcl]: createLaserObject
[amcl-2] [INFO] [1783061746.883540011] [amcl]: Received a 134 X 85 map @ 0.050 m/pix
[amcl-2] [INFO] [1783061746.926925726] [amcl]: createLaserObject
[amcl-2] [INFO] [1783061747.762001139] [amcl]: Received a 134 X 85 map @ 0.050 m/pix
[amcl-2] [INFO] [1783061747.873187031] [amcl]: createLaserObject
[amcl-2] [INFO] [1783061748.756942868] [amcl]: Received a 134 X 85 map @ 0.050 m/pix
[amcl-2] [INFO] [1783061748.855208841] [amcl]: createLaserObject
[amcl-2] [INFO] [1783061749.789549852] [amcl]: Received a 134 X 85 map @ 0.050 m/pix
[amcl-2] [INFO] [1783061749.878897657] [amcl]: createLaserObject
[amcl-2] [INFO] [1783061750.761481452] [amcl]: Received a 134 X 85 map @ 0.050 m/pix
[amcl-2] [INFO] [1783061750.763076536] [amcl]: createLaserObject
[amcl-2] [INFO] [1783061751.850015652] [amcl]: Received a 134 X 85 map @ 0.050 m/pix
[amcl-2] [INFO] [1783061752.014971218] [amcl]: createLaserObject
[amcl-2] [INFO] [1783061752.834894795] [amcl]: Received a 134 X 85 map @ 0.050 m/pix
[amcl-2] [INFO] [1783061752.894240720] [amcl]: createLaserObject
[amcl-2] [INFO] [1783061753.806214269] [amcl]: Received a 134 X 85 map @ 0.050 m/pix
[amcl-2] [INFO] [1783061753.888476031] [amcl]: createLaserObject
[controller_server-4] [INFO] [1783061754.366477058] [local_costmap.local_costmap]: Message Filter dropping message: frame 'laser' at time 1783061753.949 for reason 'the timestamp on the message is earlier than all the data in the transform cache'
[planner_server-6] [INFO] [1783061754.367012517] [global_costmap.global_costmap]: Message Filter dropping message: frame 'laser' at time 1783061753.949 for reason 'the timestamp on the message is earlier than all the data in the transform cache'
[planner_server-6] [INFO] [1783061756.950239806] [global_costmap.global_costmap]: Message Filter dropping message: frame 'laser' at time 1783061756.540 for reason 'the timestamp on the message is earlier than all the data in the transform cache'
[controller_server-4] [INFO] [1783061756.950294264] [local_costmap.local_costmap]: Message Filter dropping message: frame 'laser' at time 1783061756.540 for reason 'the timestamp on the message is earlier than all the data in the transform cache'
[lifecycle_manager-3] [INFO] [1783061762.505305643] [lifecycle_manager_localization]: [34m[1mHave not received a heartbeat from map_server.[0m[0m
[lifecycle_manager-3] [ERROR] [1783061762.505505351] [lifecycle_manager_localization]: CRITICAL FAILURE: SERVER map_server IS DOWN after not receiving a heartbeat for 4000 ms. Shutting down related nodes.
[lifecycle_manager-3] [INFO] [1783061762.505573643] [lifecycle_manager_localization]: [34m[1mTerminating bond timer...[0m[0m
[lifecycle_manager-3] [INFO] [1783061762.505618977] [lifecycle_manager_localization]: [34m[1mResetting managed nodes...[0m[0m
[lifecycle_manager-3] [INFO] [1783061762.505660810] [lifecycle_manager_localization]: [34m[1mDeactivating amcl[0m[0m
[amcl-2] [INFO] [1783061762.555049275] [amcl]: Deactivating
[amcl-2] [INFO] [1783061762.560882526] [amcl]: Destroying bond (amcl) to lifecycle manager.
[lifecycle_manager-3] [INFO] [1783061762.732589551] [lifecycle_manager_localization]: [34m[1mDeactivating map_server[0m[0m
[map_server-1] [INFO] [1783061762.734745134] [map_server]: Deactivating
[map_server-1] [INFO] [1783061762.734956468] [map_server]: Destroying bond (map_server) to lifecycle manager.
[planner_server-6] [INFO] [1783061762.760999763] [global_costmap.global_costmap]: Message Filter dropping message: frame 'laser' at time 1783061762.336 for reason 'the timestamp on the message is earlier than all the data in the transform cache'
[lifecycle_manager-11] [INFO] [1783061762.767792264] [lifecycle_manager_navigation]: [34m[1mHave not received a heartbeat from controller_server.[0m[0m
[lifecycle_manager-11] [ERROR] [1783061762.767990014] [lifecycle_manager_navigation]: CRITICAL FAILURE: SERVER controller_server IS DOWN after not receiving a heartbeat for 4000 ms. Shutting down related nodes.
[lifecycle_manager-11] [INFO] [1783061762.768062597] [lifecycle_manager_navigation]: [34m[1mTerminating bond timer...[0m[0m
[lifecycle_manager-11] [INFO] [1783061762.768108056] [lifecycle_manager_navigation]: [34m[1mResetting managed nodes...[0m[0m
[lifecycle_manager-11] [INFO] [1783061762.768150889] [lifecycle_manager_navigation]: [34m[1mDeactivating velocity_smoother[0m[0m
[lifecycle_manager-3] [INFO] [1783061762.887916239] [lifecycle_manager_localization]: [34m[1mCleaning up amcl[0m[0m
[amcl-2] [INFO] [1783061762.890011740] [amcl]: Cleaning up
[controller_server-4] [INFO] [1783061763.246313790] [local_costmap.local_costmap]: Message Filter dropping message: frame 'laser' at time 1783061762.837 for reason 'the timestamp on the message is earlier than all the data in the transform cache'
[lifecycle_manager-3] [INFO] [1783061765.218875654] [lifecycle_manager_localization]: [34m[1mCleaning up map_server[0m[0m
[map_server-1] [INFO] [1783061765.224122030] [map_server]: Cleaning up
[planner_server-6] [INFO] [1783061765.290499331] [global_costmap.global_costmap]: Message Filter dropping message: frame 'laser' at time 1783061763.236 for reason 'the timestamp on the message is earlier than all the data in the transform cache'
[lifecycle_manager-3] [INFO] [1783061765.323585877] [lifecycle_manager_localization]: [34m[1mManaged nodes have been reset[0m[0m
[controller_server-4] [INFO] [1783061766.041926479] [local_costmap.local_costmap]: Message Filter dropping message: frame 'laser' at time 1783061765.633 for reason 'the timestamp on the message is earlier than all the data in the transform cache'
[lifecycle_manager-3] [INFO] [1783061767.774870141] [lifecycle_manager_localization]: [34m[1mSuccessfully re-established connections from server respawns, starting back up.[0m[0m
[lifecycle_manager-3] [INFO] [1783061767.775050932] [lifecycle_manager_localization]: [34m[1mStarting managed nodes bringup...[0m[0m
[lifecycle_manager-3] [INFO] [1783061767.775134807] [lifecycle_manager_localization]: [34m[1mConfiguring map_server[0m[0m
[map_server-1] [INFO] [1783061767.777236308] [map_server]: Configuring
[map_server-1] [INFO] [1783061767.777426558] [map_io]: Loading yaml file: /root/rdk_x5_vln_robot/maps/joy_calibrated_corridor_map.yaml
[map_server-1] [INFO] [1783061767.778115308] [map_io]: resolution: 0.05
[map_server-1] [INFO] [1783061767.778171433] [map_io]: origin[0]: -7.45
[map_server-1] [INFO] [1783061767.778207475] [map_io]: origin[1]: -5.43
[map_server-1] [INFO] [1783061767.778241808] [map_io]: origin[2]: 0
[map_server-1] [INFO] [1783061767.778276183] [map_io]: free_thresh: 0.25
[map_server-1] [INFO] [1783061767.778309850] [map_io]: occupied_thresh: 0.65
[map_server-1] [INFO] [1783061767.778338641] [map_io]: mode: trinary
[map_server-1] [INFO] [1783061767.778367766] [map_io]: negate: 0
[map_server-1] [INFO] [1783061767.778454308] [map_io]: Loading image_file: /root/rdk_x5_vln_robot/maps/joy_calibrated_corridor_map.pgm
[map_server-1] [INFO] [1783061767.816405938] [map_io]: Read map /root/rdk_x5_vln_robot/maps/joy_calibrated_corridor_map.pgm: 215 X 196 map @ 0.05 m/cell
[lifecycle_manager-3] [INFO] [1783061767.946893582] [lifecycle_manager_localization]: [34m[1mConfiguring amcl[0m[0m
[amcl-2] [INFO] [1783061767.954573083] [amcl]: Configuring
[amcl-2] [INFO] [1783061767.954899708] [amcl]: initTransforms
[planner_server-6] [INFO] [1783061768.083527768] [global_costmap.global_costmap]: Message Filter dropping message: frame 'laser' at time 1783061766.232 for reason 'the timestamp on the message is earlier than all the data in the transform cache'
[amcl-2] [INFO] [1783061768.125396024] [amcl]: initPubSub
[amcl-2] [INFO] [1783061768.208039994] [amcl]: Subscribed to map topic.
[lifecycle_manager-3] [INFO] [1783061768.287447255] [lifecycle_manager_localization]: [34m[1mActivating map_server[0m[0m
[map_server-1] [INFO] [1783061768.289963755] [map_server]: Activating
[map_server-1] [INFO] [1783061768.295515006] [map_server]: Creating bond (map_server) to lifecycle manager.
[controller_server-4] [INFO] [1783061768.417549898] [local_costmap.local_costmap]: StaticLayer: Resizing static layer to 215 X 196 at 0.050000 m/pix
[lifecycle_manager-3] [INFO] [1783061768.477792823] [lifecycle_manager_localization]: Server map_server connected with bond.
[lifecycle_manager-3] [INFO] [1783061768.478950032] [lifecycle_manager_localization]: [34m[1mActivating amcl[0m[0m
[amcl-2] [INFO] [1783061768.488700283] [amcl]: Activating
[amcl-2] [INFO] [1783061768.488846950] [amcl]: Creating bond (amcl) to lifecycle manager.
[lifecycle_manager-3] [INFO] [1783061768.666071600] [lifecycle_manager_localization]: Server amcl connected with bond.
[lifecycle_manager-3] [INFO] [1783061768.666237850] [lifecycle_manager_localization]: [34m[1mManaged nodes are active[0m[0m
[lifecycle_manager-3] [INFO] [1783061768.666317766] [lifecycle_manager_localization]: [34m[1mCreating bond timer...[0m[0m
[planner_server-6] [INFO] [1783061768.958712058] [global_costmap.global_costmap]: StaticLayer: Resizing costmap to 215 X 196 at 0.050000 m/pix
[controller_server-4] [INFO] [1783061769.240817222] [local_costmap.local_costmap]: Message Filter dropping message: frame 'laser' at time 1783061768.830 for reason 'the timestamp on the message is earlier than all the data in the transform cache'
[controller_server-4] [INFO] [1783061770.955517630] [local_costmap.local_costmap]: StaticLayer: Resizing static layer to 134 X 85 at 0.050000 m/pix
[planner_server-6] [INFO] [1783061771.377834314] [global_costmap.global_costmap]: Message Filter dropping message: frame 'laser' at time 1783061770.925 for reason 'the timestamp on the message is earlier than all the data in the transform cache'
[planner_server-6] [INFO] [1783061771.958701313] [global_costmap.global_costmap]: StaticLayer: Resizing costmap to 134 X 85 at 0.050000 m/pix
[planner_server-6] [INFO] [1783061774.030873728] [global_costmap.global_costmap]: Message Filter dropping message: frame 'laser' at time 1783061773.623 for reason 'the timestamp on the message is earlier than all the data in the transform cache'
[planner_server-6] [ERROR] [1783061774.259001801] [transformPoseInTargetFrame]: Extrapolation Error looking up target frame: Lookup would require extrapolation into the past.  Requested time 1783061774.237439 but the earliest data is at time 1783061774.522736, when looking up transform from frame [base_link] to frame [map]
[planner_server-6] 
[planner_server-6] [INFO] [1783061781.142412589] [global_costmap.global_costmap]: Message Filter dropping message: frame 'laser' at time 1783061780.715 for reason 'the timestamp on the message is earlier than all the data in the transform cache'
[planner_server-6] [INFO] [1783061784.567480060] [global_costmap.global_costmap]: Message Filter dropping message: frame 'laser' at time 1783061784.113 for reason 'the timestamp on the message is earlier than all the data in the transform cache'
[controller_server-4] [INFO] [1783061811.562472462] [local_costmap.local_costmap]: Message Filter dropping message: frame 'laser' at time 1783061811.089 for reason 'the timestamp on the message is earlier than all the data in the transform cache'
[planner_server-6] [INFO] [1783061811.567030963] [global_costmap.global_costmap]: Message Filter dropping message: frame 'laser' at time 1783061811.089 for reason 'the timestamp on the message is earlier than all the data in the transform cache'
[lifecycle_manager-3] [INFO] [1783061813.266557559] [lifecycle_manager_localization]: [34m[1mHave not received a heartbeat from map_server.[0m[0m
[lifecycle_manager-3] [ERROR] [1783061813.266753434] [lifecycle_manager_localization]: CRITICAL FAILURE: SERVER map_server IS DOWN after not receiving a heartbeat for 4000 ms. Shutting down related nodes.
[lifecycle_manager-3] [INFO] [1783061813.266814393] [lifecycle_manager_localization]: [34m[1mTerminating bond timer...[0m[0m
[lifecycle_manager-3] [INFO] [1783061813.266857601] [lifecycle_manager_localization]: [34m[1mResetting managed nodes...[0m[0m
[lifecycle_manager-3] [INFO] [1783061813.266898934] [lifecycle_manager_localization]: [34m[1mDeactivating amcl[0m[0m
[amcl-2] [INFO] [1783061813.275690144] [amcl]: Deactivating
[amcl-2] [INFO] [1783061813.275861936] [amcl]: Destroying bond (amcl) to lifecycle manager.
[lifecycle_manager-3] [INFO] [1783061813.407251953] [lifecycle_manager_localization]: [34m[1mDeactivating map_server[0m[0m
[map_server-1] [INFO] [1783061813.409398078] [map_server]: Deactivating
[map_server-1] [INFO] [1783061813.409582536] [map_server]: Destroying bond (map_server) to lifecycle manager.
[lifecycle_manager-3] [INFO] [1783061813.576101391] [lifecycle_manager_localization]: [34m[1mCleaning up amcl[0m[0m
[amcl-2] [INFO] [1783061813.578724017] [amcl]: Cleaning up
[lifecycle_manager-3] [INFO] [1783061813.775490209] [lifecycle_manager_localization]: [34m[1mCleaning up map_server[0m[0m
[map_server-1] [INFO] [1783061813.778339292] [map_server]: Cleaning up
[lifecycle_manager-3] [INFO] [1783061813.857827344] [lifecycle_manager_localization]: [34m[1mManaged nodes have been reset[0m[0m
[lifecycle_manager-3] [INFO] [1783061814.862658725] [lifecycle_manager_localization]: [34m[1mSuccessfully re-established connections from server respawns, starting back up.[0m[0m
[lifecycle_manager-3] [INFO] [1783061814.862878975] [lifecycle_manager_localization]: [34m[1mStarting managed nodes bringup...[0m[0m
[lifecycle_manager-3] [INFO] [1783061814.862994642] [lifecycle_manager_localization]: [34m[1mConfiguring map_server[0m[0m
[map_server-1] [INFO] [1783061814.864843309] [map_server]: Configuring
[map_server-1] [INFO] [1783061814.865073934] [map_io]: Loading yaml file: /root/rdk_x5_vln_robot/maps/joy_calibrated_corridor_map.yaml
[map_server-1] [INFO] [1783061814.866243225] [map_io]: resolution: 0.05
[map_server-1] [INFO] [1783061814.866343184] [map_io]: origin[0]: -7.45
[map_server-1] [INFO] [1783061814.866414767] [map_io]: origin[1]: -5.43
[map_server-1] [INFO] [1783061814.866477559] [map_io]: origin[2]: 0
[map_server-1] [INFO] [1783061814.866542600] [map_io]: free_thresh: 0.25
[map_server-1] [INFO] [1783061814.866606434] [map_io]: occupied_thresh: 0.65
[map_server-1] [INFO] [1783061814.866661100] [map_io]: mode: trinary
[map_server-1] [INFO] [1783061814.866714850] [map_io]: negate: 0
[map_server-1] [INFO] [1783061814.866860725] [map_io]: Loading image_file: /root/rdk_x5_vln_robot/maps/joy_calibrated_corridor_map.pgm
[controller_server-4] [INFO] [1783061814.891591312] [local_costmap.local_costmap]: Message Filter dropping message: frame 'laser' at time 1783061814.485 for reason 'the timestamp on the message is earlier than all the data in the transform cache'
[planner_server-6] [INFO] [1783061814.891591270] [global_costmap.global_costmap]: Message Filter dropping message: frame 'laser' at time 1783061814.485 for reason 'the timestamp on the message is earlier than all the data in the transform cache'
[map_server-1] [INFO] [1783061814.916888149] [map_io]: Read map /root/rdk_x5_vln_robot/maps/joy_calibrated_corridor_map.pgm: 215 X 196 map @ 0.05 m/cell
[controller_server-4] [INFO] [1783061942.403532444] [local_costmap.local_costmap]: StaticLayer: Resizing static layer to 136 X 132 at 0.050000 m/pix
[planner_server-6] [INFO] [1783061942.958735542] [global_costmap.global_costmap]: StaticLayer: Resizing costmap to 136 X 132 at 0.050000 m/pix
[controller_server-4] [INFO] [1783061952.403899944] [local_costmap.local_costmap]: StaticLayer: Resizing static layer to 162 X 135 at 0.050000 m/pix
[planner_server-6] [INFO] [1783061952.958820790] [global_costmap.global_costmap]: StaticLayer: Resizing costmap to 162 X 135 at 0.050000 m/pix
[controller_server-4] [INFO] [1783061968.403514959] [local_costmap.local_costmap]: StaticLayer: Resizing static layer to 163 X 141 at 0.050000 m/pix
[planner_server-6] [INFO] [1783061968.958741345] [global_costmap.global_costmap]: StaticLayer: Resizing costmap to 163 X 141 at 0.050000 m/pix
[controller_server-4] [INFO] [1783062004.403543895] [local_costmap.local_costmap]: StaticLayer: Resizing static layer to 163 X 168 at 0.050000 m/pix
[planner_server-6] [INFO] [1783062004.958718194] [global_costmap.global_costmap]: StaticLayer: Resizing costmap to 163 X 168 at 0.050000 m/pix
[controller_server-4] [INFO] [1783062022.403517871] [local_costmap.local_costmap]: StaticLayer: Resizing static layer to 163 X 168 at 0.050000 m/pix
[planner_server-6] [INFO] [1783062022.962015752] [global_costmap.global_costmap]: StaticLayer: Resizing costmap to 163 X 168 at 0.050000 m/pix
[planner_server-6] [ERROR] [1783062048.268251875] [transformPoseInTargetFrame]: Extrapolation Error looking up target frame: Lookup would require extrapolation into the past.  Requested time 1783062036.975746 but the earliest data is at time 1783062038.214658, when looking up transform from frame [base_link] to frame [map]
[planner_server-6] 
[planner_server-6] [ERROR] [1783062049.265351663] [transformPoseInTargetFrame]: Extrapolation Error looking up target frame: Lookup would require extrapolation into the past.  Requested time 1783062036.975746 but the earliest data is at time 1783062039.119498, when looking up transform from frame [base_link] to frame [map]
[planner_server-6] 
[planner_server-6] [ERROR] [1783062050.268973951] [transformPoseInTargetFrame]: Extrapolation Error looking up target frame: Lookup would require extrapolation into the past.  Requested time 1783062036.975746 but the earliest data is at time 1783062040.208625, when looking up transform from frame [base_link] to frame [map]
[planner_server-6] 
[planner_server-6] [ERROR] [1783062051.268187864] [transformPoseInTargetFrame]: Extrapolation Error looking up target frame: Lookup would require extrapolation into the past.  Requested time 1783062036.975746 but the earliest data is at time 1783062041.172693, when looking up transform from frame [base_link] to frame [map]
[planner_server-6] 
[planner_server-6] [ERROR] [1783062052.260591443] [transformPoseInTargetFrame]: Extrapolation Error looking up target frame: Lookup would require extrapolation into the past.  Requested time 1783062036.975746 but the earliest data is at time 1783062042.181258, when looking up transform from frame [base_link] to frame [map]
[planner_server-6] 
[planner_server-6] [ERROR] [1783062053.263582480] [transformPoseInTargetFrame]: Extrapolation Error looking up target frame: Lookup would require extrapolation into the past.  Requested time 1783062036.975746 but the earliest data is at time 1783062043.230679, when looking up transform from frame [base_link] to frame [map]
[planner_server-6] 
[planner_server-6] [ERROR] [1783062054.268484851] [transformPoseInTargetFrame]: Extrapolation Error looking up target frame: Lookup would require extrapolation into the past.  Requested time 1783062036.975746 but the earliest data is at time 1783062044.142012, when looking up transform from frame [base_link] to frame [map]
[planner_server-6] 
[planner_server-6] [ERROR] [1783062055.266232763] [transformPoseInTargetFrame]: Extrapolation Error looking up target frame: Lookup would require extrapolation into the past.  Requested time 1783062036.975746 but the earliest data is at time 1783062045.219004, when looking up transform from frame [base_link] to frame [map]
[planner_server-6] 
[planner_server-6] [ERROR] [1783062056.270042300] [transformPoseInTargetFrame]: Extrapolation Error looking up target frame: Lookup would require extrapolation into the past.  Requested time 1783062036.975746 but the earliest data is at time 1783062046.208740, when looking up transform from frame [base_link] to frame [map]
[planner_server-6] 
[planner_server-6] [ERROR] [1783062057.267571920] [transformPoseInTargetFrame]: Extrapolation Error looking up target frame: Lookup would require extrapolation into the past.  Requested time 1783062036.975746 but the earliest data is at time 1783062047.205543, when looking up transform from frame [base_link] to frame [map]
[planner_server-6] 
[planner_server-6] [ERROR] [1783062058.259540039] [transformPoseInTargetFrame]: Extrapolation Error looking up target frame: Lookup would require extrapolation into the past.  Requested time 1783062036.975746 but the earliest data is at time 1783062048.172654, when looking up transform from frame [base_link] to frame [map]
[planner_server-6] 
[planner_server-6] [ERROR] [1783062059.267161117] [transformPoseInTargetFrame]: Extrapolation Error looking up target frame: Lookup would require extrapolation into the past.  Requested time 1783062036.975746 but the earliest data is at time 1783062049.173656, when looking up transform from frame [base_link] to frame [map]
[planner_server-6] 
[planner_server-6] [ERROR] [1783062060.258868944] [transformPoseInTargetFrame]: Extrapolation Error looking up target frame: Lookup would require extrapolation into the past.  Requested time 1783062036.975746 but the earliest data is at time 1783062050.210545, when looking up transform from frame [base_link] to frame [map]
[planner_server-6] 
[planner_server-6] [ERROR] [1783062061.268701522] [transformPoseInTargetFrame]: Extrapolation Error looking up target frame: Lookup would require extrapolation into the past.  Requested time 1783062036.975746 but the earliest data is at time 1783062051.234496, when looking up transform from frame [base_link] to frame [map]
[planner_server-6] 
[planner_server-6] [ERROR] [1783062062.266902391] [transformPoseInTargetFrame]: Extrapolation Error looking up target frame: Lookup would require extrapolation into the past.  Requested time 1783062036.975746 but the earliest data is at time 1783062052.269251, when looking up transform from frame [base_link] to frame [map]
[planner_server-6] 
[planner_server-6] [ERROR] [1783062063.259575801] [transformPoseInTargetFrame]: Extrapolation Error looking up target frame: Lookup would require extrapolation into the past.  Requested time 1783062036.975746 but the earliest data is at time 1783062053.157611, when looking up transform from frame [base_link] to frame [map]
[planner_server-6] 
[planner_server-6] [ERROR] [1783062064.263638003] [transformPoseInTargetFrame]: Extrapolation Error looking up target frame: Lookup would require extrapolation into the past.  Requested time 1783062036.975746 but the earliest data is at time 1783062054.126670, when looking up transform from frame [base_link] to frame [map]
[planner_server-6] 
[planner_server-6] [ERROR] [1783062065.270414581] [transformPoseInTargetFrame]: Extrapolation Error looking up target frame: Lookup would require extrapolation into the past.  Requested time 1783062036.975746 but the earliest data is at time 1783062055.230534, when looking up transform from frame [base_link] to frame [map]
[planner_server-6] 
[planner_server-6] [ERROR] [1783062066.268423907] [transformPoseInTargetFrame]: Extrapolation Error looking up target frame: Lookup would require extrapolation into the past.  Requested time 1783062036.975746 but the earliest data is at time 1783062056.138889, when looking up transform from frame [base_link] to frame [map]
[planner_server-6] 
[planner_server-6] [ERROR] [1783062067.273157817] [transformPoseInTargetFrame]: Extrapolation Error looking up target frame: Lookup would require extrapolation into the past.  Requested time 1783062036.975746 but the earliest data is at time 1783062057.054221, when looking up transform from frame [base_link] to frame [map]
[planner_server-6] 
[planner_server-6] [ERROR] [1783062068.266292684] [transformPoseInTargetFrame]: Extrapolation Error looking up target frame: Lookup would require extrapolation into the past.  Requested time 1783062036.975746 but the earliest data is at time 1783062058.144396, when looking up transform from frame [base_link] to frame [map]
[planner_server-6] 
[planner_server-6] [ERROR] [1783062069.265003969] [transformPoseInTargetFrame]: Extrapolation Error looking up target frame: Lookup would require extrapolation into the past.  Requested time 1783062036.975746 but the earliest data is at time 1783062059.270035, when looking up transform from frame [base_link] to frame [map]
[planner_server-6] 
[planner_server-6] [ERROR] [1783062070.261346711] [transformPoseInTargetFrame]: Extrapolation Error looking up target frame: Lookup would require extrapolation into the past.  Requested time 1783062036.975746 but the earliest data is at time 1783062060.205585, when looking up transform from frame [base_link] to frame [map]
[planner_server-6] 
[planner_server-6] [ERROR] [1783062071.265477328] [transformPoseInTargetFrame]: Extrapolation Error looking up target frame: Lookup would require extrapolation into the past.  Requested time 1783062036.975746 but the earliest data is at time 1783062061.254560, when looking up transform from frame [base_link] to frame [map]
[planner_server-6] 
[planner_server-6] [ERROR] [1783062072.265166821] [transformPoseInTargetFrame]: Extrapolation Error looking up target frame: Lookup would require extrapolation into the past.  Requested time 1783062036.975746 but the earliest data is at time 1783062062.217666, when looking up transform from frame [base_link] to frame [map]
[planner_server-6] 
[planner_server-6] [ERROR] [1783062073.265259937] [transformPoseInTargetFrame]: Extrapolation Error looking up target frame: Lookup would require extrapolation into the past.  Requested time 1783062036.975746 but the earliest data is at time 1783062063.204606, when looking up transform from frame [base_link] to frame [map]
[planner_server-6] 
[planner_server-6] [ERROR] [1783062074.265473721] [transformPoseInTargetFrame]: Extrapolation Error looking up target frame: Lookup would require extrapolation into the past.  Requested time 1783062036.975746 but the earliest data is at time 1783062064.239452, when looking up transform from frame [base_link] to frame [map]
[planner_server-6] 
[planner_server-6] [ERROR] [1783062075.265157879] [transformPoseInTargetFrame]: Extrapolation Error looking up target frame: Lookup would require extrapolation into the past.  Requested time 1783062036.975746 but the earliest data is at time 1783062065.207680, when looking up transform from frame [base_link] to frame [map]
[planner_server-6] 
[planner_server-6] [INFO] [1783062075.751609665] [global_costmap.global_costmap]: Message Filter dropping message: frame 'laser' at time 1783062075.342 for reason 'the timestamp on the message is earlier than all the data in the transform cache'
[planner_server-6] [ERROR] [1783062076.267929704] [transformPoseInTargetFrame]: Extrapolation Error looking up target frame: Lookup would require extrapolation into the past.  Requested time 1783062036.975746 but the earliest data is at time 1783062065.910537, when looking up transform from frame [base_link] to frame [map]
[planner_server-6] 
[controller_server-4] [INFO] [1783062076.352193585] [local_costmap.local_costmap]: Message Filter dropping message: frame 'laser' at time 1783062075.942 for reason 'the timestamp on the message is earlier than all the data in the transform cache'
[planner_server-6] [ERROR] [1783062077.265492945] [transformPoseInTargetFrame]: Extrapolation Error looking up target frame: Lookup would require extrapolation into the past.  Requested time 1783062036.975746 but the earliest data is at time 1783062065.910537, when looking up transform from frame [base_link] to frame [map]
[planner_server-6] 
[planner_server-6] [ERROR] [1783062078.264959769] [transformPoseInTargetFrame]: Extrapolation Error looking up target frame: Lookup would require extrapolation into the past.  Requested time 1783062036.975746 but the earliest data is at time 1783062065.910537, when looking up transform from frame [base_link] to frame [map]
[planner_server-6] 
[planner_server-6] [INFO] [1783062078.347396484] [global_costmap.global_costmap]: Message Filter dropping message: frame 'laser' at time 1783062077.938 for reason 'the timestamp on the message is earlier than all the data in the transform cache'
[controller_server-4] [INFO] [1783062078.946230403] [local_costmap.local_costmap]: Message Filter dropping message: frame 'laser' at time 1783062078.537 for reason 'the timestamp on the message is earlier than all the data in the transform cache'
[planner_server-6] [ERROR] [1783062079.265559635] [transformPoseInTargetFrame]: Extrapolation Error looking up target frame: Lookup would require extrapolation into the past.  Requested time 1783062036.975746 but the earliest data is at time 1783062065.910537, when looking up transform from frame [base_link] to frame [map]
[planner_server-6] 
[planner_server-6] [ERROR] [1783062080.264870751] [transformPoseInTargetFrame]: Extrapolation Error looking up target frame: Lookup would require extrapolation into the past.  Requested time 1783062036.975746 but the earliest data is at time 1783062065.910537, when looking up transform from frame [base_link] to frame [map]
[planner_server-6] 
[planner_server-6] [ERROR] [1783062081.267467575] [transformPoseInTargetFrame]: Extrapolation Error looking up target frame: Lookup would require extrapolation into the past.  Requested time 1783062036.975746 but the earliest data is at time 1783062065.910537, when looking up transform from frame [base_link] to frame [map]
[planner_server-6] 
[planner_server-6] [ERROR] [1783062082.265625940] [transformPoseInTargetFrame]: Extrapolation Error looking up target frame: Lookup would require extrapolation into the past.  Requested time 1783062036.975746 but the earliest data is at time 1783062072.237769, when looking up transform from frame [base_link] to frame [map]
[planner_server-6] 
[controller_server-4] [WARN] [1783062082.803620354] [local_costmap.local_costmap]: Sensor origin at (-4.23, -2.24 0.12) is out of map bounds (-1.50, -1.50, 0.00) to (1.48, 1.48, 0.78). The costmap cannot raytrace for it.
[controller_server-4] [WARN] [1783062083.003594244] [local_costmap.local_costmap]: Sensor origin at (-4.23, -2.24 0.12) is out of map bounds (-1.50, -1.50, 0.00) to (1.48, 1.48, 0.78). The costmap cannot raytrace for it.
[controller_server-4] [WARN] [1783062083.203625009] [local_costmap.local_costmap]: Sensor origin at (-4.23, -2.24 0.12) is out of map bounds (-1.50, -1.50, 0.00) to (1.48, 1.48, 0.78). The costmap cannot raytrace for it.
[planner_server-6] [ERROR] [1783062083.264973221] [transformPoseInTargetFrame]: Extrapolation Error looking up target frame: Lookup would require extrapolation into the past.  Requested time 1783062036.975746 but the earliest data is at time 1783062073.237936, when looking up transform from frame [base_link] to frame [map]
[planner_server-6] 
[controller_server-4] [WARN] [1783062083.403628232] [local_costmap.local_costmap]: Sensor origin at (-4.23, -2.24 0.12) is out of map bounds (-1.50, -1.50, 0.00) to (1.48, 1.48, 0.78). The costmap cannot raytrace for it.
[controller_server-4] [WARN] [1783062083.603627413] [local_costmap.local_costmap]: Sensor origin at (-4.23, -2.24 0.12) is out of map bounds (-1.50, -1.50, 0.00) to (1.48, 1.48, 0.78). The costmap cannot raytrace for it.
[controller_server-4] [WARN] [1783062083.803634678] [local_costmap.local_costmap]: Sensor origin at (-4.23, -2.24 0.12) is out of map bounds (-1.50, -1.50, 0.00) to (1.48, 1.48, 0.78). The costmap cannot raytrace for it.
[controller_server-4] [WARN] [1783062084.003625192] [local_costmap.local_costmap]: Sensor origin at (-4.23, -2.24 0.12) is out of map bounds (-1.50, -1.50, 0.00) to (1.48, 1.48, 0.78). The costmap cannot raytrace for it.
[controller_server-4] [WARN] [1783062084.203621665] [local_costmap.local_costmap]: Sensor origin at (-4.23, -2.24 0.12) is out of map bounds (-1.50, -1.50, 0.00) to (1.48, 1.48, 0.78). The costmap cannot raytrace for it.
[planner_server-6] [ERROR] [1783062084.265104086] [transformPoseInTargetFrame]: Extrapolation Error looking up target frame: Lookup would require extrapolation into the past.  Requested time 1783062036.975746 but the earliest data is at time 1783062074.237944, when looking up transform from frame [base_link] to frame [map]
[planner_server-6] 
[controller_server-4] [WARN] [1783062084.403626930] [local_costmap.local_costmap]: Sensor origin at (-4.23, -2.24 0.12) is out of map bounds (-1.50, -1.50, 0.00) to (1.48, 1.48, 0.78). The costmap cannot raytrace for it.
[controller_server-4] [WARN] [1783062084.603626694] [local_costmap.local_costmap]: Sensor origin at (-4.23, -2.24 0.12) is out of map bounds (-1.50, -1.50, 0.00) to (1.48, 1.48, 0.78). The costmap cannot raytrace for it.
[controller_server-4] [WARN] [1783062084.803603001] [local_costmap.local_costmap]: Sensor origin at (-4.23, -2.24 0.12) is out of map bounds (-1.50, -1.50, 0.00) to (1.48, 1.48, 0.78). The costmap cannot raytrace for it.
[controller_server-4] [WARN] [1783062085.003618349] [local_costmap.local_costmap]: Sensor origin at (-4.23, -2.24 0.12) is out of map bounds (-1.50, -1.50, 0.00) to (1.48, 1.48, 0.78). The costmap cannot raytrace for it.
[planner_server-6] [ERROR] [1783062085.265248034] [transformPoseInTargetFrame]: Extrapolation Error looking up target frame: Lookup would require extrapolation into the past.  Requested time 1783062036.975746 but the earliest data is at time 1783062075.204574, when looking up transform from frame [base_link] to frame [map]
[planner_server-6] 
[planner_server-6] [INFO] [1783062085.495683676] [global_costmap.global_costmap]: Message Filter dropping message: frame 'laser' at time 1783062085.050 for reason 'the timestamp on the message is earlier than all the data in the transform cache'
[planner_server-6] [ERROR] [1783062086.267899357] [transformPoseInTargetFrame]: Extrapolation Error looking up target frame: Lookup would require extrapolation into the past.  Requested time 1783062036.975746 but the earliest data is at time 1783062081.990550, when looking up transform from frame [base_link] to frame [map]
[planner_server-6] 
[planner_server-6] [ERROR] [1783062087.266989638] [transformPoseInTargetFrame]: Extrapolation Error looking up target frame: Lookup would require extrapolation into the past.  Requested time 1783062036.975746 but the earliest data is at time 1783062081.990550, when looking up transform from frame [base_link] to frame [map]
[planner_server-6] 
[planner_server-6] [INFO] [1783062088.066548321] [global_costmap.global_costmap]: Message Filter dropping message: frame 'laser' at time 1783062087.652 for reason 'the timestamp on the message is earlier than all the data in the transform cache'
[planner_server-6] [ERROR] [1783062088.259834377] [transformPoseInTargetFrame]: Extrapolation Error looking up target frame: Lookup would require extrapolation into the past.  Requested time 1783062036.975746 but the earliest data is at time 1783062081.990550, when looking up transform from frame [base_link] to frame [map]
[planner_server-6] 
[planner_server-6] [ERROR] [1783062089.262504158] [transformPoseInTargetFrame]: Extrapolation Error looking up target frame: Lookup would require extrapolation into the past.  Requested time 1783062036.975746 but the earliest data is at time 1783062081.990550, when looking up transform from frame [base_link] to frame [map]
[planner_server-6] 
[planner_server-6] [ERROR] [1783062090.261214563] [transformPoseInTargetFrame]: Extrapolation Error looking up target frame: Lookup would require extrapolation into the past.  Requested time 1783062036.975746 but the earliest data is at time 1783062081.990550, when looking up transform from frame [base_link] to frame [map]
[planner_server-6] 
[planner_server-6] [INFO] [1783062090.667236426] [global_costmap.global_costmap]: Message Filter dropping message: frame 'laser' at time 1783062090.250 for reason 'the timestamp on the message is earlier than all the data in the transform cache'
[planner_server-6] [ERROR] [1783062091.265028510] [transformPoseInTargetFrame]: Extrapolation Error looking up target frame: Lookup would require extrapolation into the past.  Requested time 1783062036.975746 but the earliest data is at time 1783062081.990550, when looking up transform from frame [base_link] to frame [map]
[planner_server-6] 
[planner_server-6] [ERROR] [1783062092.264922957] [transformPoseInTargetFrame]: Extrapolation Error looking up target frame: Lookup would require extrapolation into the past.  Requested time 1783062036.975746 but the earliest data is at time 1783062082.224294, when looking up transform from frame [base_link] to frame [map]
[planner_server-6] 
[planner_server-6] [INFO] [1783062093.254511153] [global_costmap.global_costmap]: Message Filter dropping message: frame 'laser' at time 1783062092.846 for reason 'the timestamp on the message is earlier than all the data in the transform cache'
[planner_server-6] [ERROR] [1783062093.265899695] [transformPoseInTargetFrame]: Extrapolation Error looking up target frame: Lookup would require extrapolation into the past.  Requested time 1783062036.975746 but the earliest data is at time 1783062083.256626, when looking up transform from frame [base_link] to frame [map]
[planner_server-6] 
[planner_server-6] [ERROR] [1783062094.259724183] [transformPoseInTargetFrame]: Extrapolation Error looking up target frame: Lookup would require extrapolation into the past.  Requested time 1783062036.975746 but the earliest data is at time 1783062084.223113, when looking up transform from frame [base_link] to frame [map]
[planner_server-6] 
[planner_server-6] [ERROR] [1783062095.260092796] [transformPoseInTargetFrame]: Extrapolation Error looking up target frame: Lookup would require extrapolation into the past.  Requested time 1783062036.975746 but the earliest data is at time 1783062085.223117, when looking up transform from frame [base_link] to frame [map]
[planner_server-6] 
[planner_server-6] [INFO] [1783062095.854045047] [global_costmap.global_costmap]: Message Filter dropping message: frame 'laser' at time 1783062095.445 for reason 'the timestamp on the message is earlier than all the data in the transform cache'
[planner_server-6] [ERROR] [1783062096.265519617] [transformPoseInTargetFrame]: Extrapolation Error looking up target frame: Lookup would require extrapolation into the past.  Requested time 1783062036.975746 but the earliest data is at time 1783062086.256629, when looking up transform from frame [base_link] to frame [map]
[planner_server-6] 
[planner_server-6] [ERROR] [1783062097.264280855] [transformPoseInTargetFrame]: Extrapolation Error looking up target frame: Lookup would require extrapolation into the past.  Requested time 1783062036.975746 but the earliest data is at time 1783062087.232672, when looking up transform from frame [base_link] to frame [map]
[planner_server-6] 
[planner_server-6] [ERROR] [1783062098.265847301] [transformPoseInTargetFrame]: Extrapolation Error looking up target frame: Lookup would require extrapolation into the past.  Requested time 1783062036.975746 but the earliest data is at time 1783062088.224200, when looking up transform from frame [base_link] to frame [map]
[planner_server-6] 
[planner_server-6] [INFO] [1783062098.450926230] [global_costmap.global_costmap]: Message Filter dropping message: frame 'laser' at time 1783062098.043 for reason 'the timestamp on the message is earlier than all the data in the transform cache'
[planner_server-6] [ERROR] [1783062099.265169329] [transformPoseInTargetFrame]: Extrapolation Error looking up target frame: Lookup would require extrapolation into the past.  Requested time 1783062036.975746 but the earliest data is at time 1783062089.223809, when looking up transform from frame [base_link] to frame [map]
[planner_server-6] 
[planner_server-6] [ERROR] [1783062100.264960483] [transformPoseInTargetFrame]: Extrapolation Error looking up target frame: Lookup would require extrapolation into the past.  Requested time 1783062036.975746 but the earliest data is at time 1783062090.224606, when looking up transform from frame [base_link] to frame [map]
[planner_server-6] 
[planner_server-6] [INFO] [1783062101.048583830] [global_costmap.global_costmap]: Message Filter dropping message: frame 'laser' at time 1783062100.641 for reason 'the timestamp on the message is earlier than all the data in the transform cache'
[planner_server-6] [ERROR] [1783062101.264919803] [transformPoseInTargetFrame]: Extrapolation Error looking up target frame: Lookup would require extrapolation into the past.  Requested time 1783062036.975746 but the earliest data is at time 1783062091.223066, when looking up transform from frame [base_link] to frame [map]
[planner_server-6] 
[planner_server-6] [ERROR] [1783062102.260564831] [transformPoseInTargetFrame]: Extrapolation Error looking up target frame: Lookup would require extrapolation into the past.  Requested time 1783062036.975746 but the earliest data is at time 1783062092.123109, when looking up transform from frame [base_link] to frame [map]
[planner_server-6] 
[planner_server-6] [ERROR] [1783062103.272589027] [transformPoseInTargetFrame]: Extrapolation Error looking up target frame: Lookup would require extrapolation into the past.  Requested time 1783062036.975746 but the earliest data is at time 1783062092.989934, when looking up transform from frame [base_link] to frame [map]
[planner_server-6] 
[planner_server-6] [INFO] [1783062103.566628339] [global_costmap.global_costmap]: Message Filter dropping message: frame 'laser' at time 1783062102.944 for reason 'the timestamp on the message is earlier than all the data in the transform cache'
[planner_server-6] [ERROR] [1783062104.271022471] [transformPoseInTargetFrame]: Extrapolation Error looking up target frame: Lookup would require extrapolation into the past.  Requested time 1783062036.975746 but the earliest data is at time 1783062093.756702, when looking up transform from frame [base_link] to frame [map]
[planner_server-6] 
[planner_server-6] [ERROR] [1783062105.267344332] [transformPoseInTargetFrame]: Extrapolation Error looking up target frame: Lookup would require extrapolation into the past.  Requested time 1783062036.975746 but the earliest data is at time 1783062094.823861, when looking up transform from frame [base_link] to frame [map]
[planner_server-6] 
[planner_server-6] [INFO] [1783062106.125792641] [global_costmap.global_costmap]: Message Filter dropping message: frame 'laser' at time 1783062105.542 for reason 'the timestamp on the message is earlier than all the data in the transform cache'
[planner_server-6] [ERROR] [1783062106.267348026] [transformPoseInTargetFrame]: Extrapolation Error looking up target frame: Lookup would require extrapolation into the past.  Requested time 1783062036.975746 but the earliest data is at time 1783062096.056736, when looking up transform from frame [base_link] to frame [map]
[planner_server-6] 
[planner_server-6] [ERROR] [1783062107.263193637] [transformPoseInTargetFrame]: Extrapolation Error looking up target frame: Lookup would require extrapolation into the past.  Requested time 1783062036.975746 but the earliest data is at time 1783062096.990157, when looking up transform from frame [base_link] to frame [map]
[planner_server-6] 
[planner_server-6] [ERROR] [1783062108.265916414] [transformPoseInTargetFrame]: Extrapolation Error looking up target frame: Lookup would require extrapolation into the past.  Requested time 1783062036.975746 but the earliest data is at time 1783062098.223160, when looking up transform from frame [base_link] to frame [map]
[planner_server-6] 
[planner_server-6] [INFO] [1783062108.650903107] [global_costmap.global_costmap]: Message Filter dropping message: frame 'laser' at time 1783062108.239 for reason 'the timestamp on the message is earlier than all the data in the transform cache'
[planner_server-6] [ERROR] [1783062109.269142441] [transformPoseInTargetFrame]: Extrapolation Error looking up target frame: Lookup would require extrapolation into the past.  Requested time 1783062036.975746 but the earliest data is at time 1783062098.990036, when looking up transform from frame [base_link] to frame [map]
[planner_server-6] 
[controller_server-4] [WARN] [1783062110.114766166] [rcl_lifecycle]: No transition matching 1 found for current state active
[controller_server-4] [ERROR] [1783062110.114892541] [controller_server]: Unable to start transition 1 from current state active: Transition is not registered., at ./src/rcl_lifecycle.c:355
[planner_server-6] [ERROR] [1783062110.269101260] [transformPoseInTargetFrame]: Extrapolation Error looking up target frame: Lookup would require extrapolation into the past.  Requested time 1783062036.975746 but the earliest data is at time 1783062100.256635, when looking up transform from frame [base_link] to frame [map]
[planner_server-6] 
[controller_server-4] [INFO] [1783062111.003656727] [local_costmap.local_costmap]: StaticLayer: Resizing static layer to 163 X 168 at 0.050000 m/pix
[planner_server-6] [INFO] [1783062111.157454445] [global_costmap.global_costmap]: Message Filter dropping message: frame 'laser' at time 1783062110.737 for reason 'the timestamp on the message is earlier than all the data in the transform cache'
[planner_server-6] [ERROR] [1783062111.264058911] [transformPoseInTargetFrame]: Extrapolation Error looking up target frame: Lookup would require extrapolation into the past.  Requested time 1783062036.975746 but the earliest data is at time 1783062101.189982, when looking up transform from frame [base_link] to frame [map]
[planner_server-6] 
[planner_server-6] [ERROR] [1783062112.262073812] [transformPoseInTargetFrame]: Extrapolation Error looking up target frame: Lookup would require extrapolation into the past.  Requested time 1783062036.975746 but the earliest data is at time 1783062102.160240, when looking up transform from frame [base_link] to frame [map]
[planner_server-6] 
[planner_server-6] [ERROR] [1783062113.262054255] [transformPoseInTargetFrame]: Extrapolation Error looking up target frame: Lookup would require extrapolation into the past.  Requested time 1783062036.975746 but the earliest data is at time 1783062103.195970, when looking up transform from frame [base_link] to frame [map]
[planner_server-6] 
[planner_server-6] [INFO] [1783062113.752788664] [global_costmap.global_costmap]: Message Filter dropping message: frame 'laser' at time 1783062113.334 for reason 'the timestamp on the message is earlier than all the data in the transform cache'
[planner_server-6] [ERROR] [1783062114.263887448] [transformPoseInTargetFrame]: Extrapolation Error looking up target frame: Lookup would require extrapolation into the past.  Requested time 1783062036.975746 but the earliest data is at time 1783062104.306935, when looking up transform from frame [base_link] to frame [map]
[planner_server-6] 
[planner_server-6] [ERROR] [1783062115.261533516] [transformPoseInTargetFrame]: Extrapolation Error looking up target frame: Lookup would require extrapolation into the past.  Requested time 1783062036.975746 but the earliest data is at time 1783062105.197412, when looking up transform from frame [base_link] to frame [map]
[planner_server-6] 
[planner_server-6] [ERROR] [1783062116.269067042] [transformPoseInTargetFrame]: Extrapolation Error looking up target frame: Lookup would require extrapolation into the past.  Requested time 1783062036.975746 but the earliest data is at time 1783062106.276454, when looking up transform from frame [base_link] to frame [map]
[planner_server-6] 
[planner_server-6] [INFO] [1783062116.346065964] [global_costmap.global_costmap]: Message Filter dropping message: frame 'laser' at time 1783062115.932 for reason 'the timestamp on the message is earlier than all the data in the transform cache'
[planner_server-6] [ERROR] [1783062117.264884109] [transformPoseInTargetFrame]: Extrapolation Error looking up target frame: Lookup would require extrapolation into the past.  Requested time 1783062036.975746 but the earliest data is at time 1783062107.254066, when looking up transform from frame [base_link] to frame [map]
[planner_server-6] 
[planner_server-6] [ERROR] [1783062118.265047884] [transformPoseInTargetFrame]: Extrapolation Error looking up target frame: Lookup would require extrapolation into the past.  Requested time 1783062036.975746 but the earliest data is at time 1783062108.246739, when looking up transform from frame [base_link] to frame [map]
[planner_server-6] 
[planner_server-6] [INFO] [1783062118.940119805] [global_costmap.global_costmap]: Message Filter dropping message: frame 'laser' at time 1783062118.528 for reason 'the timestamp on the message is earlier than all the data in the transform cache'
[planner_server-6] [ERROR] [1783062119.265118951] [transformPoseInTargetFrame]: Extrapolation Error looking up target frame: Lookup would require extrapolation into the past.  Requested time 1783062036.975746 but the earliest data is at time 1783062109.319458, when looking up transform from frame [base_link] to frame [map]
[planner_server-6] 
[planner_server-6] [ERROR] [1783062120.269771560] [transformPoseInTargetFrame]: Extrapolation Error looking up target frame: Lookup would require extrapolation into the past.  Requested time 1783062036.975746 but the earliest data is at time 1783062110.175033, when looking up transform from frame [base_link] to frame [map]
[planner_server-6] 
[planner_server-6] [ERROR] [1783062121.261291084] [transformPoseInTargetFrame]: Extrapolation Error looking up target frame: Lookup would require extrapolation into the past.  Requested time 1783062036.975746 but the earliest data is at time 1783062111.068361, when looking up transform from frame [base_link] to frame [map]
[planner_server-6] 
[planner_server-6] [INFO] [1783062121.452574305] [global_costmap.global_costmap]: Message Filter dropping message: frame 'laser' at time 1783062121.029 for reason 'the timestamp on the message is earlier than all the data in the transform cache'
[planner_server-6] [ERROR] [1783062122.264428401] [transformPoseInTargetFrame]: Extrapolation Error looking up target frame: Lookup would require extrapolation into the past.  Requested time 1783062036.975746 but the earliest data is at time 1783062112.257743, when looking up transform from frame [base_link] to frame [map]
[planner_server-6] 
[planner_server-6] [ERROR] [1783062123.265670634] [transformPoseInTargetFrame]: Extrapolation Error looking up target frame: Lookup would require extrapolation into the past.  Requested time 1783062036.975746 but the earliest data is at time 1783062113.275669, when looking up transform from frame [base_link] to frame [map]
[planner_server-6] 
[planner_server-6] [INFO] [1783062124.037160976] [global_costmap.global_costmap]: Message Filter dropping message: frame 'laser' at time 1783062123.623 for reason 'the timestamp on the message is earlier than all the data in the transform cache'
[planner_server-6] [ERROR] [1783062124.266062950] [transformPoseInTargetFrame]: Extrapolation Error looking up target frame: Lookup would require extrapolation into the past.  Requested time 1783062036.975746 but the earliest data is at time 1783062114.235020, when looking up transform from frame [base_link] to frame [map]
[planner_server-6] 
[planner_server-6] [ERROR] [1783062125.264160391] [transformPoseInTargetFrame]: Extrapolation Error looking up target frame: Lookup would require extrapolation into the past.  Requested time 1783062036.975746 but the earliest data is at time 1783062115.223440, when looking up transform from frame [base_link] to frame [map]
[planner_server-6] 
[planner_server-6] [ERROR] [1783062126.263861748] [transformPoseInTargetFrame]: Extrapolation Error looking up target frame: Lookup would require extrapolation into the past.  Requested time 1783062036.975746 but the earliest data is at time 1783062116.124034, when looking up transform from frame [base_link] to frame [map]
[planner_server-6] 
[planner_server-6] [INFO] [1783062126.657357524] [global_costmap.global_costmap]: Message Filter dropping message: frame 'laser' at time 1783062126.224 for reason 'the timestamp on the message is earlier than all the data in the transform cache'
[planner_server-6] [ERROR] [1783062127.260999730] [transformPoseInTargetFrame]: Extrapolation Error looking up target frame: Lookup would require extrapolation into the past.  Requested time 1783062036.975746 but the earliest data is at time 1783062117.223518, when looking up transform from frame [base_link] to frame [map]
[planner_server-6] 
[planner_server-6] [ERROR] [1783062128.267465546] [transformPoseInTargetFrame]: Extrapolation Error looking up target frame: Lookup would require extrapolation into the past.  Requested time 1783062036.975746 but the earliest data is at time 1783062118.256672, when looking up transform from frame [base_link] to frame [map]
[planner_server-6] 
[planner_server-6] [INFO] [1783062129.230563317] [global_costmap.global_costmap]: Message Filter dropping message: frame 'laser' at time 1783062128.822 for reason 'the timestamp on the message is earlier than all the data in the transform cache'
[planner_server-6] [ERROR] [1783062129.265493486] [transformPoseInTargetFrame]: Extrapolation Error looking up target frame: Lookup would require extrapolation into the past.  Requested time 1783062036.975746 but the earliest data is at time 1783062119.256756, when looking up transform from frame [base_link] to frame [map]
[planner_server-6] 
[planner_server-6] [ERROR] [1783062130.265854676] [transformPoseInTargetFrame]: Extrapolation Error looking up target frame: Lookup would require extrapolation into the past.  Requested time 1783062036.975746 but the earliest data is at time 1783062120.265039, when looking up transform from frame [base_link] to frame [map]
[planner_server-6] 
[planner_server-6] [ERROR] [1783062131.266150324] [transformPoseInTargetFrame]: Extrapolation Error looking up target frame: Lookup would require extrapolation into the past.  Requested time 1783062036.975746 but the earliest data is at time 1783062121.256068, when looking up transform from frame [base_link] to frame [map]
[planner_server-6] 
[planner_server-6] [INFO] [1783062131.829688443] [global_costmap.global_costmap]: Message Filter dropping message: frame 'laser' at time 1783062131.418 for reason 'the timestamp on the message is earlier than all the data in the transform cache'
[planner_server-6] [ERROR] [1783062132.265303430] [transformPoseInTargetFrame]: Extrapolation Error looking up target frame: Lookup would require extrapolation into the past.  Requested time 1783062036.975746 but the earliest data is at time 1783062122.256717, when looking up transform from frame [base_link] to frame [map]
[planner_server-6] 
[planner_server-6] [ERROR] [1783062133.258882077] [transformPoseInTargetFrame]: Extrapolation Error looking up target frame: Lookup would require extrapolation into the past.  Requested time 1783062036.975746 but the earliest data is at time 1783062123.089998, when looking up transform from frame [base_link] to frame [map]
[planner_server-6] 
[planner_server-6] [ERROR] [1783062134.260628558] [transformPoseInTargetFrame]: Extrapolation Error looking up target frame: Lookup would require extrapolation into the past.  Requested time 1783062036.975746 but the earliest data is at time 1783062124.223096, when looking up transform from frame [base_link] to frame [map]
[planner_server-6] 
[planner_server-6] [INFO] [1783062134.337077230] [global_costmap.global_costmap]: Message Filter dropping message: frame 'laser' at time 1783062133.919 for reason 'the timestamp on the message is earlier than all the data in the transform cache'
[planner_server-6] [ERROR] [1783062135.276396165] [transformPoseInTargetFrame]: Extrapolation Error looking up target frame: Lookup would require extrapolation into the past.  Requested time 1783062036.975746 but the earliest data is at time 1783062125.162504, when looking up transform from frame [base_link] to frame [map]
[planner_server-6] 
[planner_server-6] [ERROR] [1783062136.265616978] [transformPoseInTargetFrame]: Extrapolation Error looking up target frame: Lookup would require extrapolation into the past.  Requested time 1783062036.975746 but the earliest data is at time 1783062126.267161, when looking up transform from frame [base_link] to frame [map]
[planner_server-6] 
[planner_server-6] [INFO] [1783062136.925703187] [global_costmap.global_costmap]: Message Filter dropping message: frame 'laser' at time 1783062136.515 for reason 'the timestamp on the message is earlier than all the data in the transform cache'
[planner_server-6] [ERROR] [1783062137.265127875] [transformPoseInTargetFrame]: Extrapolation Error looking up target frame: Lookup would require extrapolation into the past.  Requested time 1783062036.975746 but the earliest data is at time 1783062127.223648, when looking up transform from frame [base_link] to frame [map]
[planner_server-6] 
[planner_server-6] [ERROR] [1783062138.265109647] [transformPoseInTargetFrame]: Extrapolation Error looking up target frame: Lookup would require extrapolation into the past.  Requested time 1783062036.975746 but the earliest data is at time 1783062128.230454, when looking up transform from frame [base_link] to frame [map]
[planner_server-6] 
[planner_server-6] [ERROR] [1783062139.264955627] [transformPoseInTargetFrame]: Extrapolation Error looking up target frame: Lookup would require extrapolation into the past.  Requested time 1783062036.975746 but the earliest data is at time 1783062129.224135, when looking up transform from frame [base_link] to frame [map]
[planner_server-6] 
[planner_server-6] [INFO] [1783062139.522495394] [global_costmap.global_costmap]: Message Filter dropping message: frame 'laser' at time 1783062139.112 for reason 'the timestamp on the message is earlier than all the data in the transform cache'
[planner_server-6] [ERROR] [1783062140.265072107] [transformPoseInTargetFrame]: Extrapolation Error looking up target frame: Lookup would require extrapolation into the past.  Requested time 1783062036.975746 but the earliest data is at time 1783062130.156755, when looking up transform from frame [base_link] to frame [map]
[planner_server-6] 
[planner_server-6] [ERROR] [1783062141.259360920] [transformPoseInTargetFrame]: Extrapolation Error looking up target frame: Lookup would require extrapolation into the past.  Requested time 1783062036.975746 but the earliest data is at time 1783062130.856684, when looking up transform from frame [base_link] to frame [map]
[planner_server-6] 
[planner_server-6] [INFO] [1783062142.062765179] [global_costmap.global_costmap]: Message Filter dropping message: frame 'laser' at time 1783062141.616 for reason 'the timestamp on the message is earlier than all the data in the transform cache'
[planner_server-6] [ERROR] [1783062142.269199817] [transformPoseInTargetFrame]: Extrapolation Error looking up target frame: Lookup would require extrapolation into the past.  Requested time 1783062036.975746 but the earliest data is at time 1783062132.056659, when looking up transform from frame [base_link] to frame [map]
[planner_server-6] 
[planner_server-6] [ERROR] [1783062143.259646004] [transformPoseInTargetFrame]: Extrapolation Error looking up target frame: Lookup would require extrapolation into the past.  Requested time 1783062036.975746 but the earliest data is at time 1783062133.160275, when looking up transform from frame [base_link] to frame [map]
[planner_server-6] 
[planner_server-6] [ERROR] [1783062144.266188442] [transformPoseInTargetFrame]: Extrapolation Error looking up target frame: Lookup would require extrapolation into the past.  Requested time 1783062036.975746 but the earliest data is at time 1783062134.243840, when looking up transform from frame [base_link] to frame [map]
[planner_server-6] 
[planner_server-6] [INFO] [1783062144.619296172] [global_costmap.global_costmap]: Message Filter dropping message: frame 'laser' at time 1783062144.210 for reason 'the timestamp on the message is earlier than all the data in the transform cache'
[planner_server-6] [ERROR] [1783062145.264996712] [transformPoseInTargetFrame]: Extrapolation Error looking up target frame: Lookup would require extrapolation into the past.  Requested time 1783062036.975746 but the earliest data is at time 1783062135.283104, when looking up transform from frame [base_link] to frame [map]
[planner_server-6] 
[planner_server-6] [ERROR] [1783062146.266637650] [transformPoseInTargetFrame]: Extrapolation Error looking up target frame: Lookup would require extrapolation into the past.  Requested time 1783062036.975746 but the earliest data is at time 1783062136.223866, when looking up transform from frame [base_link] to frame [map]
[planner_server-6] 
[planner_server-6] [INFO] [1783062147.219328000] [global_costmap.global_costmap]: Message Filter dropping message: frame 'laser' at time 1783062146.806 for reason 'the timestamp on the message is earlier than all the data in the transform cache'
[planner_server-6] [ERROR] [1783062147.265833836] [transformPoseInTargetFrame]: Extrapolation Error looking up target frame: Lookup would require extrapolation into the past.  Requested time 1783062036.975746 but the earliest data is at time 1783062137.256715, when looking up transform from frame [base_link] to frame [map]
[planner_server-6] 
[planner_server-6] [ERROR] [1783062148.260197273] [transformPoseInTargetFrame]: Extrapolation Error looking up target frame: Lookup would require extrapolation into the past.  Requested time 1783062036.975746 but the earliest data is at time 1783062138.090029, when looking up transform from frame [base_link] to frame [map]
[planner_server-6] 
[planner_server-6] [ERROR] [1783062149.264614335] [transformPoseInTargetFrame]: Extrapolation Error looking up target frame: Lookup would require extrapolation into the past.  Requested time 1783062036.975746 but the earliest data is at time 1783062139.023802, when looking up transform from frame [base_link] to frame [map]
[planner_server-6] 
[planner_server-6] [INFO] [1783062149.792184201] [global_costmap.global_costmap]: Message Filter dropping message: frame 'laser' at time 1783062149.007 for reason 'the timestamp on the message is earlier than all the data in the transform cache'
[planner_server-6] [ERROR] [1783062150.263568188] [transformPoseInTargetFrame]: Extrapolation Error looking up target frame: Lookup would require extrapolation into the past.  Requested time 1783062036.975746 but the earliest data is at time 1783062140.127198, when looking up transform from frame [base_link] to frame [map]
[planner_server-6] 
[planner_server-6] [ERROR] [1783062151.268624541] [transformPoseInTargetFrame]: Extrapolation Error looking up target frame: Lookup would require extrapolation into the past.  Requested time 1783062036.975746 but the earliest data is at time 1783062141.201422, when looking up transform from frame [base_link] to frame [map]
[planner_server-6] 
[planner_server-6] [ERROR] [1783062152.265393435] [transformPoseInTargetFrame]: Extrapolation Error looking up target frame: Lookup would require extrapolation into the past.  Requested time 1783062036.975746 but the earliest data is at time 1783062142.284909, when looking up transform from frame [base_link] to frame [map]
[planner_server-6] 
[planner_server-6] [INFO] [1783062152.314134480] [global_costmap.global_costmap]: Message Filter dropping message: frame 'laser' at time 1783062151.905 for reason 'the timestamp on the message is earlier than all the data in the transform cache'
[planner_server-6] [ERROR] [1783062153.265113746] [transformPoseInTargetFrame]: Extrapolation Error looking up target frame: Lookup would require extrapolation into the past.  Requested time 1783062036.975746 but the earliest data is at time 1783062143.254068, when looking up transform from frame [base_link] to frame [map]
[planner_server-6] 
[planner_server-6] [ERROR] [1783062154.265747474] [transformPoseInTargetFrame]: Extrapolation Error looking up target frame: Lookup would require extrapolation into the past.  Requested time 1783062036.975746 but the earliest data is at time 1783062144.224207, when looking up transform from frame [base_link] to frame [map]
[planner_server-6] 
[planner_server-6] [INFO] [1783062154.909247388] [global_costmap.global_costmap]: Message Filter dropping message: frame 'laser' at time 1783062154.500 for reason 'the timestamp on the message is earlier than all the data in the transform cache'
[planner_server-6] [ERROR] [1783062155.266860910] [transformPoseInTargetFrame]: Extrapolation Error looking up target frame: Lookup would require extrapolation into the past.  Requested time 1783062036.975746 but the earliest data is at time 1783062145.223677, when looking up transform from frame [base_link] to frame [map]
[planner_server-6] 
[planner_server-6] [ERROR] [1783062156.262104720] [transformPoseInTargetFrame]: Extrapolation Error looking up target frame: Lookup would require extrapolation into the past.  Requested time 1783062036.975746 but the earliest data is at time 1783062146.156817, when looking up transform from frame [base_link] to frame [map]
[planner_server-6] 
[planner_server-6] [ERROR] [1783062157.261543405] [transformPoseInTargetFrame]: Extrapolation Error looking up target frame: Lookup would require extrapolation into the past.  Requested time 1783062036.975746 but the earliest data is at time 1783062147.226261, when looking up transform from frame [base_link] to frame [map]
[planner_server-6] 
[planner_server-6] [INFO] [1783062157.458530834] [global_costmap.global_costmap]: Message Filter dropping message: frame 'laser' at time 1783062157.002 for reason 'the timestamp on the message is earlier than all the data in the transform cache'
[planner_server-6] [ERROR] [1783062158.265638632] [transformPoseInTargetFrame]: Extrapolation Error looking up target frame: Lookup would require extrapolation into the past.  Requested time 1783062036.975746 but the earliest data is at time 1783062148.230196, when looking up transform from frame [base_link] to frame [map]
[planner_server-6] 
[planner_server-6] [ERROR] [1783062159.268050025] [transformPoseInTargetFrame]: Extrapolation Error looking up target frame: Lookup would require extrapolation into the past.  Requested time 1783062036.975746 but the earliest data is at time 1783062149.533956, when looking up transform from frame [base_link] to frame [map]
[planner_server-6] 
[planner_server-6] [INFO] [1783062160.008603278] [global_costmap.global_costmap]: Message Filter dropping message: frame 'laser' at time 1783062159.599 for reason 'the timestamp on the message is earlier than all the data in the transform cache'
[planner_server-6] [ERROR] [1783062160.261367335] [transformPoseInTargetFrame]: Extrapolation Error looking up target frame: Lookup would require extrapolation into the past.  Requested time 1783062036.975746 but the earliest data is at time 1783062150.219213, when looking up transform from frame [base_link] to frame [map]
[planner_server-6] 
[planner_server-6] [ERROR] [1783062161.266824645] [transformPoseInTargetFrame]: Extrapolation Error looking up target frame: Lookup would require extrapolation into the past.  Requested time 1783062036.975746 but the earliest data is at time 1783062151.264291, when looking up transform from frame [base_link] to frame [map]
[planner_server-6] 
[planner_server-6] [ERROR] [1783062162.265063496] [transformPoseInTargetFrame]: Extrapolation Error looking up target frame: Lookup would require extrapolation into the past.  Requested time 1783062036.975746 but the earliest data is at time 1783062152.156813, when looking up transform from frame [base_link] to frame [map]
[planner_server-6] 
[planner_server-6] [INFO] [1783062162.519585636] [global_costmap.global_costmap]: Message Filter dropping message: frame 'laser' at time 1783062162.098 for reason 'the timestamp on the message is earlier than all the data in the transform cache'
[planner_server-6] [ERROR] [1783062163.262120888] [transformPoseInTargetFrame]: Extrapolation Error looking up target frame: Lookup would require extrapolation into the past.  Requested time 1783062036.975746 but the earliest data is at time 1783062153.123031, when looking up transform from frame [base_link] to frame [map]
[planner_server-6] 
[planner_server-6] [ERROR] [1783062164.268197906] [transformPoseInTargetFrame]: Extrapolation Error looking up target frame: Lookup would require extrapolation into the past.  Requested time 1783062036.975746 but the earliest data is at time 1783062154.224068, when looking up transform from frame [base_link] to frame [map]
[planner_server-6] 
[planner_server-6] [INFO] [1783062165.039565122] [global_costmap.global_costmap]: Message Filter dropping message: frame 'laser' at time 1783062164.601 for reason 'the timestamp on the message is earlier than all the data in the transform cache'
[planner_server-6] [ERROR] [1783062165.265310350] [transformPoseInTargetFrame]: Extrapolation Error looking up target frame: Lookup would require extrapolation into the past.  Requested time 1783062036.975746 but the earliest data is at time 1783062155.223232, when looking up transform from frame [base_link] to frame [map]
[planner_server-6] 
[planner_server-6] [ERROR] [1783062166.265766602] [transformPoseInTargetFrame]: Extrapolation Error looking up target frame: Lookup would require extrapolation into the past.  Requested time 1783062036.975746 but the earliest data is at time 1783062156.288737, when looking up transform from frame [base_link] to frame [map]
[planner_server-6] 
[planner_server-6] [ERROR] [1783062167.265163896] [transformPoseInTargetFrame]: Extrapolation Error looking up target frame: Lookup would require extrapolation into the past.  Requested time 1783062036.975746 but the earliest data is at time 1783062157.245167, when looking up transform from frame [base_link] to frame [map]
[planner_server-6] 
[planner_server-6] [INFO] [1783062167.603815883] [global_costmap.global_costmap]: Message Filter dropping message: frame 'laser' at time 1783062167.192 for reason 'the timestamp on the message is earlier than all the data in the transform cache'
[planner_server-6] [ERROR] [1783062168.260959981] [transformPoseInTargetFrame]: Extrapolation Error looking up target frame: Lookup would require extrapolation into the past.  Requested time 1783062036.975746 but the earliest data is at time 1783062158.235014, when looking up transform from frame [base_link] to frame [map]
[planner_server-6] 
[planner_server-6] [ERROR] [1783062169.267371567] [transformPoseInTargetFrame]: Extrapolation Error looking up target frame: Lookup would require extrapolation into the past.  Requested time 1783062036.975746 but the earliest data is at time 1783062159.223996, when looking up transform from frame [base_link] to frame [map]
[planner_server-6] 
[planner_server-6] [INFO] [1783062170.120269140] [global_costmap.global_costmap]: Message Filter dropping message: frame 'laser' at time 1783062169.693 for reason 'the timestamp on the message is earlier than all the data in the transform cache'
[planner_server-6] [ERROR] [1783062170.264260694] [transformPoseInTargetFrame]: Extrapolation Error looking up target frame: Lookup would require extrapolation into the past.  Requested time 1783062036.975746 but the earliest data is at time 1783062160.223494, when looking up transform from frame [base_link] to frame [map]
[planner_server-6] 
[planner_server-6] [ERROR] [1783062171.263499863] [transformPoseInTargetFrame]: Extrapolation Error looking up target frame: Lookup would require extrapolation into the past.  Requested time 1783062171.252038 but the earliest data is at time 1783062171.393599, when looking up transform from frame [base_link] to frame [map]
[planner_server-6] 
[planner_server-6] [INFO] [1783062171.958980547] [global_costmap.global_costmap]: StaticLayer: Resizing costmap to 163 X 168 at 0.050000 m/pix
[planner_server-6] [INFO] [1783062185.396476475] [global_costmap.global_costmap]: Message Filter dropping message: frame 'laser' at time 1783062184.984 for reason 'the timestamp on the message is earlier than all the data in the transform cache'
[controller_server-4] [INFO] [1783062185.397512892] [local_costmap.local_costmap]: Message Filter dropping message: frame 'laser' at time 1783062184.984 for reason 'the timestamp on the message is earlier than all the data in the transform cache'
[planner_server-6] [INFO] [1783062189.389152226] [global_costmap.global_costmap]: Message Filter dropping message: frame 'laser' at time 1783062188.982 for reason 'the timestamp on the message is earlier than all the data in the transform cache'
[planner_server-6] [INFO] [1783062191.986885776] [global_costmap.global_costmap]: Message Filter dropping message: frame 'laser' at time 1783062191.578 for reason 'the timestamp on the message is earlier than all the data in the transform cache'
[planner_server-6] [INFO] [1783062194.587956701] [global_costmap.global_costmap]: Message Filter dropping message: frame 'laser' at time 1783062194.177 for reason 'the timestamp on the message is earlier than all the data in the transform cache'
[planner_server-6] [INFO] [1783062197.186104625] [global_costmap.global_costmap]: Message Filter dropping message: frame 'laser' at time 1783062196.774 for reason 'the timestamp on the message is earlier than all the data in the transform cache'
[planner_server-6] [INFO] [1783062199.693016582] [global_costmap.global_costmap]: Message Filter dropping message: frame 'laser' at time 1783062199.273 for reason 'the timestamp on the message is earlier than all the data in the transform cache'
[planner_server-6] [ERROR] [1783062200.261817629] [transformPoseInTargetFrame]: Extrapolation Error looking up target frame: Lookup would require extrapolation into the past.  Requested time 1783062188.982394 but the earliest data is at time 1783062190.238180, when looking up transform from frame [base_link] to frame [map]
[planner_server-6] 
[planner_server-6] [ERROR] [1783062201.263768003] [transformPoseInTargetFrame]: Extrapolation Error looking up target frame: Lookup would require extrapolation into the past.  Requested time 1783062188.982394 but the earliest data is at time 1783062191.191857, when looking up transform from frame [base_link] to frame [map]
[planner_server-6] 
[planner_server-6] [ERROR] [1783062202.261543502] [transformPoseInTargetFrame]: Extrapolation Error looking up target frame: Lookup would require extrapolation into the past.  Requested time 1783062188.982394 but the earliest data is at time 1783062192.080067, when looking up transform from frame [base_link] to frame [map]
[planner_server-6] 
[planner_server-6] [INFO] [1783062202.283146921] [global_costmap.global_costmap]: Message Filter dropping message: frame 'laser' at time 1783062201.871 for reason 'the timestamp on the message is earlier than all the data in the transform cache'
[planner_server-6] [ERROR] [1783062203.260177001] [transformPoseInTargetFrame]: Extrapolation Error looking up target frame: Lookup would require extrapolation into the past.  Requested time 1783062188.982394 but the earliest data is at time 1783062193.252509, when looking up transform from frame [base_link] to frame [map]
[planner_server-6] 
[planner_server-6] [ERROR] [1783062204.263927084] [transformPoseInTargetFrame]: Extrapolation Error looking up target frame: Lookup would require extrapolation into the past.  Requested time 1783062188.982394 but the earliest data is at time 1783062194.129057, when looking up transform from frame [base_link] to frame [map]
[planner_server-6] 
[planner_server-6] [INFO] [1783062204.878360218] [global_costmap.global_costmap]: Message Filter dropping message: frame 'laser' at time 1783062204.470 for reason 'the timestamp on the message is earlier than all the data in the transform cache'
[planner_server-6] [ERROR] [1783062205.269104083] [transformPoseInTargetFrame]: Extrapolation Error looking up target frame: Lookup would require extrapolation into the past.  Requested time 1783062188.982394 but the earliest data is at time 1783062195.172502, when looking up transform from frame [base_link] to frame [map]
[planner_server-6] 
[planner_server-6] [ERROR] [1783062206.268060207] [transformPoseInTargetFrame]: Extrapolation Error looking up target frame: Lookup would require extrapolation into the past.  Requested time 1783062188.982394 but the earliest data is at time 1783062196.180080, when looking up transform from frame [base_link] to frame [map]
[planner_server-6] 
[planner_server-6] [ERROR] [1783062207.267372538] [transformPoseInTargetFrame]: Extrapolation Error looking up target frame: Lookup would require extrapolation into the past.  Requested time 1783062188.982394 but the earliest data is at time 1783062197.137053, when looking up transform from frame [base_link] to frame [map]
[planner_server-6] 
[planner_server-6] [INFO] [1783062207.379562756] [global_costmap.global_costmap]: Message Filter dropping message: frame 'laser' at time 1783062206.968 for reason 'the timestamp on the message is earlier than all the data in the transform cache'
[planner_server-6] [ERROR] [1783062208.268735704] [transformPoseInTargetFrame]: Extrapolation Error looking up target frame: Lookup would require extrapolation into the past.  Requested time 1783062188.982394 but the earliest data is at time 1783062198.170999, when looking up transform from frame [base_link] to frame [map]
[planner_server-6] 
[planner_server-6] [ERROR] [1783062209.260103535] [transformPoseInTargetFrame]: Extrapolation Error looking up target frame: Lookup would require extrapolation into the past.  Requested time 1783062188.982394 but the earliest data is at time 1783062199.099616, when looking up transform from frame [base_link] to frame [map]
[planner_server-6] 
[planner_server-6] [INFO] [1783062209.977214218] [global_costmap.global_costmap]: Message Filter dropping message: frame 'laser' at time 1783062209.566 for reason 'the timestamp on the message is earlier than all the data in the transform cache'
[planner_server-6] [ERROR] [1783062210.267840284] [transformPoseInTargetFrame]: Extrapolation Error looking up target frame: Lookup would require extrapolation into the past.  Requested time 1783062188.982394 but the earliest data is at time 1783062200.141499, when looking up transform from frame [base_link] to frame [map]
[planner_server-6] 
[planner_server-6] [ERROR] [1783062211.260989240] [transformPoseInTargetFrame]: Extrapolation Error looking up target frame: Lookup would require extrapolation into the past.  Requested time 1783062188.982394 but the earliest data is at time 1783062201.173921, when looking up transform from frame [base_link] to frame [map]
[planner_server-6] 
[planner_server-6] [ERROR] [1783062212.267250197] [transformPoseInTargetFrame]: Extrapolation Error looking up target frame: Lookup would require extrapolation into the past.  Requested time 1783062188.982394 but the earliest data is at time 1783062202.188494, when looking up transform from frame [base_link] to frame [map]
[planner_server-6] 
[planner_server-6] [INFO] [1783062212.574691305] [global_costmap.global_costmap]: Message Filter dropping message: frame 'laser' at time 1783062212.165 for reason 'the timestamp on the message is earlier than all the data in the transform cache'
[planner_server-6] [ERROR] [1783062213.259936194] [transformPoseInTargetFrame]: Extrapolation Error looking up target frame: Lookup would require extrapolation into the past.  Requested time 1783062188.982394 but the earliest data is at time 1783062203.138792, when looking up transform from frame [base_link] to frame [map]
[planner_server-6] 
[planner_server-6] [ERROR] [1783062214.266081442] [transformPoseInTargetFrame]: Extrapolation Error looking up target frame: Lookup would require extrapolation into the past.  Requested time 1783062188.982394 but the earliest data is at time 1783062204.287179, when looking up transform from frame [base_link] to frame [map]
[planner_server-6] 
[planner_server-6] [INFO] [1783062215.175624641] [global_costmap.global_costmap]: Message Filter dropping message: frame 'laser' at time 1783062214.764 for reason 'the timestamp on the message is earlier than all the data in the transform cache'
[planner_server-6] [ERROR] [1783062215.268104940] [transformPoseInTargetFrame]: Extrapolation Error looking up target frame: Lookup would require extrapolation into the past.  Requested time 1783062188.982394 but the earliest data is at time 1783062205.140384, when looking up transform from frame [base_link] to frame [map]
[planner_server-6] 
[controller_server-4] [INFO] [1783062215.784819649] [local_costmap.local_costmap]: Message Filter dropping message: frame 'laser' at time 1783062215.364 for reason 'the timestamp on the message is earlier than all the data in the transform cache'
[planner_server-6] [ERROR] [1783062216.269552855] [transformPoseInTargetFrame]: Extrapolation Error looking up target frame: Lookup would require extrapolation into the past.  Requested time 1783062188.982394 but the earliest data is at time 1783062205.462157, when looking up transform from frame [base_link] to frame [map]
[planner_server-6] 
[planner_server-6] [ERROR] [1783062217.267680727] [transformPoseInTargetFrame]: Extrapolation Error looking up target frame: Lookup would require extrapolation into the past.  Requested time 1783062188.982394 but the earliest data is at time 1783062206.727991, when looking up transform from frame [base_link] to frame [map]
[planner_server-6] 
[planner_server-6] [INFO] [1783062217.681630636] [global_costmap.global_costmap]: Message Filter dropping message: frame 'laser' at time 1783062217.267 for reason 'the timestamp on the message is earlier than all the data in the transform cache'
[planner_server-6] [ERROR] [1783062218.262795975] [transformPoseInTargetFrame]: Extrapolation Error looking up target frame: Lookup would require extrapolation into the past.  Requested time 1783062188.982394 but the earliest data is at time 1783062208.189381, when looking up transform from frame [base_link] to frame [map]
[planner_server-6] 
[planner_server-6] [ERROR] [1783062219.261745722] [transformPoseInTargetFrame]: Extrapolation Error looking up target frame: Lookup would require extrapolation into the past.  Requested time 1783062188.982394 but the earliest data is at time 1783062209.090308, when looking up transform from frame [base_link] to frame [map]
[planner_server-6] 
[planner_server-6] [ERROR] [1783062220.259054136] [transformPoseInTargetFrame]: Extrapolation Error looking up target frame: Lookup would require extrapolation into the past.  Requested time 1783062188.982394 but the earliest data is at time 1783062210.196848, when looking up transform from frame [base_link] to frame [map]
[planner_server-6] 
[planner_server-6] [INFO] [1783062220.275717845] [global_costmap.global_costmap]: Message Filter dropping message: frame 'laser' at time 1783062219.860 for reason 'the timestamp on the message is earlier than all the data in the transform cache'
[planner_server-6] [ERROR] [1783062221.266806009] [transformPoseInTargetFrame]: Extrapolation Error looking up target frame: Lookup would require extrapolation into the past.  Requested time 1783062188.982394 but the earliest data is at time 1783062211.217860, when looking up transform from frame [base_link] to frame [map]
[planner_server-6] 
[planner_server-6] [ERROR] [1783062222.272577381] [transformPoseInTargetFrame]: Extrapolation Error looking up target frame: Lookup would require extrapolation into the past.  Requested time 1783062188.982394 but the earliest data is at time 1783062212.212210, when looking up transform from frame [base_link] to frame [map]
[planner_server-6] 
[planner_server-6] [INFO] [1783062222.867181221] [global_costmap.global_costmap]: Message Filter dropping message: frame 'laser' at time 1783062222.459 for reason 'the timestamp on the message is earlier than all the data in the transform cache'
[controller_server-4] [INFO] [1783062223.088643947] [local_costmap.local_costmap]: Message Filter dropping message: frame 'laser' at time 1783062222.658 for reason 'the timestamp on the message is earlier than all the data in the transform cache'
[planner_server-6] [ERROR] [1783062223.267725753] [transformPoseInTargetFrame]: Extrapolation Error looking up target frame: Lookup would require extrapolation into the past.  Requested time 1783062188.982394 but the earliest data is at time 1783062212.722461, when looking up transform from frame [base_link] to frame [map]
[planner_server-6] 
[planner_server-6] [ERROR] [1783062224.261731625] [transformPoseInTargetFrame]: Extrapolation Error looking up target frame: Lookup would require extrapolation into the past.  Requested time 1783062188.982394 but the earliest data is at time 1783062214.127996, when looking up transform from frame [base_link] to frame [map]
[planner_server-6] 
[planner_server-6] [ERROR] [1783062225.258947705] [transformPoseInTargetFrame]: Extrapolation Error looking up target frame: Lookup would require extrapolation into the past.  Requested time 1783062188.982394 but the earliest data is at time 1783062214.656772, when looking up transform from frame [base_link] to frame [map]
[planner_server-6] 
[planner_server-6] [INFO] [1783062225.388711715] [global_costmap.global_costmap]: Message Filter dropping message: frame 'laser' at time 1783062224.958 for reason 'the timestamp on the message is earlier than all the data in the transform cache'
[planner_server-6] [ERROR] [1783062226.269702827] [transformPoseInTargetFrame]: Extrapolation Error looking up target frame: Lookup would require extrapolation into the past.  Requested time 1783062188.982394 but the earliest data is at time 1783062216.238909, when looking up transform from frame [base_link] to frame [map]
[planner_server-6] 
[planner_server-6] [ERROR] [1783062227.267921657] [transformPoseInTargetFrame]: Extrapolation Error looking up target frame: Lookup would require extrapolation into the past.  Requested time 1783062188.982394 but the earliest data is at time 1783062217.372075, when looking up transform from frame [base_link] to frame [map]
[planner_server-6] 
[planner_server-6] [INFO] [1783062227.965637463] [global_costmap.global_costmap]: Message Filter dropping message: frame 'laser' at time 1783062227.555 for reason 'the timestamp on the message is earlier than all the data in the transform cache'
[planner_server-6] [ERROR] [1783062228.268281695] [transformPoseInTargetFrame]: Extrapolation Error looking up target frame: Lookup would require extrapolation into the past.  Requested time 1783062188.982394 but the earliest data is at time 1783062218.234263, when looking up transform from frame [base_link] to frame [map]
[planner_server-6] 
[planner_server-6] [ERROR] [1783062229.262087900] [transformPoseInTargetFrame]: Extrapolation Error looking up target frame: Lookup would require extrapolation into the past.  Requested time 1783062188.982394 but the earliest data is at time 1783062219.166286, when looking up transform from frame [base_link] to frame [map]
[planner_server-6] 
[planner_server-6] [ERROR] [1783062230.264941105] [transformPoseInTargetFrame]: Extrapolation Error looking up target frame: Lookup would require extrapolation into the past.  Requested time 1783062188.982394 but the earliest data is at time 1783062220.124946, when looking up transform from frame [base_link] to frame [map]
[planner_server-6] 
[planner_server-6] [INFO] [1783062230.563496379] [global_costmap.global_costmap]: Message Filter dropping message: frame 'laser' at time 1783062230.153 for reason 'the timestamp on the message is earlier than all the data in the transform cache'
[planner_server-6] [ERROR] [1783062231.266988851] [transformPoseInTargetFrame]: Extrapolation Error looking up target frame: Lookup would require extrapolation into the past.  Requested time 1783062188.982394 but the earliest data is at time 1783062220.782525, when looking up transform from frame [base_link] to frame [map]
[planner_server-6] 
[controller_server-4] [INFO] [1783062231.372754860] [local_costmap.local_costmap]: Message Filter dropping message: frame 'laser' at time 1783062230.854 for reason 'the timestamp on the message is earlier than all the data in the transform cache'
[planner_server-6] [ERROR] [1783062232.266924889] [transformPoseInTargetFrame]: Extrapolation Error looking up target frame: Lookup would require extrapolation into the past.  Requested time 1783062188.982394 but the earliest data is at time 1783062221.490520, when looking up transform from frame [base_link] to frame [map]
[planner_server-6] 
[planner_server-6] [INFO] [1783062233.071473912] [global_costmap.global_costmap]: Message Filter dropping message: frame 'laser' at time 1783062232.653 for reason 'the timestamp on the message is earlier than all the data in the transform cache'
[planner_server-6] [ERROR] [1783062233.261344802] [transformPoseInTargetFrame]: Extrapolation Error looking up target frame: Lookup would require extrapolation into the past.  Requested time 1783062188.982394 but the earliest data is at time 1783062223.263351, when looking up transform from frame [base_link] to frame [map]
[planner_server-6] 
[planner_server-6] [ERROR] [1783062234.267701590] [transformPoseInTargetFrame]: Extrapolation Error looking up target frame: Lookup would require extrapolation into the past.  Requested time 1783062188.982394 but the earliest data is at time 1783062224.164018, when looking up transform from frame [base_link] to frame [map]
[planner_server-6] 
[planner_server-6] [ERROR] [1783062235.262747169] [transformPoseInTargetFrame]: Extrapolation Error looking up target frame: Lookup would require extrapolation into the past.  Requested time 1783062188.982394 but the earliest data is at time 1783062225.263515, when looking up transform from frame [base_link] to frame [map]
[planner_server-6] 
[planner_server-6] [INFO] [1783062235.658222117] [global_costmap.global_costmap]: Message Filter dropping message: frame 'laser' at time 1783062235.250 for reason 'the timestamp on the message is earlier than all the data in the transform cache'
[planner_server-6] [ERROR] [1783062236.262539998] [transformPoseInTargetFrame]: Extrapolation Error looking up target frame: Lookup would require extrapolation into the past.  Requested time 1783062188.982394 but the earliest data is at time 1783062226.130372, when looking up transform from frame [base_link] to frame [map]
[planner_server-6] 
[planner_server-6] [ERROR] [1783062237.261143577] [transformPoseInTargetFrame]: Extrapolation Error looking up target frame: Lookup would require extrapolation into the past.  Requested time 1783062188.982394 but the earliest data is at time 1783062227.193161, when looking up transform from frame [base_link] to frame [map]
[planner_server-6] 
[planner_server-6] [INFO] [1783062238.159035731] [global_costmap.global_costmap]: Message Filter dropping message: frame 'laser' at time 1783062237.749 for reason 'the timestamp on the message is earlier than all the data in the transform cache'
[planner_server-6] [ERROR] [1783062238.261548948] [transformPoseInTargetFrame]: Extrapolation Error looking up target frame: Lookup would require extrapolation into the past.  Requested time 1783062188.982394 but the earliest data is at time 1783062228.221605, when looking up transform from frame [base_link] to frame [map]
[planner_server-6] 
[controller_server-4] [INFO] [1783062239.090451972] [local_costmap.local_costmap]: Message Filter dropping message: frame 'laser' at time 1783062238.648 for reason 'the timestamp on the message is earlier than all the data in the transform cache'
[planner_server-6] [ERROR] [1783062239.270404277] [transformPoseInTargetFrame]: Extrapolation Error looking up target frame: Lookup would require extrapolation into the past.  Requested time 1783062188.982394 but the earliest data is at time 1783062229.034935, when looking up transform from frame [base_link] to frame [map]
[planner_server-6] 
[planner_server-6] [ERROR] [1783062240.260568356] [transformPoseInTargetFrame]: Extrapolation Error looking up target frame: Lookup would require extrapolation into the past.  Requested time 1783062188.982394 but the earliest data is at time 1783062230.075000, when looking up transform from frame [base_link] to frame [map]
[planner_server-6] 
[planner_server-6] [INFO] [1783062240.662603596] [global_costmap.global_costmap]: Message Filter dropping message: frame 'laser' at time 1783062240.247 for reason 'the timestamp on the message is earlier than all the data in the transform cache'
[planner_server-6] [ERROR] [1783062241.259940809] [transformPoseInTargetFrame]: Extrapolation Error looking up target frame: Lookup would require extrapolation into the past.  Requested time 1783062188.982394 but the earliest data is at time 1783062231.468341, when looking up transform from frame [base_link] to frame [map]
[planner_server-6] 
[planner_server-6] [ERROR] [1783062242.260931180] [transformPoseInTargetFrame]: Extrapolation Error looking up target frame: Lookup would require extrapolation into the past.  Requested time 1783062188.982394 but the earliest data is at time 1783062232.221901, when looking up transform from frame [base_link] to frame [map]
[planner_server-6] 
[planner_server-6] [INFO] [1783062243.255335924] [global_costmap.global_costmap]: Message Filter dropping message: frame 'laser' at time 1783062242.845 for reason 'the timestamp on the message is earlier than all the data in the transform cache'
[planner_server-6] [ERROR] [1783062243.272623967] [transformPoseInTargetFrame]: Extrapolation Error looking up target frame: Lookup would require extrapolation into the past.  Requested time 1783062188.982394 but the earliest data is at time 1783062233.203248, when looking up transform from frame [base_link] to frame [map]
[planner_server-6] 
[planner_server-6] [ERROR] [1783062244.267164712] [transformPoseInTargetFrame]: Extrapolation Error looking up target frame: Lookup would require extrapolation into the past.  Requested time 1783062188.982394 but the earliest data is at time 1783062234.123450, when looking up transform from frame [base_link] to frame [map]
[planner_server-6] 
[planner_server-6] [ERROR] [1783062245.260150790] [transformPoseInTargetFrame]: Extrapolation Error looking up target frame: Lookup would require extrapolation into the past.  Requested time 1783062188.982394 but the earliest data is at time 1783062235.143763, when looking up transform from frame [base_link] to frame [map]
[planner_server-6] 
[planner_server-6] [INFO] [1783062245.755772704] [global_costmap.global_costmap]: Message Filter dropping message: frame 'laser' at time 1783062245.344 for reason 'the timestamp on the message is earlier than all the data in the transform cache'
[planner_server-6] [ERROR] [1783062246.279069703] [transformPoseInTargetFrame]: Extrapolation Error looking up target frame: Lookup would require extrapolation into the past.  Requested time 1783062188.982394 but the earliest data is at time 1783062236.228665, when looking up transform from frame [base_link] to frame [map]
[planner_server-6] 
[planner_server-6] [ERROR] [1783062247.265250905] [transformPoseInTargetFrame]: Extrapolation Error looking up target frame: Lookup would require extrapolation into the past.  Requested time 1783062188.982394 but the earliest data is at time 1783062236.859744, when looking up transform from frame [base_link] to frame [map]
[planner_server-6] 
[controller_server-4] [INFO] [1783062247.342950661] [local_costmap.local_costmap]: Message Filter dropping message: frame 'laser' at time 1783062246.844 for reason 'the timestamp on the message is earlier than all the data in the transform cache'
[planner_server-6] [ERROR] [1783062248.262185233] [transformPoseInTargetFrame]: Extrapolation Error looking up target frame: Lookup would require extrapolation into the past.  Requested time 1783062188.982394 but the earliest data is at time 1783062237.010693, when looking up transform from frame [base_link] to frame [map]
[planner_server-6] 
[planner_server-6] [INFO] [1783062248.333240614] [global_costmap.global_costmap]: Message Filter dropping message: frame 'laser' at time 1783062247.843 for reason 'the timestamp on the message is earlier than all the data in the transform cache'
[planner_server-6] [ERROR] [1783062249.268426812] [transformPoseInTargetFrame]: Extrapolation Error looking up target frame: Lookup would require extrapolation into the past.  Requested time 1783062188.982394 but the earliest data is at time 1783062238.556795, when looking up transform from frame [base_link] to frame [map]
[planner_server-6] 
[planner_server-6] [ERROR] [1783062250.267556931] [transformPoseInTargetFrame]: Extrapolation Error looking up target frame: Lookup would require extrapolation into the past.  Requested time 1783062188.982394 but the earliest data is at time 1783062240.210950, when looking up transform from frame [base_link] to frame [map]
[planner_server-6] 
[planner_server-6] [INFO] [1783062250.856187477] [global_costmap.global_costmap]: Message Filter dropping message: frame 'laser' at time 1783062250.441 for reason 'the timestamp on the message is earlier than all the data in the transform cache'
[planner_server-6] [ERROR] [1783062251.271019259] [transformPoseInTargetFrame]: Extrapolation Error looking up target frame: Lookup would require extrapolation into the past.  Requested time 1783062188.982394 but the earliest data is at time 1783062241.187264, when looking up transform from frame [base_link] to frame [map]
[planner_server-6] 
[planner_server-6] [ERROR] [1783062252.262137628] [transformPoseInTargetFrame]: Extrapolation Error looking up target frame: Lookup would require extrapolation into the past.  Requested time 1783062188.982394 but the earliest data is at time 1783062242.104981, when looking up transform from frame [base_link] to frame [map]
[planner_server-6] 
[planner_server-6] [ERROR] [1783062253.267283373] [transformPoseInTargetFrame]: Extrapolation Error looking up target frame: Lookup would require extrapolation into the past.  Requested time 1783062188.982394 but the earliest data is at time 1783062243.163217, when looking up transform from frame [base_link] to frame [map]
[planner_server-6] 
[planner_server-6] [INFO] [1783062253.450174637] [global_costmap.global_costmap]: Message Filter dropping message: frame 'laser' at time 1783062253.041 for reason 'the timestamp on the message is earlier than all the data in the transform cache'
[planner_server-6] [ERROR] [1783062254.266092825] [transformPoseInTargetFrame]: Extrapolation Error looking up target frame: Lookup would require extrapolation into the past.  Requested time 1783062188.982394 but the earliest data is at time 1783062244.233444, when looking up transform from frame [base_link] to frame [map]
[planner_server-6] 
[planner_server-6] [ERROR] [1783062255.266444861] [transformPoseInTargetFrame]: Extrapolation Error looking up target frame: Lookup would require extrapolation into the past.  Requested time 1783062188.982394 but the earliest data is at time 1783062245.003721, when looking up transform from frame [base_link] to frame [map]
[planner_server-6] 
[controller_server-4] [INFO] [1783062255.450710500] [local_costmap.local_costmap]: Message Filter dropping message: frame 'laser' at time 1783062255.039 for reason 'the timestamp on the message is earlier than all the data in the transform cache'
[planner_server-6] [INFO] [1783062256.088910716] [global_costmap.global_costmap]: Message Filter dropping message: frame 'laser' at time 1783062255.440 for reason 'the timestamp on the message is earlier than all the data in the transform cache'
[planner_server-6] [ERROR] [1783062256.269582355] [transformPoseInTargetFrame]: Extrapolation Error looking up target frame: Lookup would require extrapolation into the past.  Requested time 1783062188.982394 but the earliest data is at time 1783062245.741286, when looking up transform from frame [base_link] to frame [map]
[planner_server-6] 
[planner_server-6] [ERROR] [1783062257.268261474] [transformPoseInTargetFrame]: Extrapolation Error looking up target frame: Lookup would require extrapolation into the past.  Requested time 1783062188.982394 but the earliest data is at time 1783062246.849461, when looking up transform from frame [base_link] to frame [map]
[planner_server-6] 
[planner_server-6] [ERROR] [1783062258.266305468] [transformPoseInTargetFrame]: Extrapolation Error looking up target frame: Lookup would require extrapolation into the past.  Requested time 1783062188.982394 but the earliest data is at time 1783062248.220657, when looking up transform from frame [base_link] to frame [map]
[planner_server-6] 
[planner_server-6] [INFO] [1783062258.652164331] [global_costmap.global_costmap]: Message Filter dropping message: frame 'laser' at time 1783062258.236 for reason 'the timestamp on the message is earlier than all the data in the transform cache'
[planner_server-6] [ERROR] [1783062259.263650670] [transformPoseInTargetFrame]: Extrapolation Error looking up target frame: Lookup would require extrapolation into the past.  Requested time 1783062188.982394 but the earliest data is at time 1783062249.421655, when looking up transform from frame [base_link] to frame [map]
[planner_server-6] 
[planner_server-6] [ERROR] [1783062260.259690663] [transformPoseInTargetFrame]: Extrapolation Error looking up target frame: Lookup would require extrapolation into the past.  Requested time 1783062188.982394 but the earliest data is at time 1783062250.180316, when looking up transform from frame [base_link] to frame [map]
[planner_server-6] 
[planner_server-6] [INFO] [1783062261.153725565] [global_costmap.global_costmap]: Message Filter dropping message: frame 'laser' at time 1783062260.735 for reason 'the timestamp on the message is earlier than all the data in the transform cache'
[planner_server-6] [ERROR] [1783062261.264302907] [transformPoseInTargetFrame]: Extrapolation Error looking up target frame: Lookup would require extrapolation into the past.  Requested time 1783062188.982394 but the earliest data is at time 1783062251.162772, when looking up transform from frame [base_link] to frame [map]
[planner_server-6] 
[planner_server-6] [ERROR] [1783062262.263644109] [transformPoseInTargetFrame]: Extrapolation Error looking up target frame: Lookup would require extrapolation into the past.  Requested time 1783062188.982394 but the earliest data is at time 1783062252.274569, when looking up transform from frame [base_link] to frame [map]
[planner_server-6] 
[controller_server-4] [INFO] [1783062263.234094642] [local_costmap.local_costmap]: Message Filter dropping message: frame 'laser' at time 1783062262.734 for reason 'the timestamp on the message is earlier than all the data in the transform cache'
[planner_server-6] [ERROR] [1783062263.262751769] [transformPoseInTargetFrame]: Extrapolation Error looking up target frame: Lookup would require extrapolation into the past.  Requested time 1783062188.982394 but the earliest data is at time 1783062252.804942, when looking up transform from frame [base_link] to frame [map]
[planner_server-6] 
[planner_server-6] [INFO] [1783062263.721846596] [global_costmap.global_costmap]: Message Filter dropping message: frame 'laser' at time 1783062263.242 for reason 'the timestamp on the message is earlier than all the data in the transform cache'
[planner_server-6] [ERROR] [1783062264.259581470] [transformPoseInTargetFrame]: Extrapolation Error looking up target frame: Lookup would require extrapolation into the past.  Requested time 1783062188.982394 but the earliest data is at time 1783062253.444468, when looking up transform from frame [base_link] to frame [map]
[planner_server-6] 
[planner_server-6] [ERROR] [1783062265.267949256] [transformPoseInTargetFrame]: Extrapolation Error looking up target frame: Lookup would require extrapolation into the past.  Requested time 1783062188.982394 but the earliest data is at time 1783062255.270385, when looking up transform from frame [base_link] to frame [map]
[planner_server-6] 
[planner_server-6] [INFO] [1783062266.243285539] [global_costmap.global_costmap]: Message Filter dropping message: frame 'laser' at time 1783062265.833 for reason 'the timestamp on the message is earlier than all the data in the transform cache'
[planner_server-6] [ERROR] [1783062266.261669165] [transformPoseInTargetFrame]: Extrapolation Error looking up target frame: Lookup would require extrapolation into the past.  Requested time 1783062188.982394 but the earliest data is at time 1783062256.254648, when looking up transform from frame [base_link] to frame [map]
[planner_server-6] 
[planner_server-6] [ERROR] [1783062267.259494241] [transformPoseInTargetFrame]: Extrapolation Error looking up target frame: Lookup would require extrapolation into the past.  Requested time 1783062188.982394 but the earliest data is at time 1783062257.410079, when looking up transform from frame [base_link] to frame [map]
[planner_server-6] 
[planner_server-6] [ERROR] [1783062268.263852901] [transformPoseInTargetFrame]: Extrapolation Error looking up target frame: Lookup would require extrapolation into the past.  Requested time 1783062188.982394 but the earliest data is at time 1783062258.132248, when looking up transform from frame [base_link] to frame [map]
[planner_server-6] 
[planner_server-6] [INFO] [1783062268.744966646] [global_costmap.global_costmap]: Message Filter dropping message: frame 'laser' at time 1783062268.331 for reason 'the timestamp on the message is earlier than all the data in the transform cache'
[planner_server-6] [ERROR] [1783062269.264094644] [transformPoseInTargetFrame]: Extrapolation Error looking up target frame: Lookup would require extrapolation into the past.  Requested time 1783062188.982394 but the earliest data is at time 1783062259.215749, when looking up transform from frame [base_link] to frame [map]
[planner_server-6] 
[planner_server-6] [ERROR] [1783062270.261743137] [transformPoseInTargetFrame]: Extrapolation Error looking up target frame: Lookup would require extrapolation into the past.  Requested time 1783062188.982394 but the earliest data is at time 1783062260.166968, when looking up transform from frame [base_link] to frame [map]
[planner_server-6] 
[planner_server-6] [ERROR] [1783062271.262455254] [transformPoseInTargetFrame]: Extrapolation Error looking up target frame: Lookup would require extrapolation into the past.  Requested time 1783062188.982394 but the earliest data is at time 1783062260.766588, when looking up transform from frame [base_link] to frame [map]
[planner_server-6] 
[planner_server-6] [INFO] [1783062271.305995799] [global_costmap.global_costmap]: Message Filter dropping message: frame 'laser' at time 1783062270.830 for reason 'the timestamp on the message is earlier than all the data in the transform cache'
[controller_server-4] [INFO] [1783062271.767586334] [local_costmap.local_costmap]: Message Filter dropping message: frame 'laser' at time 1783062271.331 for reason 'the timestamp on the message is earlier than all the data in the transform cache'
[planner_server-6] [ERROR] [1783062272.263266414] [transformPoseInTargetFrame]: Extrapolation Error looking up target frame: Lookup would require extrapolation into the past.  Requested time 1783062188.982394 but the earliest data is at time 1783062261.934531, when looking up transform from frame [base_link] to frame [map]
[planner_server-6] 
[planner_server-6] [ERROR] [1783062273.258999364] [transformPoseInTargetFrame]: Extrapolation Error looking up target frame: Lookup would require extrapolation into the past.  Requested time 1783062188.982394 but the earliest data is at time 1783062263.311365, when looking up transform from frame [base_link] to frame [map]
[planner_server-6] 
[planner_server-6] [INFO] [1783062273.843422784] [global_costmap.global_costmap]: Message Filter dropping message: frame 'laser' at time 1783062273.435 for reason 'the timestamp on the message is earlier than all the data in the transform cache'
[planner_server-6] [ERROR] [1783062274.263317232] [transformPoseInTargetFrame]: Extrapolation Error looking up target frame: Lookup would require extrapolation into the past.  Requested time 1783062188.982394 but the earliest data is at time 1783062264.204112, when looking up transform from frame [base_link] to frame [map]
[planner_server-6] 
[planner_server-6] [ERROR] [1783062275.269567683] [transformPoseInTargetFrame]: Extrapolation Error looking up target frame: Lookup would require extrapolation into the past.  Requested time 1783062188.982394 but the earliest data is at time 1783062265.201292, when looking up transform from frame [base_link] to frame [map]
[planner_server-6] 
[planner_server-6] [ERROR] [1783062276.263649342] [transformPoseInTargetFrame]: Extrapolation Error looking up target frame: Lookup would require extrapolation into the past.  Requested time 1783062188.982394 but the earliest data is at time 1783062266.157114, when looking up transform from frame [base_link] to frame [map]
[planner_server-6] 
[planner_server-6] [INFO] [1783062276.442599397] [global_costmap.global_costmap]: Message Filter dropping message: frame 'laser' at time 1783062276.027 for reason 'the timestamp on the message is earlier than all the data in the transform cache'
[planner_server-6] [ERROR] [1783062277.268675417] [transformPoseInTargetFrame]: Extrapolation Error looking up target frame: Lookup would require extrapolation into the past.  Requested time 1783062188.982394 but the earliest data is at time 1783062267.224504, when looking up transform from frame [base_link] to frame [map]
[planner_server-6] 
[planner_server-6] [ERROR] [1783062278.266283701] [transformPoseInTargetFrame]: Extrapolation Error looking up target frame: Lookup would require extrapolation into the past.  Requested time 1783062188.982394 but the earliest data is at time 1783062268.198470, when looking up transform from frame [base_link] to frame [map]
[planner_server-6] 
[planner_server-6] [INFO] [1783062279.040499884] [global_costmap.global_costmap]: Message Filter dropping message: frame 'laser' at time 1783062278.626 for reason 'the timestamp on the message is earlier than all the data in the transform cache'
[controller_server-4] [INFO] [1783062279.153539434] [local_costmap.local_costmap]: Message Filter dropping message: frame 'laser' at time 1783062278.725 for reason 'the timestamp on the message is earlier than all the data in the transform cache'
[planner_server-6] [ERROR] [1783062279.267715860] [transformPoseInTargetFrame]: Extrapolation Error looking up target frame: Lookup would require extrapolation into the past.  Requested time 1783062188.982394 but the earliest data is at time 1783062268.741851, when looking up transform from frame [base_link] to frame [map]
[planner_server-6] 
[planner_server-6] [ERROR] [1783062280.265044018] [transformPoseInTargetFrame]: Extrapolation Error looking up target frame: Lookup would require extrapolation into the past.  Requested time 1783062188.982394 but the earliest data is at time 1783062269.409737, when looking up transform from frame [base_link] to frame [map]
[planner_server-6] 
[planner_server-6] [ERROR] [1783062281.267727010] [transformPoseInTargetFrame]: Extrapolation Error looking up target frame: Lookup would require extrapolation into the past.  Requested time 1783062188.982394 but the earliest data is at time 1783062271.024278, when looking up transform from frame [base_link] to frame [map]
[planner_server-6] 
[planner_server-6] [INFO] [1783062281.540607447] [global_costmap.global_costmap]: Message Filter dropping message: frame 'laser' at time 1783062281.124 for reason 'the timestamp on the message is earlier than all the data in the transform cache'
[planner_server-6] [ERROR] [1783062282.268489002] [transformPoseInTargetFrame]: Extrapolation Error looking up target frame: Lookup would require extrapolation into the past.  Requested time 1783062188.982394 but the earliest data is at time 1783062272.445596, when looking up transform from frame [base_link] to frame [map]
[planner_server-6] 
[planner_server-6] [ERROR] [1783062283.263179410] [transformPoseInTargetFrame]: Extrapolation Error looking up target frame: Lookup would require extrapolation into the past.  Requested time 1783062188.982394 but the earliest data is at time 1783062273.294625, when looking up transform from frame [base_link] to frame [map]
[planner_server-6] 
[planner_server-6] [INFO] [1783062284.132651641] [global_costmap.global_costmap]: Message Filter dropping message: frame 'laser' at time 1783062283.722 for reason 'the timestamp on the message is earlier than all the data in the transform cache'
[planner_server-6] [ERROR] [1783062284.268534985] [transformPoseInTargetFrame]: Extrapolation Error looking up target frame: Lookup would require extrapolation into the past.  Requested time 1783062188.982394 but the earliest data is at time 1783062274.191826, when looking up transform from frame [base_link] to frame [map]
[planner_server-6] 
[planner_server-6] [ERROR] [1783062285.261633601] [transformPoseInTargetFrame]: Extrapolation Error looking up target frame: Lookup would require extrapolation into the past.  Requested time 1783062188.982394 but the earliest data is at time 1783062275.238089, when looking up transform from frame [base_link] to frame [map]
[planner_server-6] 
[planner_server-6] [ERROR] [1783062286.265411176] [transformPoseInTargetFrame]: Extrapolation Error looking up target frame: Lookup would require extrapolation into the past.  Requested time 1783062188.982394 but the earliest data is at time 1783062276.015115, when looking up transform from frame [base_link] to frame [map]
[planner_server-6] 
[planner_server-6] [INFO] [1783062286.731259502] [global_costmap.global_costmap]: Message Filter dropping message: frame 'laser' at time 1783062286.321 for reason 'the timestamp on the message is earlier than all the data in the transform cache'
[controller_server-4] [INFO] [1783062286.942808559] [local_costmap.local_costmap]: Message Filter dropping message: frame 'laser' at time 1783062286.521 for reason 'the timestamp on the message is earlier than all the data in the transform cache'
[planner_server-6] [ERROR] [1783062287.259481291] [transformPoseInTargetFrame]: Extrapolation Error looking up target frame: Lookup would require extrapolation into the past.  Requested time 1783062188.982394 but the earliest data is at time 1783062276.493025, when looking up transform from frame [base_link] to frame [map]
[planner_server-6] 
[planner_server-6] [ERROR] [1783062288.267755658] [transformPoseInTargetFrame]: Extrapolation Error looking up target frame: Lookup would require extrapolation into the past.  Requested time 1783062188.982394 but the earliest data is at time 1783062277.608792, when looking up transform from frame [base_link] to frame [map]
[planner_server-6] 
[planner_server-6] [ERROR] [1783062289.263177066] [transformPoseInTargetFrame]: Extrapolation Error looking up target frame: Lookup would require extrapolation into the past.  Requested time 1783062188.982394 but the earliest data is at time 1783062278.511725, when looking up transform from frame [base_link] to frame [map]
[planner_server-6] 
[planner_server-6] [INFO] [1783062289.287797276] [global_costmap.global_costmap]: Message Filter dropping message: frame 'laser' at time 1783062288.820 for reason 'the timestamp on the message is earlier than all the data in the transform cache'
[planner_server-6] [ERROR] [1783062290.263143723] [transformPoseInTargetFrame]: Extrapolation Error looking up target frame: Lookup would require extrapolation into the past.  Requested time 1783062188.982394 but the earliest data is at time 1783062280.245560, when looking up transform from frame [base_link] to frame [map]
[planner_server-6] 
[planner_server-6] [ERROR] [1783062291.262205214] [transformPoseInTargetFrame]: Extrapolation Error looking up target frame: Lookup would require extrapolation into the past.  Requested time 1783062188.982394 but the earliest data is at time 1783062281.136132, when looking up transform from frame [base_link] to frame [map]
[planner_server-6] 
[planner_server-6] [INFO] [1783062291.828737673] [global_costmap.global_costmap]: Message Filter dropping message: frame 'laser' at time 1783062291.419 for reason 'the timestamp on the message is earlier than all the data in the transform cache'
[planner_server-6] [ERROR] [1783062292.261549788] [transformPoseInTargetFrame]: Extrapolation Error looking up target frame: Lookup would require extrapolation into the past.  Requested time 1783062188.982394 but the earliest data is at time 1783062282.107802, when looking up transform from frame [base_link] to frame [map]
[planner_server-6] 
[planner_server-6] [ERROR] [1783062293.266390487] [transformPoseInTargetFrame]: Extrapolation Error looking up target frame: Lookup would require extrapolation into the past.  Requested time 1783062188.982394 but the earliest data is at time 1783062283.265460, when looking up transform from frame [base_link] to frame [map]
[planner_server-6] 
[planner_server-6] [ERROR] [1783062294.268284978] [transformPoseInTargetFrame]: Extrapolation Error looking up target frame: Lookup would require extrapolation into the past.  Requested time 1783062188.982394 but the earliest data is at time 1783062284.233401, when looking up transform from frame [base_link] to frame [map]
[planner_server-6] 
[planner_server-6] [INFO] [1783062294.336895775] [global_costmap.global_costmap]: Message Filter dropping message: frame 'laser' at time 1783062293.918 for reason 'the timestamp on the message is earlier than all the data in the transform cache'
[planner_server-6] [ERROR] [1783062295.267394469] [transformPoseInTargetFrame]: Extrapolation Error looking up target frame: Lookup would require extrapolation into the past.  Requested time 1783062188.982394 but the earliest data is at time 1783062285.010836, when looking up transform from frame [base_link] to frame [map]
[planner_server-6] 
[controller_server-4] [INFO] [1783062295.950115019] [local_costmap.local_costmap]: Message Filter dropping message: frame 'laser' at time 1783062295.517 for reason 'the timestamp on the message is earlier than all the data in the transform cache'
[planner_server-6] [ERROR] [1783062296.266937167] [transformPoseInTargetFrame]: Extrapolation Error looking up target frame: Lookup would require extrapolation into the past.  Requested time 1783062188.982394 but the earliest data is at time 1783062285.857231, when looking up transform from frame [base_link] to frame [map]
[planner_server-6] 
[planner_server-6] [INFO] [1783062296.927329216] [global_costmap.global_costmap]: Message Filter dropping message: frame 'laser' at time 1783062296.516 for reason 'the timestamp on the message is earlier than all the data in the transform cache'
[planner_server-6] [ERROR] [1783062297.266748158] [transformPoseInTargetFrame]: Extrapolation Error looking up target frame: Lookup would require extrapolation into the past.  Requested time 1783062188.982394 but the earliest data is at time 1783062287.568205, when looking up transform from frame [base_link] to frame [map]
[planner_server-6] 
[planner_server-6] [ERROR] [1783062298.264979814] [transformPoseInTargetFrame]: Extrapolation Error looking up target frame: Lookup would require extrapolation into the past.  Requested time 1783062188.982394 but the earliest data is at time 1783062288.291820, when looking up transform from frame [base_link] to frame [map]
[planner_server-6] 
[planner_server-6] [ERROR] [1783062299.262066513] [transformPoseInTargetFrame]: Extrapolation Error looking up target frame: Lookup would require extrapolation into the past.  Requested time 1783062188.982394 but the earliest data is at time 1783062289.294785, when looking up transform from frame [base_link] to frame [map]
[planner_server-6] 
[planner_server-6] [INFO] [1783062299.523950157] [global_costmap.global_costmap]: Message Filter dropping message: frame 'laser' at time 1783062299.113 for reason 'the timestamp on the message is earlier than all the data in the transform cache'
[controller_server-4] [INFO] [1783062299.876011391] [local_costmap.local_costmap]: Message Filter dropping message: frame 'laser' at time 1783062299.413 for reason 'the timestamp on the message is earlier than all the data in the transform cache'
[planner_server-6] [ERROR] [1783062300.262847628] [transformPoseInTargetFrame]: Extrapolation Error looking up target frame: Lookup would require extrapolation into the past.  Requested time 1783062188.982394 but the earliest data is at time 1783062289.579368, when looking up transform from frame [base_link] to frame [map]
[planner_server-6] 
[planner_server-6] [ERROR] [1783062301.269866743] [transformPoseInTargetFrame]: Extrapolation Error looking up target frame: Lookup would require extrapolation into the past.  Requested time 1783062188.982394 but the earliest data is at time 1783062291.046268, when looking up transform from frame [base_link] to frame [map]
[planner_server-6] 
[planner_server-6] [INFO] [1783062302.061576801] [global_costmap.global_costmap]: Message Filter dropping message: frame 'laser' at time 1783062301.613 for reason 'the timestamp on the message is earlier than all the data in the transform cache'
[planner_server-6] [ERROR] [1783062302.262615983] [transformPoseInTargetFrame]: Extrapolation Error looking up target frame: Lookup would require extrapolation into the past.  Requested time 1783062188.982394 but the earliest data is at time 1783062292.091135, when looking up transform from frame [base_link] to frame [map]
[planner_server-6] 
[planner_server-6] [ERROR] [1783062303.262052389] [transformPoseInTargetFrame]: Extrapolation Error looking up target frame: Lookup would require extrapolation into the past.  Requested time 1783062188.982394 but the earliest data is at time 1783062293.214397, when looking up transform from frame [base_link] to frame [map]
[planner_server-6] 
[planner_server-6] [ERROR] [1783062304.261430129] [transformPoseInTargetFrame]: Extrapolation Error looking up target frame: Lookup would require extrapolation into the past.  Requested time 1783062188.982394 but the earliest data is at time 1783062294.219059, when looking up transform from frame [base_link] to frame [map]
[planner_server-6] 
[planner_server-6] [INFO] [1783062304.622382738] [global_costmap.global_costmap]: Message Filter dropping message: frame 'laser' at time 1783062304.210 for reason 'the timestamp on the message is earlier than all the data in the transform cache'
[planner_server-6] [ERROR] [1783062305.266085910] [transformPoseInTargetFrame]: Extrapolation Error looking up target frame: Lookup would require extrapolation into the past.  Requested time 1783062188.982394 but the earliest data is at time 1783062295.310523, when looking up transform from frame [base_link] to frame [map]
[planner_server-6] 
[planner_server-6] [ERROR] [1783062306.264074066] [transformPoseInTargetFrame]: Extrapolation Error looking up target frame: Lookup would require extrapolation into the past.  Requested time 1783062188.982394 but the earliest data is at time 1783062296.243903, when looking up transform from frame [base_link] to frame [map]
[planner_server-6] 
[planner_server-6] [INFO] [1783062307.123419421] [global_costmap.global_costmap]: Message Filter dropping message: frame 'laser' at time 1783062306.710 for reason 'the timestamp on the message is earlier than all the data in the transform cache'
[planner_server-6] [ERROR] [1783062307.265282139] [transformPoseInTargetFrame]: Extrapolation Error looking up target frame: Lookup would require extrapolation into the past.  Requested time 1783062188.982394 but the earliest data is at time 1783062297.149498, when looking up transform from frame [base_link] to frame [map]
[planner_server-6] 
[controller_server-4] [INFO] [1783062308.221497709] [local_costmap.local_costmap]: Message Filter dropping message: frame 'laser' at time 1783062307.710 for reason 'the timestamp on the message is earlier than all the data in the transform cache'
[planner_server-6] [ERROR] [1783062308.265135670] [transformPoseInTargetFrame]: Extrapolation Error looking up target frame: Lookup would require extrapolation into the past.  Requested time 1783062188.982394 but the earliest data is at time 1783062297.775812, when looking up transform from frame [base_link] to frame [map]
[planner_server-6] 
[planner_server-6] [ERROR] [1783062309.268857076] [transformPoseInTargetFrame]: Extrapolation Error looking up target frame: Lookup would require extrapolation into the past.  Requested time 1783062188.982394 but the earliest data is at time 1783062298.974494, when looking up transform from frame [base_link] to frame [map]
[planner_server-6] 
[planner_server-6] [INFO] [1783062309.658090605] [global_costmap.global_costmap]: Message Filter dropping message: frame 'laser' at time 1783062309.210 for reason 'the timestamp on the message is earlier than all the data in the transform cache'
[planner_server-6] [ERROR] [1783062310.265502524] [transformPoseInTargetFrame]: Extrapolation Error looking up target frame: Lookup would require extrapolation into the past.  Requested time 1783062188.982394 but the earliest data is at time 1783062300.185829, when looking up transform from frame [base_link] to frame [map]
[planner_server-6] 
[planner_server-6] [ERROR] [1783062311.263006346] [transformPoseInTargetFrame]: Extrapolation Error looking up target frame: Lookup would require extrapolation into the past.  Requested time 1783062188.982394 but the earliest data is at time 1783062301.283668, when looking up transform from frame [base_link] to frame [map]
[planner_server-6] 
[planner_server-6] [INFO] [1783062312.223556332] [global_costmap.global_costmap]: Message Filter dropping message: frame 'laser' at time 1783062311.806 for reason 'the timestamp on the message is earlier than all the data in the transform cache'
[planner_server-6] [ERROR] [1783062312.268721085] [transformPoseInTargetFrame]: Extrapolation Error looking up target frame: Lookup would require extrapolation into the past.  Requested time 1783062188.982394 but the earliest data is at time 1783062302.215043, when looking up transform from frame [base_link] to frame [map]
[planner_server-6] 
[planner_server-6] [ERROR] [1783062313.261680990] [transformPoseInTargetFrame]: Extrapolation Error looking up target frame: Lookup would require extrapolation into the past.  Requested time 1783062188.982394 but the earliest data is at time 1783062303.190238, when looking up transform from frame [base_link] to frame [map]
[planner_server-6] 
[planner_server-6] [ERROR] [1783062314.260054604] [transformPoseInTargetFrame]: Extrapolation Error looking up target frame: Lookup would require extrapolation into the past.  Requested time 1783062188.982394 but the earliest data is at time 1783062304.204301, when looking up transform from frame [base_link] to frame [map]
[planner_server-6] 
[planner_server-6] [INFO] [1783062314.821110436] [global_costmap.global_costmap]: Message Filter dropping message: frame 'laser' at time 1783062314.406 for reason 'the timestamp on the message is earlier than all the data in the transform cache'
[planner_server-6] [ERROR] [1783062315.264854010] [transformPoseInTargetFrame]: Extrapolation Error looking up target frame: Lookup would require extrapolation into the past.  Requested time 1783062188.982394 but the earliest data is at time 1783062305.157514, when looking up transform from frame [base_link] to frame [map]
[planner_server-6] 
[controller_server-4] [INFO] [1783062315.929718683] [local_costmap.local_costmap]: Message Filter dropping message: frame 'laser' at time 1783062315.506 for reason 'the timestamp on the message is earlier than all the data in the transform cache'
[planner_server-6] [ERROR] [1783062316.262669457] [transformPoseInTargetFrame]: Extrapolation Error looking up target frame: Lookup would require extrapolation into the past.  Requested time 1783062188.982394 but the earliest data is at time 1783062305.380911, when looking up transform from frame [base_link] to frame [map]
[planner_server-6] 
[planner_server-6] [ERROR] [1783062317.266355320] [transformPoseInTargetFrame]: Extrapolation Error looking up target frame: Lookup would require extrapolation into the past.  Requested time 1783062188.982394 but the earliest data is at time 1783062307.153006, when looking up transform from frame [base_link] to frame [map]
[planner_server-6] 
[planner_server-6] [INFO] [1783062317.338273659] [global_costmap.global_costmap]: Message Filter dropping message: frame 'laser' at time 1783062316.907 for reason 'the timestamp on the message is earlier than all the data in the transform cache'
[planner_server-6] [ERROR] [1783062318.269411642] [transformPoseInTargetFrame]: Extrapolation Error looking up target frame: Lookup would require extrapolation into the past.  Requested time 1783062188.982394 but the earliest data is at time 1783062307.299510, when looking up transform from frame [base_link] to frame [map]
[planner_server-6] 
[planner_server-6] [ERROR] [1783062319.266592297] [transformPoseInTargetFrame]: Extrapolation Error looking up target frame: Lookup would require extrapolation into the past.  Requested time 1783062188.982394 but the earliest data is at time 1783062307.299510, when looking up transform from frame [base_link] to frame [map]
[planner_server-6] 
[planner_server-6] [INFO] [1783062319.931023053] [global_costmap.global_costmap]: Message Filter dropping message: frame 'laser' at time 1783062318.004 for reason 'the timestamp on the message is earlier than all the data in the transform cache'
[planner_server-6] [ERROR] [1783062320.267117077] [transformPoseInTargetFrame]: Extrapolation Error looking up target frame: Lookup would require extrapolation into the past.  Requested time 1783062188.982394 but the earliest data is at time 1783062309.922734, when looking up transform from frame [base_link] to frame [map]
[planner_server-6] 
[controller_server-4] [INFO] [1783062320.313657705] [local_costmap.local_costmap]: Message Filter dropping message: frame 'laser' at time 1783062319.900 for reason 'the timestamp on the message is earlier than all the data in the transform cache'
[planner_server-6] [ERROR] [1783062322.328085391] [transformPoseInTargetFrame]: Extrapolation Error looking up target frame: Lookup would require extrapolation into the past.  Requested time 1783062188.982394 but the earliest data is at time 1783062312.261902, when looking up transform from frame [base_link] to frame [map]
[planner_server-6] 
[planner_server-6] [INFO] [1783062322.509265029] [global_costmap.global_costmap]: Message Filter dropping message: frame 'laser' at time 1783062322.098 for reason 'the timestamp on the message is earlier than all the data in the transform cache'
[planner_server-6] [ERROR] [1783062323.642600443] [transformPoseInTargetFrame]: Extrapolation Error looking up target frame: Lookup would require extrapolation into the past.  Requested time 1783062188.982394 but the earliest data is at time 1783062313.574631, when looking up transform from frame [base_link] to frame [map]
[planner_server-6] 
[planner_server-6] [ERROR] [1783062324.951381411] [transformPoseInTargetFrame]: Extrapolation Error looking up target frame: Lookup would require extrapolation into the past.  Requested time 1783062188.982394 but the earliest data is at time 1783062314.890657, when looking up transform from frame [base_link] to frame [map]
[planner_server-6] 
[planner_server-6] [INFO] [1783062325.013353957] [global_costmap.global_costmap]: Message Filter dropping message: frame 'laser' at time 1783062324.599 for reason 'the timestamp on the message is earlier than all the data in the transform cache'
[planner_server-6] [ERROR] [1783062326.267052422] [transformPoseInTargetFrame]: Extrapolation Error looking up target frame: Lookup would require extrapolation into the past.  Requested time 1783062188.982394 but the earliest data is at time 1783062316.295373, when looking up transform from frame [base_link] to frame [map]
[planner_server-6] 
[planner_server-6] [ERROR] [1783062327.335636122] [transformPoseInTargetFrame]: Extrapolation Error looking up target frame: Lookup would require extrapolation into the past.  Requested time 1783062188.982394 but the earliest data is at time 1783062317.211477, when looking up transform from frame [base_link] to frame [map]
[planner_server-6] 
[planner_server-6] [INFO] [1783062327.526687886] [global_costmap.global_costmap]: Message Filter dropping message: frame 'laser' at time 1783062327.100 for reason 'the timestamp on the message is earlier than all the data in the transform cache'
[planner_server-6] [ERROR] [1783062328.330359443] [transformPoseInTargetFrame]: Extrapolation Error looking up target frame: Lookup would require extrapolation into the past.  Requested time 1783062188.982394 but the earliest data is at time 1783062319.728098, when looking up transform from frame [base_link] to frame [map]
[planner_server-6] 
[planner_server-6] [ERROR] [1783062329.335983764] [transformPoseInTargetFrame]: Extrapolation Error looking up target frame: Lookup would require extrapolation into the past.  Requested time 1783062188.982394 but the earliest data is at time 1783062319.728098, when looking up transform from frame [base_link] to frame [map]
[planner_server-6] 
[planner_server-6] [INFO] [1783062330.112624527] [global_costmap.global_costmap]: Message Filter dropping message: frame 'laser' at time 1783062329.696 for reason 'the timestamp on the message is earlier than all the data in the transform cache'
[planner_server-6] [ERROR] [1783062330.334473501] [transformPoseInTargetFrame]: Extrapolation Error looking up target frame: Lookup would require extrapolation into the past.  Requested time 1783062188.982394 but the earliest data is at time 1783062320.323501, when looking up transform from frame [base_link] to frame [map]
[planner_server-6] 
[planner_server-6] [ERROR] [1783062331.327901447] [transformPoseInTargetFrame]: Extrapolation Error looking up target frame: Lookup would require extrapolation into the past.  Requested time 1783062188.982394 but the earliest data is at time 1783062321.290107, when looking up transform from frame [base_link] to frame [map]
[planner_server-6] 
[planner_server-6] [ERROR] [1783062332.336790393] [transformPoseInTargetFrame]: Extrapolation Error looking up target frame: Lookup would require extrapolation into the past.  Requested time 1783062188.982394 but the earliest data is at time 1783062322.290137, when looking up transform from frame [base_link] to frame [map]
[planner_server-6] 
[planner_server-6] [INFO] [1783062332.613468579] [global_costmap.global_costmap]: Message Filter dropping message: frame 'laser' at time 1783062332.196 for reason 'the timestamp on the message is earlier than all the data in the transform cache'
[planner_server-6] [ERROR] [1783062333.327177546] [transformPoseInTargetFrame]: Extrapolation Error looking up target frame: Lookup would require extrapolation into the past.  Requested time 1783062188.982394 but the earliest data is at time 1783062323.190091, when looking up transform from frame [base_link] to frame [map]
[planner_server-6] 
[planner_server-6] [ERROR] [1783062334.333496617] [transformPoseInTargetFrame]: Extrapolation Error looking up target frame: Lookup would require extrapolation into the past.  Requested time 1783062188.982394 but the earliest data is at time 1783062324.224091, when looking up transform from frame [base_link] to frame [map]
[planner_server-6] 
[planner_server-6] [INFO] [1783062335.122595964] [global_costmap.global_costmap]: Message Filter dropping message: frame 'laser' at time 1783062334.696 for reason 'the timestamp on the message is earlier than all the data in the transform cache'
[planner_server-6] [ERROR] [1783062335.340570437] [transformPoseInTargetFrame]: Extrapolation Error looking up target frame: Lookup would require extrapolation into the past.  Requested time 1783062188.982394 but the earliest data is at time 1783062325.261505, when looking up transform from frame [base_link] to frame [map]
[planner_server-6] 
[planner_server-6] [ERROR] [1783062336.333400215] [transformPoseInTargetFrame]: Extrapolation Error looking up target frame: Lookup would require extrapolation into the past.  Requested time 1783062188.982394 but the earliest data is at time 1783062326.294510, when looking up transform from frame [base_link] to frame [map]
[planner_server-6] 
[planner_server-6] [ERROR] [1783062337.327538285] [transformPoseInTargetFrame]: Extrapolation Error looking up target frame: Lookup would require extrapolation into the past.  Requested time 1783062188.982394 but the earliest data is at time 1783062327.303649, when looking up transform from frame [base_link] to frame [map]
[planner_server-6] 
[planner_server-6] [INFO] [1783062337.705629645] [global_costmap.global_costmap]: Message Filter dropping message: frame 'laser' at time 1783062337.294 for reason 'the timestamp on the message is earlier than all the data in the transform cache'
[planner_server-6] [ERROR] [1783062338.327282397] [transformPoseInTargetFrame]: Extrapolation Error looking up target frame: Lookup would require extrapolation into the past.  Requested time 1783062188.982394 but the earliest data is at time 1783062328.290168, when looking up transform from frame [base_link] to frame [map]
[planner_server-6] 
[planner_server-6] [ERROR] [1783062339.328410092] [transformPoseInTargetFrame]: Extrapolation Error looking up target frame: Lookup would require extrapolation into the past.  Requested time 1783062188.982394 but the earliest data is at time 1783062329.256829, when looking up transform from frame [base_link] to frame [map]
[planner_server-6] 
[planner_server-6] [INFO] [1783062340.211659487] [global_costmap.global_costmap]: Message Filter dropping message: frame 'laser' at time 1783062339.793 for reason 'the timestamp on the message is earlier than all the data in the transform cache'
[planner_server-6] [ERROR] [1783062340.337649371] [transformPoseInTargetFrame]: Extrapolation Error looking up target frame: Lookup would require extrapolation into the past.  Requested time 1783062188.982394 but the earliest data is at time 1783062330.323714, when looking up transform from frame [base_link] to frame [map]
[planner_server-6] 
[planner_server-6] [ERROR] [1783062341.332884357] [transformPoseInTargetFrame]: Extrapolation Error looking up target frame: Lookup would require extrapolation into the past.  Requested time 1783062188.982394 but the earliest data is at time 1783062331.090205, when looking up transform from frame [base_link] to frame [map]
[planner_server-6] 
[planner_server-6] [ERROR] [1783062342.334868177] [transformPoseInTargetFrame]: Extrapolation Error looking up target frame: Lookup would require extrapolation into the past.  Requested time 1783062188.982394 but the earliest data is at time 1783062332.156793, when looking up transform from frame [base_link] to frame [map]
[planner_server-6] 
[planner_server-6] [INFO] [1783062342.804492751] [global_costmap.global_costmap]: Message Filter dropping message: frame 'laser' at time 1783062342.392 for reason 'the timestamp on the message is earlier than all the data in the transform cache'
[planner_server-6] [ERROR] [1783062343.329159121] [transformPoseInTargetFrame]: Extrapolation Error looking up target frame: Lookup would require extrapolation into the past.  Requested time 1783062188.982394 but the earliest data is at time 1783062333.166230, when looking up transform from frame [base_link] to frame [map]
[planner_server-6] 
[planner_server-6] [ERROR] [1783062344.329843565] [transformPoseInTargetFrame]: Extrapolation Error looking up target frame: Lookup would require extrapolation into the past.  Requested time 1783062188.982394 but the earliest data is at time 1783062334.294640, when looking up transform from frame [base_link] to frame [map]
[planner_server-6] 
[planner_server-6] [ERROR] [1783062345.336066427] [transformPoseInTargetFrame]: Extrapolation Error looking up target frame: Lookup would require extrapolation into the past.  Requested time 1783062188.982394 but the earliest data is at time 1783062335.353079, when looking up transform from frame [base_link] to frame [map]
[planner_server-6] 
[planner_server-6] [INFO] [1783062345.397285098] [global_costmap.global_costmap]: Message Filter dropping message: frame 'laser' at time 1783062344.989 for reason 'the timestamp on the message is earlier than all the data in the transform cache'
[planner_server-6] [ERROR] [1783062346.333479454] [transformPoseInTargetFrame]: Extrapolation Error looking up target frame: Lookup would require extrapolation into the past.  Requested time 1783062188.982394 but the earliest data is at time 1783062336.325925, when looking up transform from frame [base_link] to frame [map]
[planner_server-6] 
[planner_server-6] [ERROR] [1783062347.337818982] [transformPoseInTargetFrame]: Extrapolation Error looking up target frame: Lookup would require extrapolation into the past.  Requested time 1783062188.982394 but the earliest data is at time 1783062337.324067, when looking up transform from frame [base_link] to frame [map]
[planner_server-6] 
[planner_server-6] [INFO] [1783062347.897899104] [global_costmap.global_costmap]: Message Filter dropping message: frame 'laser' at time 1783062347.487 for reason 'the timestamp on the message is earlier than all the data in the transform cache'
[planner_server-6] [ERROR] [1783062348.336708468] [transformPoseInTargetFrame]: Extrapolation Error looking up target frame: Lookup would require extrapolation into the past.  Requested time 1783062188.982394 but the earliest data is at time 1783062338.323561, when looking up transform from frame [base_link] to frame [map]
[planner_server-6] 
[planner_server-6] [ERROR] [1783062349.338717079] [transformPoseInTargetFrame]: Extrapolation Error looking up target frame: Lookup would require extrapolation into the past.  Requested time 1783062188.982394 but the earliest data is at time 1783062339.190136, when looking up transform from frame [base_link] to frame [map]
[planner_server-6] 
[planner_server-6] [ERROR] [1783062350.335191022] [transformPoseInTargetFrame]: Extrapolation Error looking up target frame: Lookup would require extrapolation into the past.  Requested time 1783062188.982394 but the earliest data is at time 1783062340.056798, when looking up transform from frame [base_link] to frame [map]
[planner_server-6] 
[planner_server-6] [INFO] [1783062350.428592945] [global_costmap.global_costmap]: Message Filter dropping message: frame 'laser' at time 1783062349.987 for reason 'the timestamp on the message is earlier than all the data in the transform cache'
[planner_server-6] [ERROR] [1783062351.333380383] [transformPoseInTargetFrame]: Extrapolation Error looking up target frame: Lookup would require extrapolation into the past.  Requested time 1783062188.982394 but the earliest data is at time 1783062340.525335, when looking up transform from frame [base_link] to frame [map]
[planner_server-6] 
[planner_server-6] [ERROR] [1783062352.911104908] [transformPoseInTargetFrame]: Extrapolation Error looking up target frame: Lookup would require extrapolation into the past.  Requested time 1783062188.982394 but the earliest data is at time 1783062342.705878, when looking up transform from frame [base_link] to frame [map]
[planner_server-6] 
[planner_server-6] [INFO] [1783062352.929123909] [global_costmap.global_costmap]: Message Filter dropping message: frame 'laser' at time 1783062351.782 for reason 'the timestamp on the message is earlier than all the data in the transform cache'
[planner_server-6] [ERROR] [1783062355.048072138] [transformPoseInTargetFrame]: Extrapolation Error looking up target frame: Lookup would require extrapolation into the past.  Requested time 1783062188.982394 but the earliest data is at time 1783062344.990424, when looking up transform from frame [base_link] to frame [map]
[planner_server-6] 
[planner_server-6] [INFO] [1783062355.442632290] [global_costmap.global_costmap]: Message Filter dropping message: frame 'laser' at time 1783062354.980 for reason 'the timestamp on the message is earlier than all the data in the transform cache'
[planner_server-6] [ERROR] [1783062356.371473728] [transformPoseInTargetFrame]: Extrapolation Error looking up target frame: Lookup would require extrapolation into the past.  Requested time 1783062188.982394 but the earliest data is at time 1783062346.323773, when looking up transform from frame [base_link] to frame [map]
[planner_server-6] 
[planner_server-6] [ERROR] [1783062357.674596067] [transformPoseInTargetFrame]: Extrapolation Error looking up target frame: Lookup would require extrapolation into the past.  Requested time 1783062188.982394 but the earliest data is at time 1783062347.624789, when looking up transform from frame [base_link] to frame [map]
[planner_server-6] 
[planner_server-6] [INFO] [1783062357.989745297] [global_costmap.global_costmap]: Message Filter dropping message: frame 'laser' at time 1783062357.581 for reason 'the timestamp on the message is earlier than all the data in the transform cache'
[planner_server-6] [ERROR] [1783062358.976932365] [transformPoseInTargetFrame]: Extrapolation Error looking up target frame: Lookup would require extrapolation into the past.  Requested time 1783062188.982394 but the earliest data is at time 1783062348.983722, when looking up transform from frame [base_link] to frame [map]
[planner_server-6] 
[planner_server-6] [ERROR] [1783062360.049674438] [transformPoseInTargetFrame]: Extrapolation Error looking up target frame: Lookup would require extrapolation into the past.  Requested time 1783062188.982394 but the earliest data is at time 1783062350.046114, when looking up transform from frame [base_link] to frame [map]
[planner_server-6] 
[planner_server-6] [INFO] [1783062360.492796843] [global_costmap.global_costmap]: Message Filter dropping message: frame 'laser' at time 1783062360.080 for reason 'the timestamp on the message is earlier than all the data in the transform cache'
[planner_server-6] [ERROR] [1783062361.051112464] [transformPoseInTargetFrame]: Extrapolation Error looking up target frame: Lookup would require extrapolation into the past.  Requested time 1783062188.982394 but the earliest data is at time 1783062350.856623, when looking up transform from frame [base_link] to frame [map]
[planner_server-6] 
[planner_server-6] [ERROR] [1783062362.054798907] [transformPoseInTargetFrame]: Extrapolation Error looking up target frame: Lookup would require extrapolation into the past.  Requested time 1783062188.982394 but the earliest data is at time 1783062351.990582, when looking up transform from frame [base_link] to frame [map]
[planner_server-6] 
[planner_server-6] [INFO] [1783062363.023620598] [global_costmap.global_costmap]: Message Filter dropping message: frame 'laser' at time 1783062362.580 for reason 'the timestamp on the message is earlier than all the data in the transform cache'
[planner_server-6] [ERROR] [1783062363.052414350] [transformPoseInTargetFrame]: Extrapolation Error looking up target frame: Lookup would require extrapolation into the past.  Requested time 1783062188.982394 but the earliest data is at time 1783062352.856666, when looking up transform from frame [base_link] to frame [map]
[planner_server-6] 
[planner_server-6] [ERROR] [1783062364.044041876] [transformPoseInTargetFrame]: Extrapolation Error looking up target frame: Lookup would require extrapolation into the past.  Requested time 1783062188.982394 but the earliest data is at time 1783062353.990390, when looking up transform from frame [base_link] to frame [map]
[planner_server-6] 
[planner_server-6] [ERROR] [1783062365.052779944] [transformPoseInTargetFrame]: Extrapolation Error looking up target frame: Lookup would require extrapolation into the past.  Requested time 1783062188.982394 but the earliest data is at time 1783062355.014866, when looking up transform from frame [base_link] to frame [map]
[planner_server-6] 
[planner_server-6] [INFO] [1783062365.586816730] [global_costmap.global_costmap]: Message Filter dropping message: frame 'laser' at time 1783062365.177 for reason 'the timestamp on the message is earlier than all the data in the transform cache'
[planner_server-6] [ERROR] [1783062366.044316428] [transformPoseInTargetFrame]: Extrapolation Error looking up target frame: Lookup would require extrapolation into the past.  Requested time 1783062188.982394 but the earliest data is at time 1783062355.991316, when looking up transform from frame [base_link] to frame [map]
[planner_server-6] 
[planner_server-6] [ERROR] [1783062367.049420662] [transformPoseInTargetFrame]: Extrapolation Error looking up target frame: Lookup would require extrapolation into the past.  Requested time 1783062188.982394 but the earliest data is at time 1783062356.990362, when looking up transform from frame [base_link] to frame [map]
[planner_server-6] 
[planner_server-6] [ERROR] [1783062368.055677938] [transformPoseInTargetFrame]: Extrapolation Error looking up target frame: Lookup would require extrapolation into the past.  Requested time 1783062188.982394 but the earliest data is at time 1783062358.025220, when looking up transform from frame [base_link] to frame [map]
[planner_server-6] 
[planner_server-6] [INFO] [1783062368.087302274] [global_costmap.global_costmap]: Message Filter dropping message: frame 'laser' at time 1783062367.676 for reason 'the timestamp on the message is earlier than all the data in the transform cache'
[planner_server-6] [ERROR] [1783062369.045160671] [transformPoseInTargetFrame]: Extrapolation Error looking up target frame: Lookup would require extrapolation into the past.  Requested time 1783062188.982394 but the earliest data is at time 1783062358.890111, when looking up transform from frame [base_link] to frame [map]
[planner_server-6] 
[planner_server-6] [ERROR] [1783062370.051169072] [transformPoseInTargetFrame]: Extrapolation Error looking up target frame: Lookup would require extrapolation into the past.  Requested time 1783062188.982394 but the earliest data is at time 1783062359.956725, when looking up transform from frame [base_link] to frame [map]
[planner_server-6] 
[planner_server-6] [INFO] [1783062370.597627984] [global_costmap.global_costmap]: Message Filter dropping message: frame 'laser' at time 1783062370.174 for reason 'the timestamp on the message is earlier than all the data in the transform cache'
[planner_server-6] [ERROR] [1783062371.046815389] [transformPoseInTargetFrame]: Extrapolation Error looking up target frame: Lookup would require extrapolation into the past.  Requested time 1783062188.982394 but the earliest data is at time 1783062360.917911, when looking up transform from frame [base_link] to frame [map]
[planner_server-6] 
[planner_server-6] [ERROR] [1783062372.050853498] [transformPoseInTargetFrame]: Extrapolation Error looking up target frame: Lookup would require extrapolation into the past.  Requested time 1783062188.982394 but the earliest data is at time 1783062362.033589, when looking up transform from frame [base_link] to frame [map]
[planner_server-6] 
[planner_server-6] [ERROR] [1783062373.047660482] [transformPoseInTargetFrame]: Extrapolation Error looking up target frame: Lookup would require extrapolation into the past.  Requested time 1783062188.982394 but the earliest data is at time 1783062363.041467, when looking up transform from frame [base_link] to frame [map]
[planner_server-6] 
[planner_server-6] [INFO] [1783062373.185469699] [global_costmap.global_costmap]: Message Filter dropping message: frame 'laser' at time 1783062372.772 for reason 'the timestamp on the message is earlier than all the data in the transform cache'
[planner_server-6] [ERROR] [1783062374.052043257] [transformPoseInTargetFrame]: Extrapolation Error looking up target frame: Lookup would require extrapolation into the past.  Requested time 1783062188.982394 but the earliest data is at time 1783062363.990245, when looking up transform from frame [base_link] to frame [map]
[planner_server-6] 
[planner_server-6] [ERROR] [1783062375.047844574] [transformPoseInTargetFrame]: Extrapolation Error looking up target frame: Lookup would require extrapolation into the past.  Requested time 1783062188.982394 but the earliest data is at time 1783062364.990111, when looking up transform from frame [base_link] to frame [map]
[planner_server-6] 
[planner_server-6] [INFO] [1783062375.782565956] [global_costmap.global_costmap]: Message Filter dropping message: frame 'laser' at time 1783062375.370 for reason 'the timestamp on the message is earlier than all the data in the transform cache'
[planner_server-6] [ERROR] [1783062376.053367433] [transformPoseInTargetFrame]: Extrapolation Error looking up target frame: Lookup would require extrapolation into the past.  Requested time 1783062188.982394 but the earliest data is at time 1783062365.990549, when looking up transform from frame [base_link] to frame [map]
[planner_server-6] 
[planner_server-6] [ERROR] [1783062377.062665500] [transformPoseInTargetFrame]: Extrapolation Error looking up target frame: Lookup would require extrapolation into the past.  Requested time 1783062188.982394 but the earliest data is at time 1783062366.890795, when looking up transform from frame [base_link] to frame [map]
[planner_server-6] 
[planner_server-6] [ERROR] [1783062378.045387899] [transformPoseInTargetFrame]: Extrapolation Error looking up target frame: Lookup would require extrapolation into the past.  Requested time 1783062188.982394 but the earliest data is at time 1783062368.024539, when looking up transform from frame [base_link] to frame [map]
[planner_server-6] 
[planner_server-6] [INFO] [1783062378.286021665] [global_costmap.global_costmap]: Message Filter dropping message: frame 'laser' at time 1783062377.870 for reason 'the timestamp on the message is earlier than all the data in the transform cache'
[planner_server-6] [ERROR] [1783062379.044297965] [transformPoseInTargetFrame]: Extrapolation Error looking up target frame: Lookup would require extrapolation into the past.  Requested time 1783062188.982394 but the earliest data is at time 1783062369.035222, when looking up transform from frame [base_link] to frame [map]
[planner_server-6] 
[planner_server-6] [ERROR] [1783062380.046044490] [transformPoseInTargetFrame]: Extrapolation Error looking up target frame: Lookup would require extrapolation into the past.  Requested time 1783062188.982394 but the earliest data is at time 1783062370.021978, when looking up transform from frame [base_link] to frame [map]
[planner_server-6] 
[planner_server-6] [INFO] [1783062380.885536462] [global_costmap.global_costmap]: Message Filter dropping message: frame 'laser' at time 1783062380.467 for reason 'the timestamp on the message is earlier than all the data in the transform cache'
[planner_server-6] [ERROR] [1783062381.052158140] [transformPoseInTargetFrame]: Extrapolation Error looking up target frame: Lookup would require extrapolation into the past.  Requested time 1783062188.982394 but the earliest data is at time 1783062370.977892, when looking up transform from frame [base_link] to frame [map]
[planner_server-6] 
[planner_server-6] [ERROR] [1783062382.048252706] [transformPoseInTargetFrame]: Extrapolation Error looking up target frame: Lookup would require extrapolation into the past.  Requested time 1783062188.982394 but the earliest data is at time 1783062371.990144, when looking up transform from frame [base_link] to frame [map]
[planner_server-6] 
[planner_server-6] [ERROR] [1783062383.043766938] [transformPoseInTargetFrame]: Extrapolation Error looking up target frame: Lookup would require extrapolation into the past.  Requested time 1783062188.982394 but the earliest data is at time 1783062372.990150, when looking up transform from frame [base_link] to frame [map]
[planner_server-6] 
[planner_server-6] [INFO] [1783062383.473591050] [global_costmap.global_costmap]: Message Filter dropping message: frame 'laser' at time 1783062383.065 for reason 'the timestamp on the message is earlier than all the data in the transform cache'
[planner_server-6] [ERROR] [1783062384.053517547] [transformPoseInTargetFrame]: Extrapolation Error looking up target frame: Lookup would require extrapolation into the past.  Requested time 1783062188.982394 but the earliest data is at time 1783062374.023975, when looking up transform from frame [base_link] to frame [map]
[planner_server-6] 
[planner_server-6] [ERROR] [1783062385.045053445] [transformPoseInTargetFrame]: Extrapolation Error looking up target frame: Lookup would require extrapolation into the past.  Requested time 1783062188.982394 but the earliest data is at time 1783062374.956753, when looking up transform from frame [base_link] to frame [map]
[planner_server-6] 
[planner_server-6] [INFO] [1783062386.022095260] [global_costmap.global_costmap]: Message Filter dropping message: frame 'laser' at time 1783062385.564 for reason 'the timestamp on the message is earlier than all the data in the transform cache'
[planner_server-6] [ERROR] [1783062386.049615470] [transformPoseInTargetFrame]: Extrapolation Error looking up target frame: Lookup would require extrapolation into the past.  Requested time 1783062188.982394 but the earliest data is at time 1783062375.790302, when looking up transform from frame [base_link] to frame [map]
[planner_server-6] 
[planner_server-6] [ERROR] [1783062387.049630077] [transformPoseInTargetFrame]: Extrapolation Error looking up target frame: Lookup would require extrapolation into the past.  Requested time 1783062188.982394 but the earliest data is at time 1783062376.490133, when looking up transform from frame [base_link] to frame [map]
[planner_server-6] 
[planner_server-6] [ERROR] [1783062388.842734945] [transformPoseInTargetFrame]: Extrapolation Error looking up target frame: Lookup would require extrapolation into the past.  Requested time 1783062188.982394 but the earliest data is at time 1783062376.490133, when looking up transform from frame [base_link] to frame [map]
[planner_server-6] 
[planner_server-6] [ERROR] [1783062389.149786798] [transformPoseInTargetFrame]: Extrapolation Error looking up target frame: Lookup would require extrapolation into the past.  Requested time 1783062188.982394 but the earliest data is at time 1783062376.490133, when looking up transform from frame [base_link] to frame [map]
[planner_server-6] 
[planner_server-6] [ERROR] [1783062390.048958982] [transformPoseInTargetFrame]: Extrapolation Error looking up target frame: Lookup would require extrapolation into the past.  Requested time 1783062188.982394 but the earliest data is at time 1783062376.490133, when looking up transform from frame [base_link] to frame [map]
[planner_server-6] 
[planner_server-6] [ERROR] [1783062391.050718173] [transformPoseInTargetFrame]: Extrapolation Error looking up target frame: Lookup would require extrapolation into the past.  Requested time 1783062188.982394 but the earliest data is at time 1783062376.490133, when looking up transform from frame [base_link] to frame [map]
[planner_server-6] 
[planner_server-6] [ERROR] [1783062392.051459238] [transformPoseInTargetFrame]: Extrapolation Error looking up target frame: Lookup would require extrapolation into the past.  Requested time 1783062188.982394 but the earliest data is at time 1783062376.490133, when looking up transform from frame [base_link] to frame [map]
[planner_server-6] 
[planner_server-6] [ERROR] [1783062393.051940387] [transformPoseInTargetFrame]: Extrapolation Error looking up target frame: Lookup would require extrapolation into the past.  Requested time 1783062188.982394 but the earliest data is at time 1783062376.490133, when looking up transform from frame [base_link] to frame [map]
[planner_server-6] 
[planner_server-6] [ERROR] [1783062394.049968035] [transformPoseInTargetFrame]: Extrapolation Error looking up target frame: Lookup would require extrapolation into the past.  Requested time 1783062188.982394 but the earliest data is at time 1783062376.490133, when looking up transform from frame [base_link] to frame [map]
[planner_server-6] 
[planner_server-6] [ERROR] [1783062395.045573975] [transformPoseInTargetFrame]: Extrapolation Error looking up target frame: Lookup would require extrapolation into the past.  Requested time 1783062188.982394 but the earliest data is at time 1783062385.022235, when looking up transform from frame [base_link] to frame [map]
[planner_server-6] 
[planner_server-6] [ERROR] [1783062396.047537540] [transformPoseInTargetFrame]: Extrapolation Error looking up target frame: Lookup would require extrapolation into the past.  Requested time 1783062188.982394 but the earliest data is at time 1783062385.697093, when looking up transform from frame [base_link] to frame [map]
[planner_server-6] 
[planner_server-6] [ERROR] [1783062397.052577356] [transformPoseInTargetFrame]: Extrapolation Error looking up target frame: Lookup would require extrapolation into the past.  Requested time 1783062188.982394 but the earliest data is at time 1783062391.534036, when looking up transform from frame [base_link] to frame [map]
[planner_server-6] 
[planner_server-6] [ERROR] [1783062398.056533421] [transformPoseInTargetFrame]: Extrapolation Error looking up target frame: Lookup would require extrapolation into the past.  Requested time 1783062188.982394 but the earliest data is at time 1783062391.534036, when looking up transform from frame [base_link] to frame [map]
[planner_server-6] 
[planner_server-6] [ERROR] [1783062399.050827068] [transformPoseInTargetFrame]: Extrapolation Error looking up target frame: Lookup would require extrapolation into the past.  Requested time 1783062188.982394 but the earliest data is at time 1783062391.534036, when looking up transform from frame [base_link] to frame [map]
[planner_server-6] 
[planner_server-6] [ERROR] [1783062400.048727091] [transformPoseInTargetFrame]: Extrapolation Error looking up target frame: Lookup would require extrapolation into the past.  Requested time 1783062188.982394 but the earliest data is at time 1783062391.534036, when looking up transform from frame [base_link] to frame [map]
[planner_server-6] 
[planner_server-6] [ERROR] [1783062401.044975906] [transformPoseInTargetFrame]: Extrapolation Error looking up target frame: Lookup would require extrapolation into the past.  Requested time 1783062188.982394 but the earliest data is at time 1783062391.534036, when looking up transform from frame [base_link] to frame [map]
[planner_server-6] 
[planner_server-6] [ERROR] [1783062402.050212262] [transformPoseInTargetFrame]: Extrapolation Error looking up target frame: Lookup would require extrapolation into the past.  Requested time 1783062188.982394 but the earliest data is at time 1783062391.990281, when looking up transform from frame [base_link] to frame [map]
[planner_server-6] 
[planner_server-6] [ERROR] [1783062403.051461910] [transformPoseInTargetFrame]: Extrapolation Error looking up target frame: Lookup would require extrapolation into the past.  Requested time 1783062188.982394 but the earliest data is at time 1783062393.023001, when looking up transform from frame [base_link] to frame [map]
[planner_server-6] 
[planner_server-6] [ERROR] [1783062404.050007016] [transformPoseInTargetFrame]: Extrapolation Error looking up target frame: Lookup would require extrapolation into the past.  Requested time 1783062188.982394 but the earliest data is at time 1783062393.989918, when looking up transform from frame [base_link] to frame [map]
[planner_server-6] 
[planner_server-6] [ERROR] [1783062405.051073997] [transformPoseInTargetFrame]: Extrapolation Error looking up target frame: Lookup would require extrapolation into the past.  Requested time 1783062188.982394 but the earliest data is at time 1783062395.023269, when looking up transform from frame [base_link] to frame [map]
[planner_server-6] 
[planner_server-6] [ERROR] [1783062406.050632728] [transformPoseInTargetFrame]: Extrapolation Error looking up target frame: Lookup would require extrapolation into the past.  Requested time 1783062188.982394 but the earliest data is at time 1783062395.990605, when looking up transform from frame [base_link] to frame [map]
[planner_server-6] 
[planner_server-6] [ERROR] [1783062407.056662250] [transformPoseInTargetFrame]: Extrapolation Error looking up target frame: Lookup would require extrapolation into the past.  Requested time 1783062188.982394 but the earliest data is at time 1783062397.023420, when looking up transform from frame [base_link] to frame [map]
[planner_server-6] 
[planner_server-6] [ERROR] [1783062408.052519397] [transformPoseInTargetFrame]: Extrapolation Error looking up target frame: Lookup would require extrapolation into the past.  Requested time 1783062188.982394 but the earliest data is at time 1783062398.023933, when looking up transform from frame [base_link] to frame [map]
[planner_server-6] 
[planner_server-6] [ERROR] [1783062409.051248294] [transformPoseInTargetFrame]: Extrapolation Error looking up target frame: Lookup would require extrapolation into the past.  Requested time 1783062188.982394 but the earliest data is at time 1783062399.023131, when looking up transform from frame [base_link] to frame [map]
[planner_server-6] 
[planner_server-6] [ERROR] [1783062410.052274275] [transformPoseInTargetFrame]: Extrapolation Error looking up target frame: Lookup would require extrapolation into the past.  Requested time 1783062188.982394 but the earliest data is at time 1783062400.029903, when looking up transform from frame [base_link] to frame [map]
[planner_server-6] 
[planner_server-6] [ERROR] [1783062411.050907422] [transformPoseInTargetFrame]: Extrapolation Error looking up target frame: Lookup would require extrapolation into the past.  Requested time 1783062188.982394 but the earliest data is at time 1783062401.022978, when looking up transform from frame [base_link] to frame [map]
[planner_server-6] 
[planner_server-6] [ERROR] [1783062412.049917527] [transformPoseInTargetFrame]: Extrapolation Error looking up target frame: Lookup would require extrapolation into the past.  Requested time 1783062188.982394 but the earliest data is at time 1783062401.989994, when looking up transform from frame [base_link] to frame [map]
[planner_server-6] 
[planner_server-6] [ERROR] [1783062413.050004632] [transformPoseInTargetFrame]: Extrapolation Error looking up target frame: Lookup would require extrapolation into the past.  Requested time 1783062188.982394 but the earliest data is at time 1783062402.990194, when looking up transform from frame [base_link] to frame [map]
[planner_server-6] 
[planner_server-6] [ERROR] [1783062414.050294613] [transformPoseInTargetFrame]: Extrapolation Error looking up target frame: Lookup would require extrapolation into the past.  Requested time 1783062188.982394 but the earliest data is at time 1783062404.024161, when looking up transform from frame [base_link] to frame [map]
[planner_server-6] 
[planner_server-6] [ERROR] [1783062415.051373718] [transformPoseInTargetFrame]: Extrapolation Error looking up target frame: Lookup would require extrapolation into the past.  Requested time 1783062188.982394 but the earliest data is at time 1783062404.990230, when looking up transform from frame [base_link] to frame [map]
[planner_server-6] 
[planner_server-6] [ERROR] [1783062416.051932323] [transformPoseInTargetFrame]: Extrapolation Error looking up target frame: Lookup would require extrapolation into the past.  Requested time 1783062188.982394 but the earliest data is at time 1783062406.023354, when looking up transform from frame [base_link] to frame [map]
[planner_server-6] 
[planner_server-6] [ERROR] [1783062417.049958761] [transformPoseInTargetFrame]: Extrapolation Error looking up target frame: Lookup would require extrapolation into the past.  Requested time 1783062188.982394 but the earliest data is at time 1783062406.990064, when looking up transform from frame [base_link] to frame [map]
[planner_server-6] 
[planner_server-6] [ERROR] [1783062418.051426074] [transformPoseInTargetFrame]: Extrapolation Error looking up target frame: Lookup would require extrapolation into the past.  Requested time 1783062188.982394 but the earliest data is at time 1783062408.024081, when looking up transform from frame [base_link] to frame [map]
[planner_server-6] 
[planner_server-6] [ERROR] [1783062419.050459220] [transformPoseInTargetFrame]: Extrapolation Error looking up target frame: Lookup would require extrapolation into the past.  Requested time 1783062188.982394 but the earliest data is at time 1783062409.024331, when looking up transform from frame [base_link] to frame [map]
[planner_server-6] 
[planner_server-6] [ERROR] [1783062420.050391950] [transformPoseInTargetFrame]: Extrapolation Error looking up target frame: Lookup would require extrapolation into the past.  Requested time 1783062188.982394 but the earliest data is at time 1783062409.990407, when looking up transform from frame [base_link] to frame [map]
[planner_server-6] 
[planner_server-6] [ERROR] [1783062421.051215263] [transformPoseInTargetFrame]: Extrapolation Error looking up target frame: Lookup would require extrapolation into the past.  Requested time 1783062188.982394 but the earliest data is at time 1783062411.026050, when looking up transform from frame [base_link] to frame [map]
[planner_server-6] 
[planner_server-6] [ERROR] [1783062422.050343534] [transformPoseInTargetFrame]: Extrapolation Error looking up target frame: Lookup would require extrapolation into the past.  Requested time 1783062188.982394 but the earliest data is at time 1783062412.023575, when looking up transform from frame [base_link] to frame [map]
[planner_server-6] 
[planner_server-6] [ERROR] [1783062423.051197305] [transformPoseInTargetFrame]: Extrapolation Error looking up target frame: Lookup would require extrapolation into the past.  Requested time 1783062188.982394 but the earliest data is at time 1783062413.023427, when looking up transform from frame [base_link] to frame [map]
[planner_server-6] 
[planner_server-6] [ERROR] [1783062424.052197826] [transformPoseInTargetFrame]: Extrapolation Error looking up target frame: Lookup would require extrapolation into the past.  Requested time 1783062188.982394 but the earliest data is at time 1783062414.025158, when looking up transform from frame [base_link] to frame [map]
[planner_server-6] 
[planner_server-6] [ERROR] [1783062425.051525430] [transformPoseInTargetFrame]: Extrapolation Error looking up target frame: Lookup would require extrapolation into the past.  Requested time 1783062188.982394 but the earliest data is at time 1783062415.024236, when looking up transform from frame [base_link] to frame [map]
[planner_server-6] 
[planner_server-6] [ERROR] [1783062426.049799993] [transformPoseInTargetFrame]: Extrapolation Error looking up target frame: Lookup would require extrapolation into the past.  Requested time 1783062188.982394 but the earliest data is at time 1783062415.990666, when looking up transform from frame [base_link] to frame [map]
[planner_server-6] 
[planner_server-6] [ERROR] [1783062427.051513222] [transformPoseInTargetFrame]: Extrapolation Error looking up target frame: Lookup would require extrapolation into the past.  Requested time 1783062188.982394 but the earliest data is at time 1783062417.023610, when looking up transform from frame [base_link] to frame [map]
[planner_server-6] 
[planner_server-6] [ERROR] [1783062428.051138117] [transformPoseInTargetFrame]: Extrapolation Error looking up target frame: Lookup would require extrapolation into the past.  Requested time 1783062188.982394 but the earliest data is at time 1783062417.990419, when looking up transform from frame [base_link] to frame [map]
[planner_server-6] 
[planner_server-6] [ERROR] [1783062429.051143471] [transformPoseInTargetFrame]: Extrapolation Error looking up target frame: Lookup would require extrapolation into the past.  Requested time 1783062188.982394 but the earliest data is at time 1783062418.990402, when looking up transform from frame [base_link] to frame [map]
[planner_server-6] 
[planner_server-6] [ERROR] [1783062430.052143117] [transformPoseInTargetFrame]: Extrapolation Error looking up target frame: Lookup would require extrapolation into the past.  Requested time 1783062188.982394 but the earliest data is at time 1783062420.023427, when looking up transform from frame [base_link] to frame [map]
[planner_server-6] 
[planner_server-6] [ERROR] [1783062431.051579512] [transformPoseInTargetFrame]: Extrapolation Error looking up target frame: Lookup would require extrapolation into the past.  Requested time 1783062188.982394 but the earliest data is at time 1783062421.024938, when looking up transform from frame [base_link] to frame [map]
[planner_server-6] 
[planner_server-6] [ERROR] [1783062432.051504324] [transformPoseInTargetFrame]: Extrapolation Error looking up target frame: Lookup would require extrapolation into the past.  Requested time 1783062188.982394 but the earliest data is at time 1783062422.023137, when looking up transform from frame [base_link] to frame [map]
[planner_server-6] 
[planner_server-6] [ERROR] [1783062433.051420094] [transformPoseInTargetFrame]: Extrapolation Error looking up target frame: Lookup would require extrapolation into the past.  Requested time 1783062188.982394 but the earliest data is at time 1783062422.990266, when looking up transform from frame [base_link] to frame [map]
[planner_server-6] 
[planner_server-6] [ERROR] [1783062434.051741573] [transformPoseInTargetFrame]: Extrapolation Error looking up target frame: Lookup would require extrapolation into the past.  Requested time 1783062188.982394 but the earliest data is at time 1783062424.024434, when looking up transform from frame [base_link] to frame [map]
[planner_server-6] 
[planner_server-6] [ERROR] [1783062435.051532009] [transformPoseInTargetFrame]: Extrapolation Error looking up target frame: Lookup would require extrapolation into the past.  Requested time 1783062188.982394 but the earliest data is at time 1783062424.990447, when looking up transform from frame [base_link] to frame [map]
[planner_server-6] 
[planner_server-6] [ERROR] [1783062436.049683446] [transformPoseInTargetFrame]: Extrapolation Error looking up target frame: Lookup would require extrapolation into the past.  Requested time 1783062188.982394 but the earliest data is at time 1783062425.989963, when looking up transform from frame [base_link] to frame [map]
[planner_server-6] 
[planner_server-6] [ERROR] [1783062437.051095508] [transformPoseInTargetFrame]: Extrapolation Error looking up target frame: Lookup would require extrapolation into the past.  Requested time 1783062188.982394 but the earliest data is at time 1783062427.024482, when looking up transform from frame [base_link] to frame [map]
[planner_server-6] 
[planner_server-6] [ERROR] [1783062438.050784361] [transformPoseInTargetFrame]: Extrapolation Error looking up target frame: Lookup would require extrapolation into the past.  Requested time 1783062188.982394 but the earliest data is at time 1783062427.990365, when looking up transform from frame [base_link] to frame [map]
[planner_server-6] 
[planner_server-6] [ERROR] [1783062439.051074505] [transformPoseInTargetFrame]: Extrapolation Error looking up target frame: Lookup would require extrapolation into the past.  Requested time 1783062188.982394 but the earliest data is at time 1783062429.024244, when looking up transform from frame [base_link] to frame [map]
[planner_server-6] 
[planner_server-6] [ERROR] [1783062440.050998358] [transformPoseInTargetFrame]: Extrapolation Error looking up target frame: Lookup would require extrapolation into the past.  Requested time 1783062188.982394 but the earliest data is at time 1783062430.024808, when looking up transform from frame [base_link] to frame [map]
[planner_server-6] 
[planner_server-6] [ERROR] [1783062441.050532586] [transformPoseInTargetFrame]: Extrapolation Error looking up target frame: Lookup would require extrapolation into the past.  Requested time 1783062188.982394 but the earliest data is at time 1783062430.990387, when looking up transform from frame [base_link] to frame [map]
[planner_server-6] 
[planner_server-6] [ERROR] [1783062442.051587064] [transformPoseInTargetFrame]: Extrapolation Error looking up target frame: Lookup would require extrapolation into the past.  Requested time 1783062188.982394 but the earliest data is at time 1783062431.990260, when looking up transform from frame [base_link] to frame [map]
[planner_server-6] 
[planner_server-6] [ERROR] [1783062443.050210875] [transformPoseInTargetFrame]: Extrapolation Error looking up target frame: Lookup would require extrapolation into the past.  Requested time 1783062188.982394 but the earliest data is at time 1783062433.023852, when looking up transform from frame [base_link] to frame [map]
[planner_server-6] 
[planner_server-6] [ERROR] [1783062444.051452311] [transformPoseInTargetFrame]: Extrapolation Error looking up target frame: Lookup would require extrapolation into the past.  Requested time 1783062188.982394 but the earliest data is at time 1783062433.990360, when looking up transform from frame [base_link] to frame [map]
[planner_server-6] 
[planner_server-6] [ERROR] [1783062445.051630205] [transformPoseInTargetFrame]: Extrapolation Error looking up target frame: Lookup would require extrapolation into the past.  Requested time 1783062188.982394 but the earliest data is at time 1783062435.024226, when looking up transform from frame [base_link] to frame [map]
[planner_server-6] 
[planner_server-6] [ERROR] [1783062446.051279849] [transformPoseInTargetFrame]: Extrapolation Error looking up target frame: Lookup would require extrapolation into the past.  Requested time 1783062188.982394 but the earliest data is at time 1783062436.023549, when looking up transform from frame [base_link] to frame [map]
[planner_server-6] 
[planner_server-6] [ERROR] [1783062447.052097868] [transformPoseInTargetFrame]: Extrapolation Error looking up target frame: Lookup would require extrapolation into the past.  Requested time 1783062188.982394 but the earliest data is at time 1783062436.990455, when looking up transform from frame [base_link] to frame [map]
[planner_server-6] 
[planner_server-6] [ERROR] [1783062448.049675679] [transformPoseInTargetFrame]: Extrapolation Error looking up target frame: Lookup would require extrapolation into the past.  Requested time 1783062188.982394 but the earliest data is at time 1783062437.990271, when looking up transform from frame [base_link] to frame [map]
[planner_server-6] 
[planner_server-6] [ERROR] [1783062449.050763531] [transformPoseInTargetFrame]: Extrapolation Error looking up target frame: Lookup would require extrapolation into the past.  Requested time 1783062188.982394 but the earliest data is at time 1783062438.990381, when looking up transform from frame [base_link] to frame [map]
[planner_server-6] 
[planner_server-6] [ERROR] [1783062450.051517758] [transformPoseInTargetFrame]: Extrapolation Error looking up target frame: Lookup would require extrapolation into the past.  Requested time 1783062188.982394 but the earliest data is at time 1783062439.990424, when looking up transform from frame [base_link] to frame [map]
[planner_server-6] 
[planner_server-6] [ERROR] [1783062451.051912069] [transformPoseInTargetFrame]: Extrapolation Error looking up target frame: Lookup would require extrapolation into the past.  Requested time 1783062188.982394 but the earliest data is at time 1783062440.990212, when looking up transform from frame [base_link] to frame [map]
[planner_server-6] 
[planner_server-6] [ERROR] [1783062452.049651712] [transformPoseInTargetFrame]: Extrapolation Error looking up target frame: Lookup would require extrapolation into the past.  Requested time 1783062188.982394 but the earliest data is at time 1783062441.990215, when looking up transform from frame [base_link] to frame [map]
[planner_server-6] 
[planner_server-6] [ERROR] [1783062453.050491356] [transformPoseInTargetFrame]: Extrapolation Error looking up target frame: Lookup would require extrapolation into the past.  Requested time 1783062188.982394 but the earliest data is at time 1783062442.990421, when looking up transform from frame [base_link] to frame [map]
[planner_server-6] 
[planner_server-6] [ERROR] [1783062454.051289666] [transformPoseInTargetFrame]: Extrapolation Error looking up target frame: Lookup would require extrapolation into the past.  Requested time 1783062188.982394 but the earliest data is at time 1783062444.024221, when looking up transform from frame [base_link] to frame [map]
[planner_server-6] 
[planner_server-6] [ERROR] [1783062455.050882976] [transformPoseInTargetFrame]: Extrapolation Error looking up target frame: Lookup would require extrapolation into the past.  Requested time 1783062188.982394 but the earliest data is at time 1783062444.990285, when looking up transform from frame [base_link] to frame [map]
[planner_server-6] 
[planner_server-6] [ERROR] [1783062456.051193286] [transformPoseInTargetFrame]: Extrapolation Error looking up target frame: Lookup would require extrapolation into the past.  Requested time 1783062188.982394 but the earliest data is at time 1783062446.023659, when looking up transform from frame [base_link] to frame [map]
[planner_server-6] 
[planner_server-6] [ERROR] [1783062457.050898054] [transformPoseInTargetFrame]: Extrapolation Error looking up target frame: Lookup would require extrapolation into the past.  Requested time 1783062188.982394 but the earliest data is at time 1783062447.024607, when looking up transform from frame [base_link] to frame [map]
[planner_server-6] 
[planner_server-6] [ERROR] [1783062458.051998822] [transformPoseInTargetFrame]: Extrapolation Error looking up target frame: Lookup would require extrapolation into the past.  Requested time 1783062188.982394 but the earliest data is at time 1783062448.023309, when looking up transform from frame [base_link] to frame [map]
[planner_server-6] 
[planner_server-6] [ERROR] [1783062459.049909798] [transformPoseInTargetFrame]: Extrapolation Error looking up target frame: Lookup would require extrapolation into the past.  Requested time 1783062188.982394 but the earliest data is at time 1783062448.990059, when looking up transform from frame [base_link] to frame [map]
[planner_server-6] 
[planner_server-6] [ERROR] [1783062460.051519858] [transformPoseInTargetFrame]: Extrapolation Error looking up target frame: Lookup would require extrapolation into the past.  Requested time 1783062188.982394 but the earliest data is at time 1783062450.024558, when looking up transform from frame [base_link] to frame [map]
[planner_server-6] 
[planner_server-6] [ERROR] [1783062461.049920584] [transformPoseInTargetFrame]: Extrapolation Error looking up target frame: Lookup would require extrapolation into the past.  Requested time 1783062188.982394 but the earliest data is at time 1783062451.025227, when looking up transform from frame [base_link] to frame [map]
[planner_server-6] 
[planner_server-6] [ERROR] [1783062462.051143685] [transformPoseInTargetFrame]: Extrapolation Error looking up target frame: Lookup would require extrapolation into the past.  Requested time 1783062188.982394 but the earliest data is at time 1783062452.023074, when looking up transform from frame [base_link] to frame [map]
[planner_server-6] 
[planner_server-6] [ERROR] [1783062463.050982745] [transformPoseInTargetFrame]: Extrapolation Error looking up target frame: Lookup would require extrapolation into the past.  Requested time 1783062188.982394 but the earliest data is at time 1783062453.023358, when looking up transform from frame [base_link] to frame [map]
[planner_server-6] 
[planner_server-6] [ERROR] [1783062464.050369179] [transformPoseInTargetFrame]: Extrapolation Error looking up target frame: Lookup would require extrapolation into the past.  Requested time 1783062188.982394 but the earliest data is at time 1783062453.990430, when looking up transform from frame [base_link] to frame [map]
[planner_server-6] 
[planner_server-6] [ERROR] [1783062465.050707113] [transformPoseInTargetFrame]: Extrapolation Error looking up target frame: Lookup would require extrapolation into the past.  Requested time 1783062188.982394 but the earliest data is at time 1783062455.023232, when looking up transform from frame [base_link] to frame [map]
[planner_server-6] 
[planner_server-6] [ERROR] [1783062466.051426172] [transformPoseInTargetFrame]: Extrapolation Error looking up target frame: Lookup would require extrapolation into the past.  Requested time 1783062188.982394 but the earliest data is at time 1783062456.023382, when looking up transform from frame [base_link] to frame [map]
[planner_server-6] 
[planner_server-6] [ERROR] [1783062467.051339773] [transformPoseInTargetFrame]: Extrapolation Error looking up target frame: Lookup would require extrapolation into the past.  Requested time 1783062188.982394 but the earliest data is at time 1783062457.024238, when looking up transform from frame [base_link] to frame [map]
[planner_server-6] 
[planner_server-6] [ERROR] [1783062468.049614749] [transformPoseInTargetFrame]: Extrapolation Error looking up target frame: Lookup would require extrapolation into the past.  Requested time 1783062188.982394 but the earliest data is at time 1783062457.990376, when looking up transform from frame [base_link] to frame [map]
[planner_server-6] 
[planner_server-6] [ERROR] [1783062469.050905308] [transformPoseInTargetFrame]: Extrapolation Error looking up target frame: Lookup would require extrapolation into the past.  Requested time 1783062188.982394 but the earliest data is at time 1783062459.023099, when looking up transform from frame [base_link] to frame [map]
[planner_server-6] 
[planner_server-6] [ERROR] [1783062470.049894408] [transformPoseInTargetFrame]: Extrapolation Error looking up target frame: Lookup would require extrapolation into the past.  Requested time 1783062188.982394 but the earliest data is at time 1783062459.990388, when looking up transform from frame [base_link] to frame [map]
[planner_server-6] 
[planner_server-6] [ERROR] [1783062471.051233883] [transformPoseInTargetFrame]: Extrapolation Error looking up target frame: Lookup would require extrapolation into the past.  Requested time 1783062188.982394 but the earliest data is at time 1783062460.990488, when looking up transform from frame [base_link] to frame [map]
[planner_server-6] 
[planner_server-6] [ERROR] [1783062472.050640650] [transformPoseInTargetFrame]: Extrapolation Error looking up target frame: Lookup would require extrapolation into the past.  Requested time 1783062188.982394 but the earliest data is at time 1783062462.024274, when looking up transform from frame [base_link] to frame [map]
[planner_server-6] 
[planner_server-6] [ERROR] [1783062473.050892501] [transformPoseInTargetFrame]: Extrapolation Error looking up target frame: Lookup would require extrapolation into the past.  Requested time 1783062188.982394 but the earliest data is at time 1783062463.024789, when looking up transform from frame [base_link] to frame [map]
[planner_server-6] 
[planner_server-6] [ERROR] [1783062474.050252976] [transformPoseInTargetFrame]: Extrapolation Error looking up target frame: Lookup would require extrapolation into the past.  Requested time 1783062188.982394 but the earliest data is at time 1783062463.990098, when looking up transform from frame [base_link] to frame [map]
[planner_server-6] 
[planner_server-6] [ERROR] [1783062475.051292784] [transformPoseInTargetFrame]: Extrapolation Error looking up target frame: Lookup would require extrapolation into the past.  Requested time 1783062188.982394 but the earliest data is at time 1783062465.023260, when looking up transform from frame [base_link] to frame [map]
[planner_server-6] 
[planner_server-6] [ERROR] [1783062476.051237759] [transformPoseInTargetFrame]: Extrapolation Error looking up target frame: Lookup would require extrapolation into the past.  Requested time 1783062188.982394 but the earliest data is at time 1783062466.023419, when looking up transform from frame [base_link] to frame [map]
[planner_server-6] 
[planner_server-6] [ERROR] [1783062477.050982317] [transformPoseInTargetFrame]: Extrapolation Error looking up target frame: Lookup would require extrapolation into the past.  Requested time 1783062188.982394 but the earliest data is at time 1783062466.990429, when looking up transform from frame [base_link] to frame [map]
[planner_server-6] 
[planner_server-6] [ERROR] [1783062478.051227500] [transformPoseInTargetFrame]: Extrapolation Error looking up target frame: Lookup would require extrapolation into the past.  Requested time 1783062188.982394 but the earliest data is at time 1783062468.024434, when looking up transform from frame [base_link] to frame [map]
[planner_server-6] 
[planner_server-6] [ERROR] [1783062479.049803058] [transformPoseInTargetFrame]: Extrapolation Error looking up target frame: Lookup would require extrapolation into the past.  Requested time 1783062188.982394 but the earliest data is at time 1783062468.990319, when looking up transform from frame [base_link] to frame [map]
[planner_server-6] 
[planner_server-6] [ERROR] [1783062480.052277408] [transformPoseInTargetFrame]: Extrapolation Error looking up target frame: Lookup would require extrapolation into the past.  Requested time 1783062188.982394 but the earliest data is at time 1783062470.023097, when looking up transform from frame [base_link] to frame [map]
[planner_server-6] 
[planner_server-6] [ERROR] [1783062481.051089383] [transformPoseInTargetFrame]: Extrapolation Error looking up target frame: Lookup would require extrapolation into the past.  Requested time 1783062188.982394 but the earliest data is at time 1783062471.024008, when looking up transform from frame [base_link] to frame [map]
[planner_server-6] 
[planner_server-6] [ERROR] [1783062482.052155774] [transformPoseInTargetFrame]: Extrapolation Error looking up target frame: Lookup would require extrapolation into the past.  Requested time 1783062188.982394 but the earliest data is at time 1783062472.024549, when looking up transform from frame [base_link] to frame [map]
[planner_server-6] 
[planner_server-6] [ERROR] [1783062483.051226665] [transformPoseInTargetFrame]: Extrapolation Error looking up target frame: Lookup would require extrapolation into the past.  Requested time 1783062188.982394 but the earliest data is at time 1783062472.990537, when looking up transform from frame [base_link] to frame [map]
[planner_server-6] 
[planner_server-6] [ERROR] [1783062484.050108806] [transformPoseInTargetFrame]: Extrapolation Error looking up target frame: Lookup would require extrapolation into the past.  Requested time 1783062188.982394 but the earliest data is at time 1783062474.023828, when looking up transform from frame [base_link] to frame [map]
[planner_server-6] 
[planner_server-6] [ERROR] [1783062485.050308905] [transformPoseInTargetFrame]: Extrapolation Error looking up target frame: Lookup would require extrapolation into the past.  Requested time 1783062188.982394 but the earliest data is at time 1783062475.024571, when looking up transform from frame [base_link] to frame [map]
[planner_server-6] 
[planner_server-6] [ERROR] [1783062486.051559838] [transformPoseInTargetFrame]: Extrapolation Error looking up target frame: Lookup would require extrapolation into the past.  Requested time 1783062188.982394 but the earliest data is at time 1783062475.990443, when looking up transform from frame [base_link] to frame [map]
[planner_server-6] 
[planner_server-6] [ERROR] [1783062487.052442978] [transformPoseInTargetFrame]: Extrapolation Error looking up target frame: Lookup would require extrapolation into the past.  Requested time 1783062188.982394 but the earliest data is at time 1783062477.023407, when looking up transform from frame [base_link] to frame [map]
[planner_server-6] 
[planner_server-6] [ERROR] [1783062488.051281286] [transformPoseInTargetFrame]: Extrapolation Error looking up target frame: Lookup would require extrapolation into the past.  Requested time 1783062188.982394 but the earliest data is at time 1783062478.024074, when looking up transform from frame [base_link] to frame [map]
[planner_server-6] 
[planner_server-6] [ERROR] [1783062489.051911093] [transformPoseInTargetFrame]: Extrapolation Error looking up target frame: Lookup would require extrapolation into the past.  Requested time 1783062188.982394 but the earliest data is at time 1783062479.023398, when looking up transform from frame [base_link] to frame [map]
[planner_server-6] 
[planner_server-6] [ERROR] [1783062490.051339275] [transformPoseInTargetFrame]: Extrapolation Error looking up target frame: Lookup would require extrapolation into the past.  Requested time 1783062188.982394 but the earliest data is at time 1783062480.024880, when looking up transform from frame [base_link] to frame [map]
[planner_server-6] 
[planner_server-6] [ERROR] [1783062491.051944124] [transformPoseInTargetFrame]: Extrapolation Error looking up target frame: Lookup would require extrapolation into the past.  Requested time 1783062188.982394 but the earliest data is at time 1783062480.990426, when looking up transform from frame [base_link] to frame [map]
[planner_server-6] 
[planner_server-6] [ERROR] [1783062492.050961847] [transformPoseInTargetFrame]: Extrapolation Error looking up target frame: Lookup would require extrapolation into the past.  Requested time 1783062188.982394 but the earliest data is at time 1783062481.990437, when looking up transform from frame [base_link] to frame [map]
[planner_server-6] 
[planner_server-6] [ERROR] [1783062493.050929488] [transformPoseInTargetFrame]: Extrapolation Error looking up target frame: Lookup would require extrapolation into the past.  Requested time 1783062188.982394 but the earliest data is at time 1783062482.990233, when looking up transform from frame [base_link] to frame [map]
[planner_server-6] 
[planner_server-6] [ERROR] [1783062494.050999794] [transformPoseInTargetFrame]: Extrapolation Error looking up target frame: Lookup would require extrapolation into the past.  Requested time 1783062188.982394 but the earliest data is at time 1783062483.990099, when looking up transform from frame [base_link] to frame [map]
[planner_server-6] 
[planner_server-6] [ERROR] [1783062495.049569893] [transformPoseInTargetFrame]: Extrapolation Error looking up target frame: Lookup would require extrapolation into the past.  Requested time 1783062188.982394 but the earliest data is at time 1783062484.990417, when looking up transform from frame [base_link] to frame [map]
[planner_server-6] 
[planner_server-6] [ERROR] [1783062496.050939908] [transformPoseInTargetFrame]: Extrapolation Error looking up target frame: Lookup would require extrapolation into the past.  Requested time 1783062188.982394 but the earliest data is at time 1783062486.022961, when looking up transform from frame [base_link] to frame [map]
[planner_server-6] 
[planner_server-6] [ERROR] [1783062497.050760673] [transformPoseInTargetFrame]: Extrapolation Error looking up target frame: Lookup would require extrapolation into the past.  Requested time 1783062188.982394 but the earliest data is at time 1783062487.024648, when looking up transform from frame [base_link] to frame [map]
[planner_server-6] 
[planner_server-6] [ERROR] [1783062498.051225479] [transformPoseInTargetFrame]: Extrapolation Error looking up target frame: Lookup would require extrapolation into the past.  Requested time 1783062188.982394 but the earliest data is at time 1783062487.990400, when looking up transform from frame [base_link] to frame [map]
[planner_server-6] 
[planner_server-6] [ERROR] [1783062499.049630119] [transformPoseInTargetFrame]: Extrapolation Error looking up target frame: Lookup would require extrapolation into the past.  Requested time 1783062188.982394 but the earliest data is at time 1783062488.990306, when looking up transform from frame [base_link] to frame [map]
[planner_server-6] 
[planner_server-6] [ERROR] [1783062500.050305758] [transformPoseInTargetFrame]: Extrapolation Error looking up target frame: Lookup would require extrapolation into the past.  Requested time 1783062188.982394 but the earliest data is at time 1783062489.990439, when looking up transform from frame [base_link] to frame [map]
[planner_server-6] 
[planner_server-6] [ERROR] [1783062501.051198690] [transformPoseInTargetFrame]: Extrapolation Error looking up target frame: Lookup would require extrapolation into the past.  Requested time 1783062188.982394 but the earliest data is at time 1783062491.023261, when looking up transform from frame [base_link] to frame [map]
[planner_server-6] 
[planner_server-6] [ERROR] [1783062502.050077996] [transformPoseInTargetFrame]: Extrapolation Error looking up target frame: Lookup would require extrapolation into the past.  Requested time 1783062188.982394 but the earliest data is at time 1783062491.990209, when looking up transform from frame [base_link] to frame [map]
[planner_server-6] 
[planner_server-6] [ERROR] [1783062503.053384677] [transformPoseInTargetFrame]: Extrapolation Error looking up target frame: Lookup would require extrapolation into the past.  Requested time 1783062188.982394 but the earliest data is at time 1783062493.023598, when looking up transform from frame [base_link] to frame [map]
[planner_server-6] 
[planner_server-6] [ERROR] [1783062504.049995816] [transformPoseInTargetFrame]: Extrapolation Error looking up target frame: Lookup would require extrapolation into the past.  Requested time 1783062188.982394 but the earliest data is at time 1783062494.025561, when looking up transform from frame [base_link] to frame [map]
[planner_server-6] 
